USE EttevotteLahendus;

ALTER DATABASE EttevotteLahendus COLLATE utf8mb4_estonian_ci;

SET FOREIGN_KEY_CHECKS = 0;

INSERT INTO ettevotted (nimi, registrikood, asutatud) VALUES ('Klick Eesti AS', '10111213', '2005-01-15');
INSERT INTO ettevotted (nimi, registrikood, asutatud) VALUES ('Tootmisliinide OÜ', '14321234', '2010-06-20');
INSERT INTO osakonnad (ettevote_id, nimi) VALUES (1, 'Juhtkond');
INSERT INTO osakonnad (ettevote_id, nimi) VALUES (1, 'Raamatupidamine');
INSERT INTO osakonnad (ettevote_id, nimi) VALUES (1, 'IT-osakond');
INSERT INTO osakonnad (ettevote_id, nimi) VALUES (1, 'Müügiosakond');
INSERT INTO osakonnad (ettevote_id, nimi) VALUES (1, 'Laondus');
INSERT INTO osakonnad (ettevote_id, nimi) VALUES (1, 'Klienditugi');
INSERT INTO osakonnad (ettevote_id, nimi) VALUES (2, 'Juhtkond');
INSERT INTO osakonnad (ettevote_id, nimi) VALUES (2, 'Raamatupidamine');
INSERT INTO osakonnad (ettevote_id, nimi) VALUES (2, 'IT-osakond');
INSERT INTO osakonnad (ettevote_id, nimi) VALUES (2, 'Müügiosakond');
INSERT INTO osakonnad (ettevote_id, nimi) VALUES (2, 'Laondus');
INSERT INTO osakonnad (ettevote_id, nimi) VALUES (2, 'Klienditugi');
INSERT INTO ametikohad (nimetus, min_palk, max_palk) VALUES ('Tegevjuht', 4000.0, 8000.0);
INSERT INTO ametikohad (nimetus, min_palk, max_palk) VALUES ('Müügiassistent', 1500.0, 2200.0);
INSERT INTO ametikohad (nimetus, min_palk, max_palk) VALUES ('Müügispetsialist', 2000.0, 3500.0);
INSERT INTO ametikohad (nimetus, min_palk, max_palk) VALUES ('IT spetsialist', 2500.0, 4500.0);
INSERT INTO ametikohad (nimetus, min_palk, max_palk) VALUES ('Kliendihaldur', 1600.0, 2800.0);
INSERT INTO ametikohad (nimetus, min_palk, max_palk) VALUES ('Laotöötaja', 1300.0, 1800.0);
INSERT INTO ametikohad (nimetus, min_palk, max_palk) VALUES ('Raamatupidaja', 2000.0, 3000.0);
INSERT INTO tootajad (eesnimi, perenimi, isikukood, epost, telefon, osakond_id, ametikoht_id, palgale_voetud) VALUES ('Kristiina', 'Koger', '49209086450', 'kristiina.koger@ettevote.ee', '+372 51507791', 5, 3, '2023-12-16');
INSERT INTO tootajad (eesnimi, perenimi, isikukood, epost, telefon, osakond_id, ametikoht_id, palgale_voetud) VALUES ('Ljudmila', 'Korol', '48201079780', 'ljudmila.korol@ettevote.ee', '+372 50792249', 5, 7, '2025-03-21');
INSERT INTO tootajad (eesnimi, perenimi, isikukood, epost, telefon, osakond_id, ametikoht_id, palgale_voetud) VALUES ('Marina', 'Popov', '48504267490', 'marina.popov@ettevote.ee', '+372 52067936', 11, 3, '2021-10-11');
INSERT INTO tootajad (eesnimi, perenimi, isikukood, epost, telefon, osakond_id, ametikoht_id, palgale_voetud) VALUES ('Tarmo', 'Anissimov', '36310087790', 'tarmo.anissimov@ettevote.ee', '+372 52306149', 6, 2, '2022-03-22');
INSERT INTO tootajad (eesnimi, perenimi, isikukood, epost, telefon, osakond_id, ametikoht_id, palgale_voetud) VALUES ('Pavel', 'Lätt', '37807206540', 'pavel.latt@ettevote.ee', '+372 50918477', 1, 6, '2025-03-02');
INSERT INTO tootajad (eesnimi, perenimi, isikukood, epost, telefon, osakond_id, ametikoht_id, palgale_voetud) VALUES ('Viktoria', 'Melnik', '46711243740', 'viktoria.melnik@ettevote.ee', '+372 53508339', 6, 6, '2021-10-03');
INSERT INTO tootajad (eesnimi, perenimi, isikukood, epost, telefon, osakond_id, ametikoht_id, palgale_voetud) VALUES ('Valeri', 'Tamme', '50110021980', 'valeri.tamme@ettevote.ee', '+372 55115872', 8, 1, '2022-04-05');
INSERT INTO tootajad (eesnimi, perenimi, isikukood, epost, telefon, osakond_id, ametikoht_id, palgale_voetud) VALUES ('Anu', 'Sillaots', '49807105520', 'anu.sillaots@ettevote.ee', '+372 53246115', 8, 7, '2022-09-02');
INSERT INTO tootajad (eesnimi, perenimi, isikukood, epost, telefon, osakond_id, ametikoht_id, palgale_voetud) VALUES ('Jevgeni', 'Põdra', '37707097390', 'jevgeni.podra@ettevote.ee', '+372 52065775', 10, 3, '2023-04-02');
INSERT INTO tootajad (eesnimi, perenimi, isikukood, epost, telefon, osakond_id, ametikoht_id, palgale_voetud) VALUES ('Sirje', 'Pärtel', '46403127750', 'sirje.partel@ettevote.ee', '+372 52959102', 5, 3, '2021-09-28');
INSERT INTO tootajad (eesnimi, perenimi, isikukood, epost, telefon, osakond_id, ametikoht_id, palgale_voetud) VALUES ('Valentina', 'Õunapuu', '47907144100', 'valentina.ounapuu@ettevote.ee', '+372 56924941', 11, 6, '2023-02-22');
INSERT INTO tootajad (eesnimi, perenimi, isikukood, epost, telefon, osakond_id, ametikoht_id, palgale_voetud) VALUES ('Riina', 'Alas', '47903026420', 'riina.alas@ettevote.ee', '+372 50021820', 11, 5, '2024-11-05');
INSERT INTO tootajad (eesnimi, perenimi, isikukood, epost, telefon, osakond_id, ametikoht_id, palgale_voetud) VALUES ('Aivar', 'Mihhailov', '37910163200', 'aivar.mihhailov@ettevote.ee', '+372 55859059', 12, 4, '2021-06-05');
INSERT INTO tootajad (eesnimi, perenimi, isikukood, epost, telefon, osakond_id, ametikoht_id, palgale_voetud) VALUES ('Ljudmila', 'Täht', '47406173550', 'ljudmila.taht@ettevote.ee', '+372 52713864', 7, 4, '2024-05-29');
INSERT INTO tootajad (eesnimi, perenimi, isikukood, epost, telefon, osakond_id, ametikoht_id, palgale_voetud) VALUES ('Tatiana', 'Liivamägi', '47902033030', 'tatiana.liivamagi@ettevote.ee', '+372 50027386', 11, 4, '2023-04-15');
INSERT INTO tootajad (eesnimi, perenimi, isikukood, epost, telefon, osakond_id, ametikoht_id, palgale_voetud) VALUES ('Jelena', 'Fedotov', '49212218440', 'jelena.fedotov@ettevote.ee', '+372 52768669', 8, 1, '2022-04-16');
INSERT INTO tootajad (eesnimi, perenimi, isikukood, epost, telefon, osakond_id, ametikoht_id, palgale_voetud) VALUES ('Andres', 'Nõmme', '38005219970', 'andres.nomme@ettevote.ee', '+372 50600983', 7, 3, '2022-10-10');
INSERT INTO tootajad (eesnimi, perenimi, isikukood, epost, telefon, osakond_id, ametikoht_id, palgale_voetud) VALUES ('Anneli', 'Kuznetsov', '48408047410', 'anneli.kuznetsov@ettevote.ee', '+372 56840127', 8, 1, '2021-12-07');
INSERT INTO tootajad (eesnimi, perenimi, isikukood, epost, telefon, osakond_id, ametikoht_id, palgale_voetud) VALUES ('Viktoria', 'Jalakas', '48609171820', 'viktoria.jalakas@ettevote.ee', '+372 56451232', 10, 3, '2022-03-19');
INSERT INTO tootajad (eesnimi, perenimi, isikukood, epost, telefon, osakond_id, ametikoht_id, palgale_voetud) VALUES ('Urmas', 'Piirsalu', '36801236080', 'urmas.piirsalu@ettevote.ee', '+372 58015067', 12, 1, '2023-09-20');
INSERT INTO tootajad (eesnimi, perenimi, isikukood, epost, telefon, osakond_id, ametikoht_id, palgale_voetud) VALUES ('Tamara', 'Hansen', '48405233840', 'tamara.hansen@ettevote.ee', '+372 58092936', 1, 1, '2022-09-30');
INSERT INTO tootajad (eesnimi, perenimi, isikukood, epost, telefon, osakond_id, ametikoht_id, palgale_voetud) VALUES ('Aleksandr', 'Salumets', '50010031940', 'aleksandr.salumets@ettevote.ee', '+372 52739357', 2, 5, '2022-08-15');
INSERT INTO tootajad (eesnimi, perenimi, isikukood, epost, telefon, osakond_id, ametikoht_id, palgale_voetud) VALUES ('Andrei', 'Kalmus', '37404217150', 'andrei.kalmus@ettevote.ee', '+372 52226708', 5, 3, '2021-09-26');
INSERT INTO tootajad (eesnimi, perenimi, isikukood, epost, telefon, osakond_id, ametikoht_id, palgale_voetud) VALUES ('Natalja', 'Tamme', '46905283370', 'natalja.tamme@ettevote.ee', '+372 56359768', 12, 6, '2024-07-24');
INSERT INTO tootajad (eesnimi, perenimi, isikukood, epost, telefon, osakond_id, ametikoht_id, palgale_voetud) VALUES ('Toomas', 'Kivilo', '38611083190', 'toomas.kivilo@ettevote.ee', '+372 51252153', 7, 4, '2024-03-29');
INSERT INTO tootajad (eesnimi, perenimi, isikukood, epost, telefon, osakond_id, ametikoht_id, palgale_voetud) VALUES ('Maria', 'Fjodorov', '48711171710', 'maria.fjodorov@ettevote.ee', '+372 53617902', 8, 2, '2025-04-02');
INSERT INTO tootajad (eesnimi, perenimi, isikukood, epost, telefon, osakond_id, ametikoht_id, palgale_voetud) VALUES ('Kadri', 'Vares', '46211132670', 'kadri.vares@ettevote.ee', '+372 50387438', 3, 2, '2024-09-03');
INSERT INTO tootajad (eesnimi, perenimi, isikukood, epost, telefon, osakond_id, ametikoht_id, palgale_voetud) VALUES ('Valeri', 'Kool', '36709215590', 'valeri.kool@ettevote.ee', '+372 56695804', 5, 4, '2024-08-17');
INSERT INTO tootajad (eesnimi, perenimi, isikukood, epost, telefon, osakond_id, ametikoht_id, palgale_voetud) VALUES ('Priit', 'Mikk', '50005141890', 'priit.mikk@ettevote.ee', '+372 53645475', 5, 1, '2023-07-28');
INSERT INTO tootajad (eesnimi, perenimi, isikukood, epost, telefon, osakond_id, ametikoht_id, palgale_voetud) VALUES ('Aivar', 'Salu', '37509031040', 'aivar.salu@ettevote.ee', '+372 56169882', 2, 5, '2023-05-30');
INSERT INTO tootajad (eesnimi, perenimi, isikukood, epost, telefon, osakond_id, ametikoht_id, palgale_voetud) VALUES ('Kristiina', 'Püvi', '47609037430', 'kristiina.puvi@ettevote.ee', '+372 58392309', 12, 4, '2021-05-21');
INSERT INTO tootajad (eesnimi, perenimi, isikukood, epost, telefon, osakond_id, ametikoht_id, palgale_voetud) VALUES ('Valentina', 'Toome', '47212126670', 'valentina.toome@ettevote.ee', '+372 50934088', 3, 6, '2021-08-18');
INSERT INTO tootajad (eesnimi, perenimi, isikukood, epost, telefon, osakond_id, ametikoht_id, palgale_voetud) VALUES ('Tamara', 'Kivistik', '46109083860', 'tamara.kivistik@ettevote.ee', '+372 58937832', 9, 2, '2024-01-11');
INSERT INTO tootajad (eesnimi, perenimi, isikukood, epost, telefon, osakond_id, ametikoht_id, palgale_voetud) VALUES ('Mihkel', 'Novikov', '39511095830', 'mihkel.novikov@ettevote.ee', '+372 53934478', 11, 1, '2023-03-06');
INSERT INTO tootajad (eesnimi, perenimi, isikukood, epost, telefon, osakond_id, ametikoht_id, palgale_voetud) VALUES ('Igor', 'Suur', '50011175910', 'igor.suur@ettevote.ee', '+372 50882758', 11, 7, '2023-06-04');
INSERT INTO tootajad (eesnimi, perenimi, isikukood, epost, telefon, osakond_id, ametikoht_id, palgale_voetud) VALUES ('Elena', 'Konovalov', '47610039800', 'elena.konovalov@ettevote.ee', '+372 58419272', 9, 6, '2022-11-14');
INSERT INTO tootajad (eesnimi, perenimi, isikukood, epost, telefon, osakond_id, ametikoht_id, palgale_voetud) VALUES ('Aleksander', 'Veski', '37909214690', 'aleksander.veski@ettevote.ee', '+372 51076910', 5, 4, '2022-12-20');
INSERT INTO tootajad (eesnimi, perenimi, isikukood, epost, telefon, osakond_id, ametikoht_id, palgale_voetud) VALUES ('Ivan', 'Viks', '38606163190', 'ivan.viks@ettevote.ee', '+372 53155131', 7, 5, '2022-10-08');
INSERT INTO tootajad (eesnimi, perenimi, isikukood, epost, telefon, osakond_id, ametikoht_id, palgale_voetud) VALUES ('Nadežda', 'Kuznetsov', '49908093750', 'nadežda.kuznetsov@ettevote.ee', '+372 51091119', 2, 4, '2024-01-13');
INSERT INTO tootajad (eesnimi, perenimi, isikukood, epost, telefon, osakond_id, ametikoht_id, palgale_voetud) VALUES ('Aleksandra', 'Kaljuste', '48903276430', 'aleksandra.kaljuste@ettevote.ee', '+372 58600044', 5, 3, '2022-07-05');
INSERT INTO tootajad (eesnimi, perenimi, isikukood, epost, telefon, osakond_id, ametikoht_id, palgale_voetud) VALUES ('Aleksander', 'Kiik', '38803271360', 'aleksander.kiik@ettevote.ee', '+372 55095729', 11, 4, '2022-11-22');
INSERT INTO tootajad (eesnimi, perenimi, isikukood, epost, telefon, osakond_id, ametikoht_id, palgale_voetud) VALUES ('Ljudmila', 'Petrov', '46509208730', 'ljudmila.petrov@ettevote.ee', '+372 55413021', 8, 1, '2023-03-11');
INSERT INTO tootajad (eesnimi, perenimi, isikukood, epost, telefon, osakond_id, ametikoht_id, palgale_voetud) VALUES ('Margus', 'Gorbunov', '37509106430', 'margus.gorbunov@ettevote.ee', '+372 51280251', 12, 2, '2024-08-18');
INSERT INTO tootajad (eesnimi, perenimi, isikukood, epost, telefon, osakond_id, ametikoht_id, palgale_voetud) VALUES ('Vello', 'Kuusik', '39505025230', 'vello.kuusik@ettevote.ee', '+372 53974731', 2, 6, '2023-07-19');
INSERT INTO tootajad (eesnimi, perenimi, isikukood, epost, telefon, osakond_id, ametikoht_id, palgale_voetud) VALUES ('Kristina', 'Silm', '49707096700', 'kristina.silm@ettevote.ee', '+372 56486976', 7, 4, '2022-11-02');
INSERT INTO tootajad (eesnimi, perenimi, isikukood, epost, telefon, osakond_id, ametikoht_id, palgale_voetud) VALUES ('Maksim', 'Malõšev', '39304111010', 'maksim.malošev@ettevote.ee', '+372 55322483', 3, 2, '2022-06-01');
INSERT INTO tootajad (eesnimi, perenimi, isikukood, epost, telefon, osakond_id, ametikoht_id, palgale_voetud) VALUES ('Viktor', 'Baranov', '39112185880', 'viktor.baranov@ettevote.ee', '+372 51573304', 7, 5, '2021-11-27');
INSERT INTO tootajad (eesnimi, perenimi, isikukood, epost, telefon, osakond_id, ametikoht_id, palgale_voetud) VALUES ('Anne', 'Vorobjov', '46108035650', 'anne.vorobjov@ettevote.ee', '+372 51887889', 10, 7, '2022-04-15');
INSERT INTO tootajad (eesnimi, perenimi, isikukood, epost, telefon, osakond_id, ametikoht_id, palgale_voetud) VALUES ('Siim', 'Reinsalu', '50009082270', 'siim.reinsalu@ettevote.ee', '+372 55570815', 3, 2, '2024-05-02');
INSERT INTO tootajad (eesnimi, perenimi, isikukood, epost, telefon, osakond_id, ametikoht_id, palgale_voetud) VALUES ('Mati', 'Nurk', '36004235200', 'mati.nurk@ettevote.ee', '+372 50677184', 12, 3, '2024-10-19');
INSERT INTO tootajad (eesnimi, perenimi, isikukood, epost, telefon, osakond_id, ametikoht_id, palgale_voetud) VALUES ('Sirje', 'Raidma', '47807186100', 'sirje.raidma@ettevote.ee', '+372 52165457', 6, 7, '2022-02-04');
INSERT INTO tootajad (eesnimi, perenimi, isikukood, epost, telefon, osakond_id, ametikoht_id, palgale_voetud) VALUES ('Maksim', 'Luik', '50211033090', 'maksim.luik@ettevote.ee', '+372 53243590', 3, 5, '2022-07-21');
INSERT INTO tootajad (eesnimi, perenimi, isikukood, epost, telefon, osakond_id, ametikoht_id, palgale_voetud) VALUES ('Toomas', 'Mets', '38711215910', 'toomas.mets@ettevote.ee', '+372 50064323', 3, 6, '2022-01-21');
INSERT INTO tootajad (eesnimi, perenimi, isikukood, epost, telefon, osakond_id, ametikoht_id, palgale_voetud) VALUES ('Merike', 'Soon', '60207256110', 'merike.soon@ettevote.ee', '+372 51061991', 10, 2, '2024-04-02');
INSERT INTO tootajad (eesnimi, perenimi, isikukood, epost, telefon, osakond_id, ametikoht_id, palgale_voetud) VALUES ('Raivo', 'Viks', '37012173380', 'raivo.viks@ettevote.ee', '+372 51166279', 12, 7, '2025-01-06');
INSERT INTO tootajad (eesnimi, perenimi, isikukood, epost, telefon, osakond_id, ametikoht_id, palgale_voetud) VALUES ('Olga', 'Nikolaev', '60211188940', 'olga.nikolaev@ettevote.ee', '+372 55276635', 1, 7, '2024-12-30');
INSERT INTO tootajad (eesnimi, perenimi, isikukood, epost, telefon, osakond_id, ametikoht_id, palgale_voetud) VALUES ('Sergei', 'Lukin', '38605192090', 'sergei.lukin@ettevote.ee', '+372 52387758', 2, 2, '2021-12-17');
INSERT INTO tootajad (eesnimi, perenimi, isikukood, epost, telefon, osakond_id, ametikoht_id, palgale_voetud) VALUES ('Mihhail', 'Toom', '38009111260', 'mihhail.toom@ettevote.ee', '+372 50762740', 6, 1, '2022-01-14');
INSERT INTO tootajad (eesnimi, perenimi, isikukood, epost, telefon, osakond_id, ametikoht_id, palgale_voetud) VALUES ('Svetlana', 'Salumäe', '46312081870', 'svetlana.salumae@ettevote.ee', '+372 52938653', 2, 3, '2024-12-29');
INSERT INTO tootajad (eesnimi, perenimi, isikukood, epost, telefon, osakond_id, ametikoht_id, palgale_voetud) VALUES ('Andrus', 'Kurm', '36010202900', 'andrus.kurm@ettevote.ee', '+372 56782655', 8, 4, '2021-11-01');
INSERT INTO tootajad (eesnimi, perenimi, isikukood, epost, telefon, osakond_id, ametikoht_id, palgale_voetud) VALUES ('Anu', 'Truu', '49706179320', 'anu.truu@ettevote.ee', '+372 51027287', 4, 1, '2021-09-19');
INSERT INTO tootajad (eesnimi, perenimi, isikukood, epost, telefon, osakond_id, ametikoht_id, palgale_voetud) VALUES ('Tiiu', 'Gusev', '47509276260', 'tiiu.gusev@ettevote.ee', '+372 51931519', 5, 1, '2022-02-28');
INSERT INTO tootajad (eesnimi, perenimi, isikukood, epost, telefon, osakond_id, ametikoht_id, palgale_voetud) VALUES ('Vladimir', 'Kaljuste', '36403043510', 'vladimir.kaljuste@ettevote.ee', '+372 53802814', 1, 5, '2022-04-21');
INSERT INTO tootajad (eesnimi, perenimi, isikukood, epost, telefon, osakond_id, ametikoht_id, palgale_voetud) VALUES ('Nina', 'Vorobjov', '49501136180', 'nina.vorobjov@ettevote.ee', '+372 50394930', 8, 1, '2023-01-22');
INSERT INTO tootajad (eesnimi, perenimi, isikukood, epost, telefon, osakond_id, ametikoht_id, palgale_voetud) VALUES ('Maie', 'Kutsar', '49309227290', 'maie.kutsar@ettevote.ee', '+372 52593752', 3, 5, '2022-08-24');
INSERT INTO tootajad (eesnimi, perenimi, isikukood, epost, telefon, osakond_id, ametikoht_id, palgale_voetud) VALUES ('Jaanus', 'Õispuu', '38609137890', 'jaanus.oispuu@ettevote.ee', '+372 56720940', 3, 1, '2024-11-24');
INSERT INTO tootajad (eesnimi, perenimi, isikukood, epost, telefon, osakond_id, ametikoht_id, palgale_voetud) VALUES ('Nadežda', 'Pärnpuu', '47507084480', 'nadežda.parnpuu@ettevote.ee', '+372 58833727', 11, 3, '2024-12-29');
INSERT INTO tootajad (eesnimi, perenimi, isikukood, epost, telefon, osakond_id, ametikoht_id, palgale_voetud) VALUES ('Elena', 'Naumov', '48401071120', 'elena.naumov@ettevote.ee', '+372 56338732', 4, 6, '2022-11-10');
INSERT INTO tootajad (eesnimi, perenimi, isikukood, epost, telefon, osakond_id, ametikoht_id, palgale_voetud) VALUES ('Kadri', 'Männik', '47510137860', 'kadri.mannik@ettevote.ee', '+372 58448903', 4, 4, '2024-05-26');
INSERT INTO tootajad (eesnimi, perenimi, isikukood, epost, telefon, osakond_id, ametikoht_id, palgale_voetud) VALUES ('Juri', 'Ivanov', '36303174290', 'juri.ivanov@ettevote.ee', '+372 55911678', 10, 6, '2024-04-14');
INSERT INTO tootajad (eesnimi, perenimi, isikukood, epost, telefon, osakond_id, ametikoht_id, palgale_voetud) VALUES ('Valentina', 'Raid', '46012166670', 'valentina.raid@ettevote.ee', '+372 56987123', 10, 1, '2022-08-01');
INSERT INTO tootajad (eesnimi, perenimi, isikukood, epost, telefon, osakond_id, ametikoht_id, palgale_voetud) VALUES ('Eve', 'Lumi', '47706169920', 'eve.lumi@ettevote.ee', '+372 52275289', 3, 1, '2024-08-12');
INSERT INTO tootajad (eesnimi, perenimi, isikukood, epost, telefon, osakond_id, ametikoht_id, palgale_voetud) VALUES ('Marika', 'Kolk', '48504155810', 'marika.kolk@ettevote.ee', '+372 53423284', 2, 2, '2023-10-14');
INSERT INTO tootajad (eesnimi, perenimi, isikukood, epost, telefon, osakond_id, ametikoht_id, palgale_voetud) VALUES ('Toomas', 'Teesalu', '36904186290', 'toomas.teesalu@ettevote.ee', '+372 55118716', 3, 7, '2023-12-06');
INSERT INTO tootajad (eesnimi, perenimi, isikukood, epost, telefon, osakond_id, ametikoht_id, palgale_voetud) VALUES ('Linda', 'Nõmme', '47702131640', 'linda.nomme@ettevote.ee', '+372 52972729', 5, 2, '2023-09-02');
INSERT INTO tootajad (eesnimi, perenimi, isikukood, epost, telefon, osakond_id, ametikoht_id, palgale_voetud) VALUES ('Ene', 'Vorobjov', '48904143200', 'ene.vorobjov@ettevote.ee', '+372 55737589', 8, 1, '2024-07-13');
INSERT INTO tootajad (eesnimi, perenimi, isikukood, epost, telefon, osakond_id, ametikoht_id, palgale_voetud) VALUES ('Ülle', 'Kattai', '48211181480', 'ulle.kattai@ettevote.ee', '+372 55802913', 5, 4, '2024-08-23');
INSERT INTO tootajad (eesnimi, perenimi, isikukood, epost, telefon, osakond_id, ametikoht_id, palgale_voetud) VALUES ('Jüri', 'Võsu', '36504072400', 'juri.vosu@ettevote.ee', '+372 55284436', 7, 7, '2021-05-30');
INSERT INTO tootajad (eesnimi, perenimi, isikukood, epost, telefon, osakond_id, ametikoht_id, palgale_voetud) VALUES ('Kristjan', 'Zaitsev', '38803262780', 'kristjan.zaitsev@ettevote.ee', '+372 52741990', 7, 6, '2021-07-02');
INSERT INTO tootajad (eesnimi, perenimi, isikukood, epost, telefon, osakond_id, ametikoht_id, palgale_voetud) VALUES ('Aivar', 'Mandel', '38705269950', 'aivar.mandel@ettevote.ee', '+372 58907400', 10, 4, '2025-02-26');
INSERT INTO tootajad (eesnimi, perenimi, isikukood, epost, telefon, osakond_id, ametikoht_id, palgale_voetud) VALUES ('Peeter', 'Pärtel', '36309278210', 'peeter.partel@ettevote.ee', '+372 52993416', 8, 3, '2023-06-25');
INSERT INTO tootajad (eesnimi, perenimi, isikukood, epost, telefon, osakond_id, ametikoht_id, palgale_voetud) VALUES ('Maria', 'Arro', '46912021760', 'maria.arro@ettevote.ee', '+372 55354620', 11, 4, '2021-11-06');
INSERT INTO tootajad (eesnimi, perenimi, isikukood, epost, telefon, osakond_id, ametikoht_id, palgale_voetud) VALUES ('Pavel', 'Unt', '36312148430', 'pavel.unt@ettevote.ee', '+372 50499833', 1, 7, '2023-07-27');
INSERT INTO tootajad (eesnimi, perenimi, isikukood, epost, telefon, osakond_id, ametikoht_id, palgale_voetud) VALUES ('Meelis', 'Luik', '38909038630', 'meelis.luik@ettevote.ee', '+372 51833920', 4, 5, '2024-12-06');
INSERT INTO tootajad (eesnimi, perenimi, isikukood, epost, telefon, osakond_id, ametikoht_id, palgale_voetud) VALUES ('Meelis', 'Anton', '36203027350', 'meelis.anton@ettevote.ee', '+372 56697753', 8, 3, '2022-03-29');
INSERT INTO tootajad (eesnimi, perenimi, isikukood, epost, telefon, osakond_id, ametikoht_id, palgale_voetud) VALUES ('Jüri', 'Mänd', '39503028900', 'juri.mand@ettevote.ee', '+372 58513760', 5, 3, '2025-01-12');
INSERT INTO tootajad (eesnimi, perenimi, isikukood, epost, telefon, osakond_id, ametikoht_id, palgale_voetud) VALUES ('Tõnu', 'Pajula', '37910138250', 'tonu.pajula@ettevote.ee', '+372 52871689', 9, 2, '2023-12-09');
INSERT INTO tootajad (eesnimi, perenimi, isikukood, epost, telefon, osakond_id, ametikoht_id, palgale_voetud) VALUES ('Ljubov', 'Miller', '48207109540', 'ljubov.miller@ettevote.ee', '+372 52048049', 11, 3, '2024-02-03');
INSERT INTO tootajad (eesnimi, perenimi, isikukood, epost, telefon, osakond_id, ametikoht_id, palgale_voetud) VALUES ('Natalia', 'Kostin', '46206106710', 'natalia.kostin@ettevote.ee', '+372 56189761', 12, 2, '2022-04-01');
INSERT INTO tootajad (eesnimi, perenimi, isikukood, epost, telefon, osakond_id, ametikoht_id, palgale_voetud) VALUES ('Sirje', 'Kriisa', '48010097070', 'sirje.kriisa@ettevote.ee', '+372 56363209', 7, 2, '2022-07-29');
INSERT INTO tootajad (eesnimi, perenimi, isikukood, epost, telefon, osakond_id, ametikoht_id, palgale_voetud) VALUES ('Ivan', 'Kolk', '37104288980', 'ivan.kolk@ettevote.ee', '+372 56785476', 3, 6, '2021-05-10');
INSERT INTO tootajad (eesnimi, perenimi, isikukood, epost, telefon, osakond_id, ametikoht_id, palgale_voetud) VALUES ('Laura', 'Melnik', '46504243620', 'laura.melnik@ettevote.ee', '+372 51943311', 4, 1, '2025-02-15');
INSERT INTO tootajad (eesnimi, perenimi, isikukood, epost, telefon, osakond_id, ametikoht_id, palgale_voetud) VALUES ('Ljubov', 'Täht', '46105058630', 'ljubov.taht@ettevote.ee', '+372 55403149', 12, 7, '2024-10-04');
INSERT INTO tootajad (eesnimi, perenimi, isikukood, epost, telefon, osakond_id, ametikoht_id, palgale_voetud) VALUES ('Mare', 'Kilk', '46102149850', 'mare.kilk@ettevote.ee', '+372 50412330', 10, 1, '2024-12-12');
INSERT INTO tootajad (eesnimi, perenimi, isikukood, epost, telefon, osakond_id, ametikoht_id, palgale_voetud) VALUES ('Tiiu', 'Käär', '48612212130', 'tiiu.kaar@ettevote.ee', '+372 51452246', 11, 3, '2023-01-01');
INSERT INTO tootajad (eesnimi, perenimi, isikukood, epost, telefon, osakond_id, ametikoht_id, palgale_voetud) VALUES ('Meelis', 'Oras', '39405288800', 'meelis.oras@ettevote.ee', '+372 52476804', 8, 6, '2021-04-20');
INSERT INTO tootajad (eesnimi, perenimi, isikukood, epost, telefon, osakond_id, ametikoht_id, palgale_voetud) VALUES ('Viktoria', 'Ševtšenko', '49409124570', 'viktoria.ševtšenko@ettevote.ee', '+372 58918620', 12, 5, '2022-11-23');
INSERT INTO tootajad (eesnimi, perenimi, isikukood, epost, telefon, osakond_id, ametikoht_id, palgale_voetud) VALUES ('Niina', 'Kalm', '47001071480', 'niina.kalm@ettevote.ee', '+372 51586854', 9, 3, '2023-08-30');
INSERT INTO tootajad (eesnimi, perenimi, isikukood, epost, telefon, osakond_id, ametikoht_id, palgale_voetud) VALUES ('Peeter', 'Rüütel', '39002119650', 'peeter.ruutel@ettevote.ee', '+372 51744938', 10, 6, '2023-05-19');
INSERT INTO tootajad (eesnimi, perenimi, isikukood, epost, telefon, osakond_id, ametikoht_id, palgale_voetud) VALUES ('Tatjana', 'Truu', '49902253120', 'tatjana.truu@ettevote.ee', '+372 53990044', 6, 7, '2022-02-24');
INSERT INTO tootajad (eesnimi, perenimi, isikukood, epost, telefon, osakond_id, ametikoht_id, palgale_voetud) VALUES ('Marek', 'Saul', '38003163600', 'marek.saul@ettevote.ee', '+372 50086368', 9, 3, '2021-07-04');
INSERT INTO tootajad (eesnimi, perenimi, isikukood, epost, telefon, osakond_id, ametikoht_id, palgale_voetud) VALUES ('Aleksei', 'Sisask', '39201123840', 'aleksei.sisask@ettevote.ee', '+372 55615711', 6, 4, '2023-09-29');
INSERT INTO tootajad (eesnimi, perenimi, isikukood, epost, telefon, osakond_id, ametikoht_id, palgale_voetud) VALUES ('Artur', 'Kalm', '50011103700', 'artur.kalm@ettevote.ee', '+372 58828048', 12, 7, '2023-04-04');
INSERT INTO tootajad (eesnimi, perenimi, isikukood, epost, telefon, osakond_id, ametikoht_id, palgale_voetud) VALUES ('Ülle', 'Liivamägi', '49002181130', 'ulle.liivamagi@ettevote.ee', '+372 58176541', 12, 2, '2023-01-10');
INSERT INTO tootajad (eesnimi, perenimi, isikukood, epost, telefon, osakond_id, ametikoht_id, palgale_voetud) VALUES ('Roman', 'Mironov', '37206219840', 'roman.mironov@ettevote.ee', '+372 53691932', 12, 6, '2024-06-11');
INSERT INTO tootajad (eesnimi, perenimi, isikukood, epost, telefon, osakond_id, ametikoht_id, palgale_voetud) VALUES ('Ülle', 'Lang', '46212036480', 'ulle.lang@ettevote.ee', '+372 55707512', 3, 6, '2023-06-15');
INSERT INTO tootajad (eesnimi, perenimi, isikukood, epost, telefon, osakond_id, ametikoht_id, palgale_voetud) VALUES ('Ants', 'Kasemaa', '38209259150', 'ants.kasemaa@ettevote.ee', '+372 50308381', 1, 2, '2022-07-18');
INSERT INTO tootajad (eesnimi, perenimi, isikukood, epost, telefon, osakond_id, ametikoht_id, palgale_voetud) VALUES ('Valeri', 'Treier', '38104217780', 'valeri.treier@ettevote.ee', '+372 51819695', 4, 6, '2022-08-12');
INSERT INTO tootajad (eesnimi, perenimi, isikukood, epost, telefon, osakond_id, ametikoht_id, palgale_voetud) VALUES ('Malle', 'Kalda', '60005225350', 'malle.kalda@ettevote.ee', '+372 51243060', 11, 3, '2025-04-05');
INSERT INTO tootajad (eesnimi, perenimi, isikukood, epost, telefon, osakond_id, ametikoht_id, palgale_voetud) VALUES ('Kristi', 'Kool', '47009051170', 'kristi.kool@ettevote.ee', '+372 56298110', 6, 1, '2022-04-06');
INSERT INTO tootajad (eesnimi, perenimi, isikukood, epost, telefon, osakond_id, ametikoht_id, palgale_voetud) VALUES ('Linda', 'Parts', '48309232810', 'linda.parts@ettevote.ee', '+372 56933452', 7, 6, '2021-08-15');
INSERT INTO tootajad (eesnimi, perenimi, isikukood, epost, telefon, osakond_id, ametikoht_id, palgale_voetud) VALUES ('Viktor', 'Zaitsev', '38905251910', 'viktor.zaitsev@ettevote.ee', '+372 55641632', 7, 4, '2022-03-01');
INSERT INTO tootajad (eesnimi, perenimi, isikukood, epost, telefon, osakond_id, ametikoht_id, palgale_voetud) VALUES ('Jaan', 'Vill', '50005073100', 'jaan.vill@ettevote.ee', '+372 56650070', 9, 2, '2024-01-23');
INSERT INTO tootajad (eesnimi, perenimi, isikukood, epost, telefon, osakond_id, ametikoht_id, palgale_voetud) VALUES ('Ülle', 'Nurm', '46211159740', 'ulle.nurm@ettevote.ee', '+372 50673662', 9, 4, '2022-04-29');
INSERT INTO tootajad (eesnimi, perenimi, isikukood, epost, telefon, osakond_id, ametikoht_id, palgale_voetud) VALUES ('Kadri', 'Kondratjev', '47308213870', 'kadri.kondratjev@ettevote.ee', '+372 50970119', 12, 1, '2024-10-29');
INSERT INTO tootajad (eesnimi, perenimi, isikukood, epost, telefon, osakond_id, ametikoht_id, palgale_voetud) VALUES ('Indrek', 'Štšerbakov', '37503099630', 'indrek.štšerbakov@ettevote.ee', '+372 53007294', 7, 1, '2024-12-11');
INSERT INTO tootajad (eesnimi, perenimi, isikukood, epost, telefon, osakond_id, ametikoht_id, palgale_voetud) VALUES ('Aleksei', 'Sulg', '50104069340', 'aleksei.sulg@ettevote.ee', '+372 53203911', 7, 1, '2021-06-30');
INSERT INTO tootajad (eesnimi, perenimi, isikukood, epost, telefon, osakond_id, ametikoht_id, palgale_voetud) VALUES ('Ljubov', 'Treial', '49908173330', 'ljubov.treial@ettevote.ee', '+372 52344286', 3, 2, '2024-04-10');
INSERT INTO tootajad (eesnimi, perenimi, isikukood, epost, telefon, osakond_id, ametikoht_id, palgale_voetud) VALUES ('Nikolai', 'Karpov', '37712289500', 'nikolai.karpov@ettevote.ee', '+372 51552711', 8, 5, '2021-04-24');
INSERT INTO tootajad (eesnimi, perenimi, isikukood, epost, telefon, osakond_id, ametikoht_id, palgale_voetud) VALUES ('Diana', 'Karro', '47307019960', 'diana.karro@ettevote.ee', '+372 55585313', 9, 6, '2021-05-29');
INSERT INTO tootajad (eesnimi, perenimi, isikukood, epost, telefon, osakond_id, ametikoht_id, palgale_voetud) VALUES ('Nina', 'Toots', '47210118930', 'nina.toots@ettevote.ee', '+372 55855228', 1, 2, '2024-11-05');
INSERT INTO tootajad (eesnimi, perenimi, isikukood, epost, telefon, osakond_id, ametikoht_id, palgale_voetud) VALUES ('Sergei', 'Lepp', '36611265680', 'sergei.lepp@ettevote.ee', '+372 58125758', 7, 3, '2024-08-28');
INSERT INTO tootajad (eesnimi, perenimi, isikukood, epost, telefon, osakond_id, ametikoht_id, palgale_voetud) VALUES ('Anu', 'Käärik', '60008104040', 'anu.kaarik@ettevote.ee', '+372 53777873', 1, 6, '2023-07-16');
INSERT INTO tootajad (eesnimi, perenimi, isikukood, epost, telefon, osakond_id, ametikoht_id, palgale_voetud) VALUES ('Irina', 'Abramov', '49608226690', 'irina.abramov@ettevote.ee', '+372 56619977', 3, 5, '2023-08-25');
INSERT INTO tootajad (eesnimi, perenimi, isikukood, epost, telefon, osakond_id, ametikoht_id, palgale_voetud) VALUES ('Jaanus', 'Aas', '36209139910', 'jaanus.aas@ettevote.ee', '+372 58419772', 8, 5, '2023-07-03');
INSERT INTO tootajad (eesnimi, perenimi, isikukood, epost, telefon, osakond_id, ametikoht_id, palgale_voetud) VALUES ('Indrek', 'Pajula', '39704171860', 'indrek.pajula@ettevote.ee', '+372 52008849', 12, 6, '2022-12-22');
INSERT INTO tootajad (eesnimi, perenimi, isikukood, epost, telefon, osakond_id, ametikoht_id, palgale_voetud) VALUES ('Anneli', 'Kirs', '48208283810', 'anneli.kirs@ettevote.ee', '+372 51456231', 11, 3, '2021-05-29');
INSERT INTO tootajad (eesnimi, perenimi, isikukood, epost, telefon, osakond_id, ametikoht_id, palgale_voetud) VALUES ('Aleksandra', 'Medvedev', '60108124870', 'aleksandra.medvedev@ettevote.ee', '+372 50846248', 8, 5, '2023-09-18');
INSERT INTO tootajad (eesnimi, perenimi, isikukood, epost, telefon, osakond_id, ametikoht_id, palgale_voetud) VALUES ('Toomas', 'Sokk', '39107113330', 'toomas.sokk@ettevote.ee', '+372 51429711', 11, 5, '2022-03-01');
INSERT INTO tootajad (eesnimi, perenimi, isikukood, epost, telefon, osakond_id, ametikoht_id, palgale_voetud) VALUES ('Mati', 'Oja', '38307128840', 'mati.oja@ettevote.ee', '+372 51192884', 9, 4, '2025-04-08');
INSERT INTO tootajad (eesnimi, perenimi, isikukood, epost, telefon, osakond_id, ametikoht_id, palgale_voetud) VALUES ('Marek', 'Konovalov', '38311256180', 'marek.konovalov@ettevote.ee', '+372 52543902', 8, 7, '2024-08-26');
INSERT INTO tootajad (eesnimi, perenimi, isikukood, epost, telefon, osakond_id, ametikoht_id, palgale_voetud) VALUES ('Tarmo', 'Vorobjov', '39309015750', 'tarmo.vorobjov@ettevote.ee', '+372 58846332', 6, 2, '2024-05-22');
INSERT INTO tootajad (eesnimi, perenimi, isikukood, epost, telefon, osakond_id, ametikoht_id, palgale_voetud) VALUES ('Jaanus', 'Sokolov', '38601196280', 'jaanus.sokolov@ettevote.ee', '+372 52463722', 5, 5, '2024-08-29');
INSERT INTO tootajad (eesnimi, perenimi, isikukood, epost, telefon, osakond_id, ametikoht_id, palgale_voetud) VALUES ('Valeri', 'Vorobjov', '37106245640', 'valeri.vorobjov@ettevote.ee', '+372 51177917', 9, 7, '2022-06-29');
INSERT INTO tootajad (eesnimi, perenimi, isikukood, epost, telefon, osakond_id, ametikoht_id, palgale_voetud) VALUES ('Marika', 'Kurm', '48310058890', 'marika.kurm@ettevote.ee', '+372 53067019', 10, 6, '2024-02-04');
INSERT INTO tootajad (eesnimi, perenimi, isikukood, epost, telefon, osakond_id, ametikoht_id, palgale_voetud) VALUES ('Rein', 'Kivilo', '36712215320', 'rein.kivilo@ettevote.ee', '+372 53023767', 3, 3, '2024-12-27');
INSERT INTO tootajad (eesnimi, perenimi, isikukood, epost, telefon, osakond_id, ametikoht_id, palgale_voetud) VALUES ('Marek', 'Mölder', '39804262080', 'marek.molder@ettevote.ee', '+372 51026237', 4, 4, '2021-06-09');
INSERT INTO tootajad (eesnimi, perenimi, isikukood, epost, telefon, osakond_id, ametikoht_id, palgale_voetud) VALUES ('Sander', 'Konovalov', '38906014130', 'sander.konovalov@ettevote.ee', '+372 56983655', 8, 7, '2023-09-04');
INSERT INTO tootajad (eesnimi, perenimi, isikukood, epost, telefon, osakond_id, ametikoht_id, palgale_voetud) VALUES ('Maie', 'Visnapuu', '46811083490', 'maie.visnapuu@ettevote.ee', '+372 50476582', 3, 5, '2021-08-26');
INSERT INTO tootajad (eesnimi, perenimi, isikukood, epost, telefon, osakond_id, ametikoht_id, palgale_voetud) VALUES ('Svetlana', 'Volkov', '48112052110', 'svetlana.volkov@ettevote.ee', '+372 53619770', 10, 6, '2022-09-11');
INSERT INTO tootajad (eesnimi, perenimi, isikukood, epost, telefon, osakond_id, ametikoht_id, palgale_voetud) VALUES ('Maie', 'Matvejev', '48709099090', 'maie.matvejev@ettevote.ee', '+372 56262685', 12, 4, '2024-09-28');
INSERT INTO tootajad (eesnimi, perenimi, isikukood, epost, telefon, osakond_id, ametikoht_id, palgale_voetud) VALUES ('Igor', 'Danilov', '37710018250', 'igor.danilov@ettevote.ee', '+372 55334312', 5, 1, '2023-06-14');
INSERT INTO tootajad (eesnimi, perenimi, isikukood, epost, telefon, osakond_id, ametikoht_id, palgale_voetud) VALUES ('Pavel', 'Varik', '36108042660', 'pavel.varik@ettevote.ee', '+372 55751332', 3, 7, '2022-04-29');
INSERT INTO tootajad (eesnimi, perenimi, isikukood, epost, telefon, osakond_id, ametikoht_id, palgale_voetud) VALUES ('Aleksandr', 'Soon', '39106232290', 'aleksandr.soon@ettevote.ee', '+372 58977991', 7, 7, '2025-03-20');
INSERT INTO tootajad (eesnimi, perenimi, isikukood, epost, telefon, osakond_id, ametikoht_id, palgale_voetud) VALUES ('Dmitri', 'Simson', '39704043590', 'dmitri.simson@ettevote.ee', '+372 55156538', 2, 2, '2023-08-25');
INSERT INTO tootajad (eesnimi, perenimi, isikukood, epost, telefon, osakond_id, ametikoht_id, palgale_voetud) VALUES ('Jevgeni', 'Kalm', '38008037190', 'jevgeni.kalm@ettevote.ee', '+372 50381740', 9, 4, '2021-05-06');
INSERT INTO tootajad (eesnimi, perenimi, isikukood, epost, telefon, osakond_id, ametikoht_id, palgale_voetud) VALUES ('Indrek', 'Vares', '39709026510', 'indrek.vares@ettevote.ee', '+372 52622877', 11, 5, '2023-07-23');
INSERT INTO tootajad (eesnimi, perenimi, isikukood, epost, telefon, osakond_id, ametikoht_id, palgale_voetud) VALUES ('Mihkel', 'Lääts', '39603129930', 'mihkel.laats@ettevote.ee', '+372 53489876', 5, 2, '2021-11-10');
INSERT INTO tootajad (eesnimi, perenimi, isikukood, epost, telefon, osakond_id, ametikoht_id, palgale_voetud) VALUES ('Sergei', 'Õunapuu', '36311018560', 'sergei.ounapuu@ettevote.ee', '+372 58012657', 12, 4, '2021-07-21');
INSERT INTO tootajad (eesnimi, perenimi, isikukood, epost, telefon, osakond_id, ametikoht_id, palgale_voetud) VALUES ('Nina', 'Antonov', '49507143710', 'nina.antonov@ettevote.ee', '+372 58714756', 6, 5, '2024-05-23');
INSERT INTO tootajad (eesnimi, perenimi, isikukood, epost, telefon, osakond_id, ametikoht_id, palgale_voetud) VALUES ('Merike', 'Teder', '46702115650', 'merike.teder@ettevote.ee', '+372 55131951', 7, 5, '2022-06-06');
INSERT INTO tootajad (eesnimi, perenimi, isikukood, epost, telefon, osakond_id, ametikoht_id, palgale_voetud) VALUES ('Roman', 'Kaasik', '36009167790', 'roman.kaasik@ettevote.ee', '+372 53014133', 2, 1, '2024-01-21');
INSERT INTO tootajad (eesnimi, perenimi, isikukood, epost, telefon, osakond_id, ametikoht_id, palgale_voetud) VALUES ('Pavel', 'Kutsar', '37002245440', 'pavel.kutsar@ettevote.ee', '+372 55409048', 7, 3, '2024-10-28');
INSERT INTO tootajad (eesnimi, perenimi, isikukood, epost, telefon, osakond_id, ametikoht_id, palgale_voetud) VALUES ('Aleksandra', 'Kulikov', '48902173730', 'aleksandra.kulikov@ettevote.ee', '+372 56804341', 2, 2, '2025-02-15');
INSERT INTO tootajad (eesnimi, perenimi, isikukood, epost, telefon, osakond_id, ametikoht_id, palgale_voetud) VALUES ('Tõnu', 'Kotov', '37305231180', 'tonu.kotov@ettevote.ee', '+372 51510490', 8, 2, '2024-04-29');
INSERT INTO tootajad (eesnimi, perenimi, isikukood, epost, telefon, osakond_id, ametikoht_id, palgale_voetud) VALUES ('Jaan', 'Medvedev', '38904058250', 'jaan.medvedev@ettevote.ee', '+372 52520674', 6, 2, '2023-06-02');
INSERT INTO tootajad (eesnimi, perenimi, isikukood, epost, telefon, osakond_id, ametikoht_id, palgale_voetud) VALUES ('Elena', 'Püvi', '48410137180', 'elena.puvi@ettevote.ee', '+372 52403446', 5, 2, '2021-12-22');
INSERT INTO tootajad (eesnimi, perenimi, isikukood, epost, telefon, osakond_id, ametikoht_id, palgale_voetud) VALUES ('Juri', 'Ivask', '36410104860', 'juri.ivask@ettevote.ee', '+372 51216016', 2, 5, '2022-11-20');
INSERT INTO tootajad (eesnimi, perenimi, isikukood, epost, telefon, osakond_id, ametikoht_id, palgale_voetud) VALUES ('Aivar', 'Tomingas', '39805022700', 'aivar.tomingas@ettevote.ee', '+372 58107103', 2, 1, '2021-05-06');
INSERT INTO tootajad (eesnimi, perenimi, isikukood, epost, telefon, osakond_id, ametikoht_id, palgale_voetud) VALUES ('Pavel', 'Lõhmus', '36004093910', 'pavel.lohmus@ettevote.ee', '+372 58554358', 5, 3, '2022-04-10');
INSERT INTO tootajad (eesnimi, perenimi, isikukood, epost, telefon, osakond_id, ametikoht_id, palgale_voetud) VALUES ('Andrus', 'Heinsoo', '37503086830', 'andrus.heinsoo@ettevote.ee', '+372 55638872', 4, 3, '2024-06-01');
INSERT INTO tootajad (eesnimi, perenimi, isikukood, epost, telefon, osakond_id, ametikoht_id, palgale_voetud) VALUES ('Meelis', 'Ploom', '39604113240', 'meelis.ploom@ettevote.ee', '+372 58403520', 2, 4, '2022-07-01');
INSERT INTO tootajad (eesnimi, perenimi, isikukood, epost, telefon, osakond_id, ametikoht_id, palgale_voetud) VALUES ('Jelena', 'Vahter', '49008156960', 'jelena.vahter@ettevote.ee', '+372 53674160', 9, 5, '2021-10-17');
INSERT INTO tootajad (eesnimi, perenimi, isikukood, epost, telefon, osakond_id, ametikoht_id, palgale_voetud) VALUES ('Igor', 'Kala', '38707284840', 'igor.kala@ettevote.ee', '+372 58558166', 5, 7, '2024-11-12');
INSERT INTO tootajad (eesnimi, perenimi, isikukood, epost, telefon, osakond_id, ametikoht_id, palgale_voetud) VALUES ('Viktor', 'Pärn', '50201188880', 'viktor.parn@ettevote.ee', '+372 50489305', 6, 2, '2025-01-15');
INSERT INTO tootajad (eesnimi, perenimi, isikukood, epost, telefon, osakond_id, ametikoht_id, palgale_voetud) VALUES ('Priit', 'Vahtra', '37906112150', 'priit.vahtra@ettevote.ee', '+372 58570410', 6, 3, '2024-01-13');
INSERT INTO tootajad (eesnimi, perenimi, isikukood, epost, telefon, osakond_id, ametikoht_id, palgale_voetud) VALUES ('Aivar', 'Žuravljov', '39507035300', 'aivar.žuravljov@ettevote.ee', '+372 51103789', 11, 7, '2023-11-27');
INSERT INTO tootajad (eesnimi, perenimi, isikukood, epost, telefon, osakond_id, ametikoht_id, palgale_voetud) VALUES ('Maie', 'Aasa', '49711129050', 'maie.aasa@ettevote.ee', '+372 51242663', 12, 7, '2023-12-19');
INSERT INTO tootajad (eesnimi, perenimi, isikukood, epost, telefon, osakond_id, ametikoht_id, palgale_voetud) VALUES ('Aino', 'Vain', '49103157430', 'aino.vain@ettevote.ee', '+372 58871073', 12, 7, '2022-02-20');
INSERT INTO tootajad (eesnimi, perenimi, isikukood, epost, telefon, osakond_id, ametikoht_id, palgale_voetud) VALUES ('Diana', 'Markus', '49009039150', 'diana.markus@ettevote.ee', '+372 50990665', 5, 3, '2024-12-07');
INSERT INTO tootajad (eesnimi, perenimi, isikukood, epost, telefon, osakond_id, ametikoht_id, palgale_voetud) VALUES ('Igor', 'Koitla', '38612229070', 'igor.koitla@ettevote.ee', '+372 52135914', 7, 7, '2023-11-24');
INSERT INTO tootajad (eesnimi, perenimi, isikukood, epost, telefon, osakond_id, ametikoht_id, palgale_voetud) VALUES ('Linda', 'Kikkas', '46804133350', 'linda.kikkas@ettevote.ee', '+372 55374024', 1, 3, '2023-09-15');
INSERT INTO tootajad (eesnimi, perenimi, isikukood, epost, telefon, osakond_id, ametikoht_id, palgale_voetud) VALUES ('Mare', 'Antonov', '49709253390', 'mare.antonov@ettevote.ee', '+372 50229613', 6, 3, '2024-06-30');
INSERT INTO tootajad (eesnimi, perenimi, isikukood, epost, telefon, osakond_id, ametikoht_id, palgale_voetud) VALUES ('Dmitri', 'Kivi', '36511263180', 'dmitri.kivi@ettevote.ee', '+372 52667130', 10, 7, '2024-10-07');
INSERT INTO tootajad (eesnimi, perenimi, isikukood, epost, telefon, osakond_id, ametikoht_id, palgale_voetud) VALUES ('Jaan', 'Koger', '50209152720', 'jaan.koger@ettevote.ee', '+372 55991811', 4, 6, '2021-07-09');
INSERT INTO tootajad (eesnimi, perenimi, isikukood, epost, telefon, osakond_id, ametikoht_id, palgale_voetud) VALUES ('Roman', 'Gavrilov', '36001274010', 'roman.gavrilov@ettevote.ee', '+372 51762541', 2, 2, '2023-03-12');
INSERT INTO tootajad (eesnimi, perenimi, isikukood, epost, telefon, osakond_id, ametikoht_id, palgale_voetud) VALUES ('Valentina', 'Sobolev', '47401236740', 'valentina.sobolev@ettevote.ee', '+372 53209005', 6, 3, '2023-01-07');
INSERT INTO tootajad (eesnimi, perenimi, isikukood, epost, telefon, osakond_id, ametikoht_id, palgale_voetud) VALUES ('Andrei', 'Varik', '37404152890', 'andrei.varik@ettevote.ee', '+372 51405330', 10, 1, '2022-01-17');
INSERT INTO tootajad (eesnimi, perenimi, isikukood, epost, telefon, osakond_id, ametikoht_id, palgale_voetud) VALUES ('Aivar', 'Novikov', '37903113080', 'aivar.novikov@ettevote.ee', '+372 55073824', 6, 4, '2022-02-14');
INSERT INTO tootajad (eesnimi, perenimi, isikukood, epost, telefon, osakond_id, ametikoht_id, palgale_voetud) VALUES ('Jüri', 'Lepp', '38803165490', 'juri.lepp@ettevote.ee', '+372 56541418', 5, 7, '2024-05-15');
INSERT INTO tootajad (eesnimi, perenimi, isikukood, epost, telefon, osakond_id, ametikoht_id, palgale_voetud) VALUES ('Natalia', 'Vaino', '60104075870', 'natalia.vaino@ettevote.ee', '+372 55723031', 7, 6, '2024-10-04');
INSERT INTO tootajad (eesnimi, perenimi, isikukood, epost, telefon, osakond_id, ametikoht_id, palgale_voetud) VALUES ('Urmas', 'Suits', '38907223980', 'urmas.suits@ettevote.ee', '+372 53250214', 5, 1, '2023-05-20');
INSERT INTO tootajad (eesnimi, perenimi, isikukood, epost, telefon, osakond_id, ametikoht_id, palgale_voetud) VALUES ('Merike', 'Jegorov', '49309138750', 'merike.jegorov@ettevote.ee', '+372 58766263', 3, 4, '2021-11-26');
INSERT INTO tootajad (eesnimi, perenimi, isikukood, epost, telefon, osakond_id, ametikoht_id, palgale_voetud) VALUES ('Ülle', 'Anderson', '46307179900', 'ulle.anderson@ettevote.ee', '+372 52556192', 1, 1, '2022-02-11');
INSERT INTO tootajad (eesnimi, perenimi, isikukood, epost, telefon, osakond_id, ametikoht_id, palgale_voetud) VALUES ('Anna', 'Teras', '48805225130', 'anna.teras@ettevote.ee', '+372 58979945', 7, 1, '2024-07-30');
INSERT INTO tootajad (eesnimi, perenimi, isikukood, epost, telefon, osakond_id, ametikoht_id, palgale_voetud) VALUES ('Maria', 'Kaljula', '46109157980', 'maria.kaljula@ettevote.ee', '+372 52021829', 8, 6, '2021-10-28');
INSERT INTO tootajad (eesnimi, perenimi, isikukood, epost, telefon, osakond_id, ametikoht_id, palgale_voetud) VALUES ('Ljubov', 'Liivak', '48012266300', 'ljubov.liivak@ettevote.ee', '+372 58909766', 2, 3, '2025-02-04');
INSERT INTO tootajad (eesnimi, perenimi, isikukood, epost, telefon, osakond_id, ametikoht_id, palgale_voetud) VALUES ('Rein', 'Tomson', '39112222360', 'rein.tomson@ettevote.ee', '+372 50001155', 8, 7, '2024-12-06');
INSERT INTO tootajad (eesnimi, perenimi, isikukood, epost, telefon, osakond_id, ametikoht_id, palgale_voetud) VALUES ('Mare', 'Saare', '49803181840', 'mare.saare@ettevote.ee', '+372 50937952', 1, 6, '2021-08-13');
INSERT INTO tootajad (eesnimi, perenimi, isikukood, epost, telefon, osakond_id, ametikoht_id, palgale_voetud) VALUES ('Priit', 'Bondarenko', '38510157510', 'priit.bondarenko@ettevote.ee', '+372 50361635', 12, 3, '2022-12-29');
INSERT INTO tootajad (eesnimi, perenimi, isikukood, epost, telefon, osakond_id, ametikoht_id, palgale_voetud) VALUES ('Merike', 'Leppik', '49206128110', 'merike.leppik@ettevote.ee', '+372 58040205', 9, 3, '2023-10-14');
INSERT INTO tootajad (eesnimi, perenimi, isikukood, epost, telefon, osakond_id, ametikoht_id, palgale_voetud) VALUES ('Tatiana', 'Holm', '47808089930', 'tatiana.holm@ettevote.ee', '+372 58589289', 1, 2, '2024-09-06');
INSERT INTO tootajad (eesnimi, perenimi, isikukood, epost, telefon, osakond_id, ametikoht_id, palgale_voetud) VALUES ('Jevgeni', 'Laht', '39811278490', 'jevgeni.laht@ettevote.ee', '+372 55434932', 4, 4, '2021-05-08');
INSERT INTO tootajad (eesnimi, perenimi, isikukood, epost, telefon, osakond_id, ametikoht_id, palgale_voetud) VALUES ('Marika', 'Matvejev', '46605077260', 'marika.matvejev@ettevote.ee', '+372 53402864', 2, 5, '2022-08-26');
INSERT INTO tootajad (eesnimi, perenimi, isikukood, epost, telefon, osakond_id, ametikoht_id, palgale_voetud) VALUES ('Aleksander', 'Vorobjov', '37010111100', 'aleksander.vorobjov@ettevote.ee', '+372 58798443', 7, 1, '2024-01-04');
INSERT INTO tootajad (eesnimi, perenimi, isikukood, epost, telefon, osakond_id, ametikoht_id, palgale_voetud) VALUES ('Aleksandr', 'Villemson', '39704181980', 'aleksandr.villemson@ettevote.ee', '+372 53633013', 3, 4, '2025-01-10');
INSERT INTO tootajad (eesnimi, perenimi, isikukood, epost, telefon, osakond_id, ametikoht_id, palgale_voetud) VALUES ('Reet', 'Schmidt', '48906196350', 'reet.schmidt@ettevote.ee', '+372 53772383', 2, 5, '2022-07-13');
INSERT INTO tootajad (eesnimi, perenimi, isikukood, epost, telefon, osakond_id, ametikoht_id, palgale_voetud) VALUES ('Kristi', 'Teder', '49101056630', 'kristi.teder@ettevote.ee', '+372 58783404', 5, 6, '2024-11-03');
INSERT INTO tootajad (eesnimi, perenimi, isikukood, epost, telefon, osakond_id, ametikoht_id, palgale_voetud) VALUES ('Pavel', 'Malõšev', '38911224260', 'pavel.malošev@ettevote.ee', '+372 51358367', 10, 2, '2022-03-20');
INSERT INTO tootajad (eesnimi, perenimi, isikukood, epost, telefon, osakond_id, ametikoht_id, palgale_voetud) VALUES ('Aleksei', 'Laur', '39010013560', 'aleksei.laur@ettevote.ee', '+372 50226137', 12, 5, '2022-08-04');
INSERT INTO toolepingud (tootaja_id, lepingu_number, alguskuupaev, brutopalk) VALUES (1, 'LEP-6240-1', '2023-12-16', 2316.0);
INSERT INTO toolepingud (tootaja_id, lepingu_number, alguskuupaev, brutopalk) VALUES (2, 'LEP-9402-2', '2025-03-21', 2586.0);
INSERT INTO toolepingud (tootaja_id, lepingu_number, alguskuupaev, brutopalk) VALUES (3, 'LEP-4859-3', '2021-10-11', 2659.0);
INSERT INTO toolepingud (tootaja_id, lepingu_number, alguskuupaev, brutopalk) VALUES (4, 'LEP-9469-4', '2022-03-22', 2229.0);
INSERT INTO toolepingud (tootaja_id, lepingu_number, alguskuupaev, brutopalk) VALUES (5, 'LEP-5072-5', '2025-03-02', 1818.0);
INSERT INTO toolepingud (tootaja_id, lepingu_number, alguskuupaev, brutopalk) VALUES (6, 'LEP-7202-6', '2021-10-03', 2095.0);
INSERT INTO toolepingud (tootaja_id, lepingu_number, alguskuupaev, brutopalk) VALUES (7, 'LEP-6728-7', '2022-04-05', 4640.0);
INSERT INTO toolepingud (tootaja_id, lepingu_number, alguskuupaev, brutopalk) VALUES (8, 'LEP-4875-8', '2022-09-02', 2988.0);
INSERT INTO toolepingud (tootaja_id, lepingu_number, alguskuupaev, brutopalk) VALUES (9, 'LEP-1448-9', '2023-04-02', 2527.0);
INSERT INTO toolepingud (tootaja_id, lepingu_number, alguskuupaev, brutopalk) VALUES (10, 'LEP-4467-10', '2021-09-28', 2360.0);
INSERT INTO toolepingud (tootaja_id, lepingu_number, alguskuupaev, brutopalk) VALUES (11, 'LEP-6976-11', '2023-02-22', 2196.0);
INSERT INTO toolepingud (tootaja_id, lepingu_number, alguskuupaev, brutopalk) VALUES (12, 'LEP-9387-12', '2024-11-05', 2450.0);
INSERT INTO toolepingud (tootaja_id, lepingu_number, alguskuupaev, brutopalk) VALUES (13, 'LEP-6206-13', '2021-06-05', 3164.0);
INSERT INTO toolepingud (tootaja_id, lepingu_number, alguskuupaev, brutopalk) VALUES (14, 'LEP-5542-14', '2024-05-29', 2533.0);
INSERT INTO toolepingud (tootaja_id, lepingu_number, alguskuupaev, brutopalk) VALUES (15, 'LEP-9967-15', '2023-04-15', 3122.0);
INSERT INTO toolepingud (tootaja_id, lepingu_number, alguskuupaev, brutopalk) VALUES (16, 'LEP-2264-16', '2022-04-16', 4714.0);
INSERT INTO toolepingud (tootaja_id, lepingu_number, alguskuupaev, brutopalk) VALUES (17, 'LEP-1271-17', '2022-10-10', 2487.0);
INSERT INTO toolepingud (tootaja_id, lepingu_number, alguskuupaev, brutopalk) VALUES (18, 'LEP-6552-18', '2021-12-07', 4560.0);
INSERT INTO toolepingud (tootaja_id, lepingu_number, alguskuupaev, brutopalk) VALUES (19, 'LEP-2667-19', '2022-03-19', 2501.0);
INSERT INTO toolepingud (tootaja_id, lepingu_number, alguskuupaev, brutopalk) VALUES (20, 'LEP-6971-20', '2023-09-20', 4508.0);
INSERT INTO toolepingud (tootaja_id, lepingu_number, alguskuupaev, brutopalk) VALUES (21, 'LEP-7004-21', '2022-09-30', 4872.0);
INSERT INTO toolepingud (tootaja_id, lepingu_number, alguskuupaev, brutopalk) VALUES (22, 'LEP-6977-22', '2022-08-15', 2203.0);
INSERT INTO toolepingud (tootaja_id, lepingu_number, alguskuupaev, brutopalk) VALUES (23, 'LEP-5024-23', '2021-09-26', 2297.0);
INSERT INTO toolepingud (tootaja_id, lepingu_number, alguskuupaev, brutopalk) VALUES (24, 'LEP-9937-24', '2024-07-24', 1570.0);
INSERT INTO toolepingud (tootaja_id, lepingu_number, alguskuupaev, brutopalk) VALUES (25, 'LEP-9420-25', '2024-03-29', 2532.0);
INSERT INTO toolepingud (tootaja_id, lepingu_number, alguskuupaev, brutopalk) VALUES (26, 'LEP-1014-26', '2025-04-02', 2420.0);
INSERT INTO toolepingud (tootaja_id, lepingu_number, alguskuupaev, brutopalk) VALUES (27, 'LEP-4579-27', '2024-09-03', 1639.0);
INSERT INTO toolepingud (tootaja_id, lepingu_number, alguskuupaev, brutopalk) VALUES (28, 'LEP-6229-28', '2024-08-17', 2612.0);
INSERT INTO toolepingud (tootaja_id, lepingu_number, alguskuupaev, brutopalk) VALUES (29, 'LEP-3926-29', '2023-07-28', 4972.0);
INSERT INTO toolepingud (tootaja_id, lepingu_number, alguskuupaev, brutopalk) VALUES (30, 'LEP-8544-30', '2023-05-30', 2593.0);
INSERT INTO toolepingud (tootaja_id, lepingu_number, alguskuupaev, brutopalk) VALUES (31, 'LEP-3613-31', '2021-05-21', 2571.0);
INSERT INTO toolepingud (tootaja_id, lepingu_number, alguskuupaev, brutopalk) VALUES (32, 'LEP-8123-32', '2021-08-18', 2241.0);
INSERT INTO toolepingud (tootaja_id, lepingu_number, alguskuupaev, brutopalk) VALUES (33, 'LEP-2934-33', '2024-01-11', 2112.0);
INSERT INTO toolepingud (tootaja_id, lepingu_number, alguskuupaev, brutopalk) VALUES (34, 'LEP-9031-34', '2023-03-06', 4220.0);
INSERT INTO toolepingud (tootaja_id, lepingu_number, alguskuupaev, brutopalk) VALUES (35, 'LEP-8877-35', '2023-06-04', 2760.0);
INSERT INTO toolepingud (tootaja_id, lepingu_number, alguskuupaev, brutopalk) VALUES (36, 'LEP-1955-36', '2022-11-14', 1644.0);
INSERT INTO toolepingud (tootaja_id, lepingu_number, alguskuupaev, brutopalk) VALUES (37, 'LEP-2429-37', '2022-12-20', 2684.0);
INSERT INTO toolepingud (tootaja_id, lepingu_number, alguskuupaev, brutopalk) VALUES (38, 'LEP-1998-38', '2022-10-08', 1861.0);
INSERT INTO toolepingud (tootaja_id, lepingu_number, alguskuupaev, brutopalk) VALUES (39, 'LEP-9123-39', '2024-01-13', 2643.0);
INSERT INTO toolepingud (tootaja_id, lepingu_number, alguskuupaev, brutopalk) VALUES (40, 'LEP-1140-40', '2022-07-05', 2609.0);
INSERT INTO toolepingud (tootaja_id, lepingu_number, alguskuupaev, brutopalk) VALUES (41, 'LEP-1467-41', '2022-11-22', 2981.0);
INSERT INTO toolepingud (tootaja_id, lepingu_number, alguskuupaev, brutopalk) VALUES (42, 'LEP-2088-42', '2023-03-11', 4798.0);
INSERT INTO toolepingud (tootaja_id, lepingu_number, alguskuupaev, brutopalk) VALUES (43, 'LEP-2894-43', '2024-08-18', 1670.0);
INSERT INTO toolepingud (tootaja_id, lepingu_number, alguskuupaev, brutopalk) VALUES (44, 'LEP-7760-44', '2023-07-19', 1784.0);
INSERT INTO toolepingud (tootaja_id, lepingu_number, alguskuupaev, brutopalk) VALUES (45, 'LEP-6194-45', '2022-11-02', 3429.0);
INSERT INTO toolepingud (tootaja_id, lepingu_number, alguskuupaev, brutopalk) VALUES (46, 'LEP-3510-46', '2022-06-01', 1964.0);
INSERT INTO toolepingud (tootaja_id, lepingu_number, alguskuupaev, brutopalk) VALUES (47, 'LEP-6350-47', '2021-11-27', 2232.0);
INSERT INTO toolepingud (tootaja_id, lepingu_number, alguskuupaev, brutopalk) VALUES (48, 'LEP-3862-48', '2022-04-15', 2214.0);
INSERT INTO toolepingud (tootaja_id, lepingu_number, alguskuupaev, brutopalk) VALUES (49, 'LEP-1041-49', '2024-05-02', 1758.0);
INSERT INTO toolepingud (tootaja_id, lepingu_number, alguskuupaev, brutopalk) VALUES (50, 'LEP-6606-50', '2024-10-19', 2167.0);
INSERT INTO toolepingud (tootaja_id, lepingu_number, alguskuupaev, brutopalk) VALUES (51, 'LEP-7986-51', '2022-02-04', 2401.0);
INSERT INTO toolepingud (tootaja_id, lepingu_number, alguskuupaev, brutopalk) VALUES (52, 'LEP-5387-52', '2022-07-21', 2192.0);
INSERT INTO toolepingud (tootaja_id, lepingu_number, alguskuupaev, brutopalk) VALUES (53, 'LEP-1700-53', '2022-01-21', 2258.0);
INSERT INTO toolepingud (tootaja_id, lepingu_number, alguskuupaev, brutopalk) VALUES (54, 'LEP-7716-54', '2024-04-02', 2124.0);
INSERT INTO toolepingud (tootaja_id, lepingu_number, alguskuupaev, brutopalk) VALUES (55, 'LEP-1216-55', '2025-01-06', 2179.0);
INSERT INTO toolepingud (tootaja_id, lepingu_number, alguskuupaev, brutopalk) VALUES (56, 'LEP-1511-56', '2024-12-30', 2461.0);
INSERT INTO toolepingud (tootaja_id, lepingu_number, alguskuupaev, brutopalk) VALUES (57, 'LEP-6671-57', '2021-12-17', 1721.0);
INSERT INTO toolepingud (tootaja_id, lepingu_number, alguskuupaev, brutopalk) VALUES (58, 'LEP-3155-58', '2022-01-14', 4122.0);
INSERT INTO toolepingud (tootaja_id, lepingu_number, alguskuupaev, brutopalk) VALUES (59, 'LEP-9563-59', '2024-12-29', 2283.0);
INSERT INTO toolepingud (tootaja_id, lepingu_number, alguskuupaev, brutopalk) VALUES (60, 'LEP-7184-60', '2021-11-01', 3152.0);
INSERT INTO toolepingud (tootaja_id, lepingu_number, alguskuupaev, brutopalk) VALUES (61, 'LEP-6892-61', '2021-09-19', 4807.0);
INSERT INTO toolepingud (tootaja_id, lepingu_number, alguskuupaev, brutopalk) VALUES (62, 'LEP-1510-62', '2022-02-28', 4078.0);
INSERT INTO toolepingud (tootaja_id, lepingu_number, alguskuupaev, brutopalk) VALUES (63, 'LEP-6215-63', '2022-04-21', 2116.0);
INSERT INTO toolepingud (tootaja_id, lepingu_number, alguskuupaev, brutopalk) VALUES (64, 'LEP-6555-64', '2023-01-22', 4061.0);
INSERT INTO toolepingud (tootaja_id, lepingu_number, alguskuupaev, brutopalk) VALUES (65, 'LEP-3057-65', '2022-08-24', 2269.0);
INSERT INTO toolepingud (tootaja_id, lepingu_number, alguskuupaev, brutopalk) VALUES (66, 'LEP-8322-66', '2024-11-24', 4415.0);
INSERT INTO toolepingud (tootaja_id, lepingu_number, alguskuupaev, brutopalk) VALUES (67, 'LEP-1240-67', '2024-12-29', 2350.0);
INSERT INTO toolepingud (tootaja_id, lepingu_number, alguskuupaev, brutopalk) VALUES (68, 'LEP-1341-68', '2022-11-10', 1952.0);
INSERT INTO toolepingud (tootaja_id, lepingu_number, alguskuupaev, brutopalk) VALUES (69, 'LEP-3535-69', '2024-05-26', 3401.0);
INSERT INTO toolepingud (tootaja_id, lepingu_number, alguskuupaev, brutopalk) VALUES (70, 'LEP-7299-70', '2024-04-14', 2192.0);
INSERT INTO toolepingud (tootaja_id, lepingu_number, alguskuupaev, brutopalk) VALUES (71, 'LEP-8728-71', '2022-08-01', 4512.0);
INSERT INTO toolepingud (tootaja_id, lepingu_number, alguskuupaev, brutopalk) VALUES (72, 'LEP-9735-72', '2024-08-12', 4663.0);
INSERT INTO toolepingud (tootaja_id, lepingu_number, alguskuupaev, brutopalk) VALUES (73, 'LEP-4282-73', '2023-10-14', 2196.0);
INSERT INTO toolepingud (tootaja_id, lepingu_number, alguskuupaev, brutopalk) VALUES (74, 'LEP-8217-74', '2023-12-06', 2688.0);
INSERT INTO toolepingud (tootaja_id, lepingu_number, alguskuupaev, brutopalk) VALUES (75, 'LEP-3344-75', '2023-09-02', 1531.0);
INSERT INTO toolepingud (tootaja_id, lepingu_number, alguskuupaev, brutopalk) VALUES (76, 'LEP-8153-76', '2024-07-13', 4640.0);
INSERT INTO toolepingud (tootaja_id, lepingu_number, alguskuupaev, brutopalk) VALUES (77, 'LEP-5874-77', '2024-08-23', 3240.0);
INSERT INTO toolepingud (tootaja_id, lepingu_number, alguskuupaev, brutopalk) VALUES (78, 'LEP-3315-78', '2021-05-30', 2975.0);
INSERT INTO toolepingud (tootaja_id, lepingu_number, alguskuupaev, brutopalk) VALUES (79, 'LEP-9786-79', '2021-07-02', 1723.0);
INSERT INTO toolepingud (tootaja_id, lepingu_number, alguskuupaev, brutopalk) VALUES (80, 'LEP-6202-80', '2025-02-26', 3219.0);
INSERT INTO toolepingud (tootaja_id, lepingu_number, alguskuupaev, brutopalk) VALUES (81, 'LEP-2155-81', '2023-06-25', 2898.0);
INSERT INTO toolepingud (tootaja_id, lepingu_number, alguskuupaev, brutopalk) VALUES (82, 'LEP-9935-82', '2021-11-06', 2878.0);
INSERT INTO toolepingud (tootaja_id, lepingu_number, alguskuupaev, brutopalk) VALUES (83, 'LEP-9176-83', '2023-07-27', 2489.0);
INSERT INTO toolepingud (tootaja_id, lepingu_number, alguskuupaev, brutopalk) VALUES (84, 'LEP-8377-84', '2024-12-06', 1837.0);
INSERT INTO toolepingud (tootaja_id, lepingu_number, alguskuupaev, brutopalk) VALUES (85, 'LEP-7042-85', '2022-03-29', 2268.0);
INSERT INTO toolepingud (tootaja_id, lepingu_number, alguskuupaev, brutopalk) VALUES (86, 'LEP-9209-86', '2025-01-12', 2959.0);
INSERT INTO toolepingud (tootaja_id, lepingu_number, alguskuupaev, brutopalk) VALUES (87, 'LEP-8066-87', '2023-12-09', 2021.0);
INSERT INTO toolepingud (tootaja_id, lepingu_number, alguskuupaev, brutopalk) VALUES (88, 'LEP-6184-88', '2024-02-03', 2546.0);
INSERT INTO toolepingud (tootaja_id, lepingu_number, alguskuupaev, brutopalk) VALUES (89, 'LEP-3759-89', '2022-04-01', 1577.0);
INSERT INTO toolepingud (tootaja_id, lepingu_number, alguskuupaev, brutopalk) VALUES (90, 'LEP-7185-90', '2022-07-29', 1538.0);
INSERT INTO toolepingud (tootaja_id, lepingu_number, alguskuupaev, brutopalk) VALUES (91, 'LEP-4599-91', '2021-05-10', 1607.0);
INSERT INTO toolepingud (tootaja_id, lepingu_number, alguskuupaev, brutopalk) VALUES (92, 'LEP-7466-92', '2025-02-15', 4240.0);
INSERT INTO toolepingud (tootaja_id, lepingu_number, alguskuupaev, brutopalk) VALUES (93, 'LEP-8002-93', '2024-10-04', 2711.0);
INSERT INTO toolepingud (tootaja_id, lepingu_number, alguskuupaev, brutopalk) VALUES (94, 'LEP-6323-94', '2024-12-12', 4571.0);
INSERT INTO toolepingud (tootaja_id, lepingu_number, alguskuupaev, brutopalk) VALUES (95, 'LEP-7931-95', '2023-01-01', 2171.0);
INSERT INTO toolepingud (tootaja_id, lepingu_number, alguskuupaev, brutopalk) VALUES (96, 'LEP-2569-96', '2021-04-20', 2141.0);
INSERT INTO toolepingud (tootaja_id, lepingu_number, alguskuupaev, brutopalk) VALUES (97, 'LEP-1777-97', '2022-11-23', 2523.0);
INSERT INTO toolepingud (tootaja_id, lepingu_number, alguskuupaev, brutopalk) VALUES (98, 'LEP-6242-98', '2023-08-30', 2427.0);
INSERT INTO toolepingud (tootaja_id, lepingu_number, alguskuupaev, brutopalk) VALUES (99, 'LEP-7270-99', '2023-05-19', 1803.0);
INSERT INTO toolepingud (tootaja_id, lepingu_number, alguskuupaev, brutopalk) VALUES (100, 'LEP-9715-100', '2022-02-24', 2498.0);
INSERT INTO toolepingud (tootaja_id, lepingu_number, alguskuupaev, brutopalk) VALUES (101, 'LEP-9330-101', '2021-07-04', 2560.0);
INSERT INTO toolepingud (tootaja_id, lepingu_number, alguskuupaev, brutopalk) VALUES (102, 'LEP-4242-102', '2023-09-29', 3469.0);
INSERT INTO toolepingud (tootaja_id, lepingu_number, alguskuupaev, brutopalk) VALUES (103, 'LEP-8834-103', '2023-04-04', 2718.0);
INSERT INTO toolepingud (tootaja_id, lepingu_number, alguskuupaev, brutopalk) VALUES (104, 'LEP-3830-104', '2023-01-10', 1955.0);
INSERT INTO toolepingud (tootaja_id, lepingu_number, alguskuupaev, brutopalk) VALUES (105, 'LEP-9707-105', '2024-06-11', 2028.0);
INSERT INTO toolepingud (tootaja_id, lepingu_number, alguskuupaev, brutopalk) VALUES (106, 'LEP-4709-106', '2023-06-15', 2271.0);
INSERT INTO toolepingud (tootaja_id, lepingu_number, alguskuupaev, brutopalk) VALUES (107, 'LEP-5164-107', '2022-07-18', 1763.0);
INSERT INTO toolepingud (tootaja_id, lepingu_number, alguskuupaev, brutopalk) VALUES (108, 'LEP-7259-108', '2022-08-12', 1667.0);
INSERT INTO toolepingud (tootaja_id, lepingu_number, alguskuupaev, brutopalk) VALUES (109, 'LEP-6131-109', '2025-04-05', 2059.0);
INSERT INTO toolepingud (tootaja_id, lepingu_number, alguskuupaev, brutopalk) VALUES (110, 'LEP-2924-110', '2022-04-06', 4028.0);
INSERT INTO toolepingud (tootaja_id, lepingu_number, alguskuupaev, brutopalk) VALUES (111, 'LEP-1418-111', '2021-08-15', 1332.0);
INSERT INTO toolepingud (tootaja_id, lepingu_number, alguskuupaev, brutopalk) VALUES (112, 'LEP-6788-112', '2022-03-01', 3119.0);
INSERT INTO toolepingud (tootaja_id, lepingu_number, alguskuupaev, brutopalk) VALUES (113, 'LEP-8926-113', '2024-01-23', 1905.0);
INSERT INTO toolepingud (tootaja_id, lepingu_number, alguskuupaev, brutopalk) VALUES (114, 'LEP-6853-114', '2022-04-29', 3183.0);
INSERT INTO toolepingud (tootaja_id, lepingu_number, alguskuupaev, brutopalk) VALUES (115, 'LEP-6619-115', '2024-10-29', 4200.0);
INSERT INTO toolepingud (tootaja_id, lepingu_number, alguskuupaev, brutopalk) VALUES (116, 'LEP-7284-116', '2024-12-11', 4517.0);
INSERT INTO toolepingud (tootaja_id, lepingu_number, alguskuupaev, brutopalk) VALUES (117, 'LEP-1223-117', '2021-06-30', 4037.0);
INSERT INTO toolepingud (tootaja_id, lepingu_number, alguskuupaev, brutopalk) VALUES (118, 'LEP-8086-118', '2024-04-10', 2486.0);
INSERT INTO toolepingud (tootaja_id, lepingu_number, alguskuupaev, brutopalk) VALUES (119, 'LEP-9999-119', '2021-04-24', 2039.0);
INSERT INTO toolepingud (tootaja_id, lepingu_number, alguskuupaev, brutopalk) VALUES (120, 'LEP-1185-120', '2021-05-29', 1716.0);
INSERT INTO toolepingud (tootaja_id, lepingu_number, alguskuupaev, brutopalk) VALUES (121, 'LEP-9472-121', '2024-11-05', 2186.0);
INSERT INTO toolepingud (tootaja_id, lepingu_number, alguskuupaev, brutopalk) VALUES (122, 'LEP-5060-122', '2024-08-28', 2306.0);
INSERT INTO toolepingud (tootaja_id, lepingu_number, alguskuupaev, brutopalk) VALUES (123, 'LEP-8715-123', '2023-07-16', 1873.0);
INSERT INTO toolepingud (tootaja_id, lepingu_number, alguskuupaev, brutopalk) VALUES (124, 'LEP-8667-124', '2023-08-25', 2107.0);
INSERT INTO toolepingud (tootaja_id, lepingu_number, alguskuupaev, brutopalk) VALUES (125, 'LEP-7717-125', '2023-07-03', 2504.0);
INSERT INTO toolepingud (tootaja_id, lepingu_number, alguskuupaev, brutopalk) VALUES (126, 'LEP-2405-126', '2022-12-22', 1690.0);
INSERT INTO toolepingud (tootaja_id, lepingu_number, alguskuupaev, brutopalk) VALUES (127, 'LEP-4430-127', '2021-05-29', 2751.0);
INSERT INTO toolepingud (tootaja_id, lepingu_number, alguskuupaev, brutopalk) VALUES (128, 'LEP-1271-128', '2023-09-18', 1772.0);
INSERT INTO toolepingud (tootaja_id, lepingu_number, alguskuupaev, brutopalk) VALUES (129, 'LEP-2324-129', '2022-03-01', 2374.0);
INSERT INTO toolepingud (tootaja_id, lepingu_number, alguskuupaev, brutopalk) VALUES (130, 'LEP-5219-130', '2025-04-08', 2534.0);
INSERT INTO toolepingud (tootaja_id, lepingu_number, alguskuupaev, brutopalk) VALUES (131, 'LEP-1080-131', '2024-08-26', 2897.0);
INSERT INTO toolepingud (tootaja_id, lepingu_number, alguskuupaev, brutopalk) VALUES (132, 'LEP-9559-132', '2024-05-22', 1781.0);
INSERT INTO toolepingud (tootaja_id, lepingu_number, alguskuupaev, brutopalk) VALUES (133, 'LEP-8153-133', '2024-08-29', 2119.0);
INSERT INTO toolepingud (tootaja_id, lepingu_number, alguskuupaev, brutopalk) VALUES (134, 'LEP-2473-134', '2022-06-29', 2993.0);
INSERT INTO toolepingud (tootaja_id, lepingu_number, alguskuupaev, brutopalk) VALUES (135, 'LEP-2628-135', '2024-02-04', 2289.0);
INSERT INTO toolepingud (tootaja_id, lepingu_number, alguskuupaev, brutopalk) VALUES (136, 'LEP-9241-136', '2024-12-27', 2469.0);
INSERT INTO toolepingud (tootaja_id, lepingu_number, alguskuupaev, brutopalk) VALUES (137, 'LEP-7441-137', '2021-06-09', 3401.0);
INSERT INTO toolepingud (tootaja_id, lepingu_number, alguskuupaev, brutopalk) VALUES (138, 'LEP-8622-138', '2023-09-04', 2897.0);
INSERT INTO toolepingud (tootaja_id, lepingu_number, alguskuupaev, brutopalk) VALUES (139, 'LEP-2211-139', '2021-08-26', 2012.0);
INSERT INTO toolepingud (tootaja_id, lepingu_number, alguskuupaev, brutopalk) VALUES (140, 'LEP-2375-140', '2022-09-11', 1317.0);
INSERT INTO toolepingud (tootaja_id, lepingu_number, alguskuupaev, brutopalk) VALUES (141, 'LEP-4646-141', '2024-09-28', 3324.0);
INSERT INTO toolepingud (tootaja_id, lepingu_number, alguskuupaev, brutopalk) VALUES (142, 'LEP-3733-142', '2023-06-14', 4418.0);
INSERT INTO toolepingud (tootaja_id, lepingu_number, alguskuupaev, brutopalk) VALUES (143, 'LEP-6565-143', '2022-04-29', 2141.0);
INSERT INTO toolepingud (tootaja_id, lepingu_number, alguskuupaev, brutopalk) VALUES (144, 'LEP-8448-144', '2025-03-20', 2788.0);
INSERT INTO toolepingud (tootaja_id, lepingu_number, alguskuupaev, brutopalk) VALUES (145, 'LEP-4882-145', '2023-08-25', 1902.0);
INSERT INTO toolepingud (tootaja_id, lepingu_number, alguskuupaev, brutopalk) VALUES (146, 'LEP-7921-146', '2021-05-06', 2948.0);
INSERT INTO toolepingud (tootaja_id, lepingu_number, alguskuupaev, brutopalk) VALUES (147, 'LEP-9768-147', '2023-07-23', 2563.0);
INSERT INTO toolepingud (tootaja_id, lepingu_number, alguskuupaev, brutopalk) VALUES (148, 'LEP-3998-148', '2021-11-10', 1946.0);
INSERT INTO toolepingud (tootaja_id, lepingu_number, alguskuupaev, brutopalk) VALUES (149, 'LEP-1136-149', '2021-07-21', 2678.0);
INSERT INTO toolepingud (tootaja_id, lepingu_number, alguskuupaev, brutopalk) VALUES (150, 'LEP-8691-150', '2024-05-23', 1738.0);
INSERT INTO toolepingud (tootaja_id, lepingu_number, alguskuupaev, brutopalk) VALUES (151, 'LEP-1549-151', '2022-06-06', 1779.0);
INSERT INTO toolepingud (tootaja_id, lepingu_number, alguskuupaev, brutopalk) VALUES (152, 'LEP-6614-152', '2024-01-21', 4648.0);
INSERT INTO toolepingud (tootaja_id, lepingu_number, alguskuupaev, brutopalk) VALUES (153, 'LEP-8535-153', '2024-10-28', 2349.0);
INSERT INTO toolepingud (tootaja_id, lepingu_number, alguskuupaev, brutopalk) VALUES (154, 'LEP-9420-154', '2025-02-15', 1917.0);
INSERT INTO toolepingud (tootaja_id, lepingu_number, alguskuupaev, brutopalk) VALUES (155, 'LEP-9699-155', '2024-04-29', 1544.0);
INSERT INTO toolepingud (tootaja_id, lepingu_number, alguskuupaev, brutopalk) VALUES (156, 'LEP-3423-156', '2023-06-02', 1721.0);
INSERT INTO toolepingud (tootaja_id, lepingu_number, alguskuupaev, brutopalk) VALUES (157, 'LEP-3326-157', '2021-12-22', 1745.0);
INSERT INTO toolepingud (tootaja_id, lepingu_number, alguskuupaev, brutopalk) VALUES (158, 'LEP-9787-158', '2022-11-20', 2178.0);
INSERT INTO toolepingud (tootaja_id, lepingu_number, alguskuupaev, brutopalk) VALUES (159, 'LEP-6218-159', '2021-05-06', 4000.0);
INSERT INTO toolepingud (tootaja_id, lepingu_number, alguskuupaev, brutopalk) VALUES (160, 'LEP-1326-160', '2022-04-10', 2792.0);
INSERT INTO toolepingud (tootaja_id, lepingu_number, alguskuupaev, brutopalk) VALUES (161, 'LEP-9551-161', '2024-06-01', 2467.0);
INSERT INTO toolepingud (tootaja_id, lepingu_number, alguskuupaev, brutopalk) VALUES (162, 'LEP-8547-162', '2022-07-01', 3130.0);
INSERT INTO toolepingud (tootaja_id, lepingu_number, alguskuupaev, brutopalk) VALUES (163, 'LEP-5918-163', '2021-10-17', 2476.0);
INSERT INTO toolepingud (tootaja_id, lepingu_number, alguskuupaev, brutopalk) VALUES (164, 'LEP-3036-164', '2024-11-12', 2942.0);
INSERT INTO toolepingud (tootaja_id, lepingu_number, alguskuupaev, brutopalk) VALUES (165, 'LEP-2596-165', '2025-01-15', 1874.0);
INSERT INTO toolepingud (tootaja_id, lepingu_number, alguskuupaev, brutopalk) VALUES (166, 'LEP-1723-166', '2024-01-13', 2275.0);
INSERT INTO toolepingud (tootaja_id, lepingu_number, alguskuupaev, brutopalk) VALUES (167, 'LEP-1112-167', '2023-11-27', 2467.0);
INSERT INTO toolepingud (tootaja_id, lepingu_number, alguskuupaev, brutopalk) VALUES (168, 'LEP-6067-168', '2023-12-19', 2702.0);
INSERT INTO toolepingud (tootaja_id, lepingu_number, alguskuupaev, brutopalk) VALUES (169, 'LEP-2565-169', '2022-02-20', 2132.0);
INSERT INTO toolepingud (tootaja_id, lepingu_number, alguskuupaev, brutopalk) VALUES (170, 'LEP-9608-170', '2024-12-07', 2103.0);
INSERT INTO toolepingud (tootaja_id, lepingu_number, alguskuupaev, brutopalk) VALUES (171, 'LEP-7185-171', '2023-11-24', 2508.0);
INSERT INTO toolepingud (tootaja_id, lepingu_number, alguskuupaev, brutopalk) VALUES (172, 'LEP-6576-172', '2023-09-15', 2829.0);
INSERT INTO toolepingud (tootaja_id, lepingu_number, alguskuupaev, brutopalk) VALUES (173, 'LEP-3087-173', '2024-06-30', 2917.0);
INSERT INTO toolepingud (tootaja_id, lepingu_number, alguskuupaev, brutopalk) VALUES (174, 'LEP-6346-174', '2024-10-07', 2465.0);
INSERT INTO toolepingud (tootaja_id, lepingu_number, alguskuupaev, brutopalk) VALUES (175, 'LEP-5759-175', '2021-07-09', 1627.0);
INSERT INTO toolepingud (tootaja_id, lepingu_number, alguskuupaev, brutopalk) VALUES (176, 'LEP-2848-176', '2023-03-12', 1792.0);
INSERT INTO toolepingud (tootaja_id, lepingu_number, alguskuupaev, brutopalk) VALUES (177, 'LEP-3811-177', '2023-01-07', 2951.0);
INSERT INTO toolepingud (tootaja_id, lepingu_number, alguskuupaev, brutopalk) VALUES (178, 'LEP-3978-178', '2022-01-17', 4928.0);
INSERT INTO toolepingud (tootaja_id, lepingu_number, alguskuupaev, brutopalk) VALUES (179, 'LEP-8396-179', '2022-02-14', 3234.0);
INSERT INTO toolepingud (tootaja_id, lepingu_number, alguskuupaev, brutopalk) VALUES (180, 'LEP-6316-180', '2024-05-15', 2685.0);
INSERT INTO toolepingud (tootaja_id, lepingu_number, alguskuupaev, brutopalk) VALUES (181, 'LEP-2107-181', '2024-10-04', 2277.0);
INSERT INTO toolepingud (tootaja_id, lepingu_number, alguskuupaev, brutopalk) VALUES (182, 'LEP-3818-182', '2023-05-20', 4856.0);
INSERT INTO toolepingud (tootaja_id, lepingu_number, alguskuupaev, brutopalk) VALUES (183, 'LEP-9301-183', '2021-11-26', 3111.0);
INSERT INTO toolepingud (tootaja_id, lepingu_number, alguskuupaev, brutopalk) VALUES (184, 'LEP-1533-184', '2022-02-11', 4790.0);
INSERT INTO toolepingud (tootaja_id, lepingu_number, alguskuupaev, brutopalk) VALUES (185, 'LEP-1117-185', '2024-07-30', 4371.0);
INSERT INTO toolepingud (tootaja_id, lepingu_number, alguskuupaev, brutopalk) VALUES (186, 'LEP-1623-186', '2021-10-28', 1710.0);
INSERT INTO toolepingud (tootaja_id, lepingu_number, alguskuupaev, brutopalk) VALUES (187, 'LEP-2751-187', '2025-02-04', 2997.0);
INSERT INTO toolepingud (tootaja_id, lepingu_number, alguskuupaev, brutopalk) VALUES (188, 'LEP-6144-188', '2024-12-06', 2787.0);
INSERT INTO toolepingud (tootaja_id, lepingu_number, alguskuupaev, brutopalk) VALUES (189, 'LEP-4074-189', '2021-08-13', 2251.0);
INSERT INTO toolepingud (tootaja_id, lepingu_number, alguskuupaev, brutopalk) VALUES (190, 'LEP-1539-190', '2022-12-29', 2914.0);
INSERT INTO toolepingud (tootaja_id, lepingu_number, alguskuupaev, brutopalk) VALUES (191, 'LEP-8125-191', '2023-10-14', 2373.0);
INSERT INTO toolepingud (tootaja_id, lepingu_number, alguskuupaev, brutopalk) VALUES (192, 'LEP-1896-192', '2024-09-06', 1734.0);
INSERT INTO toolepingud (tootaja_id, lepingu_number, alguskuupaev, brutopalk) VALUES (193, 'LEP-8750-193', '2021-05-08', 3362.0);
INSERT INTO toolepingud (tootaja_id, lepingu_number, alguskuupaev, brutopalk) VALUES (194, 'LEP-8978-194', '2022-08-26', 1833.0);
INSERT INTO toolepingud (tootaja_id, lepingu_number, alguskuupaev, brutopalk) VALUES (195, 'LEP-5351-195', '2024-01-04', 4066.0);
INSERT INTO toolepingud (tootaja_id, lepingu_number, alguskuupaev, brutopalk) VALUES (196, 'LEP-2847-196', '2025-01-10', 2760.0);
INSERT INTO toolepingud (tootaja_id, lepingu_number, alguskuupaev, brutopalk) VALUES (197, 'LEP-1284-197', '2022-07-13', 1709.0);
INSERT INTO toolepingud (tootaja_id, lepingu_number, alguskuupaev, brutopalk) VALUES (198, 'LEP-2847-198', '2024-11-03', 2257.0);
INSERT INTO toolepingud (tootaja_id, lepingu_number, alguskuupaev, brutopalk) VALUES (199, 'LEP-1001-199', '2022-03-20', 2152.0);
INSERT INTO toolepingud (tootaja_id, lepingu_number, alguskuupaev, brutopalk) VALUES (200, 'LEP-2443-200', '2022-08-04', 2324.0);
INSERT INTO palgalogi (tootaja_id, maksekuupaev, summa) VALUES (1, '2024-01-15', 1600.0);
INSERT INTO palgalogi (tootaja_id, maksekuupaev, summa) VALUES (1, '2024-02-14', 1600.0);
INSERT INTO palgalogi (tootaja_id, maksekuupaev, summa) VALUES (1, '2024-03-15', 1600.0);
INSERT INTO palgalogi (tootaja_id, maksekuupaev, summa) VALUES (2, '2025-04-20', 1600.0);
INSERT INTO palgalogi (tootaja_id, maksekuupaev, summa) VALUES (2, '2025-05-20', 1600.0);
INSERT INTO palgalogi (tootaja_id, maksekuupaev, summa) VALUES (2, '2025-06-19', 1600.0);
INSERT INTO palgalogi (tootaja_id, maksekuupaev, summa) VALUES (3, '2021-11-10', 1600.0);
INSERT INTO palgalogi (tootaja_id, maksekuupaev, summa) VALUES (3, '2021-12-10', 1600.0);
INSERT INTO palgalogi (tootaja_id, maksekuupaev, summa) VALUES (3, '2022-01-09', 1600.0);
INSERT INTO palgalogi (tootaja_id, maksekuupaev, summa) VALUES (4, '2022-04-21', 1200.0);
INSERT INTO palgalogi (tootaja_id, maksekuupaev, summa) VALUES (4, '2022-05-21', 1200.0);
INSERT INTO palgalogi (tootaja_id, maksekuupaev, summa) VALUES (4, '2022-06-20', 1200.0);
INSERT INTO palgalogi (tootaja_id, maksekuupaev, summa) VALUES (5, '2025-04-01', 1040.0);
INSERT INTO palgalogi (tootaja_id, maksekuupaev, summa) VALUES (5, '2025-05-01', 1040.0);
INSERT INTO palgalogi (tootaja_id, maksekuupaev, summa) VALUES (5, '2025-05-31', 1040.0);
INSERT INTO palgalogi (tootaja_id, maksekuupaev, summa) VALUES (6, '2021-11-02', 1040.0);
INSERT INTO palgalogi (tootaja_id, maksekuupaev, summa) VALUES (6, '2021-12-02', 1040.0);
INSERT INTO palgalogi (tootaja_id, maksekuupaev, summa) VALUES (6, '2022-01-01', 1040.0);
INSERT INTO palgalogi (tootaja_id, maksekuupaev, summa) VALUES (7, '2022-05-05', 3200.0);
INSERT INTO palgalogi (tootaja_id, maksekuupaev, summa) VALUES (7, '2022-06-04', 3200.0);
INSERT INTO palgalogi (tootaja_id, maksekuupaev, summa) VALUES (7, '2022-07-04', 3200.0);
INSERT INTO palgalogi (tootaja_id, maksekuupaev, summa) VALUES (8, '2022-10-02', 1600.0);
INSERT INTO palgalogi (tootaja_id, maksekuupaev, summa) VALUES (8, '2022-11-01', 1600.0);
INSERT INTO palgalogi (tootaja_id, maksekuupaev, summa) VALUES (8, '2022-12-01', 1600.0);
INSERT INTO palgalogi (tootaja_id, maksekuupaev, summa) VALUES (9, '2023-05-02', 1600.0);
INSERT INTO palgalogi (tootaja_id, maksekuupaev, summa) VALUES (9, '2023-06-01', 1600.0);
INSERT INTO palgalogi (tootaja_id, maksekuupaev, summa) VALUES (9, '2023-07-01', 1600.0);
INSERT INTO palgalogi (tootaja_id, maksekuupaev, summa) VALUES (10, '2021-10-28', 1600.0);
INSERT INTO palgalogi (tootaja_id, maksekuupaev, summa) VALUES (10, '2021-11-27', 1600.0);
INSERT INTO palgalogi (tootaja_id, maksekuupaev, summa) VALUES (10, '2021-12-27', 1600.0);
INSERT INTO palgalogi (tootaja_id, maksekuupaev, summa) VALUES (11, '2023-03-24', 1040.0);
INSERT INTO palgalogi (tootaja_id, maksekuupaev, summa) VALUES (11, '2023-04-23', 1040.0);
INSERT INTO palgalogi (tootaja_id, maksekuupaev, summa) VALUES (11, '2023-05-23', 1040.0);
INSERT INTO palgalogi (tootaja_id, maksekuupaev, summa) VALUES (12, '2024-12-05', 1280.0);
INSERT INTO palgalogi (tootaja_id, maksekuupaev, summa) VALUES (12, '2025-01-04', 1280.0);
INSERT INTO palgalogi (tootaja_id, maksekuupaev, summa) VALUES (12, '2025-02-03', 1280.0);
INSERT INTO palgalogi (tootaja_id, maksekuupaev, summa) VALUES (13, '2021-07-05', 2000.0);
INSERT INTO palgalogi (tootaja_id, maksekuupaev, summa) VALUES (13, '2021-08-04', 2000.0);
INSERT INTO palgalogi (tootaja_id, maksekuupaev, summa) VALUES (13, '2021-09-03', 2000.0);
INSERT INTO palgalogi (tootaja_id, maksekuupaev, summa) VALUES (14, '2024-06-28', 2000.0);
INSERT INTO palgalogi (tootaja_id, maksekuupaev, summa) VALUES (14, '2024-07-28', 2000.0);
INSERT INTO palgalogi (tootaja_id, maksekuupaev, summa) VALUES (14, '2024-08-27', 2000.0);
INSERT INTO palgalogi (tootaja_id, maksekuupaev, summa) VALUES (15, '2023-05-15', 2000.0);
INSERT INTO palgalogi (tootaja_id, maksekuupaev, summa) VALUES (15, '2023-06-14', 2000.0);
INSERT INTO palgalogi (tootaja_id, maksekuupaev, summa) VALUES (15, '2023-07-14', 2000.0);
INSERT INTO palgalogi (tootaja_id, maksekuupaev, summa) VALUES (16, '2022-05-16', 3200.0);
INSERT INTO palgalogi (tootaja_id, maksekuupaev, summa) VALUES (16, '2022-06-15', 3200.0);
INSERT INTO palgalogi (tootaja_id, maksekuupaev, summa) VALUES (16, '2022-07-15', 3200.0);
INSERT INTO palgalogi (tootaja_id, maksekuupaev, summa) VALUES (17, '2022-11-09', 1600.0);
INSERT INTO palgalogi (tootaja_id, maksekuupaev, summa) VALUES (17, '2022-12-09', 1600.0);
INSERT INTO palgalogi (tootaja_id, maksekuupaev, summa) VALUES (17, '2023-01-08', 1600.0);
INSERT INTO palgalogi (tootaja_id, maksekuupaev, summa) VALUES (18, '2022-01-06', 3200.0);
INSERT INTO palgalogi (tootaja_id, maksekuupaev, summa) VALUES (18, '2022-02-05', 3200.0);
INSERT INTO palgalogi (tootaja_id, maksekuupaev, summa) VALUES (18, '2022-03-07', 3200.0);
INSERT INTO palgalogi (tootaja_id, maksekuupaev, summa) VALUES (19, '2022-04-18', 1600.0);
INSERT INTO palgalogi (tootaja_id, maksekuupaev, summa) VALUES (19, '2022-05-18', 1600.0);
INSERT INTO palgalogi (tootaja_id, maksekuupaev, summa) VALUES (19, '2022-06-17', 1600.0);
INSERT INTO palgalogi (tootaja_id, maksekuupaev, summa) VALUES (20, '2023-10-20', 3200.0);
INSERT INTO palgalogi (tootaja_id, maksekuupaev, summa) VALUES (20, '2023-11-19', 3200.0);
INSERT INTO palgalogi (tootaja_id, maksekuupaev, summa) VALUES (20, '2023-12-19', 3200.0);
INSERT INTO palgalogi (tootaja_id, maksekuupaev, summa) VALUES (21, '2022-10-30', 3200.0);
INSERT INTO palgalogi (tootaja_id, maksekuupaev, summa) VALUES (21, '2022-11-29', 3200.0);
INSERT INTO palgalogi (tootaja_id, maksekuupaev, summa) VALUES (21, '2022-12-29', 3200.0);
INSERT INTO palgalogi (tootaja_id, maksekuupaev, summa) VALUES (22, '2022-09-14', 1280.0);
INSERT INTO palgalogi (tootaja_id, maksekuupaev, summa) VALUES (22, '2022-10-14', 1280.0);
INSERT INTO palgalogi (tootaja_id, maksekuupaev, summa) VALUES (22, '2022-11-13', 1280.0);
INSERT INTO palgalogi (tootaja_id, maksekuupaev, summa) VALUES (23, '2021-10-26', 1600.0);
INSERT INTO palgalogi (tootaja_id, maksekuupaev, summa) VALUES (23, '2021-11-25', 1600.0);
INSERT INTO palgalogi (tootaja_id, maksekuupaev, summa) VALUES (23, '2021-12-25', 1600.0);
INSERT INTO palgalogi (tootaja_id, maksekuupaev, summa) VALUES (24, '2024-08-23', 1040.0);
INSERT INTO palgalogi (tootaja_id, maksekuupaev, summa) VALUES (24, '2024-09-22', 1040.0);
INSERT INTO palgalogi (tootaja_id, maksekuupaev, summa) VALUES (24, '2024-10-22', 1040.0);
INSERT INTO palgalogi (tootaja_id, maksekuupaev, summa) VALUES (25, '2024-04-28', 2000.0);
INSERT INTO palgalogi (tootaja_id, maksekuupaev, summa) VALUES (25, '2024-05-28', 2000.0);
INSERT INTO palgalogi (tootaja_id, maksekuupaev, summa) VALUES (25, '2024-06-27', 2000.0);
INSERT INTO palgalogi (tootaja_id, maksekuupaev, summa) VALUES (26, '2025-05-02', 1200.0);
INSERT INTO palgalogi (tootaja_id, maksekuupaev, summa) VALUES (26, '2025-06-01', 1200.0);
INSERT INTO palgalogi (tootaja_id, maksekuupaev, summa) VALUES (26, '2025-07-01', 1200.0);
INSERT INTO palgalogi (tootaja_id, maksekuupaev, summa) VALUES (27, '2024-10-03', 1200.0);
INSERT INTO palgalogi (tootaja_id, maksekuupaev, summa) VALUES (27, '2024-11-02', 1200.0);
INSERT INTO palgalogi (tootaja_id, maksekuupaev, summa) VALUES (27, '2024-12-02', 1200.0);
INSERT INTO palgalogi (tootaja_id, maksekuupaev, summa) VALUES (28, '2024-09-16', 2000.0);
INSERT INTO palgalogi (tootaja_id, maksekuupaev, summa) VALUES (28, '2024-10-16', 2000.0);
INSERT INTO palgalogi (tootaja_id, maksekuupaev, summa) VALUES (28, '2024-11-15', 2000.0);
INSERT INTO palgalogi (tootaja_id, maksekuupaev, summa) VALUES (29, '2023-08-27', 3200.0);
INSERT INTO palgalogi (tootaja_id, maksekuupaev, summa) VALUES (29, '2023-09-26', 3200.0);
INSERT INTO palgalogi (tootaja_id, maksekuupaev, summa) VALUES (29, '2023-10-26', 3200.0);
INSERT INTO palgalogi (tootaja_id, maksekuupaev, summa) VALUES (30, '2023-06-29', 1280.0);
INSERT INTO palgalogi (tootaja_id, maksekuupaev, summa) VALUES (30, '2023-07-29', 1280.0);
INSERT INTO palgalogi (tootaja_id, maksekuupaev, summa) VALUES (30, '2023-08-28', 1280.0);
INSERT INTO palgalogi (tootaja_id, maksekuupaev, summa) VALUES (31, '2021-06-20', 2000.0);
INSERT INTO palgalogi (tootaja_id, maksekuupaev, summa) VALUES (31, '2021-07-20', 2000.0);
INSERT INTO palgalogi (tootaja_id, maksekuupaev, summa) VALUES (31, '2021-08-19', 2000.0);
INSERT INTO palgalogi (tootaja_id, maksekuupaev, summa) VALUES (32, '2021-09-17', 1040.0);
INSERT INTO palgalogi (tootaja_id, maksekuupaev, summa) VALUES (32, '2021-10-17', 1040.0);
INSERT INTO palgalogi (tootaja_id, maksekuupaev, summa) VALUES (32, '2021-11-16', 1040.0);
INSERT INTO palgalogi (tootaja_id, maksekuupaev, summa) VALUES (33, '2024-02-10', 1200.0);
INSERT INTO palgalogi (tootaja_id, maksekuupaev, summa) VALUES (33, '2024-03-11', 1200.0);
INSERT INTO palgalogi (tootaja_id, maksekuupaev, summa) VALUES (33, '2024-04-10', 1200.0);
INSERT INTO palgalogi (tootaja_id, maksekuupaev, summa) VALUES (34, '2023-04-05', 3200.0);
INSERT INTO palgalogi (tootaja_id, maksekuupaev, summa) VALUES (34, '2023-05-05', 3200.0);
INSERT INTO palgalogi (tootaja_id, maksekuupaev, summa) VALUES (34, '2023-06-04', 3200.0);
INSERT INTO palgalogi (tootaja_id, maksekuupaev, summa) VALUES (35, '2023-07-04', 1600.0);
INSERT INTO palgalogi (tootaja_id, maksekuupaev, summa) VALUES (35, '2023-08-03', 1600.0);
INSERT INTO palgalogi (tootaja_id, maksekuupaev, summa) VALUES (35, '2023-09-02', 1600.0);
INSERT INTO palgalogi (tootaja_id, maksekuupaev, summa) VALUES (36, '2022-12-14', 1040.0);
INSERT INTO palgalogi (tootaja_id, maksekuupaev, summa) VALUES (36, '2023-01-13', 1040.0);
INSERT INTO palgalogi (tootaja_id, maksekuupaev, summa) VALUES (36, '2023-02-12', 1040.0);
INSERT INTO palgalogi (tootaja_id, maksekuupaev, summa) VALUES (37, '2023-01-19', 2000.0);
INSERT INTO palgalogi (tootaja_id, maksekuupaev, summa) VALUES (37, '2023-02-18', 2000.0);
INSERT INTO palgalogi (tootaja_id, maksekuupaev, summa) VALUES (37, '2023-03-20', 2000.0);
INSERT INTO palgalogi (tootaja_id, maksekuupaev, summa) VALUES (38, '2022-11-07', 1280.0);
INSERT INTO palgalogi (tootaja_id, maksekuupaev, summa) VALUES (38, '2022-12-07', 1280.0);
INSERT INTO palgalogi (tootaja_id, maksekuupaev, summa) VALUES (38, '2023-01-06', 1280.0);
INSERT INTO palgalogi (tootaja_id, maksekuupaev, summa) VALUES (39, '2024-02-12', 2000.0);
INSERT INTO palgalogi (tootaja_id, maksekuupaev, summa) VALUES (39, '2024-03-13', 2000.0);
INSERT INTO palgalogi (tootaja_id, maksekuupaev, summa) VALUES (39, '2024-04-12', 2000.0);
INSERT INTO palgalogi (tootaja_id, maksekuupaev, summa) VALUES (40, '2022-08-04', 1600.0);
INSERT INTO palgalogi (tootaja_id, maksekuupaev, summa) VALUES (40, '2022-09-03', 1600.0);
INSERT INTO palgalogi (tootaja_id, maksekuupaev, summa) VALUES (40, '2022-10-03', 1600.0);
INSERT INTO palgalogi (tootaja_id, maksekuupaev, summa) VALUES (41, '2022-12-22', 2000.0);
INSERT INTO palgalogi (tootaja_id, maksekuupaev, summa) VALUES (41, '2023-01-21', 2000.0);
INSERT INTO palgalogi (tootaja_id, maksekuupaev, summa) VALUES (41, '2023-02-20', 2000.0);
INSERT INTO palgalogi (tootaja_id, maksekuupaev, summa) VALUES (42, '2023-04-10', 3200.0);
INSERT INTO palgalogi (tootaja_id, maksekuupaev, summa) VALUES (42, '2023-05-10', 3200.0);
INSERT INTO palgalogi (tootaja_id, maksekuupaev, summa) VALUES (42, '2023-06-09', 3200.0);
INSERT INTO palgalogi (tootaja_id, maksekuupaev, summa) VALUES (43, '2024-09-17', 1200.0);
INSERT INTO palgalogi (tootaja_id, maksekuupaev, summa) VALUES (43, '2024-10-17', 1200.0);
INSERT INTO palgalogi (tootaja_id, maksekuupaev, summa) VALUES (43, '2024-11-16', 1200.0);
INSERT INTO palgalogi (tootaja_id, maksekuupaev, summa) VALUES (44, '2023-08-18', 1040.0);
INSERT INTO palgalogi (tootaja_id, maksekuupaev, summa) VALUES (44, '2023-09-17', 1040.0);
INSERT INTO palgalogi (tootaja_id, maksekuupaev, summa) VALUES (44, '2023-10-17', 1040.0);
INSERT INTO palgalogi (tootaja_id, maksekuupaev, summa) VALUES (45, '2022-12-02', 2000.0);
INSERT INTO palgalogi (tootaja_id, maksekuupaev, summa) VALUES (45, '2023-01-01', 2000.0);
INSERT INTO palgalogi (tootaja_id, maksekuupaev, summa) VALUES (45, '2023-01-31', 2000.0);
INSERT INTO palgalogi (tootaja_id, maksekuupaev, summa) VALUES (46, '2022-07-01', 1200.0);
INSERT INTO palgalogi (tootaja_id, maksekuupaev, summa) VALUES (46, '2022-07-31', 1200.0);
INSERT INTO palgalogi (tootaja_id, maksekuupaev, summa) VALUES (46, '2022-08-30', 1200.0);
INSERT INTO palgalogi (tootaja_id, maksekuupaev, summa) VALUES (47, '2021-12-27', 1280.0);
INSERT INTO palgalogi (tootaja_id, maksekuupaev, summa) VALUES (47, '2022-01-26', 1280.0);
INSERT INTO palgalogi (tootaja_id, maksekuupaev, summa) VALUES (47, '2022-02-25', 1280.0);
INSERT INTO palgalogi (tootaja_id, maksekuupaev, summa) VALUES (48, '2022-05-15', 1600.0);
INSERT INTO palgalogi (tootaja_id, maksekuupaev, summa) VALUES (48, '2022-06-14', 1600.0);
INSERT INTO palgalogi (tootaja_id, maksekuupaev, summa) VALUES (48, '2022-07-14', 1600.0);
INSERT INTO palgalogi (tootaja_id, maksekuupaev, summa) VALUES (49, '2024-06-01', 1200.0);
INSERT INTO palgalogi (tootaja_id, maksekuupaev, summa) VALUES (49, '2024-07-01', 1200.0);
INSERT INTO palgalogi (tootaja_id, maksekuupaev, summa) VALUES (49, '2024-07-31', 1200.0);
INSERT INTO palgalogi (tootaja_id, maksekuupaev, summa) VALUES (50, '2024-11-18', 1600.0);
INSERT INTO palgalogi (tootaja_id, maksekuupaev, summa) VALUES (50, '2024-12-18', 1600.0);
INSERT INTO palgalogi (tootaja_id, maksekuupaev, summa) VALUES (50, '2025-01-17', 1600.0);
INSERT INTO palgalogi (tootaja_id, maksekuupaev, summa) VALUES (51, '2022-03-06', 1600.0);
INSERT INTO palgalogi (tootaja_id, maksekuupaev, summa) VALUES (51, '2022-04-05', 1600.0);
INSERT INTO palgalogi (tootaja_id, maksekuupaev, summa) VALUES (51, '2022-05-05', 1600.0);
INSERT INTO palgalogi (tootaja_id, maksekuupaev, summa) VALUES (52, '2022-08-20', 1280.0);
INSERT INTO palgalogi (tootaja_id, maksekuupaev, summa) VALUES (52, '2022-09-19', 1280.0);
INSERT INTO palgalogi (tootaja_id, maksekuupaev, summa) VALUES (52, '2022-10-19', 1280.0);
INSERT INTO palgalogi (tootaja_id, maksekuupaev, summa) VALUES (53, '2022-02-20', 1040.0);
INSERT INTO palgalogi (tootaja_id, maksekuupaev, summa) VALUES (53, '2022-03-22', 1040.0);
INSERT INTO palgalogi (tootaja_id, maksekuupaev, summa) VALUES (53, '2022-04-21', 1040.0);
INSERT INTO palgalogi (tootaja_id, maksekuupaev, summa) VALUES (54, '2024-05-02', 1200.0);
INSERT INTO palgalogi (tootaja_id, maksekuupaev, summa) VALUES (54, '2024-06-01', 1200.0);
INSERT INTO palgalogi (tootaja_id, maksekuupaev, summa) VALUES (54, '2024-07-01', 1200.0);
INSERT INTO palgalogi (tootaja_id, maksekuupaev, summa) VALUES (55, '2025-02-05', 1600.0);
INSERT INTO palgalogi (tootaja_id, maksekuupaev, summa) VALUES (55, '2025-03-07', 1600.0);
INSERT INTO palgalogi (tootaja_id, maksekuupaev, summa) VALUES (55, '2025-04-06', 1600.0);
INSERT INTO palgalogi (tootaja_id, maksekuupaev, summa) VALUES (56, '2025-01-29', 1600.0);
INSERT INTO palgalogi (tootaja_id, maksekuupaev, summa) VALUES (56, '2025-02-28', 1600.0);
INSERT INTO palgalogi (tootaja_id, maksekuupaev, summa) VALUES (56, '2025-03-30', 1600.0);
INSERT INTO palgalogi (tootaja_id, maksekuupaev, summa) VALUES (57, '2022-01-16', 1200.0);
INSERT INTO palgalogi (tootaja_id, maksekuupaev, summa) VALUES (57, '2022-02-15', 1200.0);
INSERT INTO palgalogi (tootaja_id, maksekuupaev, summa) VALUES (57, '2022-03-17', 1200.0);
INSERT INTO palgalogi (tootaja_id, maksekuupaev, summa) VALUES (58, '2022-02-13', 3200.0);
INSERT INTO palgalogi (tootaja_id, maksekuupaev, summa) VALUES (58, '2022-03-15', 3200.0);
INSERT INTO palgalogi (tootaja_id, maksekuupaev, summa) VALUES (58, '2022-04-14', 3200.0);
INSERT INTO palgalogi (tootaja_id, maksekuupaev, summa) VALUES (59, '2025-01-28', 1600.0);
INSERT INTO palgalogi (tootaja_id, maksekuupaev, summa) VALUES (59, '2025-02-27', 1600.0);
INSERT INTO palgalogi (tootaja_id, maksekuupaev, summa) VALUES (59, '2025-03-29', 1600.0);
INSERT INTO palgalogi (tootaja_id, maksekuupaev, summa) VALUES (60, '2021-12-01', 2000.0);
INSERT INTO palgalogi (tootaja_id, maksekuupaev, summa) VALUES (60, '2021-12-31', 2000.0);
INSERT INTO palgalogi (tootaja_id, maksekuupaev, summa) VALUES (60, '2022-01-30', 2000.0);
INSERT INTO palgalogi (tootaja_id, maksekuupaev, summa) VALUES (61, '2021-10-19', 3200.0);
INSERT INTO palgalogi (tootaja_id, maksekuupaev, summa) VALUES (61, '2021-11-18', 3200.0);
INSERT INTO palgalogi (tootaja_id, maksekuupaev, summa) VALUES (61, '2021-12-18', 3200.0);
INSERT INTO palgalogi (tootaja_id, maksekuupaev, summa) VALUES (62, '2022-03-30', 3200.0);
INSERT INTO palgalogi (tootaja_id, maksekuupaev, summa) VALUES (62, '2022-04-29', 3200.0);
INSERT INTO palgalogi (tootaja_id, maksekuupaev, summa) VALUES (62, '2022-05-29', 3200.0);
INSERT INTO palgalogi (tootaja_id, maksekuupaev, summa) VALUES (63, '2022-05-21', 1280.0);
INSERT INTO palgalogi (tootaja_id, maksekuupaev, summa) VALUES (63, '2022-06-20', 1280.0);
INSERT INTO palgalogi (tootaja_id, maksekuupaev, summa) VALUES (63, '2022-07-20', 1280.0);
INSERT INTO palgalogi (tootaja_id, maksekuupaev, summa) VALUES (64, '2023-02-21', 3200.0);
INSERT INTO palgalogi (tootaja_id, maksekuupaev, summa) VALUES (64, '2023-03-23', 3200.0);
INSERT INTO palgalogi (tootaja_id, maksekuupaev, summa) VALUES (64, '2023-04-22', 3200.0);
INSERT INTO palgalogi (tootaja_id, maksekuupaev, summa) VALUES (65, '2022-09-23', 1280.0);
INSERT INTO palgalogi (tootaja_id, maksekuupaev, summa) VALUES (65, '2022-10-23', 1280.0);
INSERT INTO palgalogi (tootaja_id, maksekuupaev, summa) VALUES (65, '2022-11-22', 1280.0);
INSERT INTO palgalogi (tootaja_id, maksekuupaev, summa) VALUES (66, '2024-12-24', 3200.0);
INSERT INTO palgalogi (tootaja_id, maksekuupaev, summa) VALUES (66, '2025-01-23', 3200.0);
INSERT INTO palgalogi (tootaja_id, maksekuupaev, summa) VALUES (66, '2025-02-22', 3200.0);
INSERT INTO palgalogi (tootaja_id, maksekuupaev, summa) VALUES (67, '2025-01-28', 1600.0);
INSERT INTO palgalogi (tootaja_id, maksekuupaev, summa) VALUES (67, '2025-02-27', 1600.0);
INSERT INTO palgalogi (tootaja_id, maksekuupaev, summa) VALUES (67, '2025-03-29', 1600.0);
INSERT INTO palgalogi (tootaja_id, maksekuupaev, summa) VALUES (68, '2022-12-10', 1040.0);
INSERT INTO palgalogi (tootaja_id, maksekuupaev, summa) VALUES (68, '2023-01-09', 1040.0);
INSERT INTO palgalogi (tootaja_id, maksekuupaev, summa) VALUES (68, '2023-02-08', 1040.0);
INSERT INTO palgalogi (tootaja_id, maksekuupaev, summa) VALUES (69, '2024-06-25', 2000.0);
INSERT INTO palgalogi (tootaja_id, maksekuupaev, summa) VALUES (69, '2024-07-25', 2000.0);
INSERT INTO palgalogi (tootaja_id, maksekuupaev, summa) VALUES (69, '2024-08-24', 2000.0);
INSERT INTO palgalogi (tootaja_id, maksekuupaev, summa) VALUES (70, '2024-05-14', 1040.0);
INSERT INTO palgalogi (tootaja_id, maksekuupaev, summa) VALUES (70, '2024-06-13', 1040.0);
INSERT INTO palgalogi (tootaja_id, maksekuupaev, summa) VALUES (70, '2024-07-13', 1040.0);
INSERT INTO palgalogi (tootaja_id, maksekuupaev, summa) VALUES (71, '2022-08-31', 3200.0);
INSERT INTO palgalogi (tootaja_id, maksekuupaev, summa) VALUES (71, '2022-09-30', 3200.0);
INSERT INTO palgalogi (tootaja_id, maksekuupaev, summa) VALUES (71, '2022-10-30', 3200.0);
INSERT INTO palgalogi (tootaja_id, maksekuupaev, summa) VALUES (72, '2024-09-11', 3200.0);
INSERT INTO palgalogi (tootaja_id, maksekuupaev, summa) VALUES (72, '2024-10-11', 3200.0);
INSERT INTO palgalogi (tootaja_id, maksekuupaev, summa) VALUES (72, '2024-11-10', 3200.0);
INSERT INTO palgalogi (tootaja_id, maksekuupaev, summa) VALUES (73, '2023-11-13', 1200.0);
INSERT INTO palgalogi (tootaja_id, maksekuupaev, summa) VALUES (73, '2023-12-13', 1200.0);
INSERT INTO palgalogi (tootaja_id, maksekuupaev, summa) VALUES (73, '2024-01-12', 1200.0);
INSERT INTO palgalogi (tootaja_id, maksekuupaev, summa) VALUES (74, '2024-01-05', 1600.0);
INSERT INTO palgalogi (tootaja_id, maksekuupaev, summa) VALUES (74, '2024-02-04', 1600.0);
INSERT INTO palgalogi (tootaja_id, maksekuupaev, summa) VALUES (74, '2024-03-05', 1600.0);
INSERT INTO palgalogi (tootaja_id, maksekuupaev, summa) VALUES (75, '2023-10-02', 1200.0);
INSERT INTO palgalogi (tootaja_id, maksekuupaev, summa) VALUES (75, '2023-11-01', 1200.0);
INSERT INTO palgalogi (tootaja_id, maksekuupaev, summa) VALUES (75, '2023-12-01', 1200.0);
INSERT INTO palgalogi (tootaja_id, maksekuupaev, summa) VALUES (76, '2024-08-12', 3200.0);
INSERT INTO palgalogi (tootaja_id, maksekuupaev, summa) VALUES (76, '2024-09-11', 3200.0);
INSERT INTO palgalogi (tootaja_id, maksekuupaev, summa) VALUES (76, '2024-10-11', 3200.0);
INSERT INTO palgalogi (tootaja_id, maksekuupaev, summa) VALUES (77, '2024-09-22', 2000.0);
INSERT INTO palgalogi (tootaja_id, maksekuupaev, summa) VALUES (77, '2024-10-22', 2000.0);
INSERT INTO palgalogi (tootaja_id, maksekuupaev, summa) VALUES (77, '2024-11-21', 2000.0);
INSERT INTO palgalogi (tootaja_id, maksekuupaev, summa) VALUES (78, '2021-06-29', 1600.0);
INSERT INTO palgalogi (tootaja_id, maksekuupaev, summa) VALUES (78, '2021-07-29', 1600.0);
INSERT INTO palgalogi (tootaja_id, maksekuupaev, summa) VALUES (78, '2021-08-28', 1600.0);
INSERT INTO palgalogi (tootaja_id, maksekuupaev, summa) VALUES (79, '2021-08-01', 1040.0);
INSERT INTO palgalogi (tootaja_id, maksekuupaev, summa) VALUES (79, '2021-08-31', 1040.0);
INSERT INTO palgalogi (tootaja_id, maksekuupaev, summa) VALUES (79, '2021-09-30', 1040.0);
INSERT INTO palgalogi (tootaja_id, maksekuupaev, summa) VALUES (80, '2025-03-28', 2000.0);
INSERT INTO palgalogi (tootaja_id, maksekuupaev, summa) VALUES (80, '2025-04-27', 2000.0);
INSERT INTO palgalogi (tootaja_id, maksekuupaev, summa) VALUES (80, '2025-05-27', 2000.0);
INSERT INTO palgalogi (tootaja_id, maksekuupaev, summa) VALUES (81, '2023-07-25', 1600.0);
INSERT INTO palgalogi (tootaja_id, maksekuupaev, summa) VALUES (81, '2023-08-24', 1600.0);
INSERT INTO palgalogi (tootaja_id, maksekuupaev, summa) VALUES (81, '2023-09-23', 1600.0);
INSERT INTO palgalogi (tootaja_id, maksekuupaev, summa) VALUES (82, '2021-12-06', 2000.0);
INSERT INTO palgalogi (tootaja_id, maksekuupaev, summa) VALUES (82, '2022-01-05', 2000.0);
INSERT INTO palgalogi (tootaja_id, maksekuupaev, summa) VALUES (82, '2022-02-04', 2000.0);
INSERT INTO palgalogi (tootaja_id, maksekuupaev, summa) VALUES (83, '2023-08-26', 1600.0);
INSERT INTO palgalogi (tootaja_id, maksekuupaev, summa) VALUES (83, '2023-09-25', 1600.0);
INSERT INTO palgalogi (tootaja_id, maksekuupaev, summa) VALUES (83, '2023-10-25', 1600.0);
INSERT INTO palgalogi (tootaja_id, maksekuupaev, summa) VALUES (84, '2025-01-05', 1280.0);
INSERT INTO palgalogi (tootaja_id, maksekuupaev, summa) VALUES (84, '2025-02-04', 1280.0);
INSERT INTO palgalogi (tootaja_id, maksekuupaev, summa) VALUES (84, '2025-03-06', 1280.0);
INSERT INTO palgalogi (tootaja_id, maksekuupaev, summa) VALUES (85, '2022-04-28', 1600.0);
INSERT INTO palgalogi (tootaja_id, maksekuupaev, summa) VALUES (85, '2022-05-28', 1600.0);
INSERT INTO palgalogi (tootaja_id, maksekuupaev, summa) VALUES (85, '2022-06-27', 1600.0);
INSERT INTO palgalogi (tootaja_id, maksekuupaev, summa) VALUES (86, '2025-02-11', 1600.0);
INSERT INTO palgalogi (tootaja_id, maksekuupaev, summa) VALUES (86, '2025-03-13', 1600.0);
INSERT INTO palgalogi (tootaja_id, maksekuupaev, summa) VALUES (86, '2025-04-12', 1600.0);
INSERT INTO palgalogi (tootaja_id, maksekuupaev, summa) VALUES (87, '2024-01-08', 1200.0);
INSERT INTO palgalogi (tootaja_id, maksekuupaev, summa) VALUES (87, '2024-02-07', 1200.0);
INSERT INTO palgalogi (tootaja_id, maksekuupaev, summa) VALUES (87, '2024-03-08', 1200.0);
INSERT INTO palgalogi (tootaja_id, maksekuupaev, summa) VALUES (88, '2024-03-04', 1600.0);
INSERT INTO palgalogi (tootaja_id, maksekuupaev, summa) VALUES (88, '2024-04-03', 1600.0);
INSERT INTO palgalogi (tootaja_id, maksekuupaev, summa) VALUES (88, '2024-05-03', 1600.0);
INSERT INTO palgalogi (tootaja_id, maksekuupaev, summa) VALUES (89, '2022-05-01', 1200.0);
INSERT INTO palgalogi (tootaja_id, maksekuupaev, summa) VALUES (89, '2022-05-31', 1200.0);
INSERT INTO palgalogi (tootaja_id, maksekuupaev, summa) VALUES (89, '2022-06-30', 1200.0);
INSERT INTO palgalogi (tootaja_id, maksekuupaev, summa) VALUES (90, '2022-08-28', 1200.0);
INSERT INTO palgalogi (tootaja_id, maksekuupaev, summa) VALUES (90, '2022-09-27', 1200.0);
INSERT INTO palgalogi (tootaja_id, maksekuupaev, summa) VALUES (90, '2022-10-27', 1200.0);
INSERT INTO palgalogi (tootaja_id, maksekuupaev, summa) VALUES (91, '2021-06-09', 1040.0);
INSERT INTO palgalogi (tootaja_id, maksekuupaev, summa) VALUES (91, '2021-07-09', 1040.0);
INSERT INTO palgalogi (tootaja_id, maksekuupaev, summa) VALUES (91, '2021-08-08', 1040.0);
INSERT INTO palgalogi (tootaja_id, maksekuupaev, summa) VALUES (92, '2025-03-17', 3200.0);
INSERT INTO palgalogi (tootaja_id, maksekuupaev, summa) VALUES (92, '2025-04-16', 3200.0);
INSERT INTO palgalogi (tootaja_id, maksekuupaev, summa) VALUES (92, '2025-05-16', 3200.0);
INSERT INTO palgalogi (tootaja_id, maksekuupaev, summa) VALUES (93, '2024-11-03', 1600.0);
INSERT INTO palgalogi (tootaja_id, maksekuupaev, summa) VALUES (93, '2024-12-03', 1600.0);
INSERT INTO palgalogi (tootaja_id, maksekuupaev, summa) VALUES (93, '2025-01-02', 1600.0);
INSERT INTO palgalogi (tootaja_id, maksekuupaev, summa) VALUES (94, '2025-01-11', 3200.0);
INSERT INTO palgalogi (tootaja_id, maksekuupaev, summa) VALUES (94, '2025-02-10', 3200.0);
INSERT INTO palgalogi (tootaja_id, maksekuupaev, summa) VALUES (94, '2025-03-12', 3200.0);
INSERT INTO palgalogi (tootaja_id, maksekuupaev, summa) VALUES (95, '2023-01-31', 1600.0);
INSERT INTO palgalogi (tootaja_id, maksekuupaev, summa) VALUES (95, '2023-03-02', 1600.0);
INSERT INTO palgalogi (tootaja_id, maksekuupaev, summa) VALUES (95, '2023-04-01', 1600.0);
INSERT INTO palgalogi (tootaja_id, maksekuupaev, summa) VALUES (96, '2021-05-20', 1040.0);
INSERT INTO palgalogi (tootaja_id, maksekuupaev, summa) VALUES (96, '2021-06-19', 1040.0);
INSERT INTO palgalogi (tootaja_id, maksekuupaev, summa) VALUES (96, '2021-07-19', 1040.0);
INSERT INTO palgalogi (tootaja_id, maksekuupaev, summa) VALUES (97, '2022-12-23', 1280.0);
INSERT INTO palgalogi (tootaja_id, maksekuupaev, summa) VALUES (97, '2023-01-22', 1280.0);
INSERT INTO palgalogi (tootaja_id, maksekuupaev, summa) VALUES (97, '2023-02-21', 1280.0);
INSERT INTO palgalogi (tootaja_id, maksekuupaev, summa) VALUES (98, '2023-09-29', 1600.0);
INSERT INTO palgalogi (tootaja_id, maksekuupaev, summa) VALUES (98, '2023-10-29', 1600.0);
INSERT INTO palgalogi (tootaja_id, maksekuupaev, summa) VALUES (98, '2023-11-28', 1600.0);
INSERT INTO palgalogi (tootaja_id, maksekuupaev, summa) VALUES (99, '2023-06-18', 1040.0);
INSERT INTO palgalogi (tootaja_id, maksekuupaev, summa) VALUES (99, '2023-07-18', 1040.0);
INSERT INTO palgalogi (tootaja_id, maksekuupaev, summa) VALUES (99, '2023-08-17', 1040.0);
INSERT INTO palgalogi (tootaja_id, maksekuupaev, summa) VALUES (100, '2022-03-26', 1600.0);
INSERT INTO palgalogi (tootaja_id, maksekuupaev, summa) VALUES (100, '2022-04-25', 1600.0);
INSERT INTO palgalogi (tootaja_id, maksekuupaev, summa) VALUES (100, '2022-05-25', 1600.0);
INSERT INTO palgalogi (tootaja_id, maksekuupaev, summa) VALUES (101, '2021-08-03', 1600.0);
INSERT INTO palgalogi (tootaja_id, maksekuupaev, summa) VALUES (101, '2021-09-02', 1600.0);
INSERT INTO palgalogi (tootaja_id, maksekuupaev, summa) VALUES (101, '2021-10-02', 1600.0);
INSERT INTO palgalogi (tootaja_id, maksekuupaev, summa) VALUES (102, '2023-10-29', 2000.0);
INSERT INTO palgalogi (tootaja_id, maksekuupaev, summa) VALUES (102, '2023-11-28', 2000.0);
INSERT INTO palgalogi (tootaja_id, maksekuupaev, summa) VALUES (102, '2023-12-28', 2000.0);
INSERT INTO palgalogi (tootaja_id, maksekuupaev, summa) VALUES (103, '2023-05-04', 1600.0);
INSERT INTO palgalogi (tootaja_id, maksekuupaev, summa) VALUES (103, '2023-06-03', 1600.0);
INSERT INTO palgalogi (tootaja_id, maksekuupaev, summa) VALUES (103, '2023-07-03', 1600.0);
INSERT INTO palgalogi (tootaja_id, maksekuupaev, summa) VALUES (104, '2023-02-09', 1200.0);
INSERT INTO palgalogi (tootaja_id, maksekuupaev, summa) VALUES (104, '2023-03-11', 1200.0);
INSERT INTO palgalogi (tootaja_id, maksekuupaev, summa) VALUES (104, '2023-04-10', 1200.0);
INSERT INTO palgalogi (tootaja_id, maksekuupaev, summa) VALUES (105, '2024-07-11', 1040.0);
INSERT INTO palgalogi (tootaja_id, maksekuupaev, summa) VALUES (105, '2024-08-10', 1040.0);
INSERT INTO palgalogi (tootaja_id, maksekuupaev, summa) VALUES (105, '2024-09-09', 1040.0);
INSERT INTO palgalogi (tootaja_id, maksekuupaev, summa) VALUES (106, '2023-07-15', 1040.0);
INSERT INTO palgalogi (tootaja_id, maksekuupaev, summa) VALUES (106, '2023-08-14', 1040.0);
INSERT INTO palgalogi (tootaja_id, maksekuupaev, summa) VALUES (106, '2023-09-13', 1040.0);
INSERT INTO palgalogi (tootaja_id, maksekuupaev, summa) VALUES (107, '2022-08-17', 1200.0);
INSERT INTO palgalogi (tootaja_id, maksekuupaev, summa) VALUES (107, '2022-09-16', 1200.0);
INSERT INTO palgalogi (tootaja_id, maksekuupaev, summa) VALUES (107, '2022-10-16', 1200.0);
INSERT INTO palgalogi (tootaja_id, maksekuupaev, summa) VALUES (108, '2022-09-11', 1040.0);
INSERT INTO palgalogi (tootaja_id, maksekuupaev, summa) VALUES (108, '2022-10-11', 1040.0);
INSERT INTO palgalogi (tootaja_id, maksekuupaev, summa) VALUES (108, '2022-11-10', 1040.0);
INSERT INTO palgalogi (tootaja_id, maksekuupaev, summa) VALUES (109, '2025-05-05', 1600.0);
INSERT INTO palgalogi (tootaja_id, maksekuupaev, summa) VALUES (109, '2025-06-04', 1600.0);
INSERT INTO palgalogi (tootaja_id, maksekuupaev, summa) VALUES (109, '2025-07-04', 1600.0);
INSERT INTO palgalogi (tootaja_id, maksekuupaev, summa) VALUES (110, '2022-05-06', 3200.0);
INSERT INTO palgalogi (tootaja_id, maksekuupaev, summa) VALUES (110, '2022-06-05', 3200.0);
INSERT INTO palgalogi (tootaja_id, maksekuupaev, summa) VALUES (110, '2022-07-05', 3200.0);
INSERT INTO palgalogi (tootaja_id, maksekuupaev, summa) VALUES (111, '2021-09-14', 1040.0);
INSERT INTO palgalogi (tootaja_id, maksekuupaev, summa) VALUES (111, '2021-10-14', 1040.0);
INSERT INTO palgalogi (tootaja_id, maksekuupaev, summa) VALUES (111, '2021-11-13', 1040.0);
INSERT INTO palgalogi (tootaja_id, maksekuupaev, summa) VALUES (112, '2022-03-31', 2000.0);
INSERT INTO palgalogi (tootaja_id, maksekuupaev, summa) VALUES (112, '2022-04-30', 2000.0);
INSERT INTO palgalogi (tootaja_id, maksekuupaev, summa) VALUES (112, '2022-05-30', 2000.0);
INSERT INTO palgalogi (tootaja_id, maksekuupaev, summa) VALUES (113, '2024-02-22', 1200.0);
INSERT INTO palgalogi (tootaja_id, maksekuupaev, summa) VALUES (113, '2024-03-23', 1200.0);
INSERT INTO palgalogi (tootaja_id, maksekuupaev, summa) VALUES (113, '2024-04-22', 1200.0);
INSERT INTO palgalogi (tootaja_id, maksekuupaev, summa) VALUES (114, '2022-05-29', 2000.0);
INSERT INTO palgalogi (tootaja_id, maksekuupaev, summa) VALUES (114, '2022-06-28', 2000.0);
INSERT INTO palgalogi (tootaja_id, maksekuupaev, summa) VALUES (114, '2022-07-28', 2000.0);
INSERT INTO palgalogi (tootaja_id, maksekuupaev, summa) VALUES (115, '2024-11-28', 3200.0);
INSERT INTO palgalogi (tootaja_id, maksekuupaev, summa) VALUES (115, '2024-12-28', 3200.0);
INSERT INTO palgalogi (tootaja_id, maksekuupaev, summa) VALUES (115, '2025-01-27', 3200.0);
INSERT INTO palgalogi (tootaja_id, maksekuupaev, summa) VALUES (116, '2025-01-10', 3200.0);
INSERT INTO palgalogi (tootaja_id, maksekuupaev, summa) VALUES (116, '2025-02-09', 3200.0);
INSERT INTO palgalogi (tootaja_id, maksekuupaev, summa) VALUES (116, '2025-03-11', 3200.0);
INSERT INTO palgalogi (tootaja_id, maksekuupaev, summa) VALUES (117, '2021-07-30', 3200.0);
INSERT INTO palgalogi (tootaja_id, maksekuupaev, summa) VALUES (117, '2021-08-29', 3200.0);
INSERT INTO palgalogi (tootaja_id, maksekuupaev, summa) VALUES (117, '2021-09-28', 3200.0);
INSERT INTO palgalogi (tootaja_id, maksekuupaev, summa) VALUES (118, '2024-05-10', 1200.0);
INSERT INTO palgalogi (tootaja_id, maksekuupaev, summa) VALUES (118, '2024-06-09', 1200.0);
INSERT INTO palgalogi (tootaja_id, maksekuupaev, summa) VALUES (118, '2024-07-09', 1200.0);
INSERT INTO palgalogi (tootaja_id, maksekuupaev, summa) VALUES (119, '2021-05-24', 1280.0);
INSERT INTO palgalogi (tootaja_id, maksekuupaev, summa) VALUES (119, '2021-06-23', 1280.0);
INSERT INTO palgalogi (tootaja_id, maksekuupaev, summa) VALUES (119, '2021-07-23', 1280.0);
INSERT INTO palgalogi (tootaja_id, maksekuupaev, summa) VALUES (120, '2021-06-28', 1040.0);
INSERT INTO palgalogi (tootaja_id, maksekuupaev, summa) VALUES (120, '2021-07-28', 1040.0);
INSERT INTO palgalogi (tootaja_id, maksekuupaev, summa) VALUES (120, '2021-08-27', 1040.0);
INSERT INTO palgalogi (tootaja_id, maksekuupaev, summa) VALUES (121, '2024-12-05', 1200.0);
INSERT INTO palgalogi (tootaja_id, maksekuupaev, summa) VALUES (121, '2025-01-04', 1200.0);
INSERT INTO palgalogi (tootaja_id, maksekuupaev, summa) VALUES (121, '2025-02-03', 1200.0);
INSERT INTO palgalogi (tootaja_id, maksekuupaev, summa) VALUES (122, '2024-09-27', 1600.0);
INSERT INTO palgalogi (tootaja_id, maksekuupaev, summa) VALUES (122, '2024-10-27', 1600.0);
INSERT INTO palgalogi (tootaja_id, maksekuupaev, summa) VALUES (122, '2024-11-26', 1600.0);
INSERT INTO palgalogi (tootaja_id, maksekuupaev, summa) VALUES (123, '2023-08-15', 1040.0);
INSERT INTO palgalogi (tootaja_id, maksekuupaev, summa) VALUES (123, '2023-09-14', 1040.0);
INSERT INTO palgalogi (tootaja_id, maksekuupaev, summa) VALUES (123, '2023-10-14', 1040.0);
INSERT INTO palgalogi (tootaja_id, maksekuupaev, summa) VALUES (124, '2023-09-24', 1280.0);
INSERT INTO palgalogi (tootaja_id, maksekuupaev, summa) VALUES (124, '2023-10-24', 1280.0);
INSERT INTO palgalogi (tootaja_id, maksekuupaev, summa) VALUES (124, '2023-11-23', 1280.0);
INSERT INTO palgalogi (tootaja_id, maksekuupaev, summa) VALUES (125, '2023-08-02', 1280.0);
INSERT INTO palgalogi (tootaja_id, maksekuupaev, summa) VALUES (125, '2023-09-01', 1280.0);
INSERT INTO palgalogi (tootaja_id, maksekuupaev, summa) VALUES (125, '2023-10-01', 1280.0);
INSERT INTO palgalogi (tootaja_id, maksekuupaev, summa) VALUES (126, '2023-01-21', 1040.0);
INSERT INTO palgalogi (tootaja_id, maksekuupaev, summa) VALUES (126, '2023-02-20', 1040.0);
INSERT INTO palgalogi (tootaja_id, maksekuupaev, summa) VALUES (126, '2023-03-22', 1040.0);
INSERT INTO palgalogi (tootaja_id, maksekuupaev, summa) VALUES (127, '2021-06-28', 1600.0);
INSERT INTO palgalogi (tootaja_id, maksekuupaev, summa) VALUES (127, '2021-07-28', 1600.0);
INSERT INTO palgalogi (tootaja_id, maksekuupaev, summa) VALUES (127, '2021-08-27', 1600.0);
INSERT INTO palgalogi (tootaja_id, maksekuupaev, summa) VALUES (128, '2023-10-18', 1280.0);
INSERT INTO palgalogi (tootaja_id, maksekuupaev, summa) VALUES (128, '2023-11-17', 1280.0);
INSERT INTO palgalogi (tootaja_id, maksekuupaev, summa) VALUES (128, '2023-12-17', 1280.0);
INSERT INTO palgalogi (tootaja_id, maksekuupaev, summa) VALUES (129, '2022-03-31', 1280.0);
INSERT INTO palgalogi (tootaja_id, maksekuupaev, summa) VALUES (129, '2022-04-30', 1280.0);
INSERT INTO palgalogi (tootaja_id, maksekuupaev, summa) VALUES (129, '2022-05-30', 1280.0);
INSERT INTO palgalogi (tootaja_id, maksekuupaev, summa) VALUES (130, '2025-05-08', 2000.0);
INSERT INTO palgalogi (tootaja_id, maksekuupaev, summa) VALUES (130, '2025-06-07', 2000.0);
INSERT INTO palgalogi (tootaja_id, maksekuupaev, summa) VALUES (130, '2025-07-07', 2000.0);
INSERT INTO palgalogi (tootaja_id, maksekuupaev, summa) VALUES (131, '2024-09-25', 1600.0);
INSERT INTO palgalogi (tootaja_id, maksekuupaev, summa) VALUES (131, '2024-10-25', 1600.0);
INSERT INTO palgalogi (tootaja_id, maksekuupaev, summa) VALUES (131, '2024-11-24', 1600.0);
INSERT INTO palgalogi (tootaja_id, maksekuupaev, summa) VALUES (132, '2024-06-21', 1200.0);
INSERT INTO palgalogi (tootaja_id, maksekuupaev, summa) VALUES (132, '2024-07-21', 1200.0);
INSERT INTO palgalogi (tootaja_id, maksekuupaev, summa) VALUES (132, '2024-08-20', 1200.0);
INSERT INTO palgalogi (tootaja_id, maksekuupaev, summa) VALUES (133, '2024-09-28', 1280.0);
INSERT INTO palgalogi (tootaja_id, maksekuupaev, summa) VALUES (133, '2024-10-28', 1280.0);
INSERT INTO palgalogi (tootaja_id, maksekuupaev, summa) VALUES (133, '2024-11-27', 1280.0);
INSERT INTO palgalogi (tootaja_id, maksekuupaev, summa) VALUES (134, '2022-07-29', 1600.0);
INSERT INTO palgalogi (tootaja_id, maksekuupaev, summa) VALUES (134, '2022-08-28', 1600.0);
INSERT INTO palgalogi (tootaja_id, maksekuupaev, summa) VALUES (134, '2022-09-27', 1600.0);
INSERT INTO palgalogi (tootaja_id, maksekuupaev, summa) VALUES (135, '2024-03-05', 1040.0);
INSERT INTO palgalogi (tootaja_id, maksekuupaev, summa) VALUES (135, '2024-04-04', 1040.0);
INSERT INTO palgalogi (tootaja_id, maksekuupaev, summa) VALUES (135, '2024-05-04', 1040.0);
INSERT INTO palgalogi (tootaja_id, maksekuupaev, summa) VALUES (136, '2025-01-26', 1600.0);
INSERT INTO palgalogi (tootaja_id, maksekuupaev, summa) VALUES (136, '2025-02-25', 1600.0);
INSERT INTO palgalogi (tootaja_id, maksekuupaev, summa) VALUES (136, '2025-03-27', 1600.0);
INSERT INTO palgalogi (tootaja_id, maksekuupaev, summa) VALUES (137, '2021-07-09', 2000.0);
INSERT INTO palgalogi (tootaja_id, maksekuupaev, summa) VALUES (137, '2021-08-08', 2000.0);
INSERT INTO palgalogi (tootaja_id, maksekuupaev, summa) VALUES (137, '2021-09-07', 2000.0);
INSERT INTO palgalogi (tootaja_id, maksekuupaev, summa) VALUES (138, '2023-10-04', 1600.0);
INSERT INTO palgalogi (tootaja_id, maksekuupaev, summa) VALUES (138, '2023-11-03', 1600.0);
INSERT INTO palgalogi (tootaja_id, maksekuupaev, summa) VALUES (138, '2023-12-03', 1600.0);
INSERT INTO palgalogi (tootaja_id, maksekuupaev, summa) VALUES (139, '2021-09-25', 1280.0);
INSERT INTO palgalogi (tootaja_id, maksekuupaev, summa) VALUES (139, '2021-10-25', 1280.0);
INSERT INTO palgalogi (tootaja_id, maksekuupaev, summa) VALUES (139, '2021-11-24', 1280.0);
INSERT INTO palgalogi (tootaja_id, maksekuupaev, summa) VALUES (140, '2022-10-11', 1040.0);
INSERT INTO palgalogi (tootaja_id, maksekuupaev, summa) VALUES (140, '2022-11-10', 1040.0);
INSERT INTO palgalogi (tootaja_id, maksekuupaev, summa) VALUES (140, '2022-12-10', 1040.0);
INSERT INTO palgalogi (tootaja_id, maksekuupaev, summa) VALUES (141, '2024-10-28', 2000.0);
INSERT INTO palgalogi (tootaja_id, maksekuupaev, summa) VALUES (141, '2024-11-27', 2000.0);
INSERT INTO palgalogi (tootaja_id, maksekuupaev, summa) VALUES (141, '2024-12-27', 2000.0);
INSERT INTO palgalogi (tootaja_id, maksekuupaev, summa) VALUES (142, '2023-07-14', 3200.0);
INSERT INTO palgalogi (tootaja_id, maksekuupaev, summa) VALUES (142, '2023-08-13', 3200.0);
INSERT INTO palgalogi (tootaja_id, maksekuupaev, summa) VALUES (142, '2023-09-12', 3200.0);
INSERT INTO palgalogi (tootaja_id, maksekuupaev, summa) VALUES (143, '2022-05-29', 1600.0);
INSERT INTO palgalogi (tootaja_id, maksekuupaev, summa) VALUES (143, '2022-06-28', 1600.0);
INSERT INTO palgalogi (tootaja_id, maksekuupaev, summa) VALUES (143, '2022-07-28', 1600.0);
INSERT INTO palgalogi (tootaja_id, maksekuupaev, summa) VALUES (144, '2025-04-19', 1600.0);
INSERT INTO palgalogi (tootaja_id, maksekuupaev, summa) VALUES (144, '2025-05-19', 1600.0);
INSERT INTO palgalogi (tootaja_id, maksekuupaev, summa) VALUES (144, '2025-06-18', 1600.0);
INSERT INTO palgalogi (tootaja_id, maksekuupaev, summa) VALUES (145, '2023-09-24', 1200.0);
INSERT INTO palgalogi (tootaja_id, maksekuupaev, summa) VALUES (145, '2023-10-24', 1200.0);
INSERT INTO palgalogi (tootaja_id, maksekuupaev, summa) VALUES (145, '2023-11-23', 1200.0);
INSERT INTO palgalogi (tootaja_id, maksekuupaev, summa) VALUES (146, '2021-06-05', 2000.0);
INSERT INTO palgalogi (tootaja_id, maksekuupaev, summa) VALUES (146, '2021-07-05', 2000.0);
INSERT INTO palgalogi (tootaja_id, maksekuupaev, summa) VALUES (146, '2021-08-04', 2000.0);
INSERT INTO palgalogi (tootaja_id, maksekuupaev, summa) VALUES (147, '2023-08-22', 1280.0);
INSERT INTO palgalogi (tootaja_id, maksekuupaev, summa) VALUES (147, '2023-09-21', 1280.0);
INSERT INTO palgalogi (tootaja_id, maksekuupaev, summa) VALUES (147, '2023-10-21', 1280.0);
INSERT INTO palgalogi (tootaja_id, maksekuupaev, summa) VALUES (148, '2021-12-10', 1200.0);
INSERT INTO palgalogi (tootaja_id, maksekuupaev, summa) VALUES (148, '2022-01-09', 1200.0);
INSERT INTO palgalogi (tootaja_id, maksekuupaev, summa) VALUES (148, '2022-02-08', 1200.0);
INSERT INTO palgalogi (tootaja_id, maksekuupaev, summa) VALUES (149, '2021-08-20', 2000.0);
INSERT INTO palgalogi (tootaja_id, maksekuupaev, summa) VALUES (149, '2021-09-19', 2000.0);
INSERT INTO palgalogi (tootaja_id, maksekuupaev, summa) VALUES (149, '2021-10-19', 2000.0);
INSERT INTO palgalogi (tootaja_id, maksekuupaev, summa) VALUES (150, '2024-06-22', 1280.0);
INSERT INTO palgalogi (tootaja_id, maksekuupaev, summa) VALUES (150, '2024-07-22', 1280.0);
INSERT INTO palgalogi (tootaja_id, maksekuupaev, summa) VALUES (150, '2024-08-21', 1280.0);
INSERT INTO palgalogi (tootaja_id, maksekuupaev, summa) VALUES (151, '2022-07-06', 1280.0);
INSERT INTO palgalogi (tootaja_id, maksekuupaev, summa) VALUES (151, '2022-08-05', 1280.0);
INSERT INTO palgalogi (tootaja_id, maksekuupaev, summa) VALUES (151, '2022-09-04', 1280.0);
INSERT INTO palgalogi (tootaja_id, maksekuupaev, summa) VALUES (152, '2024-02-20', 3200.0);
INSERT INTO palgalogi (tootaja_id, maksekuupaev, summa) VALUES (152, '2024-03-21', 3200.0);
INSERT INTO palgalogi (tootaja_id, maksekuupaev, summa) VALUES (152, '2024-04-20', 3200.0);
INSERT INTO palgalogi (tootaja_id, maksekuupaev, summa) VALUES (153, '2024-11-27', 1600.0);
INSERT INTO palgalogi (tootaja_id, maksekuupaev, summa) VALUES (153, '2024-12-27', 1600.0);
INSERT INTO palgalogi (tootaja_id, maksekuupaev, summa) VALUES (153, '2025-01-26', 1600.0);
INSERT INTO palgalogi (tootaja_id, maksekuupaev, summa) VALUES (154, '2025-03-17', 1200.0);
INSERT INTO palgalogi (tootaja_id, maksekuupaev, summa) VALUES (154, '2025-04-16', 1200.0);
INSERT INTO palgalogi (tootaja_id, maksekuupaev, summa) VALUES (154, '2025-05-16', 1200.0);
INSERT INTO palgalogi (tootaja_id, maksekuupaev, summa) VALUES (155, '2024-05-29', 1200.0);
INSERT INTO palgalogi (tootaja_id, maksekuupaev, summa) VALUES (155, '2024-06-28', 1200.0);
INSERT INTO palgalogi (tootaja_id, maksekuupaev, summa) VALUES (155, '2024-07-28', 1200.0);
INSERT INTO palgalogi (tootaja_id, maksekuupaev, summa) VALUES (156, '2023-07-02', 1200.0);
INSERT INTO palgalogi (tootaja_id, maksekuupaev, summa) VALUES (156, '2023-08-01', 1200.0);
INSERT INTO palgalogi (tootaja_id, maksekuupaev, summa) VALUES (156, '2023-08-31', 1200.0);
INSERT INTO palgalogi (tootaja_id, maksekuupaev, summa) VALUES (157, '2022-01-21', 1200.0);
INSERT INTO palgalogi (tootaja_id, maksekuupaev, summa) VALUES (157, '2022-02-20', 1200.0);
INSERT INTO palgalogi (tootaja_id, maksekuupaev, summa) VALUES (157, '2022-03-22', 1200.0);
INSERT INTO palgalogi (tootaja_id, maksekuupaev, summa) VALUES (158, '2022-12-20', 1280.0);
INSERT INTO palgalogi (tootaja_id, maksekuupaev, summa) VALUES (158, '2023-01-19', 1280.0);
INSERT INTO palgalogi (tootaja_id, maksekuupaev, summa) VALUES (158, '2023-02-18', 1280.0);
INSERT INTO palgalogi (tootaja_id, maksekuupaev, summa) VALUES (159, '2021-06-05', 3200.0);
INSERT INTO palgalogi (tootaja_id, maksekuupaev, summa) VALUES (159, '2021-07-05', 3200.0);
INSERT INTO palgalogi (tootaja_id, maksekuupaev, summa) VALUES (159, '2021-08-04', 3200.0);
INSERT INTO palgalogi (tootaja_id, maksekuupaev, summa) VALUES (160, '2022-05-10', 1600.0);
INSERT INTO palgalogi (tootaja_id, maksekuupaev, summa) VALUES (160, '2022-06-09', 1600.0);
INSERT INTO palgalogi (tootaja_id, maksekuupaev, summa) VALUES (160, '2022-07-09', 1600.0);
INSERT INTO palgalogi (tootaja_id, maksekuupaev, summa) VALUES (161, '2024-07-01', 1600.0);
INSERT INTO palgalogi (tootaja_id, maksekuupaev, summa) VALUES (161, '2024-07-31', 1600.0);
INSERT INTO palgalogi (tootaja_id, maksekuupaev, summa) VALUES (161, '2024-08-30', 1600.0);
INSERT INTO palgalogi (tootaja_id, maksekuupaev, summa) VALUES (162, '2022-07-31', 2000.0);
INSERT INTO palgalogi (tootaja_id, maksekuupaev, summa) VALUES (162, '2022-08-30', 2000.0);
INSERT INTO palgalogi (tootaja_id, maksekuupaev, summa) VALUES (162, '2022-09-29', 2000.0);
INSERT INTO palgalogi (tootaja_id, maksekuupaev, summa) VALUES (163, '2021-11-16', 1280.0);
INSERT INTO palgalogi (tootaja_id, maksekuupaev, summa) VALUES (163, '2021-12-16', 1280.0);
INSERT INTO palgalogi (tootaja_id, maksekuupaev, summa) VALUES (163, '2022-01-15', 1280.0);
INSERT INTO palgalogi (tootaja_id, maksekuupaev, summa) VALUES (164, '2024-12-12', 1600.0);
INSERT INTO palgalogi (tootaja_id, maksekuupaev, summa) VALUES (164, '2025-01-11', 1600.0);
INSERT INTO palgalogi (tootaja_id, maksekuupaev, summa) VALUES (164, '2025-02-10', 1600.0);
INSERT INTO palgalogi (tootaja_id, maksekuupaev, summa) VALUES (165, '2025-02-14', 1200.0);
INSERT INTO palgalogi (tootaja_id, maksekuupaev, summa) VALUES (165, '2025-03-16', 1200.0);
INSERT INTO palgalogi (tootaja_id, maksekuupaev, summa) VALUES (165, '2025-04-15', 1200.0);
INSERT INTO palgalogi (tootaja_id, maksekuupaev, summa) VALUES (166, '2024-02-12', 1600.0);
INSERT INTO palgalogi (tootaja_id, maksekuupaev, summa) VALUES (166, '2024-03-13', 1600.0);
INSERT INTO palgalogi (tootaja_id, maksekuupaev, summa) VALUES (166, '2024-04-12', 1600.0);
INSERT INTO palgalogi (tootaja_id, maksekuupaev, summa) VALUES (167, '2023-12-27', 1600.0);
INSERT INTO palgalogi (tootaja_id, maksekuupaev, summa) VALUES (167, '2024-01-26', 1600.0);
INSERT INTO palgalogi (tootaja_id, maksekuupaev, summa) VALUES (167, '2024-02-25', 1600.0);
INSERT INTO palgalogi (tootaja_id, maksekuupaev, summa) VALUES (168, '2024-01-18', 1600.0);
INSERT INTO palgalogi (tootaja_id, maksekuupaev, summa) VALUES (168, '2024-02-17', 1600.0);
INSERT INTO palgalogi (tootaja_id, maksekuupaev, summa) VALUES (168, '2024-03-18', 1600.0);
INSERT INTO palgalogi (tootaja_id, maksekuupaev, summa) VALUES (169, '2022-03-22', 1600.0);
INSERT INTO palgalogi (tootaja_id, maksekuupaev, summa) VALUES (169, '2022-04-21', 1600.0);
INSERT INTO palgalogi (tootaja_id, maksekuupaev, summa) VALUES (169, '2022-05-21', 1600.0);
INSERT INTO palgalogi (tootaja_id, maksekuupaev, summa) VALUES (170, '2025-01-06', 1600.0);
INSERT INTO palgalogi (tootaja_id, maksekuupaev, summa) VALUES (170, '2025-02-05', 1600.0);
INSERT INTO palgalogi (tootaja_id, maksekuupaev, summa) VALUES (170, '2025-03-07', 1600.0);
INSERT INTO palgalogi (tootaja_id, maksekuupaev, summa) VALUES (171, '2023-12-24', 1600.0);
INSERT INTO palgalogi (tootaja_id, maksekuupaev, summa) VALUES (171, '2024-01-23', 1600.0);
INSERT INTO palgalogi (tootaja_id, maksekuupaev, summa) VALUES (171, '2024-02-22', 1600.0);
INSERT INTO palgalogi (tootaja_id, maksekuupaev, summa) VALUES (172, '2023-10-15', 1600.0);
INSERT INTO palgalogi (tootaja_id, maksekuupaev, summa) VALUES (172, '2023-11-14', 1600.0);
INSERT INTO palgalogi (tootaja_id, maksekuupaev, summa) VALUES (172, '2023-12-14', 1600.0);
INSERT INTO palgalogi (tootaja_id, maksekuupaev, summa) VALUES (173, '2024-07-30', 1600.0);
INSERT INTO palgalogi (tootaja_id, maksekuupaev, summa) VALUES (173, '2024-08-29', 1600.0);
INSERT INTO palgalogi (tootaja_id, maksekuupaev, summa) VALUES (173, '2024-09-28', 1600.0);
INSERT INTO palgalogi (tootaja_id, maksekuupaev, summa) VALUES (174, '2024-11-06', 1600.0);
INSERT INTO palgalogi (tootaja_id, maksekuupaev, summa) VALUES (174, '2024-12-06', 1600.0);
INSERT INTO palgalogi (tootaja_id, maksekuupaev, summa) VALUES (174, '2025-01-05', 1600.0);
INSERT INTO palgalogi (tootaja_id, maksekuupaev, summa) VALUES (175, '2021-08-08', 1040.0);
INSERT INTO palgalogi (tootaja_id, maksekuupaev, summa) VALUES (175, '2021-09-07', 1040.0);
INSERT INTO palgalogi (tootaja_id, maksekuupaev, summa) VALUES (175, '2021-10-07', 1040.0);
INSERT INTO palgalogi (tootaja_id, maksekuupaev, summa) VALUES (176, '2023-04-11', 1200.0);
INSERT INTO palgalogi (tootaja_id, maksekuupaev, summa) VALUES (176, '2023-05-11', 1200.0);
INSERT INTO palgalogi (tootaja_id, maksekuupaev, summa) VALUES (176, '2023-06-10', 1200.0);
INSERT INTO palgalogi (tootaja_id, maksekuupaev, summa) VALUES (177, '2023-02-06', 1600.0);
INSERT INTO palgalogi (tootaja_id, maksekuupaev, summa) VALUES (177, '2023-03-08', 1600.0);
INSERT INTO palgalogi (tootaja_id, maksekuupaev, summa) VALUES (177, '2023-04-07', 1600.0);
INSERT INTO palgalogi (tootaja_id, maksekuupaev, summa) VALUES (178, '2022-02-16', 3200.0);
INSERT INTO palgalogi (tootaja_id, maksekuupaev, summa) VALUES (178, '2022-03-18', 3200.0);
INSERT INTO palgalogi (tootaja_id, maksekuupaev, summa) VALUES (178, '2022-04-17', 3200.0);
INSERT INTO palgalogi (tootaja_id, maksekuupaev, summa) VALUES (179, '2022-03-16', 2000.0);
INSERT INTO palgalogi (tootaja_id, maksekuupaev, summa) VALUES (179, '2022-04-15', 2000.0);
INSERT INTO palgalogi (tootaja_id, maksekuupaev, summa) VALUES (179, '2022-05-15', 2000.0);
INSERT INTO palgalogi (tootaja_id, maksekuupaev, summa) VALUES (180, '2024-06-14', 1600.0);
INSERT INTO palgalogi (tootaja_id, maksekuupaev, summa) VALUES (180, '2024-07-14', 1600.0);
INSERT INTO palgalogi (tootaja_id, maksekuupaev, summa) VALUES (180, '2024-08-13', 1600.0);
INSERT INTO palgalogi (tootaja_id, maksekuupaev, summa) VALUES (181, '2024-11-03', 1040.0);
INSERT INTO palgalogi (tootaja_id, maksekuupaev, summa) VALUES (181, '2024-12-03', 1040.0);
INSERT INTO palgalogi (tootaja_id, maksekuupaev, summa) VALUES (181, '2025-01-02', 1040.0);
INSERT INTO palgalogi (tootaja_id, maksekuupaev, summa) VALUES (182, '2023-06-19', 3200.0);
INSERT INTO palgalogi (tootaja_id, maksekuupaev, summa) VALUES (182, '2023-07-19', 3200.0);
INSERT INTO palgalogi (tootaja_id, maksekuupaev, summa) VALUES (182, '2023-08-18', 3200.0);
INSERT INTO palgalogi (tootaja_id, maksekuupaev, summa) VALUES (183, '2021-12-26', 2000.0);
INSERT INTO palgalogi (tootaja_id, maksekuupaev, summa) VALUES (183, '2022-01-25', 2000.0);
INSERT INTO palgalogi (tootaja_id, maksekuupaev, summa) VALUES (183, '2022-02-24', 2000.0);
INSERT INTO palgalogi (tootaja_id, maksekuupaev, summa) VALUES (184, '2022-03-13', 3200.0);
INSERT INTO palgalogi (tootaja_id, maksekuupaev, summa) VALUES (184, '2022-04-12', 3200.0);
INSERT INTO palgalogi (tootaja_id, maksekuupaev, summa) VALUES (184, '2022-05-12', 3200.0);
INSERT INTO palgalogi (tootaja_id, maksekuupaev, summa) VALUES (185, '2024-08-29', 3200.0);
INSERT INTO palgalogi (tootaja_id, maksekuupaev, summa) VALUES (185, '2024-09-28', 3200.0);
INSERT INTO palgalogi (tootaja_id, maksekuupaev, summa) VALUES (185, '2024-10-28', 3200.0);
INSERT INTO palgalogi (tootaja_id, maksekuupaev, summa) VALUES (186, '2021-11-27', 1040.0);
INSERT INTO palgalogi (tootaja_id, maksekuupaev, summa) VALUES (186, '2021-12-27', 1040.0);
INSERT INTO palgalogi (tootaja_id, maksekuupaev, summa) VALUES (186, '2022-01-26', 1040.0);
INSERT INTO palgalogi (tootaja_id, maksekuupaev, summa) VALUES (187, '2025-03-06', 1600.0);
INSERT INTO palgalogi (tootaja_id, maksekuupaev, summa) VALUES (187, '2025-04-05', 1600.0);
INSERT INTO palgalogi (tootaja_id, maksekuupaev, summa) VALUES (187, '2025-05-05', 1600.0);
INSERT INTO palgalogi (tootaja_id, maksekuupaev, summa) VALUES (188, '2025-01-05', 1600.0);
INSERT INTO palgalogi (tootaja_id, maksekuupaev, summa) VALUES (188, '2025-02-04', 1600.0);
INSERT INTO palgalogi (tootaja_id, maksekuupaev, summa) VALUES (188, '2025-03-06', 1600.0);
INSERT INTO palgalogi (tootaja_id, maksekuupaev, summa) VALUES (189, '2021-09-12', 1040.0);
INSERT INTO palgalogi (tootaja_id, maksekuupaev, summa) VALUES (189, '2021-10-12', 1040.0);
INSERT INTO palgalogi (tootaja_id, maksekuupaev, summa) VALUES (189, '2021-11-11', 1040.0);
INSERT INTO palgalogi (tootaja_id, maksekuupaev, summa) VALUES (190, '2023-01-28', 1600.0);
INSERT INTO palgalogi (tootaja_id, maksekuupaev, summa) VALUES (190, '2023-02-27', 1600.0);
INSERT INTO palgalogi (tootaja_id, maksekuupaev, summa) VALUES (190, '2023-03-29', 1600.0);
INSERT INTO palgalogi (tootaja_id, maksekuupaev, summa) VALUES (191, '2023-11-13', 1600.0);
INSERT INTO palgalogi (tootaja_id, maksekuupaev, summa) VALUES (191, '2023-12-13', 1600.0);
INSERT INTO palgalogi (tootaja_id, maksekuupaev, summa) VALUES (191, '2024-01-12', 1600.0);
INSERT INTO palgalogi (tootaja_id, maksekuupaev, summa) VALUES (192, '2024-10-06', 1200.0);
INSERT INTO palgalogi (tootaja_id, maksekuupaev, summa) VALUES (192, '2024-11-05', 1200.0);
INSERT INTO palgalogi (tootaja_id, maksekuupaev, summa) VALUES (192, '2024-12-05', 1200.0);
INSERT INTO palgalogi (tootaja_id, maksekuupaev, summa) VALUES (193, '2021-06-07', 2000.0);
INSERT INTO palgalogi (tootaja_id, maksekuupaev, summa) VALUES (193, '2021-07-07', 2000.0);
INSERT INTO palgalogi (tootaja_id, maksekuupaev, summa) VALUES (193, '2021-08-06', 2000.0);
INSERT INTO palgalogi (tootaja_id, maksekuupaev, summa) VALUES (194, '2022-09-25', 1280.0);
INSERT INTO palgalogi (tootaja_id, maksekuupaev, summa) VALUES (194, '2022-10-25', 1280.0);
INSERT INTO palgalogi (tootaja_id, maksekuupaev, summa) VALUES (194, '2022-11-24', 1280.0);
INSERT INTO palgalogi (tootaja_id, maksekuupaev, summa) VALUES (195, '2024-02-03', 3200.0);
INSERT INTO palgalogi (tootaja_id, maksekuupaev, summa) VALUES (195, '2024-03-04', 3200.0);
INSERT INTO palgalogi (tootaja_id, maksekuupaev, summa) VALUES (195, '2024-04-03', 3200.0);
INSERT INTO palgalogi (tootaja_id, maksekuupaev, summa) VALUES (196, '2025-02-09', 2000.0);
INSERT INTO palgalogi (tootaja_id, maksekuupaev, summa) VALUES (196, '2025-03-11', 2000.0);
INSERT INTO palgalogi (tootaja_id, maksekuupaev, summa) VALUES (196, '2025-04-10', 2000.0);
INSERT INTO palgalogi (tootaja_id, maksekuupaev, summa) VALUES (197, '2022-08-12', 1280.0);
INSERT INTO palgalogi (tootaja_id, maksekuupaev, summa) VALUES (197, '2022-09-11', 1280.0);
INSERT INTO palgalogi (tootaja_id, maksekuupaev, summa) VALUES (197, '2022-10-11', 1280.0);
INSERT INTO palgalogi (tootaja_id, maksekuupaev, summa) VALUES (198, '2024-12-03', 1040.0);
INSERT INTO palgalogi (tootaja_id, maksekuupaev, summa) VALUES (198, '2025-01-02', 1040.0);
INSERT INTO palgalogi (tootaja_id, maksekuupaev, summa) VALUES (198, '2025-02-01', 1040.0);
INSERT INTO palgalogi (tootaja_id, maksekuupaev, summa) VALUES (199, '2022-04-19', 1200.0);
INSERT INTO palgalogi (tootaja_id, maksekuupaev, summa) VALUES (199, '2022-05-19', 1200.0);
INSERT INTO palgalogi (tootaja_id, maksekuupaev, summa) VALUES (199, '2022-06-18', 1200.0);
INSERT INTO palgalogi (tootaja_id, maksekuupaev, summa) VALUES (200, '2022-09-03', 1280.0);
INSERT INTO palgalogi (tootaja_id, maksekuupaev, summa) VALUES (200, '2022-10-03', 1280.0);
INSERT INTO palgalogi (tootaja_id, maksekuupaev, summa) VALUES (200, '2022-11-02', 1280.0);
INSERT INTO puudumised (tootaja_id, tyyp, algus, lopp) VALUES (35, 'haigusleht', '2026-04-02', '2026-04-08');
INSERT INTO puudumised (tootaja_id, tyyp, algus, lopp) VALUES (46, 'puhkus', '2025-12-13', '2025-12-18');
INSERT INTO puudumised (tootaja_id, tyyp, algus, lopp) VALUES (36, 'puhkus', '2025-09-09', '2025-09-17');
INSERT INTO puudumised (tootaja_id, tyyp, algus, lopp) VALUES (33, 'puhkus', '2025-09-26', '2025-09-29');
INSERT INTO puudumised (tootaja_id, tyyp, algus, lopp) VALUES (43, 'puhkus', '2025-08-30', '2025-09-05');
INSERT INTO puudumised (tootaja_id, tyyp, algus, lopp) VALUES (123, 'puhkus', '2026-04-13', '2026-04-16');
INSERT INTO puudumised (tootaja_id, tyyp, algus, lopp) VALUES (144, 'puhkus', '2026-01-25', '2026-01-29');
INSERT INTO puudumised (tootaja_id, tyyp, algus, lopp) VALUES (135, 'puhkus', '2025-11-10', '2025-11-18');
INSERT INTO puudumised (tootaja_id, tyyp, algus, lopp) VALUES (10, 'haigusleht', '2025-04-25', '2025-04-29');
INSERT INTO puudumised (tootaja_id, tyyp, algus, lopp) VALUES (140, 'haigusleht', '2025-08-31', '2025-09-14');
INSERT INTO puudumised (tootaja_id, tyyp, algus, lopp) VALUES (113, 'haigusleht', '2025-11-23', '2025-12-02');
INSERT INTO puudumised (tootaja_id, tyyp, algus, lopp) VALUES (15, 'haigusleht', '2026-02-25', '2026-03-09');
INSERT INTO puudumised (tootaja_id, tyyp, algus, lopp) VALUES (58, 'puhkus', '2026-02-13', '2026-02-15');
INSERT INTO puudumised (tootaja_id, tyyp, algus, lopp) VALUES (74, 'haigusleht', '2025-08-11', '2025-08-21');
INSERT INTO puudumised (tootaja_id, tyyp, algus, lopp) VALUES (143, 'haigusleht', '2025-12-10', '2025-12-21');
INSERT INTO puudumised (tootaja_id, tyyp, algus, lopp) VALUES (34, 'haigusleht', '2025-08-16', '2025-08-17');
INSERT INTO puudumised (tootaja_id, tyyp, algus, lopp) VALUES (148, 'puhkus', '2025-11-14', '2025-11-27');
INSERT INTO puudumised (tootaja_id, tyyp, algus, lopp) VALUES (144, 'haigusleht', '2026-02-02', '2026-02-10');
INSERT INTO puudumised (tootaja_id, tyyp, algus, lopp) VALUES (147, 'haigusleht', '2026-03-20', '2026-03-31');
INSERT INTO puudumised (tootaja_id, tyyp, algus, lopp) VALUES (137, 'haigusleht', '2025-10-04', '2025-10-05');
INSERT INTO puudumised (tootaja_id, tyyp, algus, lopp) VALUES (130, 'puhkus', '2025-10-05', '2025-10-18');
INSERT INTO puudumised (tootaja_id, tyyp, algus, lopp) VALUES (57, 'puhkus', '2025-12-04', '2025-12-14');
INSERT INTO puudumised (tootaja_id, tyyp, algus, lopp) VALUES (18, 'puhkus', '2026-02-13', '2026-02-17');
INSERT INTO puudumised (tootaja_id, tyyp, algus, lopp) VALUES (144, 'haigusleht', '2025-10-31', '2025-11-12');
INSERT INTO puudumised (tootaja_id, tyyp, algus, lopp) VALUES (101, 'puhkus', '2025-04-19', '2025-04-30');
INSERT INTO puudumised (tootaja_id, tyyp, algus, lopp) VALUES (173, 'puhkus', '2025-06-22', '2025-07-05');
INSERT INTO puudumised (tootaja_id, tyyp, algus, lopp) VALUES (106, 'haigusleht', '2025-11-30', '2025-12-04');
INSERT INTO puudumised (tootaja_id, tyyp, algus, lopp) VALUES (93, 'haigusleht', '2026-01-09', '2026-01-11');
INSERT INTO puudumised (tootaja_id, tyyp, algus, lopp) VALUES (113, 'puhkus', '2025-12-16', '2025-12-18');
INSERT INTO puudumised (tootaja_id, tyyp, algus, lopp) VALUES (60, 'puhkus', '2025-12-13', '2025-12-14');
INSERT INTO puudumised (tootaja_id, tyyp, algus, lopp) VALUES (64, 'haigusleht', '2026-01-05', '2026-01-18');
INSERT INTO puudumised (tootaja_id, tyyp, algus, lopp) VALUES (82, 'haigusleht', '2025-09-12', '2025-09-15');
INSERT INTO puudumised (tootaja_id, tyyp, algus, lopp) VALUES (96, 'haigusleht', '2025-09-12', '2025-09-14');
INSERT INTO puudumised (tootaja_id, tyyp, algus, lopp) VALUES (29, 'haigusleht', '2025-11-01', '2025-11-12');
INSERT INTO puudumised (tootaja_id, tyyp, algus, lopp) VALUES (24, 'puhkus', '2025-12-03', '2025-12-15');
INSERT INTO puudumised (tootaja_id, tyyp, algus, lopp) VALUES (181, 'puhkus', '2026-01-23', '2026-01-31');
INSERT INTO puudumised (tootaja_id, tyyp, algus, lopp) VALUES (136, 'haigusleht', '2025-12-22', '2026-01-05');
INSERT INTO puudumised (tootaja_id, tyyp, algus, lopp) VALUES (154, 'puhkus', '2026-02-02', '2026-02-15');
INSERT INTO puudumised (tootaja_id, tyyp, algus, lopp) VALUES (190, 'puhkus', '2025-04-25', '2025-05-06');
INSERT INTO puudumised (tootaja_id, tyyp, algus, lopp) VALUES (26, 'haigusleht', '2026-01-29', '2026-02-08');
INSERT INTO puudumised (tootaja_id, tyyp, algus, lopp) VALUES (111, 'haigusleht', '2025-11-27', '2025-12-06');
INSERT INTO puudumised (tootaja_id, tyyp, algus, lopp) VALUES (117, 'haigusleht', '2025-10-01', '2025-10-04');
INSERT INTO puudumised (tootaja_id, tyyp, algus, lopp) VALUES (138, 'haigusleht', '2026-01-06', '2026-01-17');
INSERT INTO puudumised (tootaja_id, tyyp, algus, lopp) VALUES (45, 'puhkus', '2026-04-09', '2026-04-19');
INSERT INTO puudumised (tootaja_id, tyyp, algus, lopp) VALUES (120, 'haigusleht', '2025-12-03', '2025-12-11');
INSERT INTO puudumised (tootaja_id, tyyp, algus, lopp) VALUES (161, 'haigusleht', '2025-06-29', '2025-07-04');
INSERT INTO puudumised (tootaja_id, tyyp, algus, lopp) VALUES (193, 'haigusleht', '2026-02-06', '2026-02-07');
INSERT INTO puudumised (tootaja_id, tyyp, algus, lopp) VALUES (145, 'puhkus', '2025-10-17', '2025-10-23');
INSERT INTO puudumised (tootaja_id, tyyp, algus, lopp) VALUES (115, 'haigusleht', '2026-02-16', '2026-02-24');
INSERT INTO puudumised (tootaja_id, tyyp, algus, lopp) VALUES (78, 'puhkus', '2026-03-02', '2026-03-03');
INSERT INTO puudumised (tootaja_id, tyyp, algus, lopp) VALUES (59, 'haigusleht', '2026-03-20', '2026-03-28');
INSERT INTO puudumised (tootaja_id, tyyp, algus, lopp) VALUES (197, 'puhkus', '2025-10-05', '2025-10-09');
INSERT INTO puudumised (tootaja_id, tyyp, algus, lopp) VALUES (90, 'puhkus', '2025-10-13', '2025-10-15');
INSERT INTO puudumised (tootaja_id, tyyp, algus, lopp) VALUES (41, 'haigusleht', '2025-06-23', '2025-07-07');
INSERT INTO puudumised (tootaja_id, tyyp, algus, lopp) VALUES (146, 'puhkus', '2025-07-04', '2025-07-13');
INSERT INTO puudumised (tootaja_id, tyyp, algus, lopp) VALUES (84, 'haigusleht', '2026-03-13', '2026-03-27');
INSERT INTO puudumised (tootaja_id, tyyp, algus, lopp) VALUES (169, 'puhkus', '2025-08-27', '2025-09-07');
INSERT INTO puudumised (tootaja_id, tyyp, algus, lopp) VALUES (31, 'puhkus', '2025-10-15', '2025-10-16');
INSERT INTO puudumised (tootaja_id, tyyp, algus, lopp) VALUES (1, 'puhkus', '2025-12-02', '2025-12-15');
INSERT INTO puudumised (tootaja_id, tyyp, algus, lopp) VALUES (144, 'haigusleht', '2025-06-06', '2025-06-07');
INSERT INTO puudumised (tootaja_id, tyyp, algus, lopp) VALUES (124, 'haigusleht', '2025-07-14', '2025-07-22');
INSERT INTO puudumised (tootaja_id, tyyp, algus, lopp) VALUES (21, 'puhkus', '2025-10-30', '2025-11-01');
INSERT INTO puudumised (tootaja_id, tyyp, algus, lopp) VALUES (122, 'haigusleht', '2026-03-24', '2026-03-31');
INSERT INTO puudumised (tootaja_id, tyyp, algus, lopp) VALUES (119, 'haigusleht', '2025-07-06', '2025-07-17');
INSERT INTO puudumised (tootaja_id, tyyp, algus, lopp) VALUES (154, 'haigusleht', '2025-07-14', '2025-07-28');
INSERT INTO puudumised (tootaja_id, tyyp, algus, lopp) VALUES (70, 'haigusleht', '2025-11-24', '2025-12-03');
INSERT INTO puudumised (tootaja_id, tyyp, algus, lopp) VALUES (78, 'haigusleht', '2025-05-26', '2025-06-05');
INSERT INTO puudumised (tootaja_id, tyyp, algus, lopp) VALUES (148, 'haigusleht', '2025-12-21', '2025-12-31');
INSERT INTO puudumised (tootaja_id, tyyp, algus, lopp) VALUES (120, 'puhkus', '2026-03-11', '2026-03-12');
INSERT INTO puudumised (tootaja_id, tyyp, algus, lopp) VALUES (21, 'puhkus', '2026-03-01', '2026-03-14');
INSERT INTO puudumised (tootaja_id, tyyp, algus, lopp) VALUES (168, 'haigusleht', '2025-07-16', '2025-07-28');
INSERT INTO puudumised (tootaja_id, tyyp, algus, lopp) VALUES (131, 'puhkus', '2025-08-12', '2025-08-23');
INSERT INTO puudumised (tootaja_id, tyyp, algus, lopp) VALUES (93, 'haigusleht', '2025-06-25', '2025-07-01');
INSERT INTO puudumised (tootaja_id, tyyp, algus, lopp) VALUES (18, 'haigusleht', '2025-06-12', '2025-06-19');
INSERT INTO puudumised (tootaja_id, tyyp, algus, lopp) VALUES (118, 'haigusleht', '2025-06-12', '2025-06-24');
INSERT INTO puudumised (tootaja_id, tyyp, algus, lopp) VALUES (189, 'haigusleht', '2025-06-29', '2025-07-05');
INSERT INTO puudumised (tootaja_id, tyyp, algus, lopp) VALUES (167, 'haigusleht', '2025-05-30', '2025-06-02');
INSERT INTO puudumised (tootaja_id, tyyp, algus, lopp) VALUES (184, 'puhkus', '2025-07-27', '2025-08-01');
INSERT INTO puudumised (tootaja_id, tyyp, algus, lopp) VALUES (73, 'puhkus', '2025-08-17', '2025-08-28');
INSERT INTO puudumised (tootaja_id, tyyp, algus, lopp) VALUES (178, 'puhkus', '2025-11-25', '2025-12-09');
INSERT INTO puudumised (tootaja_id, tyyp, algus, lopp) VALUES (56, 'puhkus', '2025-07-16', '2025-07-21');
INSERT INTO puudumised (tootaja_id, tyyp, algus, lopp) VALUES (119, 'haigusleht', '2026-02-07', '2026-02-18');
INSERT INTO puudumised (tootaja_id, tyyp, algus, lopp) VALUES (136, 'puhkus', '2025-10-31', '2025-11-09');
INSERT INTO puudumised (tootaja_id, tyyp, algus, lopp) VALUES (97, 'puhkus', '2025-06-18', '2025-06-27');
INSERT INTO puudumised (tootaja_id, tyyp, algus, lopp) VALUES (187, 'puhkus', '2025-12-24', '2026-01-07');
INSERT INTO puudumised (tootaja_id, tyyp, algus, lopp) VALUES (131, 'puhkus', '2026-01-01', '2026-01-05');
INSERT INTO puudumised (tootaja_id, tyyp, algus, lopp) VALUES (45, 'haigusleht', '2025-12-03', '2025-12-08');
INSERT INTO puudumised (tootaja_id, tyyp, algus, lopp) VALUES (30, 'puhkus', '2026-03-29', '2026-04-08');
INSERT INTO puudumised (tootaja_id, tyyp, algus, lopp) VALUES (179, 'haigusleht', '2025-09-30', '2025-10-05');
INSERT INTO puudumised (tootaja_id, tyyp, algus, lopp) VALUES (1, 'haigusleht', '2025-06-03', '2025-06-05');
INSERT INTO puudumised (tootaja_id, tyyp, algus, lopp) VALUES (40, 'puhkus', '2025-09-20', '2025-10-02');
INSERT INTO puudumised (tootaja_id, tyyp, algus, lopp) VALUES (58, 'haigusleht', '2025-06-28', '2025-07-07');
INSERT INTO puudumised (tootaja_id, tyyp, algus, lopp) VALUES (153, 'haigusleht', '2025-08-27', '2025-09-03');
INSERT INTO puudumised (tootaja_id, tyyp, algus, lopp) VALUES (42, 'puhkus', '2026-03-02', '2026-03-06');
INSERT INTO puudumised (tootaja_id, tyyp, algus, lopp) VALUES (198, 'haigusleht', '2025-12-05', '2025-12-19');
INSERT INTO puudumised (tootaja_id, tyyp, algus, lopp) VALUES (130, 'haigusleht', '2025-10-13', '2025-10-19');
INSERT INTO puudumised (tootaja_id, tyyp, algus, lopp) VALUES (199, 'haigusleht', '2025-06-19', '2025-06-20');
INSERT INTO puudumised (tootaja_id, tyyp, algus, lopp) VALUES (61, 'puhkus', '2025-09-05', '2025-09-12');
INSERT INTO puudumised (tootaja_id, tyyp, algus, lopp) VALUES (67, 'puhkus', '2025-11-22', '2025-12-05');
INSERT INTO puudumised (tootaja_id, tyyp, algus, lopp) VALUES (65, 'haigusleht', '2025-06-26', '2025-07-01');
INSERT INTO puudumised (tootaja_id, tyyp, algus, lopp) VALUES (87, 'puhkus', '2025-08-11', '2025-08-22');
INSERT INTO puudumised (tootaja_id, tyyp, algus, lopp) VALUES (84, 'haigusleht', '2026-03-09', '2026-03-13');
INSERT INTO puudumised (tootaja_id, tyyp, algus, lopp) VALUES (38, 'haigusleht', '2025-05-31', '2025-06-05');
INSERT INTO puudumised (tootaja_id, tyyp, algus, lopp) VALUES (178, 'haigusleht', '2026-04-09', '2026-04-19');
INSERT INTO puudumised (tootaja_id, tyyp, algus, lopp) VALUES (124, 'puhkus', '2025-07-18', '2025-07-27');
INSERT INTO puudumised (tootaja_id, tyyp, algus, lopp) VALUES (200, 'haigusleht', '2026-03-19', '2026-03-29');
INSERT INTO puudumised (tootaja_id, tyyp, algus, lopp) VALUES (156, 'puhkus', '2025-12-12', '2025-12-23');
INSERT INTO puudumised (tootaja_id, tyyp, algus, lopp) VALUES (81, 'haigusleht', '2025-07-16', '2025-07-24');
INSERT INTO puudumised (tootaja_id, tyyp, algus, lopp) VALUES (86, 'haigusleht', '2026-02-11', '2026-02-18');
INSERT INTO puudumised (tootaja_id, tyyp, algus, lopp) VALUES (5, 'haigusleht', '2026-04-08', '2026-04-21');
INSERT INTO puudumised (tootaja_id, tyyp, algus, lopp) VALUES (31, 'puhkus', '2025-07-26', '2025-07-30');
INSERT INTO puudumised (tootaja_id, tyyp, algus, lopp) VALUES (76, 'puhkus', '2025-10-04', '2025-10-11');
INSERT INTO puudumised (tootaja_id, tyyp, algus, lopp) VALUES (36, 'puhkus', '2025-07-17', '2025-07-22');
INSERT INTO puudumised (tootaja_id, tyyp, algus, lopp) VALUES (105, 'puhkus', '2025-08-12', '2025-08-26');
INSERT INTO puudumised (tootaja_id, tyyp, algus, lopp) VALUES (179, 'puhkus', '2025-10-03', '2025-10-16');
INSERT INTO puudumised (tootaja_id, tyyp, algus, lopp) VALUES (31, 'haigusleht', '2026-03-12', '2026-03-25');
INSERT INTO puudumised (tootaja_id, tyyp, algus, lopp) VALUES (166, 'haigusleht', '2025-05-09', '2025-05-18');
INSERT INTO puudumised (tootaja_id, tyyp, algus, lopp) VALUES (134, 'puhkus', '2026-04-15', '2026-04-22');
INSERT INTO puudumised (tootaja_id, tyyp, algus, lopp) VALUES (148, 'haigusleht', '2026-03-24', '2026-04-03');
INSERT INTO puudumised (tootaja_id, tyyp, algus, lopp) VALUES (122, 'puhkus', '2026-01-17', '2026-01-29');
INSERT INTO puudumised (tootaja_id, tyyp, algus, lopp) VALUES (84, 'puhkus', '2025-07-08', '2025-07-11');
INSERT INTO puudumised (tootaja_id, tyyp, algus, lopp) VALUES (100, 'haigusleht', '2025-05-21', '2025-05-24');
INSERT INTO puudumised (tootaja_id, tyyp, algus, lopp) VALUES (162, 'puhkus', '2025-08-08', '2025-08-19');
INSERT INTO puudumised (tootaja_id, tyyp, algus, lopp) VALUES (56, 'puhkus', '2026-02-22', '2026-03-08');
INSERT INTO puudumised (tootaja_id, tyyp, algus, lopp) VALUES (149, 'haigusleht', '2025-12-23', '2026-01-04');
INSERT INTO puudumised (tootaja_id, tyyp, algus, lopp) VALUES (186, 'haigusleht', '2025-09-10', '2025-09-14');
INSERT INTO puudumised (tootaja_id, tyyp, algus, lopp) VALUES (34, 'puhkus', '2025-11-13', '2025-11-23');
INSERT INTO puudumised (tootaja_id, tyyp, algus, lopp) VALUES (79, 'haigusleht', '2025-09-09', '2025-09-12');
INSERT INTO puudumised (tootaja_id, tyyp, algus, lopp) VALUES (26, 'haigusleht', '2025-09-22', '2025-09-28');
INSERT INTO puudumised (tootaja_id, tyyp, algus, lopp) VALUES (120, 'puhkus', '2025-08-09', '2025-08-14');
INSERT INTO puudumised (tootaja_id, tyyp, algus, lopp) VALUES (119, 'puhkus', '2025-12-04', '2025-12-11');
INSERT INTO puudumised (tootaja_id, tyyp, algus, lopp) VALUES (53, 'puhkus', '2025-07-30', '2025-08-06');
INSERT INTO puudumised (tootaja_id, tyyp, algus, lopp) VALUES (170, 'haigusleht', '2025-07-25', '2025-07-28');
INSERT INTO puudumised (tootaja_id, tyyp, algus, lopp) VALUES (157, 'puhkus', '2025-06-22', '2025-06-28');
INSERT INTO puudumised (tootaja_id, tyyp, algus, lopp) VALUES (80, 'haigusleht', '2025-04-29', '2025-04-30');
INSERT INTO puudumised (tootaja_id, tyyp, algus, lopp) VALUES (172, 'haigusleht', '2026-03-16', '2026-03-17');
INSERT INTO puudumised (tootaja_id, tyyp, algus, lopp) VALUES (78, 'haigusleht', '2025-11-15', '2025-11-18');
INSERT INTO puudumised (tootaja_id, tyyp, algus, lopp) VALUES (51, 'puhkus', '2025-11-07', '2025-11-12');
INSERT INTO puudumised (tootaja_id, tyyp, algus, lopp) VALUES (162, 'puhkus', '2026-01-13', '2026-01-22');
INSERT INTO puudumised (tootaja_id, tyyp, algus, lopp) VALUES (155, 'puhkus', '2025-11-30', '2025-12-10');
INSERT INTO puudumised (tootaja_id, tyyp, algus, lopp) VALUES (125, 'haigusleht', '2025-09-23', '2025-09-27');
INSERT INTO puudumised (tootaja_id, tyyp, algus, lopp) VALUES (21, 'haigusleht', '2025-10-24', '2025-10-25');
INSERT INTO puudumised (tootaja_id, tyyp, algus, lopp) VALUES (130, 'puhkus', '2026-01-05', '2026-01-14');
INSERT INTO puudumised (tootaja_id, tyyp, algus, lopp) VALUES (140, 'puhkus', '2025-07-21', '2025-07-29');
INSERT INTO puudumised (tootaja_id, tyyp, algus, lopp) VALUES (194, 'haigusleht', '2025-05-23', '2025-05-27');
INSERT INTO puudumised (tootaja_id, tyyp, algus, lopp) VALUES (12, 'puhkus', '2025-06-06', '2025-06-08');
INSERT INTO puudumised (tootaja_id, tyyp, algus, lopp) VALUES (42, 'puhkus', '2025-08-02', '2025-08-12');
INSERT INTO puudumised (tootaja_id, tyyp, algus, lopp) VALUES (155, 'haigusleht', '2026-01-15', '2026-01-22');
INSERT INTO puudumised (tootaja_id, tyyp, algus, lopp) VALUES (174, 'puhkus', '2026-03-26', '2026-03-29');
INSERT INTO puudumised (tootaja_id, tyyp, algus, lopp) VALUES (136, 'haigusleht', '2026-03-05', '2026-03-09');
INSERT INTO oskused (nimetus, kategooria) VALUES ('Python', 'IT');
INSERT INTO oskused (nimetus, kategooria) VALUES ('Müük', 'Müük');
INSERT INTO oskused (nimetus, kategooria) VALUES ('Raamatupidamine', 'Finants');
INSERT INTO oskused (nimetus, kategooria) VALUES ('SQL', 'IT');
INSERT INTO oskused (nimetus, kategooria) VALUES ('Laotööd', 'Logistika');
INSERT INTO oskused (nimetus, kategooria) VALUES ('Inglise keel', 'Keeled');
INSERT INTO tootajate_oskused (tootaja_id, oskus_id, tase) VALUES (1, 5, 'ekspert');
INSERT INTO tootajate_oskused (tootaja_id, oskus_id, tase) VALUES (1, 4, 'algaja');
INSERT INTO tootajate_oskused (tootaja_id, oskus_id, tase) VALUES (2, 4, 'ekspert');
INSERT INTO tootajate_oskused (tootaja_id, oskus_id, tase) VALUES (2, 1, 'kesktase');
INSERT INTO tootajate_oskused (tootaja_id, oskus_id, tase) VALUES (3, 1, 'ekspert');
INSERT INTO tootajate_oskused (tootaja_id, oskus_id, tase) VALUES (3, 2, 'algaja');
INSERT INTO tootajate_oskused (tootaja_id, oskus_id, tase) VALUES (4, 2, 'ekspert');
INSERT INTO tootajate_oskused (tootaja_id, oskus_id, tase) VALUES (4, 5, 'kesktase');
INSERT INTO tootajate_oskused (tootaja_id, oskus_id, tase) VALUES (5, 6, 'algaja');
INSERT INTO tootajate_oskused (tootaja_id, oskus_id, tase) VALUES (6, 1, 'kesktase');
INSERT INTO tootajate_oskused (tootaja_id, oskus_id, tase) VALUES (6, 4, 'ekspert');
INSERT INTO tootajate_oskused (tootaja_id, oskus_id, tase) VALUES (6, 6, 'ekspert');
INSERT INTO tootajate_oskused (tootaja_id, oskus_id, tase) VALUES (7, 5, 'ekspert');
INSERT INTO tootajate_oskused (tootaja_id, oskus_id, tase) VALUES (8, 3, 'algaja');
INSERT INTO tootajate_oskused (tootaja_id, oskus_id, tase) VALUES (8, 2, 'ekspert');
INSERT INTO tootajate_oskused (tootaja_id, oskus_id, tase) VALUES (9, 2, 'ekspert');
INSERT INTO tootajate_oskused (tootaja_id, oskus_id, tase) VALUES (9, 5, 'algaja');
INSERT INTO tootajate_oskused (tootaja_id, oskus_id, tase) VALUES (10, 1, 'kesktase');
INSERT INTO tootajate_oskused (tootaja_id, oskus_id, tase) VALUES (11, 3, 'kesktase');
INSERT INTO tootajate_oskused (tootaja_id, oskus_id, tase) VALUES (12, 1, 'algaja');
INSERT INTO tootajate_oskused (tootaja_id, oskus_id, tase) VALUES (13, 1, 'ekspert');
INSERT INTO tootajate_oskused (tootaja_id, oskus_id, tase) VALUES (13, 5, 'ekspert');
INSERT INTO tootajate_oskused (tootaja_id, oskus_id, tase) VALUES (13, 3, 'kesktase');
INSERT INTO tootajate_oskused (tootaja_id, oskus_id, tase) VALUES (14, 1, 'ekspert');
INSERT INTO tootajate_oskused (tootaja_id, oskus_id, tase) VALUES (14, 4, 'algaja');
INSERT INTO tootajate_oskused (tootaja_id, oskus_id, tase) VALUES (15, 1, 'ekspert');
INSERT INTO tootajate_oskused (tootaja_id, oskus_id, tase) VALUES (16, 1, 'kesktase');
INSERT INTO tootajate_oskused (tootaja_id, oskus_id, tase) VALUES (16, 6, 'algaja');
INSERT INTO tootajate_oskused (tootaja_id, oskus_id, tase) VALUES (16, 2, 'algaja');
INSERT INTO tootajate_oskused (tootaja_id, oskus_id, tase) VALUES (17, 6, 'ekspert');
INSERT INTO tootajate_oskused (tootaja_id, oskus_id, tase) VALUES (17, 1, 'algaja');
INSERT INTO tootajate_oskused (tootaja_id, oskus_id, tase) VALUES (18, 4, 'algaja');
INSERT INTO tootajate_oskused (tootaja_id, oskus_id, tase) VALUES (18, 1, 'ekspert');
INSERT INTO tootajate_oskused (tootaja_id, oskus_id, tase) VALUES (19, 5, 'algaja');
INSERT INTO tootajate_oskused (tootaja_id, oskus_id, tase) VALUES (19, 3, 'ekspert');
INSERT INTO tootajate_oskused (tootaja_id, oskus_id, tase) VALUES (19, 1, 'algaja');
INSERT INTO tootajate_oskused (tootaja_id, oskus_id, tase) VALUES (20, 5, 'kesktase');
INSERT INTO tootajate_oskused (tootaja_id, oskus_id, tase) VALUES (20, 6, 'ekspert');
INSERT INTO tootajate_oskused (tootaja_id, oskus_id, tase) VALUES (21, 2, 'algaja');
INSERT INTO tootajate_oskused (tootaja_id, oskus_id, tase) VALUES (21, 4, 'kesktase');
INSERT INTO tootajate_oskused (tootaja_id, oskus_id, tase) VALUES (21, 1, 'kesktase');
INSERT INTO tootajate_oskused (tootaja_id, oskus_id, tase) VALUES (22, 2, 'ekspert');
INSERT INTO tootajate_oskused (tootaja_id, oskus_id, tase) VALUES (22, 5, 'ekspert');
INSERT INTO tootajate_oskused (tootaja_id, oskus_id, tase) VALUES (22, 1, 'ekspert');
INSERT INTO tootajate_oskused (tootaja_id, oskus_id, tase) VALUES (23, 1, 'algaja');
INSERT INTO tootajate_oskused (tootaja_id, oskus_id, tase) VALUES (23, 5, 'algaja');
INSERT INTO tootajate_oskused (tootaja_id, oskus_id, tase) VALUES (23, 4, 'algaja');
INSERT INTO tootajate_oskused (tootaja_id, oskus_id, tase) VALUES (24, 6, 'kesktase');
INSERT INTO tootajate_oskused (tootaja_id, oskus_id, tase) VALUES (24, 3, 'ekspert');
INSERT INTO tootajate_oskused (tootaja_id, oskus_id, tase) VALUES (24, 4, 'ekspert');
INSERT INTO tootajate_oskused (tootaja_id, oskus_id, tase) VALUES (25, 6, 'ekspert');
INSERT INTO tootajate_oskused (tootaja_id, oskus_id, tase) VALUES (26, 6, 'algaja');
INSERT INTO tootajate_oskused (tootaja_id, oskus_id, tase) VALUES (26, 1, 'ekspert');
INSERT INTO tootajate_oskused (tootaja_id, oskus_id, tase) VALUES (26, 4, 'ekspert');
INSERT INTO tootajate_oskused (tootaja_id, oskus_id, tase) VALUES (27, 3, 'ekspert');
INSERT INTO tootajate_oskused (tootaja_id, oskus_id, tase) VALUES (28, 4, 'kesktase');
INSERT INTO tootajate_oskused (tootaja_id, oskus_id, tase) VALUES (29, 6, 'kesktase');
INSERT INTO tootajate_oskused (tootaja_id, oskus_id, tase) VALUES (29, 2, 'ekspert');
INSERT INTO tootajate_oskused (tootaja_id, oskus_id, tase) VALUES (30, 4, 'ekspert');
INSERT INTO tootajate_oskused (tootaja_id, oskus_id, tase) VALUES (30, 2, 'kesktase');
INSERT INTO tootajate_oskused (tootaja_id, oskus_id, tase) VALUES (30, 1, 'ekspert');
INSERT INTO tootajate_oskused (tootaja_id, oskus_id, tase) VALUES (31, 6, 'ekspert');
INSERT INTO tootajate_oskused (tootaja_id, oskus_id, tase) VALUES (31, 4, 'ekspert');
INSERT INTO tootajate_oskused (tootaja_id, oskus_id, tase) VALUES (31, 2, 'algaja');
INSERT INTO tootajate_oskused (tootaja_id, oskus_id, tase) VALUES (32, 2, 'kesktase');
INSERT INTO tootajate_oskused (tootaja_id, oskus_id, tase) VALUES (32, 3, 'kesktase');
INSERT INTO tootajate_oskused (tootaja_id, oskus_id, tase) VALUES (33, 4, 'algaja');
INSERT INTO tootajate_oskused (tootaja_id, oskus_id, tase) VALUES (33, 5, 'algaja');
INSERT INTO tootajate_oskused (tootaja_id, oskus_id, tase) VALUES (33, 3, 'ekspert');
INSERT INTO tootajate_oskused (tootaja_id, oskus_id, tase) VALUES (34, 5, 'algaja');
INSERT INTO tootajate_oskused (tootaja_id, oskus_id, tase) VALUES (34, 2, 'algaja');
INSERT INTO tootajate_oskused (tootaja_id, oskus_id, tase) VALUES (35, 3, 'kesktase');
INSERT INTO tootajate_oskused (tootaja_id, oskus_id, tase) VALUES (36, 3, 'algaja');
INSERT INTO tootajate_oskused (tootaja_id, oskus_id, tase) VALUES (36, 6, 'kesktase');
INSERT INTO tootajate_oskused (tootaja_id, oskus_id, tase) VALUES (37, 2, 'algaja');
INSERT INTO tootajate_oskused (tootaja_id, oskus_id, tase) VALUES (38, 6, 'ekspert');
INSERT INTO tootajate_oskused (tootaja_id, oskus_id, tase) VALUES (39, 3, 'algaja');
INSERT INTO tootajate_oskused (tootaja_id, oskus_id, tase) VALUES (39, 5, 'kesktase');
INSERT INTO tootajate_oskused (tootaja_id, oskus_id, tase) VALUES (39, 1, 'algaja');
INSERT INTO tootajate_oskused (tootaja_id, oskus_id, tase) VALUES (40, 1, 'kesktase');
INSERT INTO tootajate_oskused (tootaja_id, oskus_id, tase) VALUES (41, 1, 'kesktase');
INSERT INTO tootajate_oskused (tootaja_id, oskus_id, tase) VALUES (41, 3, 'ekspert');
INSERT INTO tootajate_oskused (tootaja_id, oskus_id, tase) VALUES (41, 5, 'kesktase');
INSERT INTO tootajate_oskused (tootaja_id, oskus_id, tase) VALUES (42, 4, 'kesktase');
INSERT INTO tootajate_oskused (tootaja_id, oskus_id, tase) VALUES (42, 6, 'algaja');
INSERT INTO tootajate_oskused (tootaja_id, oskus_id, tase) VALUES (43, 3, 'algaja');
INSERT INTO tootajate_oskused (tootaja_id, oskus_id, tase) VALUES (43, 1, 'kesktase');
INSERT INTO tootajate_oskused (tootaja_id, oskus_id, tase) VALUES (43, 6, 'algaja');
INSERT INTO tootajate_oskused (tootaja_id, oskus_id, tase) VALUES (44, 1, 'ekspert');
INSERT INTO tootajate_oskused (tootaja_id, oskus_id, tase) VALUES (44, 5, 'ekspert');
INSERT INTO tootajate_oskused (tootaja_id, oskus_id, tase) VALUES (45, 1, 'kesktase');
INSERT INTO tootajate_oskused (tootaja_id, oskus_id, tase) VALUES (45, 4, 'kesktase');
INSERT INTO tootajate_oskused (tootaja_id, oskus_id, tase) VALUES (46, 2, 'kesktase');
INSERT INTO tootajate_oskused (tootaja_id, oskus_id, tase) VALUES (46, 3, 'algaja');
INSERT INTO tootajate_oskused (tootaja_id, oskus_id, tase) VALUES (46, 4, 'algaja');
INSERT INTO tootajate_oskused (tootaja_id, oskus_id, tase) VALUES (47, 3, 'algaja');
INSERT INTO tootajate_oskused (tootaja_id, oskus_id, tase) VALUES (47, 4, 'algaja');
INSERT INTO tootajate_oskused (tootaja_id, oskus_id, tase) VALUES (48, 1, 'kesktase');
INSERT INTO tootajate_oskused (tootaja_id, oskus_id, tase) VALUES (48, 3, 'kesktase');
INSERT INTO tootajate_oskused (tootaja_id, oskus_id, tase) VALUES (49, 4, 'kesktase');
INSERT INTO tootajate_oskused (tootaja_id, oskus_id, tase) VALUES (50, 3, 'algaja');
INSERT INTO tootajate_oskused (tootaja_id, oskus_id, tase) VALUES (50, 6, 'algaja');
INSERT INTO tootajate_oskused (tootaja_id, oskus_id, tase) VALUES (50, 1, 'algaja');
INSERT INTO tootajate_oskused (tootaja_id, oskus_id, tase) VALUES (51, 6, 'kesktase');
INSERT INTO tootajate_oskused (tootaja_id, oskus_id, tase) VALUES (51, 1, 'algaja');
INSERT INTO tootajate_oskused (tootaja_id, oskus_id, tase) VALUES (52, 1, 'kesktase');
INSERT INTO tootajate_oskused (tootaja_id, oskus_id, tase) VALUES (53, 1, 'algaja');
INSERT INTO tootajate_oskused (tootaja_id, oskus_id, tase) VALUES (53, 6, 'kesktase');
INSERT INTO tootajate_oskused (tootaja_id, oskus_id, tase) VALUES (53, 2, 'ekspert');
INSERT INTO tootajate_oskused (tootaja_id, oskus_id, tase) VALUES (54, 2, 'kesktase');
INSERT INTO tootajate_oskused (tootaja_id, oskus_id, tase) VALUES (55, 1, 'ekspert');
INSERT INTO tootajate_oskused (tootaja_id, oskus_id, tase) VALUES (56, 1, 'ekspert');
INSERT INTO tootajate_oskused (tootaja_id, oskus_id, tase) VALUES (56, 6, 'algaja');
INSERT INTO tootajate_oskused (tootaja_id, oskus_id, tase) VALUES (56, 3, 'algaja');
INSERT INTO tootajate_oskused (tootaja_id, oskus_id, tase) VALUES (57, 4, 'kesktase');
INSERT INTO tootajate_oskused (tootaja_id, oskus_id, tase) VALUES (57, 5, 'ekspert');
INSERT INTO tootajate_oskused (tootaja_id, oskus_id, tase) VALUES (58, 2, 'algaja');
INSERT INTO tootajate_oskused (tootaja_id, oskus_id, tase) VALUES (59, 1, 'algaja');
INSERT INTO tootajate_oskused (tootaja_id, oskus_id, tase) VALUES (60, 6, 'kesktase');
INSERT INTO tootajate_oskused (tootaja_id, oskus_id, tase) VALUES (61, 6, 'algaja');
INSERT INTO tootajate_oskused (tootaja_id, oskus_id, tase) VALUES (62, 3, 'ekspert');
INSERT INTO tootajate_oskused (tootaja_id, oskus_id, tase) VALUES (62, 5, 'ekspert');
INSERT INTO tootajate_oskused (tootaja_id, oskus_id, tase) VALUES (63, 4, 'ekspert');
INSERT INTO tootajate_oskused (tootaja_id, oskus_id, tase) VALUES (63, 5, 'algaja');
INSERT INTO tootajate_oskused (tootaja_id, oskus_id, tase) VALUES (64, 4, 'ekspert');
INSERT INTO tootajate_oskused (tootaja_id, oskus_id, tase) VALUES (64, 2, 'kesktase');
INSERT INTO tootajate_oskused (tootaja_id, oskus_id, tase) VALUES (64, 5, 'kesktase');
INSERT INTO tootajate_oskused (tootaja_id, oskus_id, tase) VALUES (65, 4, 'kesktase');
INSERT INTO tootajate_oskused (tootaja_id, oskus_id, tase) VALUES (65, 6, 'ekspert');
INSERT INTO tootajate_oskused (tootaja_id, oskus_id, tase) VALUES (65, 2, 'algaja');
INSERT INTO tootajate_oskused (tootaja_id, oskus_id, tase) VALUES (66, 5, 'kesktase');
INSERT INTO tootajate_oskused (tootaja_id, oskus_id, tase) VALUES (66, 1, 'ekspert');
INSERT INTO tootajate_oskused (tootaja_id, oskus_id, tase) VALUES (67, 6, 'ekspert');
INSERT INTO tootajate_oskused (tootaja_id, oskus_id, tase) VALUES (67, 4, 'kesktase');
INSERT INTO tootajate_oskused (tootaja_id, oskus_id, tase) VALUES (68, 5, 'ekspert');
INSERT INTO tootajate_oskused (tootaja_id, oskus_id, tase) VALUES (69, 3, 'kesktase');
INSERT INTO tootajate_oskused (tootaja_id, oskus_id, tase) VALUES (69, 2, 'algaja');
INSERT INTO tootajate_oskused (tootaja_id, oskus_id, tase) VALUES (69, 4, 'algaja');
INSERT INTO tootajate_oskused (tootaja_id, oskus_id, tase) VALUES (70, 4, 'ekspert');
INSERT INTO tootajate_oskused (tootaja_id, oskus_id, tase) VALUES (71, 3, 'algaja');
INSERT INTO tootajate_oskused (tootaja_id, oskus_id, tase) VALUES (71, 2, 'algaja');
INSERT INTO tootajate_oskused (tootaja_id, oskus_id, tase) VALUES (72, 6, 'ekspert');
INSERT INTO tootajate_oskused (tootaja_id, oskus_id, tase) VALUES (72, 1, 'kesktase');
INSERT INTO tootajate_oskused (tootaja_id, oskus_id, tase) VALUES (73, 3, 'ekspert');
INSERT INTO tootajate_oskused (tootaja_id, oskus_id, tase) VALUES (74, 5, 'algaja');
INSERT INTO tootajate_oskused (tootaja_id, oskus_id, tase) VALUES (74, 2, 'kesktase');
INSERT INTO tootajate_oskused (tootaja_id, oskus_id, tase) VALUES (75, 4, 'kesktase');
INSERT INTO tootajate_oskused (tootaja_id, oskus_id, tase) VALUES (76, 3, 'algaja');
INSERT INTO tootajate_oskused (tootaja_id, oskus_id, tase) VALUES (76, 1, 'ekspert');
INSERT INTO tootajate_oskused (tootaja_id, oskus_id, tase) VALUES (77, 6, 'kesktase');
INSERT INTO tootajate_oskused (tootaja_id, oskus_id, tase) VALUES (78, 6, 'ekspert');
INSERT INTO tootajate_oskused (tootaja_id, oskus_id, tase) VALUES (78, 2, 'ekspert');
INSERT INTO tootajate_oskused (tootaja_id, oskus_id, tase) VALUES (79, 3, 'algaja');
INSERT INTO tootajate_oskused (tootaja_id, oskus_id, tase) VALUES (80, 2, 'kesktase');
INSERT INTO tootajate_oskused (tootaja_id, oskus_id, tase) VALUES (81, 5, 'algaja');
INSERT INTO tootajate_oskused (tootaja_id, oskus_id, tase) VALUES (81, 3, 'algaja');
INSERT INTO tootajate_oskused (tootaja_id, oskus_id, tase) VALUES (82, 4, 'ekspert');
INSERT INTO tootajate_oskused (tootaja_id, oskus_id, tase) VALUES (82, 5, 'ekspert');
INSERT INTO tootajate_oskused (tootaja_id, oskus_id, tase) VALUES (82, 3, 'kesktase');
INSERT INTO tootajate_oskused (tootaja_id, oskus_id, tase) VALUES (83, 3, 'algaja');
INSERT INTO tootajate_oskused (tootaja_id, oskus_id, tase) VALUES (83, 6, 'kesktase');
INSERT INTO tootajate_oskused (tootaja_id, oskus_id, tase) VALUES (84, 2, 'ekspert');
INSERT INTO tootajate_oskused (tootaja_id, oskus_id, tase) VALUES (84, 1, 'ekspert');
INSERT INTO tootajate_oskused (tootaja_id, oskus_id, tase) VALUES (84, 3, 'kesktase');
INSERT INTO tootajate_oskused (tootaja_id, oskus_id, tase) VALUES (85, 2, 'algaja');
INSERT INTO tootajate_oskused (tootaja_id, oskus_id, tase) VALUES (86, 1, 'ekspert');
INSERT INTO tootajate_oskused (tootaja_id, oskus_id, tase) VALUES (87, 3, 'kesktase');
INSERT INTO tootajate_oskused (tootaja_id, oskus_id, tase) VALUES (87, 4, 'ekspert');
INSERT INTO tootajate_oskused (tootaja_id, oskus_id, tase) VALUES (87, 1, 'ekspert');
INSERT INTO tootajate_oskused (tootaja_id, oskus_id, tase) VALUES (88, 6, 'ekspert');
INSERT INTO tootajate_oskused (tootaja_id, oskus_id, tase) VALUES (88, 4, 'algaja');
INSERT INTO tootajate_oskused (tootaja_id, oskus_id, tase) VALUES (88, 2, 'kesktase');
INSERT INTO tootajate_oskused (tootaja_id, oskus_id, tase) VALUES (89, 1, 'algaja');
INSERT INTO tootajate_oskused (tootaja_id, oskus_id, tase) VALUES (89, 5, 'algaja');
INSERT INTO tootajate_oskused (tootaja_id, oskus_id, tase) VALUES (89, 6, 'kesktase');
INSERT INTO tootajate_oskused (tootaja_id, oskus_id, tase) VALUES (90, 5, 'ekspert');
INSERT INTO tootajate_oskused (tootaja_id, oskus_id, tase) VALUES (91, 5, 'kesktase');
INSERT INTO tootajate_oskused (tootaja_id, oskus_id, tase) VALUES (92, 3, 'ekspert');
INSERT INTO tootajate_oskused (tootaja_id, oskus_id, tase) VALUES (92, 2, 'ekspert');
INSERT INTO tootajate_oskused (tootaja_id, oskus_id, tase) VALUES (93, 2, 'ekspert');
INSERT INTO tootajate_oskused (tootaja_id, oskus_id, tase) VALUES (94, 5, 'kesktase');
INSERT INTO tootajate_oskused (tootaja_id, oskus_id, tase) VALUES (94, 6, 'ekspert');
INSERT INTO tootajate_oskused (tootaja_id, oskus_id, tase) VALUES (95, 6, 'kesktase');
INSERT INTO tootajate_oskused (tootaja_id, oskus_id, tase) VALUES (96, 3, 'ekspert');
INSERT INTO tootajate_oskused (tootaja_id, oskus_id, tase) VALUES (96, 1, 'kesktase');
INSERT INTO tootajate_oskused (tootaja_id, oskus_id, tase) VALUES (97, 2, 'kesktase');
INSERT INTO tootajate_oskused (tootaja_id, oskus_id, tase) VALUES (97, 5, 'algaja');
INSERT INTO tootajate_oskused (tootaja_id, oskus_id, tase) VALUES (97, 1, 'kesktase');
INSERT INTO tootajate_oskused (tootaja_id, oskus_id, tase) VALUES (98, 1, 'algaja');
INSERT INTO tootajate_oskused (tootaja_id, oskus_id, tase) VALUES (98, 6, 'kesktase');
INSERT INTO tootajate_oskused (tootaja_id, oskus_id, tase) VALUES (98, 5, 'ekspert');
INSERT INTO tootajate_oskused (tootaja_id, oskus_id, tase) VALUES (99, 6, 'kesktase');
INSERT INTO tootajate_oskused (tootaja_id, oskus_id, tase) VALUES (100, 2, 'kesktase');
INSERT INTO tootajate_oskused (tootaja_id, oskus_id, tase) VALUES (100, 1, 'ekspert');
INSERT INTO tootajate_oskused (tootaja_id, oskus_id, tase) VALUES (100, 6, 'algaja');
INSERT INTO tootajate_oskused (tootaja_id, oskus_id, tase) VALUES (101, 2, 'kesktase');
INSERT INTO tootajate_oskused (tootaja_id, oskus_id, tase) VALUES (102, 3, 'ekspert');
INSERT INTO tootajate_oskused (tootaja_id, oskus_id, tase) VALUES (103, 6, 'kesktase');
INSERT INTO tootajate_oskused (tootaja_id, oskus_id, tase) VALUES (103, 3, 'algaja');
INSERT INTO tootajate_oskused (tootaja_id, oskus_id, tase) VALUES (104, 1, 'ekspert');
INSERT INTO tootajate_oskused (tootaja_id, oskus_id, tase) VALUES (104, 4, 'ekspert');
INSERT INTO tootajate_oskused (tootaja_id, oskus_id, tase) VALUES (104, 3, 'kesktase');
INSERT INTO tootajate_oskused (tootaja_id, oskus_id, tase) VALUES (105, 5, 'kesktase');
INSERT INTO tootajate_oskused (tootaja_id, oskus_id, tase) VALUES (105, 1, 'ekspert');
INSERT INTO tootajate_oskused (tootaja_id, oskus_id, tase) VALUES (105, 4, 'ekspert');
INSERT INTO tootajate_oskused (tootaja_id, oskus_id, tase) VALUES (106, 4, 'algaja');
INSERT INTO tootajate_oskused (tootaja_id, oskus_id, tase) VALUES (106, 3, 'algaja');
INSERT INTO tootajate_oskused (tootaja_id, oskus_id, tase) VALUES (107, 3, 'algaja');
INSERT INTO tootajate_oskused (tootaja_id, oskus_id, tase) VALUES (108, 4, 'algaja');
INSERT INTO tootajate_oskused (tootaja_id, oskus_id, tase) VALUES (108, 2, 'ekspert');
INSERT INTO tootajate_oskused (tootaja_id, oskus_id, tase) VALUES (108, 6, 'algaja');
INSERT INTO tootajate_oskused (tootaja_id, oskus_id, tase) VALUES (109, 5, 'algaja');
INSERT INTO tootajate_oskused (tootaja_id, oskus_id, tase) VALUES (109, 1, 'algaja');
INSERT INTO tootajate_oskused (tootaja_id, oskus_id, tase) VALUES (110, 5, 'kesktase');
INSERT INTO tootajate_oskused (tootaja_id, oskus_id, tase) VALUES (110, 2, 'ekspert');
INSERT INTO tootajate_oskused (tootaja_id, oskus_id, tase) VALUES (110, 3, 'kesktase');
INSERT INTO tootajate_oskused (tootaja_id, oskus_id, tase) VALUES (111, 3, 'algaja');
INSERT INTO tootajate_oskused (tootaja_id, oskus_id, tase) VALUES (111, 6, 'ekspert');
INSERT INTO tootajate_oskused (tootaja_id, oskus_id, tase) VALUES (112, 1, 'ekspert');
INSERT INTO tootajate_oskused (tootaja_id, oskus_id, tase) VALUES (113, 2, 'algaja');
INSERT INTO tootajate_oskused (tootaja_id, oskus_id, tase) VALUES (113, 3, 'ekspert');
INSERT INTO tootajate_oskused (tootaja_id, oskus_id, tase) VALUES (114, 6, 'algaja');
INSERT INTO tootajate_oskused (tootaja_id, oskus_id, tase) VALUES (114, 3, 'ekspert');
INSERT INTO tootajate_oskused (tootaja_id, oskus_id, tase) VALUES (114, 1, 'algaja');
INSERT INTO tootajate_oskused (tootaja_id, oskus_id, tase) VALUES (115, 2, 'kesktase');
INSERT INTO tootajate_oskused (tootaja_id, oskus_id, tase) VALUES (115, 1, 'kesktase');
INSERT INTO tootajate_oskused (tootaja_id, oskus_id, tase) VALUES (115, 6, 'ekspert');
INSERT INTO tootajate_oskused (tootaja_id, oskus_id, tase) VALUES (116, 3, 'ekspert');
INSERT INTO tootajate_oskused (tootaja_id, oskus_id, tase) VALUES (117, 6, 'kesktase');
INSERT INTO tootajate_oskused (tootaja_id, oskus_id, tase) VALUES (117, 4, 'kesktase');
INSERT INTO tootajate_oskused (tootaja_id, oskus_id, tase) VALUES (117, 3, 'kesktase');
INSERT INTO tootajate_oskused (tootaja_id, oskus_id, tase) VALUES (118, 2, 'ekspert');
INSERT INTO tootajate_oskused (tootaja_id, oskus_id, tase) VALUES (118, 1, 'kesktase');
INSERT INTO tootajate_oskused (tootaja_id, oskus_id, tase) VALUES (118, 4, 'algaja');
INSERT INTO tootajate_oskused (tootaja_id, oskus_id, tase) VALUES (119, 4, 'ekspert');
INSERT INTO tootajate_oskused (tootaja_id, oskus_id, tase) VALUES (120, 2, 'algaja');
INSERT INTO tootajate_oskused (tootaja_id, oskus_id, tase) VALUES (120, 1, 'kesktase');
INSERT INTO tootajate_oskused (tootaja_id, oskus_id, tase) VALUES (121, 1, 'ekspert');
INSERT INTO tootajate_oskused (tootaja_id, oskus_id, tase) VALUES (121, 4, 'kesktase');
INSERT INTO tootajate_oskused (tootaja_id, oskus_id, tase) VALUES (121, 6, 'algaja');
INSERT INTO tootajate_oskused (tootaja_id, oskus_id, tase) VALUES (122, 1, 'kesktase');
INSERT INTO tootajate_oskused (tootaja_id, oskus_id, tase) VALUES (123, 5, 'kesktase');
INSERT INTO tootajate_oskused (tootaja_id, oskus_id, tase) VALUES (123, 4, 'kesktase');
INSERT INTO tootajate_oskused (tootaja_id, oskus_id, tase) VALUES (123, 1, 'ekspert');
INSERT INTO tootajate_oskused (tootaja_id, oskus_id, tase) VALUES (124, 6, 'ekspert');
INSERT INTO tootajate_oskused (tootaja_id, oskus_id, tase) VALUES (124, 1, 'ekspert');
INSERT INTO tootajate_oskused (tootaja_id, oskus_id, tase) VALUES (124, 3, 'kesktase');
INSERT INTO tootajate_oskused (tootaja_id, oskus_id, tase) VALUES (125, 3, 'kesktase');
INSERT INTO tootajate_oskused (tootaja_id, oskus_id, tase) VALUES (125, 2, 'ekspert');
INSERT INTO tootajate_oskused (tootaja_id, oskus_id, tase) VALUES (125, 1, 'ekspert');
INSERT INTO tootajate_oskused (tootaja_id, oskus_id, tase) VALUES (126, 2, 'kesktase');
INSERT INTO tootajate_oskused (tootaja_id, oskus_id, tase) VALUES (127, 5, 'algaja');
INSERT INTO tootajate_oskused (tootaja_id, oskus_id, tase) VALUES (127, 1, 'ekspert');
INSERT INTO tootajate_oskused (tootaja_id, oskus_id, tase) VALUES (127, 6, 'algaja');
INSERT INTO tootajate_oskused (tootaja_id, oskus_id, tase) VALUES (128, 3, 'ekspert');
INSERT INTO tootajate_oskused (tootaja_id, oskus_id, tase) VALUES (128, 2, 'kesktase');
INSERT INTO tootajate_oskused (tootaja_id, oskus_id, tase) VALUES (128, 6, 'kesktase');
INSERT INTO tootajate_oskused (tootaja_id, oskus_id, tase) VALUES (129, 1, 'ekspert');
INSERT INTO tootajate_oskused (tootaja_id, oskus_id, tase) VALUES (130, 3, 'algaja');
INSERT INTO tootajate_oskused (tootaja_id, oskus_id, tase) VALUES (131, 4, 'kesktase');
INSERT INTO tootajate_oskused (tootaja_id, oskus_id, tase) VALUES (131, 3, 'kesktase');
INSERT INTO tootajate_oskused (tootaja_id, oskus_id, tase) VALUES (131, 5, 'ekspert');
INSERT INTO tootajate_oskused (tootaja_id, oskus_id, tase) VALUES (132, 1, 'ekspert');
INSERT INTO tootajate_oskused (tootaja_id, oskus_id, tase) VALUES (133, 1, 'algaja');
INSERT INTO tootajate_oskused (tootaja_id, oskus_id, tase) VALUES (133, 5, 'kesktase');
INSERT INTO tootajate_oskused (tootaja_id, oskus_id, tase) VALUES (134, 5, 'kesktase');
INSERT INTO tootajate_oskused (tootaja_id, oskus_id, tase) VALUES (135, 1, 'ekspert');
INSERT INTO tootajate_oskused (tootaja_id, oskus_id, tase) VALUES (136, 6, 'kesktase');
INSERT INTO tootajate_oskused (tootaja_id, oskus_id, tase) VALUES (137, 6, 'algaja');
INSERT INTO tootajate_oskused (tootaja_id, oskus_id, tase) VALUES (137, 3, 'algaja');
INSERT INTO tootajate_oskused (tootaja_id, oskus_id, tase) VALUES (138, 5, 'kesktase');
INSERT INTO tootajate_oskused (tootaja_id, oskus_id, tase) VALUES (139, 4, 'algaja');
INSERT INTO tootajate_oskused (tootaja_id, oskus_id, tase) VALUES (140, 3, 'algaja');
INSERT INTO tootajate_oskused (tootaja_id, oskus_id, tase) VALUES (140, 5, 'algaja');
INSERT INTO tootajate_oskused (tootaja_id, oskus_id, tase) VALUES (140, 4, 'algaja');
INSERT INTO tootajate_oskused (tootaja_id, oskus_id, tase) VALUES (141, 4, 'algaja');
INSERT INTO tootajate_oskused (tootaja_id, oskus_id, tase) VALUES (141, 6, 'algaja');
INSERT INTO tootajate_oskused (tootaja_id, oskus_id, tase) VALUES (141, 1, 'kesktase');
INSERT INTO tootajate_oskused (tootaja_id, oskus_id, tase) VALUES (142, 6, 'kesktase');
INSERT INTO tootajate_oskused (tootaja_id, oskus_id, tase) VALUES (142, 3, 'ekspert');
INSERT INTO tootajate_oskused (tootaja_id, oskus_id, tase) VALUES (142, 5, 'ekspert');
INSERT INTO tootajate_oskused (tootaja_id, oskus_id, tase) VALUES (143, 2, 'ekspert');
INSERT INTO tootajate_oskused (tootaja_id, oskus_id, tase) VALUES (143, 6, 'algaja');
INSERT INTO tootajate_oskused (tootaja_id, oskus_id, tase) VALUES (143, 3, 'kesktase');
INSERT INTO tootajate_oskused (tootaja_id, oskus_id, tase) VALUES (144, 5, 'kesktase');
INSERT INTO tootajate_oskused (tootaja_id, oskus_id, tase) VALUES (145, 6, 'algaja');
INSERT INTO tootajate_oskused (tootaja_id, oskus_id, tase) VALUES (145, 2, 'algaja');
INSERT INTO tootajate_oskused (tootaja_id, oskus_id, tase) VALUES (146, 2, 'ekspert');
INSERT INTO tootajate_oskused (tootaja_id, oskus_id, tase) VALUES (146, 1, 'ekspert');
INSERT INTO tootajate_oskused (tootaja_id, oskus_id, tase) VALUES (146, 3, 'kesktase');
INSERT INTO tootajate_oskused (tootaja_id, oskus_id, tase) VALUES (147, 1, 'ekspert');
INSERT INTO tootajate_oskused (tootaja_id, oskus_id, tase) VALUES (147, 5, 'kesktase');
INSERT INTO tootajate_oskused (tootaja_id, oskus_id, tase) VALUES (148, 1, 'algaja');
INSERT INTO tootajate_oskused (tootaja_id, oskus_id, tase) VALUES (148, 6, 'algaja');
INSERT INTO tootajate_oskused (tootaja_id, oskus_id, tase) VALUES (148, 3, 'kesktase');
INSERT INTO tootajate_oskused (tootaja_id, oskus_id, tase) VALUES (149, 4, 'ekspert');
INSERT INTO tootajate_oskused (tootaja_id, oskus_id, tase) VALUES (150, 2, 'ekspert');
INSERT INTO tootajate_oskused (tootaja_id, oskus_id, tase) VALUES (151, 4, 'kesktase');
INSERT INTO tootajate_oskused (tootaja_id, oskus_id, tase) VALUES (152, 4, 'kesktase');
INSERT INTO tootajate_oskused (tootaja_id, oskus_id, tase) VALUES (152, 5, 'kesktase');
INSERT INTO tootajate_oskused (tootaja_id, oskus_id, tase) VALUES (152, 3, 'algaja');
INSERT INTO tootajate_oskused (tootaja_id, oskus_id, tase) VALUES (153, 1, 'algaja');
INSERT INTO tootajate_oskused (tootaja_id, oskus_id, tase) VALUES (154, 1, 'ekspert');
INSERT INTO tootajate_oskused (tootaja_id, oskus_id, tase) VALUES (155, 2, 'ekspert');
INSERT INTO tootajate_oskused (tootaja_id, oskus_id, tase) VALUES (155, 3, 'kesktase');
INSERT INTO tootajate_oskused (tootaja_id, oskus_id, tase) VALUES (155, 1, 'ekspert');
INSERT INTO tootajate_oskused (tootaja_id, oskus_id, tase) VALUES (156, 1, 'kesktase');
INSERT INTO tootajate_oskused (tootaja_id, oskus_id, tase) VALUES (156, 4, 'ekspert');
INSERT INTO tootajate_oskused (tootaja_id, oskus_id, tase) VALUES (157, 6, 'ekspert');
INSERT INTO tootajate_oskused (tootaja_id, oskus_id, tase) VALUES (157, 2, 'kesktase');
INSERT INTO tootajate_oskused (tootaja_id, oskus_id, tase) VALUES (158, 1, 'algaja');
INSERT INTO tootajate_oskused (tootaja_id, oskus_id, tase) VALUES (158, 3, 'kesktase');
INSERT INTO tootajate_oskused (tootaja_id, oskus_id, tase) VALUES (158, 2, 'kesktase');
INSERT INTO tootajate_oskused (tootaja_id, oskus_id, tase) VALUES (159, 2, 'algaja');
INSERT INTO tootajate_oskused (tootaja_id, oskus_id, tase) VALUES (160, 2, 'ekspert');
INSERT INTO tootajate_oskused (tootaja_id, oskus_id, tase) VALUES (160, 6, 'algaja');
INSERT INTO tootajate_oskused (tootaja_id, oskus_id, tase) VALUES (161, 2, 'kesktase');
INSERT INTO tootajate_oskused (tootaja_id, oskus_id, tase) VALUES (162, 6, 'algaja');
INSERT INTO tootajate_oskused (tootaja_id, oskus_id, tase) VALUES (163, 3, 'kesktase');
INSERT INTO tootajate_oskused (tootaja_id, oskus_id, tase) VALUES (163, 6, 'kesktase');
INSERT INTO tootajate_oskused (tootaja_id, oskus_id, tase) VALUES (163, 1, 'kesktase');
INSERT INTO tootajate_oskused (tootaja_id, oskus_id, tase) VALUES (164, 4, 'kesktase');
INSERT INTO tootajate_oskused (tootaja_id, oskus_id, tase) VALUES (165, 2, 'algaja');
INSERT INTO tootajate_oskused (tootaja_id, oskus_id, tase) VALUES (166, 2, 'algaja');
INSERT INTO tootajate_oskused (tootaja_id, oskus_id, tase) VALUES (166, 6, 'ekspert');
INSERT INTO tootajate_oskused (tootaja_id, oskus_id, tase) VALUES (167, 2, 'kesktase');
INSERT INTO tootajate_oskused (tootaja_id, oskus_id, tase) VALUES (167, 3, 'algaja');
INSERT INTO tootajate_oskused (tootaja_id, oskus_id, tase) VALUES (167, 5, 'kesktase');
INSERT INTO tootajate_oskused (tootaja_id, oskus_id, tase) VALUES (168, 4, 'kesktase');
INSERT INTO tootajate_oskused (tootaja_id, oskus_id, tase) VALUES (168, 1, 'ekspert');
INSERT INTO tootajate_oskused (tootaja_id, oskus_id, tase) VALUES (169, 2, 'algaja');
INSERT INTO tootajate_oskused (tootaja_id, oskus_id, tase) VALUES (169, 1, 'algaja');
INSERT INTO tootajate_oskused (tootaja_id, oskus_id, tase) VALUES (169, 3, 'ekspert');
INSERT INTO tootajate_oskused (tootaja_id, oskus_id, tase) VALUES (170, 3, 'algaja');
INSERT INTO tootajate_oskused (tootaja_id, oskus_id, tase) VALUES (170, 2, 'kesktase');
INSERT INTO tootajate_oskused (tootaja_id, oskus_id, tase) VALUES (170, 4, 'algaja');
INSERT INTO tootajate_oskused (tootaja_id, oskus_id, tase) VALUES (171, 5, 'kesktase');
INSERT INTO tootajate_oskused (tootaja_id, oskus_id, tase) VALUES (172, 5, 'algaja');
INSERT INTO tootajate_oskused (tootaja_id, oskus_id, tase) VALUES (173, 5, 'algaja');
INSERT INTO tootajate_oskused (tootaja_id, oskus_id, tase) VALUES (173, 1, 'algaja');
INSERT INTO tootajate_oskused (tootaja_id, oskus_id, tase) VALUES (174, 5, 'algaja');
INSERT INTO tootajate_oskused (tootaja_id, oskus_id, tase) VALUES (174, 4, 'algaja');
INSERT INTO tootajate_oskused (tootaja_id, oskus_id, tase) VALUES (174, 3, 'ekspert');
INSERT INTO tootajate_oskused (tootaja_id, oskus_id, tase) VALUES (175, 2, 'kesktase');
INSERT INTO tootajate_oskused (tootaja_id, oskus_id, tase) VALUES (176, 5, 'kesktase');
INSERT INTO tootajate_oskused (tootaja_id, oskus_id, tase) VALUES (177, 4, 'ekspert');
INSERT INTO tootajate_oskused (tootaja_id, oskus_id, tase) VALUES (177, 2, 'ekspert');
INSERT INTO tootajate_oskused (tootaja_id, oskus_id, tase) VALUES (178, 4, 'ekspert');
INSERT INTO tootajate_oskused (tootaja_id, oskus_id, tase) VALUES (178, 3, 'ekspert');
INSERT INTO tootajate_oskused (tootaja_id, oskus_id, tase) VALUES (178, 6, 'kesktase');
INSERT INTO tootajate_oskused (tootaja_id, oskus_id, tase) VALUES (179, 5, 'kesktase');
INSERT INTO tootajate_oskused (tootaja_id, oskus_id, tase) VALUES (180, 4, 'ekspert');
INSERT INTO tootajate_oskused (tootaja_id, oskus_id, tase) VALUES (180, 5, 'algaja');
INSERT INTO tootajate_oskused (tootaja_id, oskus_id, tase) VALUES (180, 2, 'algaja');
INSERT INTO tootajate_oskused (tootaja_id, oskus_id, tase) VALUES (181, 5, 'ekspert');
INSERT INTO tootajate_oskused (tootaja_id, oskus_id, tase) VALUES (181, 4, 'ekspert');
INSERT INTO tootajate_oskused (tootaja_id, oskus_id, tase) VALUES (181, 1, 'kesktase');
INSERT INTO tootajate_oskused (tootaja_id, oskus_id, tase) VALUES (182, 4, 'kesktase');
INSERT INTO tootajate_oskused (tootaja_id, oskus_id, tase) VALUES (182, 2, 'kesktase');
INSERT INTO tootajate_oskused (tootaja_id, oskus_id, tase) VALUES (183, 4, 'algaja');
INSERT INTO tootajate_oskused (tootaja_id, oskus_id, tase) VALUES (184, 4, 'algaja');
INSERT INTO tootajate_oskused (tootaja_id, oskus_id, tase) VALUES (184, 6, 'algaja');
INSERT INTO tootajate_oskused (tootaja_id, oskus_id, tase) VALUES (185, 5, 'ekspert');
INSERT INTO tootajate_oskused (tootaja_id, oskus_id, tase) VALUES (185, 2, 'kesktase');
INSERT INTO tootajate_oskused (tootaja_id, oskus_id, tase) VALUES (185, 1, 'algaja');
INSERT INTO tootajate_oskused (tootaja_id, oskus_id, tase) VALUES (186, 3, 'kesktase');
INSERT INTO tootajate_oskused (tootaja_id, oskus_id, tase) VALUES (186, 2, 'algaja');
INSERT INTO tootajate_oskused (tootaja_id, oskus_id, tase) VALUES (186, 1, 'ekspert');
INSERT INTO tootajate_oskused (tootaja_id, oskus_id, tase) VALUES (187, 3, 'algaja');
INSERT INTO tootajate_oskused (tootaja_id, oskus_id, tase) VALUES (187, 2, 'ekspert');
INSERT INTO tootajate_oskused (tootaja_id, oskus_id, tase) VALUES (188, 2, 'algaja');
INSERT INTO tootajate_oskused (tootaja_id, oskus_id, tase) VALUES (188, 3, 'algaja');
INSERT INTO tootajate_oskused (tootaja_id, oskus_id, tase) VALUES (188, 1, 'ekspert');
INSERT INTO tootajate_oskused (tootaja_id, oskus_id, tase) VALUES (189, 6, 'algaja');
INSERT INTO tootajate_oskused (tootaja_id, oskus_id, tase) VALUES (190, 1, 'kesktase');
INSERT INTO tootajate_oskused (tootaja_id, oskus_id, tase) VALUES (191, 3, 'algaja');
INSERT INTO tootajate_oskused (tootaja_id, oskus_id, tase) VALUES (192, 6, 'ekspert');
INSERT INTO tootajate_oskused (tootaja_id, oskus_id, tase) VALUES (192, 2, 'algaja');
INSERT INTO tootajate_oskused (tootaja_id, oskus_id, tase) VALUES (192, 3, 'kesktase');
INSERT INTO tootajate_oskused (tootaja_id, oskus_id, tase) VALUES (193, 4, 'kesktase');
INSERT INTO tootajate_oskused (tootaja_id, oskus_id, tase) VALUES (193, 2, 'kesktase');
INSERT INTO tootajate_oskused (tootaja_id, oskus_id, tase) VALUES (193, 6, 'algaja');
INSERT INTO tootajate_oskused (tootaja_id, oskus_id, tase) VALUES (194, 3, 'algaja');
INSERT INTO tootajate_oskused (tootaja_id, oskus_id, tase) VALUES (195, 5, 'ekspert');
INSERT INTO tootajate_oskused (tootaja_id, oskus_id, tase) VALUES (195, 3, 'ekspert');
INSERT INTO tootajate_oskused (tootaja_id, oskus_id, tase) VALUES (195, 6, 'kesktase');
INSERT INTO tootajate_oskused (tootaja_id, oskus_id, tase) VALUES (196, 6, 'algaja');
INSERT INTO tootajate_oskused (tootaja_id, oskus_id, tase) VALUES (196, 1, 'ekspert');
INSERT INTO tootajate_oskused (tootaja_id, oskus_id, tase) VALUES (197, 4, 'algaja');
INSERT INTO tootajate_oskused (tootaja_id, oskus_id, tase) VALUES (198, 3, 'ekspert');
INSERT INTO tootajate_oskused (tootaja_id, oskus_id, tase) VALUES (198, 4, 'kesktase');
INSERT INTO tootajate_oskused (tootaja_id, oskus_id, tase) VALUES (198, 2, 'kesktase');
INSERT INTO tootajate_oskused (tootaja_id, oskus_id, tase) VALUES (199, 2, 'kesktase');
INSERT INTO tootajate_oskused (tootaja_id, oskus_id, tase) VALUES (200, 5, 'kesktase');
INSERT INTO labipaasu_logid (tootaja_id, aeg, asukoht) VALUES (108, '2026-04-19 03:01:14', 'Peauks');
INSERT INTO labipaasu_logid (tootaja_id, aeg, asukoht) VALUES (191, '2026-04-19 03:01:16', 'Peauks');
INSERT INTO labipaasu_logid (tootaja_id, aeg, asukoht) VALUES (75, '2026-04-19 03:01:43', 'Peauks');
INSERT INTO labipaasu_logid (tootaja_id, aeg, asukoht) VALUES (36, '2026-04-19 03:01:37', 'Peauks');
INSERT INTO labipaasu_logid (tootaja_id, aeg, asukoht) VALUES (143, '2026-04-19 03:01:10', 'Peauks');
INSERT INTO labipaasu_logid (tootaja_id, aeg, asukoht) VALUES (165, '2026-04-19 03:01:05', 'Peauks');
INSERT INTO labipaasu_logid (tootaja_id, aeg, asukoht) VALUES (147, '2026-04-19 03:01:36', 'Peauks');
INSERT INTO labipaasu_logid (tootaja_id, aeg, asukoht) VALUES (134, '2026-04-19 03:01:01', 'Peauks');
INSERT INTO labipaasu_logid (tootaja_id, aeg, asukoht) VALUES (13, '2026-04-19 03:01:04', 'Peauks');
INSERT INTO labipaasu_logid (tootaja_id, aeg, asukoht) VALUES (15, '2026-04-19 03:01:12', 'Peauks');
INSERT INTO labipaasu_logid (tootaja_id, aeg, asukoht) VALUES (179, '2026-04-19 03:01:01', 'Peauks');
INSERT INTO labipaasu_logid (tootaja_id, aeg, asukoht) VALUES (42, '2026-04-19 03:01:07', 'Peauks');
INSERT INTO labipaasu_logid (tootaja_id, aeg, asukoht) VALUES (110, '2026-04-19 03:01:08', 'Peauks');
INSERT INTO labipaasu_logid (tootaja_id, aeg, asukoht) VALUES (30, '2026-04-19 03:01:44', 'Peauks');
INSERT INTO labipaasu_logid (tootaja_id, aeg, asukoht) VALUES (44, '2026-04-19 03:01:04', 'Peauks');
INSERT INTO labipaasu_logid (tootaja_id, aeg, asukoht) VALUES (40, '2026-04-19 03:01:32', 'Peauks');
INSERT INTO labipaasu_logid (tootaja_id, aeg, asukoht) VALUES (159, '2026-04-19 03:01:50', 'Peauks');
INSERT INTO labipaasu_logid (tootaja_id, aeg, asukoht) VALUES (75, '2026-04-19 03:01:58', 'Peauks');
INSERT INTO labipaasu_logid (tootaja_id, aeg, asukoht) VALUES (73, '2026-04-19 03:01:54', 'Peauks');
INSERT INTO labipaasu_logid (tootaja_id, aeg, asukoht) VALUES (43, '2026-04-19 03:01:10', 'Peauks');
INSERT INTO labipaasu_logid (tootaja_id, aeg, asukoht) VALUES (199, '2026-04-19 03:01:53', 'Peauks');
INSERT INTO labipaasu_logid (tootaja_id, aeg, asukoht) VALUES (121, '2026-04-19 03:01:54', 'Peauks');
INSERT INTO labipaasu_logid (tootaja_id, aeg, asukoht) VALUES (133, '2026-04-19 03:01:46', 'Peauks');
INSERT INTO labipaasu_logid (tootaja_id, aeg, asukoht) VALUES (15, '2026-04-19 03:01:08', 'Peauks');
INSERT INTO labipaasu_logid (tootaja_id, aeg, asukoht) VALUES (192, '2026-04-19 03:01:07', 'Peauks');
INSERT INTO labipaasu_logid (tootaja_id, aeg, asukoht) VALUES (165, '2026-04-19 03:01:55', 'Peauks');
INSERT INTO labipaasu_logid (tootaja_id, aeg, asukoht) VALUES (162, '2026-04-19 03:01:32', 'Peauks');
INSERT INTO labipaasu_logid (tootaja_id, aeg, asukoht) VALUES (146, '2026-04-19 03:01:48', 'Peauks');
INSERT INTO labipaasu_logid (tootaja_id, aeg, asukoht) VALUES (192, '2026-04-19 03:01:20', 'Peauks');
INSERT INTO labipaasu_logid (tootaja_id, aeg, asukoht) VALUES (141, '2026-04-19 03:01:19', 'Peauks');
INSERT INTO labipaasu_logid (tootaja_id, aeg, asukoht) VALUES (68, '2026-04-19 03:01:24', 'Peauks');
INSERT INTO labipaasu_logid (tootaja_id, aeg, asukoht) VALUES (124, '2026-04-19 03:01:20', 'Peauks');
INSERT INTO labipaasu_logid (tootaja_id, aeg, asukoht) VALUES (182, '2026-04-19 03:01:52', 'Peauks');
INSERT INTO labipaasu_logid (tootaja_id, aeg, asukoht) VALUES (72, '2026-04-19 03:01:34', 'Peauks');
INSERT INTO labipaasu_logid (tootaja_id, aeg, asukoht) VALUES (164, '2026-04-19 03:01:38', 'Peauks');
INSERT INTO labipaasu_logid (tootaja_id, aeg, asukoht) VALUES (3, '2026-04-19 03:00:58', 'Peauks');
INSERT INTO labipaasu_logid (tootaja_id, aeg, asukoht) VALUES (33, '2026-04-19 03:01:23', 'Peauks');
INSERT INTO labipaasu_logid (tootaja_id, aeg, asukoht) VALUES (177, '2026-04-19 03:01:15', 'Peauks');
INSERT INTO labipaasu_logid (tootaja_id, aeg, asukoht) VALUES (95, '2026-04-19 03:01:31', 'Peauks');
INSERT INTO labipaasu_logid (tootaja_id, aeg, asukoht) VALUES (92, '2026-04-19 03:01:17', 'Peauks');
INSERT INTO labipaasu_logid (tootaja_id, aeg, asukoht) VALUES (140, '2026-04-19 03:01:54', 'Peauks');
INSERT INTO labipaasu_logid (tootaja_id, aeg, asukoht) VALUES (9, '2026-04-19 03:01:13', 'Peauks');
INSERT INTO labipaasu_logid (tootaja_id, aeg, asukoht) VALUES (73, '2026-04-19 03:01:44', 'Peauks');
INSERT INTO labipaasu_logid (tootaja_id, aeg, asukoht) VALUES (111, '2026-04-19 03:01:23', 'Peauks');
INSERT INTO labipaasu_logid (tootaja_id, aeg, asukoht) VALUES (139, '2026-04-19 03:01:49', 'Peauks');
INSERT INTO labipaasu_logid (tootaja_id, aeg, asukoht) VALUES (128, '2026-04-19 03:01:10', 'Peauks');
INSERT INTO labipaasu_logid (tootaja_id, aeg, asukoht) VALUES (104, '2026-04-19 03:01:18', 'Peauks');
INSERT INTO labipaasu_logid (tootaja_id, aeg, asukoht) VALUES (158, '2026-04-19 03:01:44', 'Peauks');
INSERT INTO labipaasu_logid (tootaja_id, aeg, asukoht) VALUES (67, '2026-04-19 03:01:38', 'Peauks');
INSERT INTO labipaasu_logid (tootaja_id, aeg, asukoht) VALUES (86, '2026-04-19 03:01:53', 'Peauks');
INSERT INTO labipaasu_logid (tootaja_id, aeg, asukoht) VALUES (188, '2026-04-19 03:01:12', 'Peauks');
INSERT INTO labipaasu_logid (tootaja_id, aeg, asukoht) VALUES (195, '2026-04-19 03:01:45', 'Peauks');
INSERT INTO labipaasu_logid (tootaja_id, aeg, asukoht) VALUES (20, '2026-04-19 03:01:36', 'Peauks');
INSERT INTO labipaasu_logid (tootaja_id, aeg, asukoht) VALUES (187, '2026-04-19 03:01:21', 'Peauks');
INSERT INTO labipaasu_logid (tootaja_id, aeg, asukoht) VALUES (12, '2026-04-19 03:01:36', 'Peauks');
INSERT INTO labipaasu_logid (tootaja_id, aeg, asukoht) VALUES (195, '2026-04-19 03:01:37', 'Peauks');
INSERT INTO labipaasu_logid (tootaja_id, aeg, asukoht) VALUES (195, '2026-04-19 03:01:05', 'Peauks');
INSERT INTO labipaasu_logid (tootaja_id, aeg, asukoht) VALUES (159, '2026-04-19 03:01:52', 'Peauks');
INSERT INTO labipaasu_logid (tootaja_id, aeg, asukoht) VALUES (81, '2026-04-19 03:01:44', 'Peauks');
INSERT INTO labipaasu_logid (tootaja_id, aeg, asukoht) VALUES (88, '2026-04-19 03:01:33', 'Peauks');
INSERT INTO labipaasu_logid (tootaja_id, aeg, asukoht) VALUES (100, '2026-04-19 03:01:32', 'Peauks');
INSERT INTO labipaasu_logid (tootaja_id, aeg, asukoht) VALUES (37, '2026-04-19 03:01:34', 'Peauks');
INSERT INTO labipaasu_logid (tootaja_id, aeg, asukoht) VALUES (135, '2026-04-19 03:01:20', 'Peauks');
INSERT INTO labipaasu_logid (tootaja_id, aeg, asukoht) VALUES (115, '2026-04-19 03:01:30', 'Peauks');
INSERT INTO labipaasu_logid (tootaja_id, aeg, asukoht) VALUES (96, '2026-04-19 03:01:16', 'Peauks');
INSERT INTO labipaasu_logid (tootaja_id, aeg, asukoht) VALUES (99, '2026-04-19 03:01:41', 'Peauks');
INSERT INTO labipaasu_logid (tootaja_id, aeg, asukoht) VALUES (67, '2026-04-19 03:01:15', 'Peauks');
INSERT INTO labipaasu_logid (tootaja_id, aeg, asukoht) VALUES (73, '2026-04-19 03:01:28', 'Peauks');
INSERT INTO labipaasu_logid (tootaja_id, aeg, asukoht) VALUES (65, '2026-04-19 03:01:18', 'Peauks');
INSERT INTO labipaasu_logid (tootaja_id, aeg, asukoht) VALUES (33, '2026-04-19 03:01:51', 'Peauks');
INSERT INTO labipaasu_logid (tootaja_id, aeg, asukoht) VALUES (149, '2026-04-19 03:01:32', 'Peauks');
INSERT INTO labipaasu_logid (tootaja_id, aeg, asukoht) VALUES (9, '2026-04-19 03:01:30', 'Peauks');
INSERT INTO labipaasu_logid (tootaja_id, aeg, asukoht) VALUES (53, '2026-04-19 03:01:19', 'Peauks');
INSERT INTO labipaasu_logid (tootaja_id, aeg, asukoht) VALUES (169, '2026-04-19 03:01:44', 'Peauks');
INSERT INTO labipaasu_logid (tootaja_id, aeg, asukoht) VALUES (175, '2026-04-19 03:00:59', 'Peauks');
INSERT INTO labipaasu_logid (tootaja_id, aeg, asukoht) VALUES (106, '2026-04-19 03:01:07', 'Peauks');
INSERT INTO labipaasu_logid (tootaja_id, aeg, asukoht) VALUES (158, '2026-04-19 03:01:46', 'Peauks');
INSERT INTO labipaasu_logid (tootaja_id, aeg, asukoht) VALUES (69, '2026-04-19 03:00:58', 'Peauks');
INSERT INTO labipaasu_logid (tootaja_id, aeg, asukoht) VALUES (38, '2026-04-19 03:01:58', 'Peauks');
INSERT INTO labipaasu_logid (tootaja_id, aeg, asukoht) VALUES (62, '2026-04-19 03:01:40', 'Peauks');
INSERT INTO labipaasu_logid (tootaja_id, aeg, asukoht) VALUES (129, '2026-04-19 03:01:05', 'Peauks');
INSERT INTO labipaasu_logid (tootaja_id, aeg, asukoht) VALUES (107, '2026-04-19 03:01:54', 'Peauks');
INSERT INTO labipaasu_logid (tootaja_id, aeg, asukoht) VALUES (117, '2026-04-19 03:01:16', 'Peauks');
INSERT INTO labipaasu_logid (tootaja_id, aeg, asukoht) VALUES (89, '2026-04-19 03:01:37', 'Peauks');
INSERT INTO labipaasu_logid (tootaja_id, aeg, asukoht) VALUES (25, '2026-04-19 03:01:17', 'Peauks');
INSERT INTO labipaasu_logid (tootaja_id, aeg, asukoht) VALUES (104, '2026-04-19 03:01:53', 'Peauks');
INSERT INTO labipaasu_logid (tootaja_id, aeg, asukoht) VALUES (18, '2026-04-19 03:01:14', 'Peauks');
INSERT INTO labipaasu_logid (tootaja_id, aeg, asukoht) VALUES (64, '2026-04-19 03:00:59', 'Peauks');
INSERT INTO labipaasu_logid (tootaja_id, aeg, asukoht) VALUES (86, '2026-04-19 03:01:12', 'Peauks');
INSERT INTO labipaasu_logid (tootaja_id, aeg, asukoht) VALUES (63, '2026-04-19 03:01:02', 'Peauks');
INSERT INTO labipaasu_logid (tootaja_id, aeg, asukoht) VALUES (93, '2026-04-19 03:01:16', 'Peauks');
INSERT INTO labipaasu_logid (tootaja_id, aeg, asukoht) VALUES (62, '2026-04-19 03:01:35', 'Peauks');
INSERT INTO labipaasu_logid (tootaja_id, aeg, asukoht) VALUES (145, '2026-04-19 03:00:59', 'Peauks');
INSERT INTO labipaasu_logid (tootaja_id, aeg, asukoht) VALUES (151, '2026-04-19 03:01:38', 'Peauks');
INSERT INTO labipaasu_logid (tootaja_id, aeg, asukoht) VALUES (29, '2026-04-19 03:01:44', 'Peauks');
INSERT INTO labipaasu_logid (tootaja_id, aeg, asukoht) VALUES (62, '2026-04-19 03:01:44', 'Peauks');
INSERT INTO labipaasu_logid (tootaja_id, aeg, asukoht) VALUES (17, '2026-04-19 03:01:33', 'Peauks');
INSERT INTO labipaasu_logid (tootaja_id, aeg, asukoht) VALUES (173, '2026-04-19 03:01:29', 'Peauks');
INSERT INTO labipaasu_logid (tootaja_id, aeg, asukoht) VALUES (69, '2026-04-19 03:01:47', 'Peauks');
INSERT INTO labipaasu_logid (tootaja_id, aeg, asukoht) VALUES (85, '2026-04-19 03:00:58', 'Peauks');
INSERT INTO labipaasu_logid (tootaja_id, aeg, asukoht) VALUES (151, '2026-04-19 03:01:45', 'Peauks');
INSERT INTO labipaasu_logid (tootaja_id, aeg, asukoht) VALUES (186, '2026-04-19 03:01:00', 'Peauks');
INSERT INTO labipaasu_logid (tootaja_id, aeg, asukoht) VALUES (44, '2026-04-19 03:01:03', 'Peauks');
INSERT INTO labipaasu_logid (tootaja_id, aeg, asukoht) VALUES (189, '2026-04-19 03:01:56', 'Peauks');
INSERT INTO labipaasu_logid (tootaja_id, aeg, asukoht) VALUES (90, '2026-04-19 03:01:34', 'Peauks');
INSERT INTO labipaasu_logid (tootaja_id, aeg, asukoht) VALUES (158, '2026-04-19 03:01:48', 'Peauks');
INSERT INTO labipaasu_logid (tootaja_id, aeg, asukoht) VALUES (60, '2026-04-19 03:01:28', 'Peauks');
INSERT INTO labipaasu_logid (tootaja_id, aeg, asukoht) VALUES (19, '2026-04-19 03:01:55', 'Peauks');
INSERT INTO labipaasu_logid (tootaja_id, aeg, asukoht) VALUES (67, '2026-04-19 03:01:40', 'Peauks');
INSERT INTO labipaasu_logid (tootaja_id, aeg, asukoht) VALUES (51, '2026-04-19 03:01:24', 'Peauks');
INSERT INTO labipaasu_logid (tootaja_id, aeg, asukoht) VALUES (68, '2026-04-19 03:01:52', 'Peauks');
INSERT INTO labipaasu_logid (tootaja_id, aeg, asukoht) VALUES (169, '2026-04-19 03:01:57', 'Peauks');
INSERT INTO labipaasu_logid (tootaja_id, aeg, asukoht) VALUES (94, '2026-04-19 03:01:31', 'Peauks');
INSERT INTO labipaasu_logid (tootaja_id, aeg, asukoht) VALUES (59, '2026-04-19 03:01:00', 'Peauks');
INSERT INTO labipaasu_logid (tootaja_id, aeg, asukoht) VALUES (171, '2026-04-19 03:01:40', 'Peauks');
INSERT INTO labipaasu_logid (tootaja_id, aeg, asukoht) VALUES (128, '2026-04-19 03:01:25', 'Peauks');
INSERT INTO labipaasu_logid (tootaja_id, aeg, asukoht) VALUES (135, '2026-04-19 03:01:23', 'Peauks');
INSERT INTO labipaasu_logid (tootaja_id, aeg, asukoht) VALUES (176, '2026-04-19 03:01:23', 'Peauks');
INSERT INTO labipaasu_logid (tootaja_id, aeg, asukoht) VALUES (185, '2026-04-19 03:01:14', 'Peauks');
INSERT INTO labipaasu_logid (tootaja_id, aeg, asukoht) VALUES (113, '2026-04-19 03:01:39', 'Peauks');
INSERT INTO labipaasu_logid (tootaja_id, aeg, asukoht) VALUES (158, '2026-04-19 03:01:41', 'Peauks');
INSERT INTO labipaasu_logid (tootaja_id, aeg, asukoht) VALUES (93, '2026-04-19 03:01:48', 'Peauks');
INSERT INTO labipaasu_logid (tootaja_id, aeg, asukoht) VALUES (158, '2026-04-19 03:01:37', 'Peauks');
INSERT INTO labipaasu_logid (tootaja_id, aeg, asukoht) VALUES (80, '2026-04-19 03:01:54', 'Peauks');
INSERT INTO labipaasu_logid (tootaja_id, aeg, asukoht) VALUES (193, '2026-04-19 03:01:25', 'Peauks');
INSERT INTO labipaasu_logid (tootaja_id, aeg, asukoht) VALUES (137, '2026-04-19 03:01:05', 'Peauks');
INSERT INTO labipaasu_logid (tootaja_id, aeg, asukoht) VALUES (33, '2026-04-19 03:01:07', 'Peauks');
INSERT INTO labipaasu_logid (tootaja_id, aeg, asukoht) VALUES (16, '2026-04-19 03:01:19', 'Peauks');
INSERT INTO labipaasu_logid (tootaja_id, aeg, asukoht) VALUES (146, '2026-04-19 03:01:06', 'Peauks');
INSERT INTO labipaasu_logid (tootaja_id, aeg, asukoht) VALUES (157, '2026-04-19 03:01:28', 'Peauks');
INSERT INTO labipaasu_logid (tootaja_id, aeg, asukoht) VALUES (9, '2026-04-19 03:01:16', 'Peauks');
INSERT INTO labipaasu_logid (tootaja_id, aeg, asukoht) VALUES (34, '2026-04-19 03:01:08', 'Peauks');
INSERT INTO labipaasu_logid (tootaja_id, aeg, asukoht) VALUES (9, '2026-04-19 03:01:15', 'Peauks');
INSERT INTO labipaasu_logid (tootaja_id, aeg, asukoht) VALUES (25, '2026-04-19 03:01:40', 'Peauks');
INSERT INTO labipaasu_logid (tootaja_id, aeg, asukoht) VALUES (72, '2026-04-19 03:01:55', 'Peauks');
INSERT INTO labipaasu_logid (tootaja_id, aeg, asukoht) VALUES (59, '2026-04-19 03:01:23', 'Peauks');
INSERT INTO labipaasu_logid (tootaja_id, aeg, asukoht) VALUES (2, '2026-04-19 03:01:29', 'Peauks');
INSERT INTO labipaasu_logid (tootaja_id, aeg, asukoht) VALUES (29, '2026-04-19 03:01:14', 'Peauks');
INSERT INTO labipaasu_logid (tootaja_id, aeg, asukoht) VALUES (151, '2026-04-19 03:01:21', 'Peauks');
INSERT INTO labipaasu_logid (tootaja_id, aeg, asukoht) VALUES (56, '2026-04-19 03:01:09', 'Peauks');
INSERT INTO labipaasu_logid (tootaja_id, aeg, asukoht) VALUES (182, '2026-04-19 03:01:00', 'Peauks');
INSERT INTO labipaasu_logid (tootaja_id, aeg, asukoht) VALUES (148, '2026-04-19 03:01:11', 'Peauks');
INSERT INTO labipaasu_logid (tootaja_id, aeg, asukoht) VALUES (9, '2026-04-19 03:00:58', 'Peauks');
INSERT INTO labipaasu_logid (tootaja_id, aeg, asukoht) VALUES (56, '2026-04-19 03:01:16', 'Peauks');
INSERT INTO labipaasu_logid (tootaja_id, aeg, asukoht) VALUES (88, '2026-04-19 03:01:03', 'Peauks');
INSERT INTO labipaasu_logid (tootaja_id, aeg, asukoht) VALUES (156, '2026-04-19 03:01:30', 'Peauks');
INSERT INTO labipaasu_logid (tootaja_id, aeg, asukoht) VALUES (187, '2026-04-19 03:01:37', 'Peauks');
INSERT INTO labipaasu_logid (tootaja_id, aeg, asukoht) VALUES (32, '2026-04-19 03:01:54', 'Peauks');
INSERT INTO labipaasu_logid (tootaja_id, aeg, asukoht) VALUES (9, '2026-04-19 03:01:44', 'Peauks');
INSERT INTO labipaasu_logid (tootaja_id, aeg, asukoht) VALUES (28, '2026-04-19 03:01:57', 'Peauks');
INSERT INTO labipaasu_logid (tootaja_id, aeg, asukoht) VALUES (142, '2026-04-19 03:01:21', 'Peauks');
INSERT INTO labipaasu_logid (tootaja_id, aeg, asukoht) VALUES (46, '2026-04-19 03:01:34', 'Peauks');
INSERT INTO labipaasu_logid (tootaja_id, aeg, asukoht) VALUES (195, '2026-04-19 03:01:22', 'Peauks');
INSERT INTO labipaasu_logid (tootaja_id, aeg, asukoht) VALUES (21, '2026-04-19 03:01:40', 'Peauks');
INSERT INTO labipaasu_logid (tootaja_id, aeg, asukoht) VALUES (91, '2026-04-19 03:01:38', 'Peauks');
INSERT INTO labipaasu_logid (tootaja_id, aeg, asukoht) VALUES (58, '2026-04-19 03:01:58', 'Peauks');
INSERT INTO labipaasu_logid (tootaja_id, aeg, asukoht) VALUES (182, '2026-04-19 03:01:35', 'Peauks');
INSERT INTO labipaasu_logid (tootaja_id, aeg, asukoht) VALUES (151, '2026-04-19 03:01:44', 'Peauks');
INSERT INTO labipaasu_logid (tootaja_id, aeg, asukoht) VALUES (196, '2026-04-19 03:01:26', 'Peauks');
INSERT INTO labipaasu_logid (tootaja_id, aeg, asukoht) VALUES (119, '2026-04-19 03:01:17', 'Peauks');
INSERT INTO labipaasu_logid (tootaja_id, aeg, asukoht) VALUES (186, '2026-04-19 03:01:39', 'Peauks');
INSERT INTO labipaasu_logid (tootaja_id, aeg, asukoht) VALUES (124, '2026-04-19 03:01:34', 'Peauks');
INSERT INTO labipaasu_logid (tootaja_id, aeg, asukoht) VALUES (11, '2026-04-19 03:01:27', 'Peauks');
INSERT INTO labipaasu_logid (tootaja_id, aeg, asukoht) VALUES (157, '2026-04-19 03:01:27', 'Peauks');
INSERT INTO labipaasu_logid (tootaja_id, aeg, asukoht) VALUES (123, '2026-04-19 03:01:09', 'Peauks');
INSERT INTO labipaasu_logid (tootaja_id, aeg, asukoht) VALUES (188, '2026-04-19 03:01:47', 'Peauks');
INSERT INTO labipaasu_logid (tootaja_id, aeg, asukoht) VALUES (35, '2026-04-19 03:01:40', 'Peauks');
INSERT INTO labipaasu_logid (tootaja_id, aeg, asukoht) VALUES (81, '2026-04-19 03:01:43', 'Peauks');
INSERT INTO labipaasu_logid (tootaja_id, aeg, asukoht) VALUES (146, '2026-04-19 03:01:00', 'Peauks');
INSERT INTO labipaasu_logid (tootaja_id, aeg, asukoht) VALUES (50, '2026-04-19 03:01:29', 'Peauks');
INSERT INTO labipaasu_logid (tootaja_id, aeg, asukoht) VALUES (28, '2026-04-19 03:01:14', 'Peauks');
INSERT INTO labipaasu_logid (tootaja_id, aeg, asukoht) VALUES (110, '2026-04-19 03:01:14', 'Peauks');
INSERT INTO labipaasu_logid (tootaja_id, aeg, asukoht) VALUES (111, '2026-04-19 03:01:40', 'Peauks');
INSERT INTO labipaasu_logid (tootaja_id, aeg, asukoht) VALUES (1, '2026-04-19 03:01:15', 'Peauks');
INSERT INTO labipaasu_logid (tootaja_id, aeg, asukoht) VALUES (96, '2026-04-19 03:01:49', 'Peauks');
INSERT INTO labipaasu_logid (tootaja_id, aeg, asukoht) VALUES (150, '2026-04-19 03:01:05', 'Peauks');
INSERT INTO labipaasu_logid (tootaja_id, aeg, asukoht) VALUES (50, '2026-04-19 03:01:37', 'Peauks');
INSERT INTO labipaasu_logid (tootaja_id, aeg, asukoht) VALUES (92, '2026-04-19 03:01:32', 'Peauks');
INSERT INTO labipaasu_logid (tootaja_id, aeg, asukoht) VALUES (111, '2026-04-19 03:01:29', 'Peauks');
INSERT INTO labipaasu_logid (tootaja_id, aeg, asukoht) VALUES (129, '2026-04-19 03:01:24', 'Peauks');
INSERT INTO labipaasu_logid (tootaja_id, aeg, asukoht) VALUES (14, '2026-04-19 03:01:33', 'Peauks');
INSERT INTO labipaasu_logid (tootaja_id, aeg, asukoht) VALUES (83, '2026-04-19 03:01:31', 'Peauks');
INSERT INTO labipaasu_logid (tootaja_id, aeg, asukoht) VALUES (19, '2026-04-19 03:01:27', 'Peauks');
INSERT INTO labipaasu_logid (tootaja_id, aeg, asukoht) VALUES (129, '2026-04-19 03:01:05', 'Peauks');
INSERT INTO labipaasu_logid (tootaja_id, aeg, asukoht) VALUES (200, '2026-04-19 03:01:27', 'Peauks');
INSERT INTO labipaasu_logid (tootaja_id, aeg, asukoht) VALUES (11, '2026-04-19 03:01:51', 'Peauks');
INSERT INTO labipaasu_logid (tootaja_id, aeg, asukoht) VALUES (87, '2026-04-19 03:01:52', 'Peauks');
INSERT INTO labipaasu_logid (tootaja_id, aeg, asukoht) VALUES (152, '2026-04-19 03:01:49', 'Peauks');
INSERT INTO labipaasu_logid (tootaja_id, aeg, asukoht) VALUES (179, '2026-04-19 03:01:09', 'Peauks');
INSERT INTO labipaasu_logid (tootaja_id, aeg, asukoht) VALUES (156, '2026-04-19 03:01:41', 'Peauks');
INSERT INTO labipaasu_logid (tootaja_id, aeg, asukoht) VALUES (7, '2026-04-19 03:01:17', 'Peauks');
INSERT INTO labipaasu_logid (tootaja_id, aeg, asukoht) VALUES (88, '2026-04-19 03:01:16', 'Peauks');
INSERT INTO labipaasu_logid (tootaja_id, aeg, asukoht) VALUES (183, '2026-04-19 03:01:15', 'Peauks');
INSERT INTO labipaasu_logid (tootaja_id, aeg, asukoht) VALUES (82, '2026-04-19 03:01:16', 'Peauks');
INSERT INTO labipaasu_logid (tootaja_id, aeg, asukoht) VALUES (132, '2026-04-19 03:01:29', 'Peauks');
INSERT INTO labipaasu_logid (tootaja_id, aeg, asukoht) VALUES (39, '2026-04-19 03:01:51', 'Peauks');
INSERT INTO labipaasu_logid (tootaja_id, aeg, asukoht) VALUES (76, '2026-04-19 03:01:02', 'Peauks');
INSERT INTO labipaasu_logid (tootaja_id, aeg, asukoht) VALUES (162, '2026-04-19 03:01:00', 'Peauks');
INSERT INTO labipaasu_logid (tootaja_id, aeg, asukoht) VALUES (30, '2026-04-19 03:01:13', 'Peauks');
INSERT INTO labipaasu_logid (tootaja_id, aeg, asukoht) VALUES (43, '2026-04-19 03:00:59', 'Peauks');
INSERT INTO labipaasu_logid (tootaja_id, aeg, asukoht) VALUES (84, '2026-04-19 03:01:06', 'Peauks');
INSERT INTO labipaasu_logid (tootaja_id, aeg, asukoht) VALUES (98, '2026-04-19 03:01:44', 'Peauks');
INSERT INTO labipaasu_logid (tootaja_id, aeg, asukoht) VALUES (23, '2026-04-19 03:01:45', 'Peauks');
INSERT INTO labipaasu_logid (tootaja_id, aeg, asukoht) VALUES (106, '2026-04-19 03:01:54', 'Peauks');
INSERT INTO labipaasu_logid (tootaja_id, aeg, asukoht) VALUES (164, '2026-04-19 03:01:32', 'Peauks');
INSERT INTO labipaasu_logid (tootaja_id, aeg, asukoht) VALUES (164, '2026-04-19 03:01:33', 'Peauks');
INSERT INTO labipaasu_logid (tootaja_id, aeg, asukoht) VALUES (25, '2026-04-19 03:01:16', 'Peauks');
INSERT INTO labipaasu_logid (tootaja_id, aeg, asukoht) VALUES (33, '2026-04-19 03:01:26', 'Peauks');
INSERT INTO labipaasu_logid (tootaja_id, aeg, asukoht) VALUES (149, '2026-04-19 03:01:07', 'Peauks');
INSERT INTO labipaasu_logid (tootaja_id, aeg, asukoht) VALUES (68, '2026-04-19 03:01:09', 'Peauks');
INSERT INTO labipaasu_logid (tootaja_id, aeg, asukoht) VALUES (39, '2026-04-19 03:01:47', 'Peauks');
INSERT INTO labipaasu_logid (tootaja_id, aeg, asukoht) VALUES (114, '2026-04-19 03:01:52', 'Peauks');
INSERT INTO labipaasu_logid (tootaja_id, aeg, asukoht) VALUES (7, '2026-04-19 03:01:43', 'Peauks');
INSERT INTO labipaasu_logid (tootaja_id, aeg, asukoht) VALUES (197, '2026-04-19 03:01:19', 'Peauks');
INSERT INTO labipaasu_logid (tootaja_id, aeg, asukoht) VALUES (175, '2026-04-19 03:01:48', 'Peauks');
INSERT INTO labipaasu_logid (tootaja_id, aeg, asukoht) VALUES (34, '2026-04-19 03:01:15', 'Peauks');
INSERT INTO labipaasu_logid (tootaja_id, aeg, asukoht) VALUES (9, '2026-04-19 03:01:09', 'Peauks');
INSERT INTO labipaasu_logid (tootaja_id, aeg, asukoht) VALUES (43, '2026-04-19 03:01:39', 'Peauks');
INSERT INTO labipaasu_logid (tootaja_id, aeg, asukoht) VALUES (92, '2026-04-19 03:01:46', 'Peauks');
INSERT INTO labipaasu_logid (tootaja_id, aeg, asukoht) VALUES (62, '2026-04-19 03:01:47', 'Peauks');
INSERT INTO labipaasu_logid (tootaja_id, aeg, asukoht) VALUES (82, '2026-04-19 03:01:27', 'Peauks');
INSERT INTO labipaasu_logid (tootaja_id, aeg, asukoht) VALUES (192, '2026-04-19 03:01:42', 'Peauks');
INSERT INTO labipaasu_logid (tootaja_id, aeg, asukoht) VALUES (75, '2026-04-19 03:01:37', 'Peauks');
INSERT INTO labipaasu_logid (tootaja_id, aeg, asukoht) VALUES (41, '2026-04-19 03:01:25', 'Peauks');
INSERT INTO labipaasu_logid (tootaja_id, aeg, asukoht) VALUES (148, '2026-04-19 03:01:53', 'Peauks');
INSERT INTO labipaasu_logid (tootaja_id, aeg, asukoht) VALUES (114, '2026-04-19 03:01:06', 'Peauks');
INSERT INTO labipaasu_logid (tootaja_id, aeg, asukoht) VALUES (19, '2026-04-19 03:01:12', 'Peauks');
INSERT INTO labipaasu_logid (tootaja_id, aeg, asukoht) VALUES (25, '2026-04-19 03:01:16', 'Peauks');
INSERT INTO labipaasu_logid (tootaja_id, aeg, asukoht) VALUES (153, '2026-04-19 03:01:18', 'Peauks');
INSERT INTO labipaasu_logid (tootaja_id, aeg, asukoht) VALUES (34, '2026-04-19 03:01:11', 'Peauks');
INSERT INTO labipaasu_logid (tootaja_id, aeg, asukoht) VALUES (25, '2026-04-19 03:01:28', 'Peauks');
INSERT INTO labipaasu_logid (tootaja_id, aeg, asukoht) VALUES (41, '2026-04-19 03:01:45', 'Peauks');
INSERT INTO labipaasu_logid (tootaja_id, aeg, asukoht) VALUES (87, '2026-04-19 03:01:15', 'Peauks');
INSERT INTO labipaasu_logid (tootaja_id, aeg, asukoht) VALUES (185, '2026-04-19 03:01:31', 'Peauks');
INSERT INTO labipaasu_logid (tootaja_id, aeg, asukoht) VALUES (115, '2026-04-19 03:01:25', 'Peauks');
INSERT INTO labipaasu_logid (tootaja_id, aeg, asukoht) VALUES (63, '2026-04-19 03:01:20', 'Peauks');
INSERT INTO labipaasu_logid (tootaja_id, aeg, asukoht) VALUES (121, '2026-04-19 03:01:08', 'Peauks');
INSERT INTO labipaasu_logid (tootaja_id, aeg, asukoht) VALUES (104, '2026-04-19 03:01:01', 'Peauks');
INSERT INTO labipaasu_logid (tootaja_id, aeg, asukoht) VALUES (146, '2026-04-19 03:01:02', 'Peauks');
INSERT INTO labipaasu_logid (tootaja_id, aeg, asukoht) VALUES (36, '2026-04-19 03:01:52', 'Peauks');
INSERT INTO labipaasu_logid (tootaja_id, aeg, asukoht) VALUES (144, '2026-04-19 03:01:03', 'Peauks');
INSERT INTO labipaasu_logid (tootaja_id, aeg, asukoht) VALUES (74, '2026-04-19 03:01:35', 'Peauks');
INSERT INTO labipaasu_logid (tootaja_id, aeg, asukoht) VALUES (197, '2026-04-19 03:01:02', 'Peauks');
INSERT INTO labipaasu_logid (tootaja_id, aeg, asukoht) VALUES (49, '2026-04-19 03:01:32', 'Peauks');
INSERT INTO labipaasu_logid (tootaja_id, aeg, asukoht) VALUES (157, '2026-04-19 03:01:38', 'Peauks');
INSERT INTO labipaasu_logid (tootaja_id, aeg, asukoht) VALUES (47, '2026-04-19 03:01:45', 'Peauks');
INSERT INTO labipaasu_logid (tootaja_id, aeg, asukoht) VALUES (16, '2026-04-19 03:01:00', 'Peauks');
INSERT INTO labipaasu_logid (tootaja_id, aeg, asukoht) VALUES (156, '2026-04-19 03:01:22', 'Peauks');
INSERT INTO labipaasu_logid (tootaja_id, aeg, asukoht) VALUES (145, '2026-04-19 03:01:55', 'Peauks');
INSERT INTO labipaasu_logid (tootaja_id, aeg, asukoht) VALUES (7, '2026-04-19 03:01:46', 'Peauks');
INSERT INTO labipaasu_logid (tootaja_id, aeg, asukoht) VALUES (78, '2026-04-19 03:01:39', 'Peauks');
INSERT INTO labipaasu_logid (tootaja_id, aeg, asukoht) VALUES (172, '2026-04-19 03:01:25', 'Peauks');
INSERT INTO labipaasu_logid (tootaja_id, aeg, asukoht) VALUES (127, '2026-04-19 03:01:04', 'Peauks');
INSERT INTO labipaasu_logid (tootaja_id, aeg, asukoht) VALUES (45, '2026-04-19 03:01:55', 'Peauks');
INSERT INTO labipaasu_logid (tootaja_id, aeg, asukoht) VALUES (21, '2026-04-19 03:01:36', 'Peauks');
INSERT INTO labipaasu_logid (tootaja_id, aeg, asukoht) VALUES (169, '2026-04-19 03:01:39', 'Peauks');
INSERT INTO labipaasu_logid (tootaja_id, aeg, asukoht) VALUES (62, '2026-04-19 03:01:36', 'Peauks');
INSERT INTO labipaasu_logid (tootaja_id, aeg, asukoht) VALUES (141, '2026-04-19 03:01:34', 'Peauks');
INSERT INTO labipaasu_logid (tootaja_id, aeg, asukoht) VALUES (181, '2026-04-19 03:01:56', 'Peauks');
INSERT INTO labipaasu_logid (tootaja_id, aeg, asukoht) VALUES (84, '2026-04-19 03:01:44', 'Peauks');
INSERT INTO labipaasu_logid (tootaja_id, aeg, asukoht) VALUES (121, '2026-04-19 03:01:19', 'Peauks');
INSERT INTO labipaasu_logid (tootaja_id, aeg, asukoht) VALUES (99, '2026-04-19 03:01:10', 'Peauks');
INSERT INTO labipaasu_logid (tootaja_id, aeg, asukoht) VALUES (42, '2026-04-19 03:01:08', 'Peauks');
INSERT INTO labipaasu_logid (tootaja_id, aeg, asukoht) VALUES (113, '2026-04-19 03:01:44', 'Peauks');
INSERT INTO labipaasu_logid (tootaja_id, aeg, asukoht) VALUES (88, '2026-04-19 03:01:10', 'Peauks');
INSERT INTO labipaasu_logid (tootaja_id, aeg, asukoht) VALUES (32, '2026-04-19 03:01:44', 'Peauks');
INSERT INTO labipaasu_logid (tootaja_id, aeg, asukoht) VALUES (95, '2026-04-19 03:01:55', 'Peauks');
INSERT INTO labipaasu_logid (tootaja_id, aeg, asukoht) VALUES (122, '2026-04-19 03:01:43', 'Peauks');
INSERT INTO labipaasu_logid (tootaja_id, aeg, asukoht) VALUES (77, '2026-04-19 03:01:52', 'Peauks');
INSERT INTO labipaasu_logid (tootaja_id, aeg, asukoht) VALUES (199, '2026-04-19 03:01:30', 'Peauks');
INSERT INTO labipaasu_logid (tootaja_id, aeg, asukoht) VALUES (77, '2026-04-19 03:01:30', 'Peauks');
INSERT INTO labipaasu_logid (tootaja_id, aeg, asukoht) VALUES (15, '2026-04-19 03:01:14', 'Peauks');
INSERT INTO labipaasu_logid (tootaja_id, aeg, asukoht) VALUES (77, '2026-04-19 03:01:20', 'Peauks');
INSERT INTO labipaasu_logid (tootaja_id, aeg, asukoht) VALUES (46, '2026-04-19 03:01:20', 'Peauks');
INSERT INTO labipaasu_logid (tootaja_id, aeg, asukoht) VALUES (1, '2026-04-19 03:01:23', 'Peauks');
INSERT INTO labipaasu_logid (tootaja_id, aeg, asukoht) VALUES (5, '2026-04-19 03:01:17', 'Peauks');
INSERT INTO labipaasu_logid (tootaja_id, aeg, asukoht) VALUES (46, '2026-04-19 03:01:23', 'Peauks');
INSERT INTO labipaasu_logid (tootaja_id, aeg, asukoht) VALUES (88, '2026-04-19 03:01:52', 'Peauks');
INSERT INTO labipaasu_logid (tootaja_id, aeg, asukoht) VALUES (162, '2026-04-19 03:01:53', 'Peauks');
INSERT INTO labipaasu_logid (tootaja_id, aeg, asukoht) VALUES (67, '2026-04-19 03:01:05', 'Peauks');
INSERT INTO labipaasu_logid (tootaja_id, aeg, asukoht) VALUES (95, '2026-04-19 03:01:30', 'Peauks');
INSERT INTO labipaasu_logid (tootaja_id, aeg, asukoht) VALUES (141, '2026-04-19 03:01:32', 'Peauks');
INSERT INTO labipaasu_logid (tootaja_id, aeg, asukoht) VALUES (115, '2026-04-19 03:01:34', 'Peauks');
INSERT INTO labipaasu_logid (tootaja_id, aeg, asukoht) VALUES (127, '2026-04-19 03:01:58', 'Peauks');
INSERT INTO labipaasu_logid (tootaja_id, aeg, asukoht) VALUES (119, '2026-04-19 03:01:19', 'Peauks');
INSERT INTO labipaasu_logid (tootaja_id, aeg, asukoht) VALUES (53, '2026-04-19 03:01:18', 'Peauks');
INSERT INTO labipaasu_logid (tootaja_id, aeg, asukoht) VALUES (31, '2026-04-19 03:01:32', 'Peauks');
INSERT INTO labipaasu_logid (tootaja_id, aeg, asukoht) VALUES (146, '2026-04-19 03:01:45', 'Peauks');
INSERT INTO labipaasu_logid (tootaja_id, aeg, asukoht) VALUES (114, '2026-04-19 03:01:25', 'Peauks');
INSERT INTO labipaasu_logid (tootaja_id, aeg, asukoht) VALUES (181, '2026-04-19 03:01:14', 'Peauks');
INSERT INTO labipaasu_logid (tootaja_id, aeg, asukoht) VALUES (10, '2026-04-19 03:01:28', 'Peauks');
INSERT INTO labipaasu_logid (tootaja_id, aeg, asukoht) VALUES (176, '2026-04-19 03:01:30', 'Peauks');
INSERT INTO labipaasu_logid (tootaja_id, aeg, asukoht) VALUES (28, '2026-04-19 03:00:58', 'Peauks');
INSERT INTO labipaasu_logid (tootaja_id, aeg, asukoht) VALUES (8, '2026-04-19 03:01:15', 'Peauks');
INSERT INTO labipaasu_logid (tootaja_id, aeg, asukoht) VALUES (197, '2026-04-19 03:01:30', 'Peauks');
INSERT INTO labipaasu_logid (tootaja_id, aeg, asukoht) VALUES (120, '2026-04-19 03:01:10', 'Peauks');
INSERT INTO labipaasu_logid (tootaja_id, aeg, asukoht) VALUES (91, '2026-04-19 03:01:17', 'Peauks');
INSERT INTO labipaasu_logid (tootaja_id, aeg, asukoht) VALUES (102, '2026-04-19 03:01:51', 'Peauks');
INSERT INTO labipaasu_logid (tootaja_id, aeg, asukoht) VALUES (65, '2026-04-19 03:01:01', 'Peauks');
INSERT INTO labipaasu_logid (tootaja_id, aeg, asukoht) VALUES (57, '2026-04-19 03:01:19', 'Peauks');
INSERT INTO labipaasu_logid (tootaja_id, aeg, asukoht) VALUES (138, '2026-04-19 03:01:36', 'Peauks');
INSERT INTO labipaasu_logid (tootaja_id, aeg, asukoht) VALUES (13, '2026-04-19 03:01:17', 'Peauks');
INSERT INTO labipaasu_logid (tootaja_id, aeg, asukoht) VALUES (17, '2026-04-19 03:01:23', 'Peauks');
INSERT INTO labipaasu_logid (tootaja_id, aeg, asukoht) VALUES (79, '2026-04-19 03:01:47', 'Peauks');
INSERT INTO labipaasu_logid (tootaja_id, aeg, asukoht) VALUES (152, '2026-04-19 03:01:31', 'Peauks');
INSERT INTO labipaasu_logid (tootaja_id, aeg, asukoht) VALUES (146, '2026-04-19 03:01:56', 'Peauks');
INSERT INTO labipaasu_logid (tootaja_id, aeg, asukoht) VALUES (71, '2026-04-19 03:01:07', 'Peauks');
INSERT INTO labipaasu_logid (tootaja_id, aeg, asukoht) VALUES (116, '2026-04-19 03:01:12', 'Peauks');
INSERT INTO labipaasu_logid (tootaja_id, aeg, asukoht) VALUES (147, '2026-04-19 03:01:14', 'Peauks');
INSERT INTO labipaasu_logid (tootaja_id, aeg, asukoht) VALUES (170, '2026-04-19 03:01:57', 'Peauks');
INSERT INTO labipaasu_logid (tootaja_id, aeg, asukoht) VALUES (56, '2026-04-19 03:01:58', 'Peauks');
INSERT INTO labipaasu_logid (tootaja_id, aeg, asukoht) VALUES (23, '2026-04-19 03:01:05', 'Peauks');
INSERT INTO labipaasu_logid (tootaja_id, aeg, asukoht) VALUES (125, '2026-04-19 03:01:02', 'Peauks');
INSERT INTO labipaasu_logid (tootaja_id, aeg, asukoht) VALUES (110, '2026-04-19 03:00:59', 'Peauks');
INSERT INTO labipaasu_logid (tootaja_id, aeg, asukoht) VALUES (125, '2026-04-19 03:01:56', 'Peauks');
INSERT INTO labipaasu_logid (tootaja_id, aeg, asukoht) VALUES (3, '2026-04-19 03:01:11', 'Peauks');
INSERT INTO labipaasu_logid (tootaja_id, aeg, asukoht) VALUES (95, '2026-04-19 03:01:28', 'Peauks');
INSERT INTO labipaasu_logid (tootaja_id, aeg, asukoht) VALUES (7, '2026-04-19 03:01:23', 'Peauks');
INSERT INTO labipaasu_logid (tootaja_id, aeg, asukoht) VALUES (56, '2026-04-19 03:01:02', 'Peauks');
INSERT INTO labipaasu_logid (tootaja_id, aeg, asukoht) VALUES (107, '2026-04-19 03:01:09', 'Peauks');
INSERT INTO labipaasu_logid (tootaja_id, aeg, asukoht) VALUES (107, '2026-04-19 03:01:17', 'Peauks');
INSERT INTO labipaasu_logid (tootaja_id, aeg, asukoht) VALUES (72, '2026-04-19 03:01:00', 'Peauks');
INSERT INTO labipaasu_logid (tootaja_id, aeg, asukoht) VALUES (93, '2026-04-19 03:01:05', 'Peauks');
INSERT INTO labipaasu_logid (tootaja_id, aeg, asukoht) VALUES (186, '2026-04-19 03:01:54', 'Peauks');
INSERT INTO labipaasu_logid (tootaja_id, aeg, asukoht) VALUES (90, '2026-04-19 03:01:10', 'Peauks');
INSERT INTO labipaasu_logid (tootaja_id, aeg, asukoht) VALUES (165, '2026-04-19 03:01:02', 'Peauks');
INSERT INTO labipaasu_logid (tootaja_id, aeg, asukoht) VALUES (158, '2026-04-19 03:01:10', 'Peauks');
INSERT INTO labipaasu_logid (tootaja_id, aeg, asukoht) VALUES (130, '2026-04-19 03:01:58', 'Peauks');
INSERT INTO labipaasu_logid (tootaja_id, aeg, asukoht) VALUES (53, '2026-04-19 03:01:17', 'Peauks');
INSERT INTO labipaasu_logid (tootaja_id, aeg, asukoht) VALUES (111, '2026-04-19 03:01:31', 'Peauks');
INSERT INTO labipaasu_logid (tootaja_id, aeg, asukoht) VALUES (143, '2026-04-19 03:01:41', 'Peauks');
INSERT INTO labipaasu_logid (tootaja_id, aeg, asukoht) VALUES (147, '2026-04-19 03:01:45', 'Peauks');
INSERT INTO labipaasu_logid (tootaja_id, aeg, asukoht) VALUES (182, '2026-04-19 03:01:00', 'Peauks');
INSERT INTO labipaasu_logid (tootaja_id, aeg, asukoht) VALUES (75, '2026-04-19 03:01:38', 'Peauks');
INSERT INTO labipaasu_logid (tootaja_id, aeg, asukoht) VALUES (102, '2026-04-19 03:01:52', 'Peauks');
INSERT INTO labipaasu_logid (tootaja_id, aeg, asukoht) VALUES (189, '2026-04-19 03:01:45', 'Peauks');
INSERT INTO labipaasu_logid (tootaja_id, aeg, asukoht) VALUES (176, '2026-04-19 03:01:06', 'Peauks');
INSERT INTO labipaasu_logid (tootaja_id, aeg, asukoht) VALUES (87, '2026-04-19 03:01:12', 'Peauks');
INSERT INTO labipaasu_logid (tootaja_id, aeg, asukoht) VALUES (163, '2026-04-19 03:01:41', 'Peauks');
INSERT INTO labipaasu_logid (tootaja_id, aeg, asukoht) VALUES (4, '2026-04-19 03:01:17', 'Peauks');
INSERT INTO labipaasu_logid (tootaja_id, aeg, asukoht) VALUES (75, '2026-04-19 03:01:03', 'Peauks');
INSERT INTO labipaasu_logid (tootaja_id, aeg, asukoht) VALUES (77, '2026-04-19 03:01:08', 'Peauks');
INSERT INTO labipaasu_logid (tootaja_id, aeg, asukoht) VALUES (145, '2026-04-19 03:01:50', 'Peauks');
INSERT INTO labipaasu_logid (tootaja_id, aeg, asukoht) VALUES (164, '2026-04-19 03:01:40', 'Peauks');
INSERT INTO labipaasu_logid (tootaja_id, aeg, asukoht) VALUES (85, '2026-04-19 03:01:30', 'Peauks');
INSERT INTO labipaasu_logid (tootaja_id, aeg, asukoht) VALUES (12, '2026-04-19 03:01:36', 'Peauks');
INSERT INTO labipaasu_logid (tootaja_id, aeg, asukoht) VALUES (193, '2026-04-19 03:01:51', 'Peauks');
INSERT INTO labipaasu_logid (tootaja_id, aeg, asukoht) VALUES (116, '2026-04-19 03:01:13', 'Peauks');
INSERT INTO labipaasu_logid (tootaja_id, aeg, asukoht) VALUES (53, '2026-04-19 03:01:21', 'Peauks');
INSERT INTO labipaasu_logid (tootaja_id, aeg, asukoht) VALUES (127, '2026-04-19 03:01:41', 'Peauks');
INSERT INTO labipaasu_logid (tootaja_id, aeg, asukoht) VALUES (65, '2026-04-19 03:01:08', 'Peauks');
INSERT INTO labipaasu_logid (tootaja_id, aeg, asukoht) VALUES (40, '2026-04-19 03:01:35', 'Peauks');
INSERT INTO labipaasu_logid (tootaja_id, aeg, asukoht) VALUES (148, '2026-04-19 03:01:35', 'Peauks');
INSERT INTO labipaasu_logid (tootaja_id, aeg, asukoht) VALUES (106, '2026-04-19 03:01:47', 'Peauks');
INSERT INTO labipaasu_logid (tootaja_id, aeg, asukoht) VALUES (198, '2026-04-19 03:01:31', 'Peauks');
INSERT INTO labipaasu_logid (tootaja_id, aeg, asukoht) VALUES (74, '2026-04-19 03:01:24', 'Peauks');
INSERT INTO labipaasu_logid (tootaja_id, aeg, asukoht) VALUES (163, '2026-04-19 03:01:26', 'Peauks');
INSERT INTO labipaasu_logid (tootaja_id, aeg, asukoht) VALUES (131, '2026-04-19 03:01:25', 'Peauks');
INSERT INTO labipaasu_logid (tootaja_id, aeg, asukoht) VALUES (184, '2026-04-19 03:01:37', 'Peauks');
INSERT INTO labipaasu_logid (tootaja_id, aeg, asukoht) VALUES (156, '2026-04-19 03:01:34', 'Peauks');
INSERT INTO labipaasu_logid (tootaja_id, aeg, asukoht) VALUES (153, '2026-04-19 03:01:34', 'Peauks');
INSERT INTO labipaasu_logid (tootaja_id, aeg, asukoht) VALUES (138, '2026-04-19 03:01:30', 'Peauks');
INSERT INTO labipaasu_logid (tootaja_id, aeg, asukoht) VALUES (184, '2026-04-19 03:01:34', 'Peauks');
INSERT INTO labipaasu_logid (tootaja_id, aeg, asukoht) VALUES (65, '2026-04-19 03:01:36', 'Peauks');
INSERT INTO labipaasu_logid (tootaja_id, aeg, asukoht) VALUES (118, '2026-04-19 03:01:30', 'Peauks');
INSERT INTO labipaasu_logid (tootaja_id, aeg, asukoht) VALUES (81, '2026-04-19 03:01:18', 'Peauks');
INSERT INTO labipaasu_logid (tootaja_id, aeg, asukoht) VALUES (124, '2026-04-19 03:01:15', 'Peauks');
INSERT INTO labipaasu_logid (tootaja_id, aeg, asukoht) VALUES (115, '2026-04-19 03:01:26', 'Peauks');
INSERT INTO labipaasu_logid (tootaja_id, aeg, asukoht) VALUES (76, '2026-04-19 03:01:35', 'Peauks');
INSERT INTO labipaasu_logid (tootaja_id, aeg, asukoht) VALUES (35, '2026-04-19 03:01:53', 'Peauks');
INSERT INTO labipaasu_logid (tootaja_id, aeg, asukoht) VALUES (20, '2026-04-19 03:01:01', 'Peauks');
INSERT INTO labipaasu_logid (tootaja_id, aeg, asukoht) VALUES (76, '2026-04-19 03:01:02', 'Peauks');
INSERT INTO labipaasu_logid (tootaja_id, aeg, asukoht) VALUES (112, '2026-04-19 03:01:06', 'Peauks');
INSERT INTO labipaasu_logid (tootaja_id, aeg, asukoht) VALUES (141, '2026-04-19 03:01:29', 'Peauks');
INSERT INTO labipaasu_logid (tootaja_id, aeg, asukoht) VALUES (114, '2026-04-19 03:01:27', 'Peauks');
INSERT INTO labipaasu_logid (tootaja_id, aeg, asukoht) VALUES (169, '2026-04-19 03:01:22', 'Peauks');
INSERT INTO labipaasu_logid (tootaja_id, aeg, asukoht) VALUES (108, '2026-04-19 03:01:19', 'Peauks');
INSERT INTO labipaasu_logid (tootaja_id, aeg, asukoht) VALUES (129, '2026-04-19 03:01:54', 'Peauks');
INSERT INTO labipaasu_logid (tootaja_id, aeg, asukoht) VALUES (15, '2026-04-19 03:01:45', 'Peauks');
INSERT INTO labipaasu_logid (tootaja_id, aeg, asukoht) VALUES (95, '2026-04-19 03:01:53', 'Peauks');
INSERT INTO labipaasu_logid (tootaja_id, aeg, asukoht) VALUES (100, '2026-04-19 03:01:55', 'Peauks');
INSERT INTO labipaasu_logid (tootaja_id, aeg, asukoht) VALUES (137, '2026-04-19 03:01:29', 'Peauks');
INSERT INTO labipaasu_logid (tootaja_id, aeg, asukoht) VALUES (22, '2026-04-19 03:01:24', 'Peauks');
INSERT INTO labipaasu_logid (tootaja_id, aeg, asukoht) VALUES (37, '2026-04-19 03:01:49', 'Peauks');
INSERT INTO labipaasu_logid (tootaja_id, aeg, asukoht) VALUES (154, '2026-04-19 03:01:28', 'Peauks');
INSERT INTO labipaasu_logid (tootaja_id, aeg, asukoht) VALUES (117, '2026-04-19 03:01:54', 'Peauks');
INSERT INTO labipaasu_logid (tootaja_id, aeg, asukoht) VALUES (77, '2026-04-19 03:01:14', 'Peauks');
INSERT INTO labipaasu_logid (tootaja_id, aeg, asukoht) VALUES (58, '2026-04-19 03:01:11', 'Peauks');
INSERT INTO labipaasu_logid (tootaja_id, aeg, asukoht) VALUES (164, '2026-04-19 03:01:18', 'Peauks');
INSERT INTO labipaasu_logid (tootaja_id, aeg, asukoht) VALUES (167, '2026-04-19 03:01:28', 'Peauks');
INSERT INTO labipaasu_logid (tootaja_id, aeg, asukoht) VALUES (142, '2026-04-19 03:01:01', 'Peauks');
INSERT INTO labipaasu_logid (tootaja_id, aeg, asukoht) VALUES (89, '2026-04-19 03:01:58', 'Peauks');
INSERT INTO labipaasu_logid (tootaja_id, aeg, asukoht) VALUES (11, '2026-04-19 03:01:41', 'Peauks');
INSERT INTO labipaasu_logid (tootaja_id, aeg, asukoht) VALUES (20, '2026-04-19 03:01:38', 'Peauks');
INSERT INTO labipaasu_logid (tootaja_id, aeg, asukoht) VALUES (47, '2026-04-19 03:01:03', 'Peauks');
INSERT INTO labipaasu_logid (tootaja_id, aeg, asukoht) VALUES (65, '2026-04-19 03:01:33', 'Peauks');
INSERT INTO labipaasu_logid (tootaja_id, aeg, asukoht) VALUES (48, '2026-04-19 03:01:00', 'Peauks');
INSERT INTO labipaasu_logid (tootaja_id, aeg, asukoht) VALUES (166, '2026-04-19 03:01:06', 'Peauks');
INSERT INTO labipaasu_logid (tootaja_id, aeg, asukoht) VALUES (133, '2026-04-19 03:01:32', 'Peauks');
INSERT INTO labipaasu_logid (tootaja_id, aeg, asukoht) VALUES (96, '2026-04-19 03:01:31', 'Peauks');
INSERT INTO labipaasu_logid (tootaja_id, aeg, asukoht) VALUES (116, '2026-04-19 03:01:51', 'Peauks');
INSERT INTO labipaasu_logid (tootaja_id, aeg, asukoht) VALUES (80, '2026-04-19 03:01:31', 'Peauks');
INSERT INTO labipaasu_logid (tootaja_id, aeg, asukoht) VALUES (164, '2026-04-19 03:01:45', 'Peauks');
INSERT INTO labipaasu_logid (tootaja_id, aeg, asukoht) VALUES (51, '2026-04-19 03:01:16', 'Peauks');
INSERT INTO labipaasu_logid (tootaja_id, aeg, asukoht) VALUES (18, '2026-04-19 03:01:41', 'Peauks');
INSERT INTO labipaasu_logid (tootaja_id, aeg, asukoht) VALUES (124, '2026-04-19 03:01:22', 'Peauks');
INSERT INTO labipaasu_logid (tootaja_id, aeg, asukoht) VALUES (186, '2026-04-19 03:01:35', 'Peauks');
INSERT INTO labipaasu_logid (tootaja_id, aeg, asukoht) VALUES (16, '2026-04-19 03:01:23', 'Peauks');
INSERT INTO labipaasu_logid (tootaja_id, aeg, asukoht) VALUES (79, '2026-04-19 03:01:34', 'Peauks');
INSERT INTO labipaasu_logid (tootaja_id, aeg, asukoht) VALUES (193, '2026-04-19 03:01:17', 'Peauks');
INSERT INTO labipaasu_logid (tootaja_id, aeg, asukoht) VALUES (159, '2026-04-19 03:01:17', 'Peauks');
INSERT INTO labipaasu_logid (tootaja_id, aeg, asukoht) VALUES (118, '2026-04-19 03:01:34', 'Peauks');
INSERT INTO labipaasu_logid (tootaja_id, aeg, asukoht) VALUES (38, '2026-04-19 03:01:34', 'Peauks');
INSERT INTO labipaasu_logid (tootaja_id, aeg, asukoht) VALUES (28, '2026-04-19 03:01:35', 'Peauks');
INSERT INTO labipaasu_logid (tootaja_id, aeg, asukoht) VALUES (28, '2026-04-19 03:01:20', 'Peauks');
INSERT INTO labipaasu_logid (tootaja_id, aeg, asukoht) VALUES (98, '2026-04-19 03:01:21', 'Peauks');
INSERT INTO labipaasu_logid (tootaja_id, aeg, asukoht) VALUES (73, '2026-04-19 03:01:00', 'Peauks');
INSERT INTO labipaasu_logid (tootaja_id, aeg, asukoht) VALUES (74, '2026-04-19 03:01:06', 'Peauks');
INSERT INTO labipaasu_logid (tootaja_id, aeg, asukoht) VALUES (75, '2026-04-19 03:01:12', 'Peauks');
INSERT INTO labipaasu_logid (tootaja_id, aeg, asukoht) VALUES (8, '2026-04-19 03:01:23', 'Peauks');
INSERT INTO labipaasu_logid (tootaja_id, aeg, asukoht) VALUES (73, '2026-04-19 03:01:19', 'Peauks');
INSERT INTO labipaasu_logid (tootaja_id, aeg, asukoht) VALUES (54, '2026-04-19 03:01:19', 'Peauks');
INSERT INTO labipaasu_logid (tootaja_id, aeg, asukoht) VALUES (10, '2026-04-19 03:01:16', 'Peauks');
INSERT INTO labipaasu_logid (tootaja_id, aeg, asukoht) VALUES (115, '2026-04-19 03:01:08', 'Peauks');
INSERT INTO labipaasu_logid (tootaja_id, aeg, asukoht) VALUES (28, '2026-04-19 03:01:28', 'Peauks');
INSERT INTO labipaasu_logid (tootaja_id, aeg, asukoht) VALUES (172, '2026-04-19 03:01:47', 'Peauks');
INSERT INTO labipaasu_logid (tootaja_id, aeg, asukoht) VALUES (197, '2026-04-19 03:01:19', 'Peauks');
INSERT INTO labipaasu_logid (tootaja_id, aeg, asukoht) VALUES (99, '2026-04-19 03:01:42', 'Peauks');
INSERT INTO labipaasu_logid (tootaja_id, aeg, asukoht) VALUES (2, '2026-04-19 03:01:17', 'Peauks');
INSERT INTO labipaasu_logid (tootaja_id, aeg, asukoht) VALUES (189, '2026-04-19 03:01:27', 'Peauks');
INSERT INTO labipaasu_logid (tootaja_id, aeg, asukoht) VALUES (66, '2026-04-19 03:01:31', 'Peauks');
INSERT INTO labipaasu_logid (tootaja_id, aeg, asukoht) VALUES (114, '2026-04-19 03:01:54', 'Peauks');
INSERT INTO labipaasu_logid (tootaja_id, aeg, asukoht) VALUES (25, '2026-04-19 03:01:50', 'Peauks');
INSERT INTO labipaasu_logid (tootaja_id, aeg, asukoht) VALUES (108, '2026-04-19 03:01:29', 'Peauks');
INSERT INTO labipaasu_logid (tootaja_id, aeg, asukoht) VALUES (81, '2026-04-19 03:01:02', 'Peauks');
INSERT INTO labipaasu_logid (tootaja_id, aeg, asukoht) VALUES (163, '2026-04-19 03:01:27', 'Peauks');
INSERT INTO labipaasu_logid (tootaja_id, aeg, asukoht) VALUES (70, '2026-04-19 03:01:50', 'Peauks');
INSERT INTO labipaasu_logid (tootaja_id, aeg, asukoht) VALUES (195, '2026-04-19 03:01:56', 'Peauks');
INSERT INTO labipaasu_logid (tootaja_id, aeg, asukoht) VALUES (147, '2026-04-19 03:01:09', 'Peauks');
INSERT INTO labipaasu_logid (tootaja_id, aeg, asukoht) VALUES (140, '2026-04-19 03:01:41', 'Peauks');
INSERT INTO labipaasu_logid (tootaja_id, aeg, asukoht) VALUES (98, '2026-04-19 03:01:24', 'Peauks');
INSERT INTO labipaasu_logid (tootaja_id, aeg, asukoht) VALUES (68, '2026-04-19 03:01:10', 'Peauks');
INSERT INTO labipaasu_logid (tootaja_id, aeg, asukoht) VALUES (147, '2026-04-19 03:01:05', 'Peauks');
INSERT INTO labipaasu_logid (tootaja_id, aeg, asukoht) VALUES (12, '2026-04-19 03:01:04', 'Peauks');
INSERT INTO labipaasu_logid (tootaja_id, aeg, asukoht) VALUES (134, '2026-04-19 03:01:04', 'Peauks');
INSERT INTO labipaasu_logid (tootaja_id, aeg, asukoht) VALUES (87, '2026-04-19 03:01:32', 'Peauks');
INSERT INTO labipaasu_logid (tootaja_id, aeg, asukoht) VALUES (127, '2026-04-19 03:01:50', 'Peauks');
INSERT INTO labipaasu_logid (tootaja_id, aeg, asukoht) VALUES (23, '2026-04-19 03:01:03', 'Peauks');
INSERT INTO labipaasu_logid (tootaja_id, aeg, asukoht) VALUES (189, '2026-04-19 03:01:54', 'Peauks');
INSERT INTO labipaasu_logid (tootaja_id, aeg, asukoht) VALUES (107, '2026-04-19 03:00:59', 'Peauks');
INSERT INTO labipaasu_logid (tootaja_id, aeg, asukoht) VALUES (13, '2026-04-19 03:01:30', 'Peauks');
INSERT INTO labipaasu_logid (tootaja_id, aeg, asukoht) VALUES (192, '2026-04-19 03:01:57', 'Peauks');
INSERT INTO labipaasu_logid (tootaja_id, aeg, asukoht) VALUES (51, '2026-04-19 03:01:29', 'Peauks');
INSERT INTO labipaasu_logid (tootaja_id, aeg, asukoht) VALUES (73, '2026-04-19 03:01:04', 'Peauks');
INSERT INTO labipaasu_logid (tootaja_id, aeg, asukoht) VALUES (123, '2026-04-19 03:01:48', 'Peauks');
INSERT INTO labipaasu_logid (tootaja_id, aeg, asukoht) VALUES (146, '2026-04-19 03:01:21', 'Peauks');
INSERT INTO labipaasu_logid (tootaja_id, aeg, asukoht) VALUES (185, '2026-04-19 03:01:26', 'Peauks');
INSERT INTO labipaasu_logid (tootaja_id, aeg, asukoht) VALUES (3, '2026-04-19 03:01:48', 'Peauks');
INSERT INTO labipaasu_logid (tootaja_id, aeg, asukoht) VALUES (122, '2026-04-19 03:01:43', 'Peauks');
INSERT INTO labipaasu_logid (tootaja_id, aeg, asukoht) VALUES (161, '2026-04-19 03:01:09', 'Peauks');
INSERT INTO labipaasu_logid (tootaja_id, aeg, asukoht) VALUES (56, '2026-04-19 03:01:18', 'Peauks');
INSERT INTO labipaasu_logid (tootaja_id, aeg, asukoht) VALUES (36, '2026-04-19 03:01:08', 'Peauks');
INSERT INTO labipaasu_logid (tootaja_id, aeg, asukoht) VALUES (133, '2026-04-19 03:01:31', 'Peauks');
INSERT INTO labipaasu_logid (tootaja_id, aeg, asukoht) VALUES (18, '2026-04-19 03:01:51', 'Peauks');
INSERT INTO labipaasu_logid (tootaja_id, aeg, asukoht) VALUES (138, '2026-04-19 03:01:17', 'Peauks');
INSERT INTO labipaasu_logid (tootaja_id, aeg, asukoht) VALUES (17, '2026-04-19 03:01:32', 'Peauks');
INSERT INTO labipaasu_logid (tootaja_id, aeg, asukoht) VALUES (73, '2026-04-19 03:01:55', 'Peauks');
INSERT INTO labipaasu_logid (tootaja_id, aeg, asukoht) VALUES (124, '2026-04-19 03:01:52', 'Peauks');
INSERT INTO labipaasu_logid (tootaja_id, aeg, asukoht) VALUES (194, '2026-04-19 03:01:49', 'Peauks');
INSERT INTO labipaasu_logid (tootaja_id, aeg, asukoht) VALUES (8, '2026-04-19 03:01:15', 'Peauks');
INSERT INTO labipaasu_logid (tootaja_id, aeg, asukoht) VALUES (190, '2026-04-19 03:01:32', 'Peauks');
INSERT INTO labipaasu_logid (tootaja_id, aeg, asukoht) VALUES (95, '2026-04-19 03:01:56', 'Peauks');
INSERT INTO labipaasu_logid (tootaja_id, aeg, asukoht) VALUES (66, '2026-04-19 03:01:57', 'Peauks');
INSERT INTO labipaasu_logid (tootaja_id, aeg, asukoht) VALUES (50, '2026-04-19 03:01:36', 'Peauks');
INSERT INTO labipaasu_logid (tootaja_id, aeg, asukoht) VALUES (97, '2026-04-19 03:01:54', 'Peauks');
INSERT INTO labipaasu_logid (tootaja_id, aeg, asukoht) VALUES (57, '2026-04-19 03:01:56', 'Peauks');
INSERT INTO labipaasu_logid (tootaja_id, aeg, asukoht) VALUES (119, '2026-04-19 03:01:45', 'Peauks');
INSERT INTO labipaasu_logid (tootaja_id, aeg, asukoht) VALUES (194, '2026-04-19 03:01:06', 'Peauks');
INSERT INTO labipaasu_logid (tootaja_id, aeg, asukoht) VALUES (189, '2026-04-19 03:01:15', 'Peauks');
INSERT INTO labipaasu_logid (tootaja_id, aeg, asukoht) VALUES (129, '2026-04-19 03:01:13', 'Peauks');
INSERT INTO labipaasu_logid (tootaja_id, aeg, asukoht) VALUES (195, '2026-04-19 03:01:49', 'Peauks');
INSERT INTO labipaasu_logid (tootaja_id, aeg, asukoht) VALUES (116, '2026-04-19 03:01:35', 'Peauks');
INSERT INTO labipaasu_logid (tootaja_id, aeg, asukoht) VALUES (44, '2026-04-19 03:00:59', 'Peauks');
INSERT INTO labipaasu_logid (tootaja_id, aeg, asukoht) VALUES (33, '2026-04-19 03:01:40', 'Peauks');
INSERT INTO labipaasu_logid (tootaja_id, aeg, asukoht) VALUES (57, '2026-04-19 03:01:47', 'Peauks');
INSERT INTO labipaasu_logid (tootaja_id, aeg, asukoht) VALUES (20, '2026-04-19 03:01:03', 'Peauks');
INSERT INTO labipaasu_logid (tootaja_id, aeg, asukoht) VALUES (79, '2026-04-19 03:01:10', 'Peauks');
INSERT INTO labipaasu_logid (tootaja_id, aeg, asukoht) VALUES (17, '2026-04-19 03:01:19', 'Peauks');
INSERT INTO labipaasu_logid (tootaja_id, aeg, asukoht) VALUES (39, '2026-04-19 03:01:32', 'Peauks');
INSERT INTO labipaasu_logid (tootaja_id, aeg, asukoht) VALUES (121, '2026-04-19 03:01:23', 'Peauks');
INSERT INTO labipaasu_logid (tootaja_id, aeg, asukoht) VALUES (139, '2026-04-19 03:00:58', 'Peauks');
INSERT INTO labipaasu_logid (tootaja_id, aeg, asukoht) VALUES (166, '2026-04-19 03:01:36', 'Peauks');
INSERT INTO labipaasu_logid (tootaja_id, aeg, asukoht) VALUES (193, '2026-04-19 03:01:55', 'Peauks');
INSERT INTO labipaasu_logid (tootaja_id, aeg, asukoht) VALUES (93, '2026-04-19 03:01:41', 'Peauks');
INSERT INTO labipaasu_logid (tootaja_id, aeg, asukoht) VALUES (78, '2026-04-19 03:01:52', 'Peauks');
INSERT INTO labipaasu_logid (tootaja_id, aeg, asukoht) VALUES (115, '2026-04-19 03:01:42', 'Peauks');
INSERT INTO labipaasu_logid (tootaja_id, aeg, asukoht) VALUES (123, '2026-04-19 03:01:20', 'Peauks');
INSERT INTO labipaasu_logid (tootaja_id, aeg, asukoht) VALUES (118, '2026-04-19 03:01:47', 'Peauks');
INSERT INTO labipaasu_logid (tootaja_id, aeg, asukoht) VALUES (111, '2026-04-19 03:01:32', 'Peauks');
INSERT INTO labipaasu_logid (tootaja_id, aeg, asukoht) VALUES (162, '2026-04-19 03:01:46', 'Peauks');
INSERT INTO kliendigrupid (nimetus, soodustus_protsent) VALUES ('Tavaklient', 0.0);
INSERT INTO kliendigrupid (nimetus, soodustus_protsent) VALUES ('Püsiklient', 5.0);
INSERT INTO kliendigrupid (nimetus, soodustus_protsent) VALUES ('VIP', 15.0);
INSERT INTO kliendid (grupp_id, tyyp, taisnimi, registrikood, epost, telefon) VALUES (3, 'ettevõte', 'Rumjantsev-Ruus', '5311996', 'tamaranikiforov@example.net', '+372 50330620');
INSERT INTO kliendid (grupp_id, tyyp, taisnimi, registrikood, epost, telefon) VALUES (1, 'ettevõte', 'Kütt, Lumi and Pajula', '7967404', 'ckasemaa@example.org', '+372 53627635');
INSERT INTO kliendid (grupp_id, tyyp, taisnimi, registrikood, epost, telefon) VALUES (2, 'eraisik', 'Aleksander Jeršov', NULL, 'sergei70@example.org', '+372 53421645');
INSERT INTO kliendid (grupp_id, tyyp, taisnimi, registrikood, epost, telefon) VALUES (1, 'eraisik', 'Natalia Tarassov', NULL, 'xjoesaar@example.com', '+372 55319610');
INSERT INTO kliendid (grupp_id, tyyp, taisnimi, registrikood, epost, telefon) VALUES (3, 'eraisik', 'Ivan Jänes', NULL, 'pihlaksirje@example.com', '+372 56596839');
INSERT INTO kliendid (grupp_id, tyyp, taisnimi, registrikood, epost, telefon) VALUES (3, 'eraisik', 'Anu Kudrjavtsev', NULL, 'treijevgeni@example.net', '+372 56616294');
INSERT INTO kliendid (grupp_id, tyyp, taisnimi, registrikood, epost, telefon) VALUES (1, 'eraisik', 'Jaanus Mihhailov', NULL, 'liivtiit@example.com', '+372 53754432');
INSERT INTO kliendid (grupp_id, tyyp, taisnimi, registrikood, epost, telefon) VALUES (1, 'eraisik', 'Aleksei Paju', NULL, 'ivaskjekaterina@example.com', '+372 56129410');
INSERT INTO kliendid (grupp_id, tyyp, taisnimi, registrikood, epost, telefon) VALUES (2, 'ettevõte', 'Heinsoo-Nikiforov', '1448264', 'maie17@example.org', '+372 50411985');
INSERT INTO kliendid (grupp_id, tyyp, taisnimi, registrikood, epost, telefon) VALUES (2, 'eraisik', 'Tamara Õun', NULL, 'linda10@example.com', '+372 51296321');
INSERT INTO kliendid (grupp_id, tyyp, taisnimi, registrikood, epost, telefon) VALUES (1, 'ettevõte', 'Kivilo-Lääts', '5845394', 'terastatjana@example.org', '+372 51974598');
INSERT INTO kliendid (grupp_id, tyyp, taisnimi, registrikood, epost, telefon) VALUES (1, 'eraisik', 'Priit Raamat', NULL, 'aino86@example.com', '+372 53508571');
INSERT INTO kliendid (grupp_id, tyyp, taisnimi, registrikood, epost, telefon) VALUES (1, 'ettevõte', 'Olesk-Kisseljov', '6081923', 'ants81@example.com', '+372 53525956');
INSERT INTO kliendid (grupp_id, tyyp, taisnimi, registrikood, epost, telefon) VALUES (2, 'eraisik', 'Siim Kütt', NULL, 'ttammik@example.com', '+372 52600755');
INSERT INTO kliendid (grupp_id, tyyp, taisnimi, registrikood, epost, telefon) VALUES (1, 'ettevõte', 'Tomingas Inc', '9439566', 'natalia95@example.net', '+372 56883470');
INSERT INTO kliendid (grupp_id, tyyp, taisnimi, registrikood, epost, telefon) VALUES (1, 'eraisik', 'Peeter Piir', NULL, 'marika72@example.net', '+372 53482935');
INSERT INTO kliendid (grupp_id, tyyp, taisnimi, registrikood, epost, telefon) VALUES (2, 'eraisik', 'Indrek Lätt', NULL, 'sander14@example.org', '+372 55158908');
INSERT INTO kliendid (grupp_id, tyyp, taisnimi, registrikood, epost, telefon) VALUES (2, 'ettevõte', 'Kaljuste-Mandel', '2052377', 'rvaht@example.net', '+372 52550026');
INSERT INTO kliendid (grupp_id, tyyp, taisnimi, registrikood, epost, telefon) VALUES (2, 'eraisik', 'Igor Volkov', NULL, 'andruskoit@example.com', '+372 56419786');
INSERT INTO kliendid (grupp_id, tyyp, taisnimi, registrikood, epost, telefon) VALUES (2, 'eraisik', 'Kristjan Ader', NULL, 'kerik@example.com', '+372 52935639');
INSERT INTO kliendid (grupp_id, tyyp, taisnimi, registrikood, epost, telefon) VALUES (1, 'ettevõte', 'Vahter, Madisson and Tali', '5946780', 'xlaane@example.com', '+372 55161736');
INSERT INTO kliendid (grupp_id, tyyp, taisnimi, registrikood, epost, telefon) VALUES (1, 'ettevõte', 'Remmel Ltd', '1873411', 'szujev@example.org', '+372 52041233');
INSERT INTO kliendid (grupp_id, tyyp, taisnimi, registrikood, epost, telefon) VALUES (1, 'ettevõte', 'Koitla PLC', '0523865', 'susitriin@example.org', '+372 55994267');
INSERT INTO kliendid (grupp_id, tyyp, taisnimi, registrikood, epost, telefon) VALUES (2, 'eraisik', 'Viktor Pettai', NULL, 'jevgeni58@example.net', '+372 53417992');
INSERT INTO kliendid (grupp_id, tyyp, taisnimi, registrikood, epost, telefon) VALUES (3, 'ettevõte', 'Maripuu PLC', '6341546', 'oleg73@example.net', '+372 58006060');
INSERT INTO kliendid (grupp_id, tyyp, taisnimi, registrikood, epost, telefon) VALUES (2, 'ettevõte', 'Juhkam-Kont', '9254726', 'viktoria65@example.net', '+372 55799906');
INSERT INTO kliendid (grupp_id, tyyp, taisnimi, registrikood, epost, telefon) VALUES (1, 'ettevõte', 'Kuusik-Kapp', '1937871', 'dantonov@example.org', '+372 53221516');
INSERT INTO kliendid (grupp_id, tyyp, taisnimi, registrikood, epost, telefon) VALUES (2, 'eraisik', 'Merike Orlov', NULL, 'indrek28@example.net', '+372 53589355');
INSERT INTO kliendid (grupp_id, tyyp, taisnimi, registrikood, epost, telefon) VALUES (3, 'eraisik', 'Toomas Olesk', NULL, 'vpaju@example.org', '+372 58232384');
INSERT INTO kliendid (grupp_id, tyyp, taisnimi, registrikood, epost, telefon) VALUES (1, 'ettevõte', 'Palm, Laks and Afanasjev', '5527109', 'jkasemaa@example.org', '+372 56182552');
INSERT INTO kliendid (grupp_id, tyyp, taisnimi, registrikood, epost, telefon) VALUES (2, 'eraisik', 'Galina Rebane', NULL, 'jevgeninommik@example.net', '+372 52840333');
INSERT INTO kliendid (grupp_id, tyyp, taisnimi, registrikood, epost, telefon) VALUES (3, 'eraisik', 'Roman Saul', NULL, 'vosutatjana@example.net', '+372 51899832');
INSERT INTO kliendid (grupp_id, tyyp, taisnimi, registrikood, epost, telefon) VALUES (1, 'eraisik', 'Tiina Kuningas', NULL, 'laurasokk@example.net', '+372 58348394');
INSERT INTO kliendid (grupp_id, tyyp, taisnimi, registrikood, epost, telefon) VALUES (1, 'eraisik', 'Tatiana Randmaa', NULL, 'huntelena@example.net', '+372 52909462');
INSERT INTO kliendid (grupp_id, tyyp, taisnimi, registrikood, epost, telefon) VALUES (3, 'eraisik', 'Sirje Aleksandrov', NULL, 'ukivilo@example.org', '+372 55212670');
INSERT INTO kliendid (grupp_id, tyyp, taisnimi, registrikood, epost, telefon) VALUES (1, 'eraisik', 'Valentina Reinsalu', NULL, 'oviira@example.net', '+372 56084880');
INSERT INTO kliendid (grupp_id, tyyp, taisnimi, registrikood, epost, telefon) VALUES (3, 'ettevõte', 'Trofimov PLC', '7744802', 'toomas63@example.com', '+372 58943572');
INSERT INTO kliendid (grupp_id, tyyp, taisnimi, registrikood, epost, telefon) VALUES (2, 'eraisik', 'Tatjana Rosin', NULL, 'lehttriin@example.net', '+372 50277399');
INSERT INTO kliendid (grupp_id, tyyp, taisnimi, registrikood, epost, telefon) VALUES (2, 'ettevõte', 'Käärik, Raudsepp and Annus', '8951029', 'malletrei@example.com', '+372 56129578');
INSERT INTO kliendid (grupp_id, tyyp, taisnimi, registrikood, epost, telefon) VALUES (2, 'ettevõte', 'Vain Ltd', '5517699', 'katrinpavlov@example.net', '+372 52463979');
INSERT INTO kliendid (grupp_id, tyyp, taisnimi, registrikood, epost, telefon) VALUES (1, 'ettevõte', 'Koitla LLC', '1797970', 'klaasaleksei@example.net', '+372 50252028');
INSERT INTO kliendid (grupp_id, tyyp, taisnimi, registrikood, epost, telefon) VALUES (2, 'eraisik', 'Oleg Jefimov', NULL, 'riina63@example.net', '+372 50410872');
INSERT INTO kliendid (grupp_id, tyyp, taisnimi, registrikood, epost, telefon) VALUES (3, 'eraisik', 'Jekaterina Nõmme', NULL, 'hheinsalu@example.org', '+372 58933343');
INSERT INTO kliendid (grupp_id, tyyp, taisnimi, registrikood, epost, telefon) VALUES (1, 'eraisik', 'Marina Laas', NULL, 'randojairina@example.com', '+372 50263475');
INSERT INTO kliendid (grupp_id, tyyp, taisnimi, registrikood, epost, telefon) VALUES (1, 'eraisik', 'Viktor Tuul', NULL, 'eabramov@example.net', '+372 56409447');
INSERT INTO kliendid (grupp_id, tyyp, taisnimi, registrikood, epost, telefon) VALUES (2, 'eraisik', 'Jüri Kozlov', NULL, 'kangronatalja@example.com', '+372 56293853');
INSERT INTO kliendid (grupp_id, tyyp, taisnimi, registrikood, epost, telefon) VALUES (1, 'eraisik', 'Tiiu Lukin', NULL, 'toomas11@example.net', '+372 58256286');
INSERT INTO kliendid (grupp_id, tyyp, taisnimi, registrikood, epost, telefon) VALUES (3, 'eraisik', 'Meelis Hein', NULL, 'mihhailovvello@example.com', '+372 50878868');
INSERT INTO kliendid (grupp_id, tyyp, taisnimi, registrikood, epost, telefon) VALUES (1, 'eraisik', 'Kristjan Pärn', NULL, 'ulletali@example.com', '+372 53800444');
INSERT INTO kliendid (grupp_id, tyyp, taisnimi, registrikood, epost, telefon) VALUES (3, 'eraisik', 'Ülle Loginov', NULL, 'viktoria97@example.com', '+372 55673040');
INSERT INTO kliendid (grupp_id, tyyp, taisnimi, registrikood, epost, telefon) VALUES (3, 'eraisik', 'Igor Raag', NULL, 'ilebedev@example.org', '+372 56963304');
INSERT INTO kliendid (grupp_id, tyyp, taisnimi, registrikood, epost, telefon) VALUES (2, 'eraisik', 'Sergei Luht', NULL, 'kuusmarika@example.com', '+372 52550650');
INSERT INTO kliendid (grupp_id, tyyp, taisnimi, registrikood, epost, telefon) VALUES (3, 'ettevõte', 'Uustalu Group', '7880735', 'meelis84@example.com', '+372 53630773');
INSERT INTO kliendid (grupp_id, tyyp, taisnimi, registrikood, epost, telefon) VALUES (1, 'eraisik', 'Kristjan Raid', NULL, 'markoerm@example.org', '+372 55979752');
INSERT INTO kliendid (grupp_id, tyyp, taisnimi, registrikood, epost, telefon) VALUES (3, 'ettevõte', 'Hunt-Teder', '9699400', 'oleg93@example.org', '+372 58591267');
INSERT INTO kliendid (grupp_id, tyyp, taisnimi, registrikood, epost, telefon) VALUES (2, 'ettevõte', 'Aru, Lang and Tooming', '0136517', 'fojaste@example.com', '+372 55644047');
INSERT INTO kliendid (grupp_id, tyyp, taisnimi, registrikood, epost, telefon) VALUES (3, 'eraisik', 'Ljubov Trofimov', NULL, 'kadri00@example.org', '+372 55785482');
INSERT INTO kliendid (grupp_id, tyyp, taisnimi, registrikood, epost, telefon) VALUES (2, 'eraisik', 'Tiit Jalakas', NULL, 'ojalapavel@example.net', '+372 53294155');
INSERT INTO kliendid (grupp_id, tyyp, taisnimi, registrikood, epost, telefon) VALUES (3, 'eraisik', 'Meelis Niit', NULL, 'ojatamara@example.net', '+372 51325160');
INSERT INTO kliendid (grupp_id, tyyp, taisnimi, registrikood, epost, telefon) VALUES (3, 'eraisik', 'Galina Tali', NULL, 'olegaleksandrov@example.net', '+372 50808417');
INSERT INTO kliendid (grupp_id, tyyp, taisnimi, registrikood, epost, telefon) VALUES (1, 'ettevõte', 'Sillaste, Väli and Soon', '8612166', 'mare73@example.org', '+372 55970291');
INSERT INTO kliendid (grupp_id, tyyp, taisnimi, registrikood, epost, telefon) VALUES (3, 'ettevõte', 'Leht, Štšerbakov and Põder', '8755590', 'nataljasaks@example.com', '+372 56640773');
INSERT INTO kliendid (grupp_id, tyyp, taisnimi, registrikood, epost, telefon) VALUES (3, 'eraisik', 'Sirje Aru', NULL, 'andruslink@example.com', '+372 50987251');
INSERT INTO kliendid (grupp_id, tyyp, taisnimi, registrikood, epost, telefon) VALUES (2, 'eraisik', 'Andres Nazarov', NULL, 'vellojurgenson@example.net', '+372 51477854');
INSERT INTO kliendid (grupp_id, tyyp, taisnimi, registrikood, epost, telefon) VALUES (3, 'eraisik', 'Priit Lang', NULL, 'vmuursepp@example.org', '+372 58387563');
INSERT INTO kliendid (grupp_id, tyyp, taisnimi, registrikood, epost, telefon) VALUES (3, 'eraisik', 'Maria Koger', NULL, 'sander18@example.net', '+372 50260935');
INSERT INTO kliendid (grupp_id, tyyp, taisnimi, registrikood, epost, telefon) VALUES (3, 'eraisik', 'Laura Treier', NULL, 'lparna@example.net', '+372 53533322');
INSERT INTO kliendid (grupp_id, tyyp, taisnimi, registrikood, epost, telefon) VALUES (1, 'eraisik', 'Malle Anissimov', NULL, 'marek17@example.net', '+372 50063694');
INSERT INTO kliendid (grupp_id, tyyp, taisnimi, registrikood, epost, telefon) VALUES (1, 'eraisik', 'Tarmo Sokk', NULL, 'meelis28@example.net', '+372 51757754');
INSERT INTO kliendid (grupp_id, tyyp, taisnimi, registrikood, epost, telefon) VALUES (3, 'eraisik', 'Valentina Rätsep', NULL, 'poldmaaanna@example.net', '+372 51360874');
INSERT INTO kliendid (grupp_id, tyyp, taisnimi, registrikood, epost, telefon) VALUES (2, 'eraisik', 'Tarmo Lokk', NULL, 'indrekurb@example.org', '+372 53277672');
INSERT INTO kliendid (grupp_id, tyyp, taisnimi, registrikood, epost, telefon) VALUES (1, 'eraisik', 'Mati Uus', NULL, 'puuseppdmitri@example.net', '+372 53163593');
INSERT INTO kliendid (grupp_id, tyyp, taisnimi, registrikood, epost, telefon) VALUES (2, 'ettevõte', 'Gromov-Kallaste', '8665996', 'kozlovpavel@example.com', '+372 58797422');
INSERT INTO kliendid (grupp_id, tyyp, taisnimi, registrikood, epost, telefon) VALUES (2, 'eraisik', 'Marek Baranov', NULL, 'ylauri@example.com', '+372 51974599');
INSERT INTO kliendid (grupp_id, tyyp, taisnimi, registrikood, epost, telefon) VALUES (2, 'eraisik', 'Natalia Laane', NULL, 'toomasraid@example.net', '+372 50940073');
INSERT INTO kliendid (grupp_id, tyyp, taisnimi, registrikood, epost, telefon) VALUES (3, 'eraisik', 'Marek Mölder', NULL, 'poldmalaura@example.net', '+372 51537242');
INSERT INTO kliendid (grupp_id, tyyp, taisnimi, registrikood, epost, telefon) VALUES (1, 'ettevõte', 'Must and Sons', '4974284', 'ivanorlov@example.com', '+372 50494599');
INSERT INTO kliendid (grupp_id, tyyp, taisnimi, registrikood, epost, telefon) VALUES (2, 'eraisik', 'Laura Kaasik', NULL, 'nvahi@example.org', '+372 55662906');
INSERT INTO kliendid (grupp_id, tyyp, taisnimi, registrikood, epost, telefon) VALUES (1, 'eraisik', 'Merike Liivak', NULL, 'martin31@example.net', '+372 56836176');
INSERT INTO kliendid (grupp_id, tyyp, taisnimi, registrikood, epost, telefon) VALUES (1, 'ettevõte', 'Põdra Ltd', '1362829', 'jaankikkas@example.org', '+372 51823313');
INSERT INTO kliendid (grupp_id, tyyp, taisnimi, registrikood, epost, telefon) VALUES (3, 'ettevõte', 'Kurm-Abramov', '4493151', 'wtarassov@example.org', '+372 52381349');
INSERT INTO kliendid (grupp_id, tyyp, taisnimi, registrikood, epost, telefon) VALUES (1, 'eraisik', 'Meelis Štšerbakov', NULL, 'vheinsalu@example.net', '+372 51456879');
INSERT INTO kliendid (grupp_id, tyyp, taisnimi, registrikood, epost, telefon) VALUES (3, 'ettevõte', 'Makarov, Reinsalu and Paal', '0855501', 'sergeylass@example.net', '+372 50150164');
INSERT INTO kliendid (grupp_id, tyyp, taisnimi, registrikood, epost, telefon) VALUES (1, 'ettevõte', 'Nõmm, Kalamees and Sirel', '6095780', 'linda91@example.net', '+372 52510619');
INSERT INTO kliendid (grupp_id, tyyp, taisnimi, registrikood, epost, telefon) VALUES (3, 'ettevõte', 'Visnapuu and Sons', '0028107', 'diana94@example.com', '+372 55224930');
INSERT INTO kliendid (grupp_id, tyyp, taisnimi, registrikood, epost, telefon) VALUES (2, 'ettevõte', 'Sisask-Kapp', '6262527', 'ilokk@example.org', '+372 51711559');
INSERT INTO kliendid (grupp_id, tyyp, taisnimi, registrikood, epost, telefon) VALUES (2, 'ettevõte', 'Reinsalu-Peterson', '3097176', 'ntomingas@example.com', '+372 53223342');
INSERT INTO kliendid (grupp_id, tyyp, taisnimi, registrikood, epost, telefon) VALUES (1, 'eraisik', 'Aleksandra Siim', NULL, 'viikraivo@example.net', '+372 51013451');
INSERT INTO kliendid (grupp_id, tyyp, taisnimi, registrikood, epost, telefon) VALUES (2, 'eraisik', 'Valeri Rand', NULL, 'ilukk@example.com', '+372 53279919');
INSERT INTO kliendid (grupp_id, tyyp, taisnimi, registrikood, epost, telefon) VALUES (1, 'ettevõte', 'Baranov-Korol', '9417602', 'meelislaine@example.com', '+372 56998934');
INSERT INTO kliendid (grupp_id, tyyp, taisnimi, registrikood, epost, telefon) VALUES (2, 'eraisik', 'Reet Danilov', NULL, 'medvedevindrek@example.org', '+372 52184152');
INSERT INTO kliendid (grupp_id, tyyp, taisnimi, registrikood, epost, telefon) VALUES (3, 'eraisik', 'Sirje Viik', NULL, 'valerisobolev@example.net', '+372 53022893');
INSERT INTO kliendid (grupp_id, tyyp, taisnimi, registrikood, epost, telefon) VALUES (3, 'ettevõte', 'Koitla-Aas', '4770012', 'galina55@example.com', '+372 56265462');
INSERT INTO kliendid (grupp_id, tyyp, taisnimi, registrikood, epost, telefon) VALUES (2, 'eraisik', 'Siim Rohtla', NULL, 'annepent@example.net', '+372 58036780');
INSERT INTO kliendid (grupp_id, tyyp, taisnimi, registrikood, epost, telefon) VALUES (3, 'ettevõte', 'Jürisson, Treier and Rand', '8182851', 'eabel@example.org', '+372 52417703');
INSERT INTO kliendid (grupp_id, tyyp, taisnimi, registrikood, epost, telefon) VALUES (3, 'ettevõte', 'Roosileht-Müür', '5394018', 'tiiuruus@example.org', '+372 53145981');
INSERT INTO kliendid (grupp_id, tyyp, taisnimi, registrikood, epost, telefon) VALUES (3, 'ettevõte', 'Lehtla, Nõmme and Lang', '5948074', 'jevgeniruus@example.net', '+372 58916951');
INSERT INTO kliendid (grupp_id, tyyp, taisnimi, registrikood, epost, telefon) VALUES (3, 'eraisik', 'Mare Meister', NULL, 'merike52@example.org', '+372 52275316');
INSERT INTO kliendid (grupp_id, tyyp, taisnimi, registrikood, epost, telefon) VALUES (3, 'ettevõte', 'Järv-Kiil', '9533263', 'kristjanpetrov@example.org', '+372 56908027');
INSERT INTO kliendid (grupp_id, tyyp, taisnimi, registrikood, epost, telefon) VALUES (3, 'eraisik', 'Andres Laks', NULL, 'amandel@example.net', '+372 51335939');
INSERT INTO kliendid (grupp_id, tyyp, taisnimi, registrikood, epost, telefon) VALUES (1, 'eraisik', 'Juri Jänes', NULL, 'rrand@example.org', '+372 58302248');
INSERT INTO kliendid (grupp_id, tyyp, taisnimi, registrikood, epost, telefon) VALUES (3, 'eraisik', 'Julia Vill', NULL, 'sander63@example.org', '+372 53740059');
INSERT INTO kliendid (grupp_id, tyyp, taisnimi, registrikood, epost, telefon) VALUES (2, 'eraisik', 'Viktoria Sutt', NULL, 'aleksandreller@example.net', '+372 55158808');
INSERT INTO kliendid (grupp_id, tyyp, taisnimi, registrikood, epost, telefon) VALUES (3, 'ettevõte', 'Uibo-Jermakov', '3947035', 'svetlana57@example.com', '+372 55957035');
INSERT INTO kliendid (grupp_id, tyyp, taisnimi, registrikood, epost, telefon) VALUES (2, 'ettevõte', 'Nazarov-Raag', '6334397', 'andrus52@example.com', '+372 56022947');
INSERT INTO kliendid (grupp_id, tyyp, taisnimi, registrikood, epost, telefon) VALUES (3, 'eraisik', 'Priit Suur', NULL, 'marko27@example.org', '+372 58757623');
INSERT INTO kliendid (grupp_id, tyyp, taisnimi, registrikood, epost, telefon) VALUES (2, 'eraisik', 'Tarmo Õunapuu', NULL, 'bounapuu@example.org', '+372 55388360');
INSERT INTO kliendid (grupp_id, tyyp, taisnimi, registrikood, epost, telefon) VALUES (2, 'eraisik', 'Marek Kokk', NULL, 'ullekalda@example.net', '+372 52910972');
INSERT INTO kliendid (grupp_id, tyyp, taisnimi, registrikood, epost, telefon) VALUES (2, 'ettevõte', 'Moroz PLC', '2348369', 'irina16@example.com', '+372 55028125');
INSERT INTO kliendid (grupp_id, tyyp, taisnimi, registrikood, epost, telefon) VALUES (1, 'eraisik', 'Diana Drozdov', NULL, 'reetpaas@example.com', '+372 51328482');
INSERT INTO kliendid (grupp_id, tyyp, taisnimi, registrikood, epost, telefon) VALUES (1, 'ettevõte', 'Alekseev-Männik', '4342673', 'kassmeelis@example.org', '+372 56728280');
INSERT INTO kliendid (grupp_id, tyyp, taisnimi, registrikood, epost, telefon) VALUES (1, 'ettevõte', 'Uus and Sons', '8628641', 'andrus87@example.org', '+372 50141322');
INSERT INTO kliendid (grupp_id, tyyp, taisnimi, registrikood, epost, telefon) VALUES (3, 'eraisik', 'Anne Tuul', NULL, 'nina95@example.org', '+372 52726392');
INSERT INTO kliendid (grupp_id, tyyp, taisnimi, registrikood, epost, telefon) VALUES (2, 'eraisik', 'Malle Kikas', NULL, 'anneli33@example.com', '+372 50445296');
INSERT INTO kliendid (grupp_id, tyyp, taisnimi, registrikood, epost, telefon) VALUES (3, 'eraisik', 'Eve Raidma', NULL, 'paaproman@example.com', '+372 53815462');
INSERT INTO kliendid (grupp_id, tyyp, taisnimi, registrikood, epost, telefon) VALUES (3, 'eraisik', 'Jevgeni Merila', NULL, 'martin99@example.org', '+372 58670540');
INSERT INTO kliendid (grupp_id, tyyp, taisnimi, registrikood, epost, telefon) VALUES (2, 'eraisik', 'Marina Tuulik', NULL, 'matinazarov@example.net', '+372 50604215');
INSERT INTO kliendid (grupp_id, tyyp, taisnimi, registrikood, epost, telefon) VALUES (3, 'ettevõte', 'Eller, Paap and Stepanov', '7173273', 'valitoomas@example.org', '+372 58374835');
INSERT INTO kliendid (grupp_id, tyyp, taisnimi, registrikood, epost, telefon) VALUES (1, 'eraisik', 'Indrek Filatov', NULL, 'solovjovirina@example.org', '+372 58846752');
INSERT INTO kliendid (grupp_id, tyyp, taisnimi, registrikood, epost, telefon) VALUES (1, 'ettevõte', 'Saks Ltd', '2306745', 'skaru@example.org', '+372 52295106');
INSERT INTO kliendid (grupp_id, tyyp, taisnimi, registrikood, epost, telefon) VALUES (3, 'eraisik', 'Anne Loorits', NULL, 'kinkanu@example.org', '+372 51499752');
INSERT INTO kliendid (grupp_id, tyyp, taisnimi, registrikood, epost, telefon) VALUES (1, 'ettevõte', 'Kase, Pihlak and Rosin', '8173599', 'jaan46@example.com', '+372 56607345');
INSERT INTO kliendid (grupp_id, tyyp, taisnimi, registrikood, epost, telefon) VALUES (2, 'eraisik', 'Juri Schmidt', NULL, 'fsoot@example.org', '+372 58774103');
INSERT INTO kliendid (grupp_id, tyyp, taisnimi, registrikood, epost, telefon) VALUES (2, 'eraisik', 'Dmitri Urb', NULL, 'ploomene@example.net', '+372 52880624');
INSERT INTO kliendid (grupp_id, tyyp, taisnimi, registrikood, epost, telefon) VALUES (1, 'ettevõte', 'Ševtšenko and Sons', '1679734', 'galinatoom@example.org', '+372 53583670');
INSERT INTO kliendid (grupp_id, tyyp, taisnimi, registrikood, epost, telefon) VALUES (2, 'ettevõte', 'Kelder, Suvi and Tooming', '7178204', 'rjurisson@example.net', '+372 50643846');
INSERT INTO kliendid (grupp_id, tyyp, taisnimi, registrikood, epost, telefon) VALUES (2, 'eraisik', 'Kristina Pärnpuu', NULL, 'ebeljajev@example.com', '+372 53483610');
INSERT INTO kliendid (grupp_id, tyyp, taisnimi, registrikood, epost, telefon) VALUES (2, 'eraisik', 'Mare Štšerbakov', NULL, 'olegjurgens@example.org', '+372 56215058');
INSERT INTO kliendid (grupp_id, tyyp, taisnimi, registrikood, epost, telefon) VALUES (3, 'eraisik', 'Eve Kiisk', NULL, 'antonmargus@example.org', '+372 56991869');
INSERT INTO kliendid (grupp_id, tyyp, taisnimi, registrikood, epost, telefon) VALUES (2, 'eraisik', 'Priit Kase', NULL, 'andrusreinsalu@example.net', '+372 52976661');
INSERT INTO kliendid (grupp_id, tyyp, taisnimi, registrikood, epost, telefon) VALUES (2, 'ettevõte', 'Pärn, Ruus and Meier', '9342275', 'sergey59@example.net', '+372 56010156');
INSERT INTO kliendid (grupp_id, tyyp, taisnimi, registrikood, epost, telefon) VALUES (3, 'eraisik', 'Sergei Melnik', NULL, 'juhkamene@example.net', '+372 58661744');
INSERT INTO kliendid (grupp_id, tyyp, taisnimi, registrikood, epost, telefon) VALUES (3, 'ettevõte', 'Jaanson-Sööt', '2673169', 'kadrikoit@example.net', '+372 55431128');
INSERT INTO kliendid (grupp_id, tyyp, taisnimi, registrikood, epost, telefon) VALUES (1, 'eraisik', 'Anneli Kokk', NULL, 'kalmelena@example.net', '+372 53295014');
INSERT INTO kliendid (grupp_id, tyyp, taisnimi, registrikood, epost, telefon) VALUES (2, 'ettevõte', 'Jakovlev Ltd', '2958117', 'dkont@example.net', '+372 52182333');
INSERT INTO kliendid (grupp_id, tyyp, taisnimi, registrikood, epost, telefon) VALUES (1, 'eraisik', 'Ants Palm', NULL, 'nikolaimandla@example.net', '+372 53432932');
INSERT INTO kliendid (grupp_id, tyyp, taisnimi, registrikood, epost, telefon) VALUES (3, 'eraisik', 'Mihhail Mürk', NULL, 'igorpoldmaa@example.net', '+372 55605750');
INSERT INTO kliendid (grupp_id, tyyp, taisnimi, registrikood, epost, telefon) VALUES (1, 'ettevõte', 'Lang-Loginov', '0893286', 'maidlaelena@example.org', '+372 53857615');
INSERT INTO kliendid (grupp_id, tyyp, taisnimi, registrikood, epost, telefon) VALUES (3, 'eraisik', 'Mihhail Raamat', NULL, 'mariatamberg@example.com', '+372 56928165');
INSERT INTO kliendid (grupp_id, tyyp, taisnimi, registrikood, epost, telefon) VALUES (3, 'ettevõte', 'Komarov, Reinsalu and Laht', '8638750', 'teraskatrin@example.org', '+372 53185851');
INSERT INTO kliendid (grupp_id, tyyp, taisnimi, registrikood, epost, telefon) VALUES (2, 'eraisik', 'Mati Maslov', NULL, 'hvares@example.org', '+372 51431598');
INSERT INTO kliendid (grupp_id, tyyp, taisnimi, registrikood, epost, telefon) VALUES (3, 'eraisik', 'Mihkel Lehtmets', NULL, 'titovmarika@example.com', '+372 53744077');
INSERT INTO kliendid (grupp_id, tyyp, taisnimi, registrikood, epost, telefon) VALUES (1, 'ettevõte', 'Sirel-Karro', '5700862', 'lillemetsdiana@example.net', '+372 52191069');
INSERT INTO kliendid (grupp_id, tyyp, taisnimi, registrikood, epost, telefon) VALUES (2, 'eraisik', 'Margus Vares', NULL, 'indrekpukk@example.net', '+372 55707448');
INSERT INTO kliendid (grupp_id, tyyp, taisnimi, registrikood, epost, telefon) VALUES (3, 'eraisik', 'Tatjana Baranov', NULL, 'kristiinajurgenson@example.net', '+372 55859565');
INSERT INTO kliendid (grupp_id, tyyp, taisnimi, registrikood, epost, telefon) VALUES (3, 'eraisik', 'Tiiu Uibo', NULL, 'tiiu36@example.org', '+372 50035337');
INSERT INTO kliendid (grupp_id, tyyp, taisnimi, registrikood, epost, telefon) VALUES (1, 'ettevõte', 'Lebedev-Heinsoo', '9901970', 'ullemihhailov@example.org', '+372 50137853');
INSERT INTO kliendid (grupp_id, tyyp, taisnimi, registrikood, epost, telefon) VALUES (3, 'eraisik', 'Nikolai Viik', NULL, 'ytammik@example.org', '+372 50802929');
INSERT INTO kliendid (grupp_id, tyyp, taisnimi, registrikood, epost, telefon) VALUES (1, 'eraisik', 'Malle Sööt', NULL, 'kadri39@example.org', '+372 58837630');
INSERT INTO kliendid (grupp_id, tyyp, taisnimi, registrikood, epost, telefon) VALUES (3, 'ettevõte', 'Käärik Ltd', '5769167', 'egerassimov@example.net', '+372 50495986');
INSERT INTO kliendid (grupp_id, tyyp, taisnimi, registrikood, epost, telefon) VALUES (1, 'eraisik', 'Mihhail Rohtla', NULL, 'sootartur@example.org', '+372 53359899');
INSERT INTO kliendid (grupp_id, tyyp, taisnimi, registrikood, epost, telefon) VALUES (2, 'eraisik', 'Galina Kostin', NULL, 'ksaare@example.net', '+372 51338561');
INSERT INTO kliendid (grupp_id, tyyp, taisnimi, registrikood, epost, telefon) VALUES (1, 'eraisik', 'Ene Aru', NULL, 'tatjana58@example.org', '+372 50862075');
INSERT INTO kliendid (grupp_id, tyyp, taisnimi, registrikood, epost, telefon) VALUES (1, 'eraisik', 'Peeter Luik', NULL, 'mihhailfrolov@example.net', '+372 55689488');
INSERT INTO kliendid (grupp_id, tyyp, taisnimi, registrikood, epost, telefon) VALUES (2, 'ettevõte', 'Holm-Kivi', '5794946', 'oorav@example.org', '+372 58902766');
INSERT INTO kliendid (grupp_id, tyyp, taisnimi, registrikood, epost, telefon) VALUES (1, 'eraisik', 'Siim Arula', NULL, 'viktor14@example.org', '+372 52756932');
INSERT INTO kliendid (grupp_id, tyyp, taisnimi, registrikood, epost, telefon) VALUES (2, 'eraisik', 'Raivo Vaher', NULL, 'kmaksimov@example.com', '+372 52987997');
INSERT INTO kliendid (grupp_id, tyyp, taisnimi, registrikood, epost, telefon) VALUES (3, 'eraisik', 'Jüri Gromov', NULL, 'dkivimae@example.org', '+372 52369238');
INSERT INTO kliendid (grupp_id, tyyp, taisnimi, registrikood, epost, telefon) VALUES (2, 'ettevõte', 'Laks, Kroon and Gusev', '9718372', 'sergei30@example.com', '+372 52032904');
INSERT INTO kliendid (grupp_id, tyyp, taisnimi, registrikood, epost, telefon) VALUES (1, 'eraisik', 'Galina Paap', NULL, 'ntarassov@example.net', '+372 58675026');
INSERT INTO kliendid (grupp_id, tyyp, taisnimi, registrikood, epost, telefon) VALUES (2, 'eraisik', 'Kristi Korol', NULL, 'tonunikitin@example.com', '+372 52501253');
INSERT INTO kliendid (grupp_id, tyyp, taisnimi, registrikood, epost, telefon) VALUES (1, 'eraisik', 'Malle Tuisk', NULL, 'paasigor@example.org', '+372 53247555');
INSERT INTO kliendid (grupp_id, tyyp, taisnimi, registrikood, epost, telefon) VALUES (1, 'ettevõte', 'Müürsepp, Koitla and Fjodorov', '3210048', 'oksanna@example.com', '+372 58839545');
INSERT INTO kliendid (grupp_id, tyyp, taisnimi, registrikood, epost, telefon) VALUES (1, 'ettevõte', 'Soosalu, Reinsalu and Kazakov', '1615120', 'tatiana64@example.org', '+372 58114660');
INSERT INTO kliendid (grupp_id, tyyp, taisnimi, registrikood, epost, telefon) VALUES (3, 'eraisik', 'Jevgeni Petrov', NULL, 'jkoval@example.net', '+372 52772398');
INSERT INTO kliendid (grupp_id, tyyp, taisnimi, registrikood, epost, telefon) VALUES (2, 'ettevõte', 'Suvorov Inc', '8546266', 'magitatiana@example.net', '+372 55386117');
INSERT INTO kliendid (grupp_id, tyyp, taisnimi, registrikood, epost, telefon) VALUES (2, 'ettevõte', 'Kuusk LLC', '7129194', 'tonu55@example.com', '+372 51414658');
INSERT INTO kliendid (grupp_id, tyyp, taisnimi, registrikood, epost, telefon) VALUES (3, 'ettevõte', 'Aru Inc', '0391367', 'linda72@example.net', '+372 58167661');
INSERT INTO kliendid (grupp_id, tyyp, taisnimi, registrikood, epost, telefon) VALUES (3, 'eraisik', 'Pavel Mironov', NULL, 'lkolesnik@example.net', '+372 53873616');
INSERT INTO kliendid (grupp_id, tyyp, taisnimi, registrikood, epost, telefon) VALUES (2, 'eraisik', 'Sander Mandel', NULL, 'peeterkuus@example.org', '+372 56162022');
INSERT INTO kliendid (grupp_id, tyyp, taisnimi, registrikood, epost, telefon) VALUES (1, 'eraisik', 'Roman Adamson', NULL, 'joks@example.net', '+372 50405884');
INSERT INTO kliendid (grupp_id, tyyp, taisnimi, registrikood, epost, telefon) VALUES (2, 'eraisik', 'Tõnu Kikkas', NULL, 'oleg43@example.com', '+372 53762777');
INSERT INTO kliendid (grupp_id, tyyp, taisnimi, registrikood, epost, telefon) VALUES (2, 'eraisik', 'Marko Tomson', NULL, 'mihhailkalm@example.com', '+372 51537681');
INSERT INTO kliendid (grupp_id, tyyp, taisnimi, registrikood, epost, telefon) VALUES (3, 'eraisik', 'Katrin Õun', NULL, 'ounapuuurmas@example.com', '+372 51222332');
INSERT INTO kliendid (grupp_id, tyyp, taisnimi, registrikood, epost, telefon) VALUES (2, 'eraisik', 'Indrek Laan', NULL, 'katrin02@example.net', '+372 53234093');
INSERT INTO kliendid (grupp_id, tyyp, taisnimi, registrikood, epost, telefon) VALUES (1, 'eraisik', 'Martin Tamme', NULL, 'vdavodov@example.org', '+372 53568710');
INSERT INTO kliendid (grupp_id, tyyp, taisnimi, registrikood, epost, telefon) VALUES (1, 'ettevõte', 'Tomingas Group', '9937718', 'flaanemets@example.com', '+372 51944994');
INSERT INTO kliendid (grupp_id, tyyp, taisnimi, registrikood, epost, telefon) VALUES (3, 'ettevõte', 'Afanasjev-Kazakov', '3806791', 'nikolaipruul@example.net', '+372 56016896');
INSERT INTO kliendid (grupp_id, tyyp, taisnimi, registrikood, epost, telefon) VALUES (3, 'ettevõte', 'Kisseljov, Saul and Lang', '9095269', 'akirsipuu@example.net', '+372 56471023');
INSERT INTO kliendid (grupp_id, tyyp, taisnimi, registrikood, epost, telefon) VALUES (2, 'ettevõte', 'Uustalu-Anderson', '3955953', 'andruskont@example.net', '+372 52155136');
INSERT INTO kliendid (grupp_id, tyyp, taisnimi, registrikood, epost, telefon) VALUES (1, 'ettevõte', 'Müürsepp-Käsper', '5120651', 'marek26@example.org', '+372 55038679');
INSERT INTO kliendid (grupp_id, tyyp, taisnimi, registrikood, epost, telefon) VALUES (2, 'eraisik', 'Tatiana Korol', NULL, 'mare17@example.com', '+372 53830507');
INSERT INTO kliendid (grupp_id, tyyp, taisnimi, registrikood, epost, telefon) VALUES (3, 'ettevõte', 'Kivimäe, Golubev and Raag', '7779017', 'mareuustalu@example.org', '+372 56280500');
INSERT INTO kliendid (grupp_id, tyyp, taisnimi, registrikood, epost, telefon) VALUES (3, 'eraisik', 'Julia Jürisson', NULL, 'lauragolubev@example.org', '+372 50412107');
INSERT INTO kliendid (grupp_id, tyyp, taisnimi, registrikood, epost, telefon) VALUES (1, 'eraisik', 'Siim Põldma', NULL, 'esobolev@example.com', '+372 53311818');
INSERT INTO kliendid (grupp_id, tyyp, taisnimi, registrikood, epost, telefon) VALUES (1, 'eraisik', 'Andres Parts', NULL, 'maavik@example.net', '+372 53610111');
INSERT INTO kliendid (grupp_id, tyyp, taisnimi, registrikood, epost, telefon) VALUES (1, 'ettevõte', 'Ivask-Palm', '9320568', 'cjohanson@example.net', '+372 58026739');
INSERT INTO kliendid (grupp_id, tyyp, taisnimi, registrikood, epost, telefon) VALUES (2, 'ettevõte', 'Kuuse-Kondratjev', '3675432', 'partsviktoria@example.com', '+372 52363452');
INSERT INTO kliendid (grupp_id, tyyp, taisnimi, registrikood, epost, telefon) VALUES (3, 'eraisik', 'Ljubov Maksimov', NULL, 'nikolai83@example.org', '+372 51629439');
INSERT INTO kliendid (grupp_id, tyyp, taisnimi, registrikood, epost, telefon) VALUES (3, 'ettevõte', 'Võsu-Sergejev', '4724998', 'lpaju@example.com', '+372 53561507');
INSERT INTO kliendid (grupp_id, tyyp, taisnimi, registrikood, epost, telefon) VALUES (1, 'eraisik', 'Anne Ignatjev', NULL, 'peeter61@example.org', '+372 56392173');
INSERT INTO kliendid (grupp_id, tyyp, taisnimi, registrikood, epost, telefon) VALUES (3, 'ettevõte', 'Kangro and Sons', '8660161', 'fedotoveve@example.com', '+372 55528722');
INSERT INTO kliendid (grupp_id, tyyp, taisnimi, registrikood, epost, telefon) VALUES (3, 'eraisik', 'Jaanus Liivak', NULL, 'hteearu@example.com', '+372 51299267');
INSERT INTO kliendid (grupp_id, tyyp, taisnimi, registrikood, epost, telefon) VALUES (2, 'eraisik', 'Natalja Gorbunov', NULL, 'heinsoorein@example.org', '+372 56510246');
INSERT INTO kliendid (grupp_id, tyyp, taisnimi, registrikood, epost, telefon) VALUES (3, 'eraisik', 'Urmas Kesküla', NULL, 'triinkattai@example.com', '+372 58487451');
INSERT INTO kliendid (grupp_id, tyyp, taisnimi, registrikood, epost, telefon) VALUES (1, 'eraisik', 'Kadri Smirnov', NULL, 'diana04@example.com', '+372 56436041');
INSERT INTO kliendid (grupp_id, tyyp, taisnimi, registrikood, epost, telefon) VALUES (1, 'ettevõte', 'Annus, Maslov and Kadak', '5325861', 'viktor95@example.net', '+372 58669549');
INSERT INTO kliendid (grupp_id, tyyp, taisnimi, registrikood, epost, telefon) VALUES (2, 'eraisik', 'Anne Timofejev', NULL, 'raudseppanne@example.net', '+372 58677101');
INSERT INTO kliendid (grupp_id, tyyp, taisnimi, registrikood, epost, telefon) VALUES (2, 'ettevõte', 'Timofejev, Mänd and Merila', '6144654', 'vahertiiu@example.com', '+372 50792977');
INSERT INTO kliendid (grupp_id, tyyp, taisnimi, registrikood, epost, telefon) VALUES (3, 'eraisik', 'Aino Salumets', NULL, 'vahtermaie@example.net', '+372 53701585');
INSERT INTO kliendid (grupp_id, tyyp, taisnimi, registrikood, epost, telefon) VALUES (2, 'ettevõte', 'Maslov, Titov and Michelson', '3179695', 'rparna@example.org', '+372 52316361');
INSERT INTO kliendid (grupp_id, tyyp, taisnimi, registrikood, epost, telefon) VALUES (1, 'eraisik', 'Aleksandr Rüütel', NULL, 'jersovpriit@example.net', '+372 51385245');
INSERT INTO kliendid (grupp_id, tyyp, taisnimi, registrikood, epost, telefon) VALUES (2, 'eraisik', 'Katrin Raadik', NULL, 'antonovulle@example.net', '+372 55853997');
INSERT INTO kliendid (grupp_id, tyyp, taisnimi, registrikood, epost, telefon) VALUES (3, 'eraisik', 'Sergei Viks', NULL, 'pettaiene@example.org', '+372 51851423');
INSERT INTO kliendid (grupp_id, tyyp, taisnimi, registrikood, epost, telefon) VALUES (3, 'eraisik', 'Kristjan Loginov', NULL, 'suttkristjan@example.org', '+372 53229291');
INSERT INTO kliendid (grupp_id, tyyp, taisnimi, registrikood, epost, telefon) VALUES (2, 'eraisik', 'Roman Sillaots', NULL, 'mvillemson@example.com', '+372 58677300');
INSERT INTO kliendid (grupp_id, tyyp, taisnimi, registrikood, epost, telefon) VALUES (3, 'ettevõte', 'Timofejev, Nikolaev and Teras', '3949235', 'vots@example.net', '+372 55132138');
INSERT INTO kliendid (grupp_id, tyyp, taisnimi, registrikood, epost, telefon) VALUES (3, 'ettevõte', 'Põldmaa-Soo', '3192953', 'sirje27@example.com', '+372 51013926');
INSERT INTO kliendid (grupp_id, tyyp, taisnimi, registrikood, epost, telefon) VALUES (3, 'eraisik', 'Alexander Sikk', NULL, 'alexander04@example.com', '+372 58471271');
INSERT INTO kliendid (grupp_id, tyyp, taisnimi, registrikood, epost, telefon) VALUES (3, 'eraisik', 'Eve Maasik', NULL, 'ijohanson@example.com', '+372 58997563');
INSERT INTO kliendid (grupp_id, tyyp, taisnimi, registrikood, epost, telefon) VALUES (2, 'eraisik', 'Priit Jürgenson', NULL, 'reetmaasik@example.com', '+372 52372484');
INSERT INTO kliendid (grupp_id, tyyp, taisnimi, registrikood, epost, telefon) VALUES (3, 'ettevõte', 'Kivimäe Ltd', '3114302', 'tuuliksirje@example.net', '+372 56989882');
INSERT INTO kliendid (grupp_id, tyyp, taisnimi, registrikood, epost, telefon) VALUES (1, 'eraisik', 'Tarmo Kuus', NULL, 'toomasteder@example.com', '+372 51986063');
INSERT INTO kliendid (grupp_id, tyyp, taisnimi, registrikood, epost, telefon) VALUES (2, 'eraisik', 'Aleksandra Sööt', NULL, 'fkala@example.org', '+372 55107611');
INSERT INTO kliendid (grupp_id, tyyp, taisnimi, registrikood, epost, telefon) VALUES (1, 'eraisik', 'Tiiu Holm', NULL, 'raudtriin@example.com', '+372 58205390');
INSERT INTO kliendid (grupp_id, tyyp, taisnimi, registrikood, epost, telefon) VALUES (2, 'eraisik', 'Eve Suvi', NULL, 'lpikk@example.net', '+372 50110537');
INSERT INTO kliendid (grupp_id, tyyp, taisnimi, registrikood, epost, telefon) VALUES (1, 'eraisik', 'Mati Juhanson', NULL, 'fkalda@example.net', '+372 55045430');
INSERT INTO kliendid (grupp_id, tyyp, taisnimi, registrikood, epost, telefon) VALUES (2, 'ettevõte', 'Maasik, Golubev and Puusepp', '8718621', 'otsjelena@example.net', '+372 58805498');
INSERT INTO kliendid (grupp_id, tyyp, taisnimi, registrikood, epost, telefon) VALUES (3, 'ettevõte', 'Raudsepp-Maksimov', '9051616', 'aleksandrkorol@example.net', '+372 58009574');
INSERT INTO kliendid (grupp_id, tyyp, taisnimi, registrikood, epost, telefon) VALUES (2, 'eraisik', 'Kristiina Frolov', NULL, 'hruutel@example.com', '+372 52855789');
INSERT INTO kliendid (grupp_id, tyyp, taisnimi, registrikood, epost, telefon) VALUES (1, 'ettevõte', 'Härm, Raid and Timofejev', '8480112', 'tamaralaanemets@example.net', '+372 52773887');
INSERT INTO kliendid (grupp_id, tyyp, taisnimi, registrikood, epost, telefon) VALUES (1, 'eraisik', 'Aleksandr Mäe', NULL, 'drozdovandrei@example.net', '+372 58523341');
INSERT INTO kliendid (grupp_id, tyyp, taisnimi, registrikood, epost, telefon) VALUES (3, 'eraisik', 'Tarmo Kuningas', NULL, 'kolkaleksei@example.net', '+372 55285134');
INSERT INTO kliendid (grupp_id, tyyp, taisnimi, registrikood, epost, telefon) VALUES (3, 'eraisik', 'Valentina Põder', NULL, 'andreslepp@example.org', '+372 50642390');
INSERT INTO kliendid (grupp_id, tyyp, taisnimi, registrikood, epost, telefon) VALUES (1, 'eraisik', 'Mare Tooming', NULL, 'smaslov@example.com', '+372 52069868');
INSERT INTO kliendid (grupp_id, tyyp, taisnimi, registrikood, epost, telefon) VALUES (1, 'eraisik', 'Jelena Lomp', NULL, 'diana33@example.com', '+372 56357938');
INSERT INTO kliendid (grupp_id, tyyp, taisnimi, registrikood, epost, telefon) VALUES (1, 'eraisik', 'Igor Mänd', NULL, 'isiim@example.com', '+372 52750492');
INSERT INTO kliendid (grupp_id, tyyp, taisnimi, registrikood, epost, telefon) VALUES (2, 'eraisik', 'Triin Tali', NULL, 'kmaeots@example.org', '+372 58185619');
INSERT INTO kliendid (grupp_id, tyyp, taisnimi, registrikood, epost, telefon) VALUES (2, 'eraisik', 'Vladimir Müür', NULL, 'kristiina10@example.net', '+372 53351758');
INSERT INTO kliendid (grupp_id, tyyp, taisnimi, registrikood, epost, telefon) VALUES (3, 'eraisik', 'Ljubov Sepp', NULL, 'krandoja@example.com', '+372 55161481');
INSERT INTO kliendid (grupp_id, tyyp, taisnimi, registrikood, epost, telefon) VALUES (1, 'eraisik', 'Julia Uustalu', NULL, 'qtoots@example.com', '+372 51766298');
INSERT INTO kliendid (grupp_id, tyyp, taisnimi, registrikood, epost, telefon) VALUES (2, 'ettevõte', 'Tilk, Parts and Kolesnik', '9840809', 'sander01@example.com', '+372 53569024');
INSERT INTO kliendid (grupp_id, tyyp, taisnimi, registrikood, epost, telefon) VALUES (2, 'eraisik', 'Oleg Luik', NULL, 'olga01@example.com', '+372 53080342');
INSERT INTO kliendid (grupp_id, tyyp, taisnimi, registrikood, epost, telefon) VALUES (3, 'eraisik', 'Merike Lepp', NULL, 'ulle01@example.net', '+372 56632687');
INSERT INTO kliendid (grupp_id, tyyp, taisnimi, registrikood, epost, telefon) VALUES (2, 'eraisik', 'Tatiana Mägi', NULL, 'lmoroz@example.org', '+372 50873844');
INSERT INTO kliendid (grupp_id, tyyp, taisnimi, registrikood, epost, telefon) VALUES (3, 'eraisik', 'Andrus Kont', NULL, 'nataljatiits@example.net', '+372 58704337');
INSERT INTO kliendid (grupp_id, tyyp, taisnimi, registrikood, epost, telefon) VALUES (2, 'eraisik', 'Mihhail Andreev', NULL, 'akurm@example.com', '+372 50239313');
INSERT INTO kliendid (grupp_id, tyyp, taisnimi, registrikood, epost, telefon) VALUES (1, 'eraisik', 'Artur Erm', NULL, 'zurb@example.org', '+372 56248419');
INSERT INTO kliendid (grupp_id, tyyp, taisnimi, registrikood, epost, telefon) VALUES (2, 'eraisik', 'Andrus Kase', NULL, 'ploomulle@example.com', '+372 53168386');
INSERT INTO kliendid (grupp_id, tyyp, taisnimi, registrikood, epost, telefon) VALUES (3, 'eraisik', 'Anne Kivimäe', NULL, 'bkiis@example.com', '+372 56620466');
INSERT INTO kliendid (grupp_id, tyyp, taisnimi, registrikood, epost, telefon) VALUES (3, 'ettevõte', 'Karro-Reimann', '5445711', 'qvoronin@example.org', '+372 50150476');
INSERT INTO kliendid (grupp_id, tyyp, taisnimi, registrikood, epost, telefon) VALUES (1, 'ettevõte', 'Meister-Männiste', '3331144', 'viktoria53@example.com', '+372 55786979');
INSERT INTO kliendid (grupp_id, tyyp, taisnimi, registrikood, epost, telefon) VALUES (3, 'eraisik', 'Tiina Jegorov', NULL, 'tatjana02@example.org', '+372 58617679');
INSERT INTO kliendid (grupp_id, tyyp, taisnimi, registrikood, epost, telefon) VALUES (2, 'eraisik', 'Maie Kivistik', NULL, 'upukk@example.org', '+372 50357333');
INSERT INTO kliendid (grupp_id, tyyp, taisnimi, registrikood, epost, telefon) VALUES (1, 'eraisik', 'Oleg Laan', NULL, 'vaindiana@example.org', '+372 58517011');
INSERT INTO kliendid (grupp_id, tyyp, taisnimi, registrikood, epost, telefon) VALUES (1, 'eraisik', 'Jevgeni Nurk', NULL, 'opoljakov@example.com', '+372 53591653');
INSERT INTO kliendid (grupp_id, tyyp, taisnimi, registrikood, epost, telefon) VALUES (1, 'eraisik', 'Piret Sarap', NULL, 'jelena34@example.com', '+372 58798524');
INSERT INTO kliendid (grupp_id, tyyp, taisnimi, registrikood, epost, telefon) VALUES (1, 'eraisik', 'Viktor Štšerbakov', NULL, 'vahipriit@example.org', '+372 58119331');
INSERT INTO kliendid (grupp_id, tyyp, taisnimi, registrikood, epost, telefon) VALUES (2, 'eraisik', 'Anu Kurm', NULL, 'romanovkristi@example.org', '+372 51422380');
INSERT INTO kliendid (grupp_id, tyyp, taisnimi, registrikood, epost, telefon) VALUES (1, 'eraisik', 'Valentina Klein', NULL, 'blipp@example.com', '+372 51985055');
INSERT INTO kliendid (grupp_id, tyyp, taisnimi, registrikood, epost, telefon) VALUES (2, 'eraisik', 'Aleksander Põldma', NULL, 'niina69@example.com', '+372 51782850');
INSERT INTO kliendid (grupp_id, tyyp, taisnimi, registrikood, epost, telefon) VALUES (1, 'ettevõte', 'Drozdov, Lill and Kelder', '1532017', 'reet18@example.org', '+372 50441486');
INSERT INTO kliendid (grupp_id, tyyp, taisnimi, registrikood, epost, telefon) VALUES (1, 'eraisik', 'Ivan Lääts', NULL, 'tahtnatalia@example.net', '+372 52017659');
INSERT INTO kliendid (grupp_id, tyyp, taisnimi, registrikood, epost, telefon) VALUES (3, 'ettevõte', 'Kruglov, Arro and Rosin', '7745192', 'kjuhanson@example.org', '+372 56157405');
INSERT INTO kliendid (grupp_id, tyyp, taisnimi, registrikood, epost, telefon) VALUES (2, 'eraisik', 'Jüri Romanov', NULL, 'annepikk@example.com', '+372 51660722');
INSERT INTO kliendid (grupp_id, tyyp, taisnimi, registrikood, epost, telefon) VALUES (1, 'eraisik', 'Anu Vaher', NULL, 'ekaljuste@example.org', '+372 55905976');
INSERT INTO kliendid (grupp_id, tyyp, taisnimi, registrikood, epost, telefon) VALUES (1, 'eraisik', 'Irina Maksimov', NULL, 'parteltarmo@example.com', '+372 58481347');
INSERT INTO kliendid (grupp_id, tyyp, taisnimi, registrikood, epost, telefon) VALUES (2, 'eraisik', 'Indrek Drozdov', NULL, 'pavel23@example.com', '+372 58180732');
INSERT INTO kliendid (grupp_id, tyyp, taisnimi, registrikood, epost, telefon) VALUES (2, 'ettevõte', 'Kolk, Tamberg and Paju', '1152878', 'indrekmeier@example.com', '+372 50606076');
INSERT INTO kliendid (grupp_id, tyyp, taisnimi, registrikood, epost, telefon) VALUES (3, 'eraisik', 'Reet Kasemaa', NULL, 'lutsmihkel@example.net', '+372 51830260');
INSERT INTO kliendid (grupp_id, tyyp, taisnimi, registrikood, epost, telefon) VALUES (3, 'eraisik', 'Mihkel Raamat', NULL, 'nivask@example.org', '+372 55703675');
INSERT INTO kliendid (grupp_id, tyyp, taisnimi, registrikood, epost, telefon) VALUES (3, 'ettevõte', 'Käärik, Erik and Tuulik', '6497814', 'katrintamme@example.org', '+372 55225183');
INSERT INTO kliendid (grupp_id, tyyp, taisnimi, registrikood, epost, telefon) VALUES (2, 'eraisik', 'Dmitri Taal', NULL, 'sergejevanna@example.net', '+372 50192635');
INSERT INTO kliendid (grupp_id, tyyp, taisnimi, registrikood, epost, telefon) VALUES (1, 'eraisik', 'Mihkel Laht', NULL, 'andruskrolov@example.net', '+372 52202677');
INSERT INTO kliendid (grupp_id, tyyp, taisnimi, registrikood, epost, telefon) VALUES (3, 'eraisik', 'Irina Klein', NULL, 'aivar15@example.org', '+372 53743707');
INSERT INTO kliendid (grupp_id, tyyp, taisnimi, registrikood, epost, telefon) VALUES (2, 'eraisik', 'Nina Jürgens', NULL, 'valeri79@example.com', '+372 55094043');
INSERT INTO kliendid (grupp_id, tyyp, taisnimi, registrikood, epost, telefon) VALUES (3, 'eraisik', 'Mihkel Egorov', NULL, 'jpopov@example.com', '+372 52356855');
INSERT INTO kliendid (grupp_id, tyyp, taisnimi, registrikood, epost, telefon) VALUES (1, 'ettevõte', 'Filatov, Kasemets and Raadik', '4370562', 'diana71@example.net', '+372 55561173');
INSERT INTO kliendid (grupp_id, tyyp, taisnimi, registrikood, epost, telefon) VALUES (1, 'eraisik', 'Irina Markus', NULL, 'merike34@example.net', '+372 51350392');
INSERT INTO kliendid (grupp_id, tyyp, taisnimi, registrikood, epost, telefon) VALUES (2, 'eraisik', 'Ljudmila Laht', NULL, 'urmas28@example.net', '+372 58552334');
INSERT INTO kliendid (grupp_id, tyyp, taisnimi, registrikood, epost, telefon) VALUES (2, 'ettevõte', 'Kärner-Käsper', '3682201', 'olgakohv@example.com', '+372 53977111');
INSERT INTO kliendid (grupp_id, tyyp, taisnimi, registrikood, epost, telefon) VALUES (3, 'eraisik', 'Tiit Rebane', NULL, 'bunt@example.org', '+372 56126329');
INSERT INTO kliendid (grupp_id, tyyp, taisnimi, registrikood, epost, telefon) VALUES (1, 'ettevõte', 'Panov LLC', '3023846', 'opost@example.org', '+372 58331160');
INSERT INTO kliendid (grupp_id, tyyp, taisnimi, registrikood, epost, telefon) VALUES (2, 'eraisik', 'Laura Sulg', NULL, 'izuravljov@example.com', '+372 50405890');
INSERT INTO kliendid (grupp_id, tyyp, taisnimi, registrikood, epost, telefon) VALUES (2, 'ettevõte', 'Suits, Kalamees and Madisson', '9217742', 'mpoljakov@example.org', '+372 55805241');
INSERT INTO kliendid (grupp_id, tyyp, taisnimi, registrikood, epost, telefon) VALUES (2, 'eraisik', 'Mare Rosenberg', NULL, 'tpihelgas@example.com', '+372 53968929');
INSERT INTO kliendid (grupp_id, tyyp, taisnimi, registrikood, epost, telefon) VALUES (3, 'eraisik', 'Priit Valge', NULL, 'kkivilo@example.org', '+372 51182432');
INSERT INTO kliendid (grupp_id, tyyp, taisnimi, registrikood, epost, telefon) VALUES (2, 'eraisik', 'Jekaterina Aus', NULL, 'apihelgas@example.net', '+372 58244425');
INSERT INTO kliendid (grupp_id, tyyp, taisnimi, registrikood, epost, telefon) VALUES (2, 'eraisik', 'Kristi Pent', NULL, 'wkulikov@example.com', '+372 58684104');
INSERT INTO kliendid (grupp_id, tyyp, taisnimi, registrikood, epost, telefon) VALUES (1, 'ettevõte', 'Pruul-Raid', '8072611', 'cmark@example.com', '+372 52801926');
INSERT INTO kliendid (grupp_id, tyyp, taisnimi, registrikood, epost, telefon) VALUES (3, 'eraisik', 'Roman Kaljuvee', NULL, 'epodra@example.org', '+372 56889264');
INSERT INTO kliendid (grupp_id, tyyp, taisnimi, registrikood, epost, telefon) VALUES (2, 'eraisik', 'Aleksandr Mironov', NULL, 'gpiirsalu@example.net', '+372 50663168');
INSERT INTO kliendid (grupp_id, tyyp, taisnimi, registrikood, epost, telefon) VALUES (2, 'eraisik', 'Igor Visnapuu', NULL, 'merilaelena@example.org', '+372 58410070');
INSERT INTO kliendid (grupp_id, tyyp, taisnimi, registrikood, epost, telefon) VALUES (1, 'ettevõte', 'Kuus-Kallaste', '7460828', 'aleksanderkutsar@example.net', '+372 50486267');
INSERT INTO kliendid (grupp_id, tyyp, taisnimi, registrikood, epost, telefon) VALUES (1, 'eraisik', 'Ljudmila Sergejev', NULL, 'kalininirina@example.org', '+372 56417243');
INSERT INTO kliendid (grupp_id, tyyp, taisnimi, registrikood, epost, telefon) VALUES (1, 'eraisik', 'Nadežda Lauri', NULL, 'ysoots@example.net', '+372 56452054');
INSERT INTO kliendid (grupp_id, tyyp, taisnimi, registrikood, epost, telefon) VALUES (2, 'eraisik', 'Marek Soo', NULL, 'jaanusreinsalu@example.net', '+372 52337838');
INSERT INTO kliendid (grupp_id, tyyp, taisnimi, registrikood, epost, telefon) VALUES (1, 'ettevõte', 'Nikolaev, Vinogradov and Lehtmets', '5262684', 'reetklaas@example.com', '+372 58158059');
INSERT INTO kliendid (grupp_id, tyyp, taisnimi, registrikood, epost, telefon) VALUES (1, 'eraisik', 'Viktor Moroz', NULL, 'aasamarko@example.org', '+372 58491272');
INSERT INTO kliendid (grupp_id, tyyp, taisnimi, registrikood, epost, telefon) VALUES (2, 'ettevõte', 'Anderson, Kivimäe and Männik', '2761307', 'randjulia@example.net', '+372 55026035');
INSERT INTO kliendid (grupp_id, tyyp, taisnimi, registrikood, epost, telefon) VALUES (2, 'eraisik', 'Riina Kuznetsov', NULL, 'mihkelmuru@example.org', '+372 58990492');
INSERT INTO kliendid (grupp_id, tyyp, taisnimi, registrikood, epost, telefon) VALUES (3, 'eraisik', 'Marika Loorits', NULL, 'salutatiana@example.net', '+372 53054479');
INSERT INTO kliendid (grupp_id, tyyp, taisnimi, registrikood, epost, telefon) VALUES (2, 'ettevõte', 'Müür-Kolesnik', '7225588', 'ytoots@example.net', '+372 53382354');
INSERT INTO kliendid (grupp_id, tyyp, taisnimi, registrikood, epost, telefon) VALUES (1, 'eraisik', 'Nina Tamme', NULL, 'pihooleg@example.net', '+372 56765404');
INSERT INTO kliendid (grupp_id, tyyp, taisnimi, registrikood, epost, telefon) VALUES (2, 'ettevõte', 'Kotov and Sons', '5044196', 'juri20@example.com', '+372 51500333');
INSERT INTO kliendid (grupp_id, tyyp, taisnimi, registrikood, epost, telefon) VALUES (2, 'ettevõte', 'Vill LLC', '8723433', 'niina41@example.com', '+372 55012601');
INSERT INTO kliendid (grupp_id, tyyp, taisnimi, registrikood, epost, telefon) VALUES (3, 'eraisik', 'Andres Paas', NULL, 'melnikandrus@example.org', '+372 51040455');
INSERT INTO kliendid (grupp_id, tyyp, taisnimi, registrikood, epost, telefon) VALUES (3, 'eraisik', 'Tiiu Käär', NULL, 'katrin56@example.org', '+372 56992162');
INSERT INTO kliendid (grupp_id, tyyp, taisnimi, registrikood, epost, telefon) VALUES (2, 'ettevõte', 'Michelson Ltd', '2144314', 'roman98@example.com', '+372 51209214');
INSERT INTO kliendid (grupp_id, tyyp, taisnimi, registrikood, epost, telefon) VALUES (3, 'eraisik', 'Galina Treial', NULL, 'kudrjavtsevmarika@example.net', '+372 52941990');
INSERT INTO kliendid (grupp_id, tyyp, taisnimi, registrikood, epost, telefon) VALUES (2, 'ettevõte', 'Holm-Mänd', '5262151', 'bfedotov@example.com', '+372 58917080');
INSERT INTO kliendid (grupp_id, tyyp, taisnimi, registrikood, epost, telefon) VALUES (3, 'ettevõte', 'Moor-Aavik', '5070039', 'koitrein@example.net', '+372 55629893');
INSERT INTO kliendid (grupp_id, tyyp, taisnimi, registrikood, epost, telefon) VALUES (1, 'eraisik', 'Jaanus Post', NULL, 'kivistikpriit@example.org', '+372 52827439');
INSERT INTO kliendid (grupp_id, tyyp, taisnimi, registrikood, epost, telefon) VALUES (1, 'ettevõte', 'Fjodorov, Must and Post', '4173838', 'saaretonu@example.net', '+372 53712308');
INSERT INTO kliendid (grupp_id, tyyp, taisnimi, registrikood, epost, telefon) VALUES (2, 'eraisik', 'Sander Karro', NULL, 'tuustalu@example.org', '+372 50124871');
INSERT INTO kliendid (grupp_id, tyyp, taisnimi, registrikood, epost, telefon) VALUES (1, 'eraisik', 'Valeri Aasa', NULL, 'lauramelnik@example.com', '+372 53882151');
INSERT INTO kliendid (grupp_id, tyyp, taisnimi, registrikood, epost, telefon) VALUES (3, 'eraisik', 'Tõnu Štšerbakov', NULL, 'qparts@example.com', '+372 58117766');
INSERT INTO kliendid (grupp_id, tyyp, taisnimi, registrikood, epost, telefon) VALUES (3, 'ettevõte', 'Talts PLC', '2715239', 'kaljulajuri@example.com', '+372 53528486');
INSERT INTO kliendid (grupp_id, tyyp, taisnimi, registrikood, epost, telefon) VALUES (1, 'eraisik', 'Jüri Gromov', NULL, 'sillaotsanna@example.org', '+372 56951079');
INSERT INTO kliendid (grupp_id, tyyp, taisnimi, registrikood, epost, telefon) VALUES (2, 'eraisik', 'Andrus Novikov', NULL, 'anna12@example.com', '+372 50329696');
INSERT INTO kliendid (grupp_id, tyyp, taisnimi, registrikood, epost, telefon) VALUES (2, 'ettevõte', 'Konstantinov-Laan', '6776260', 'anneli48@example.org', '+372 51487362');
INSERT INTO kliendid (grupp_id, tyyp, taisnimi, registrikood, epost, telefon) VALUES (2, 'eraisik', 'Aleksandr Lukin', NULL, 'moorkristjan@example.org', '+372 56825032');
INSERT INTO kliendid (grupp_id, tyyp, taisnimi, registrikood, epost, telefon) VALUES (2, 'eraisik', 'Natalja Härm', NULL, 'triinmadisson@example.org', '+372 56189902');
INSERT INTO kliendid (grupp_id, tyyp, taisnimi, registrikood, epost, telefon) VALUES (1, 'ettevõte', 'Kiil Ltd', '8486072', 'enejefimov@example.net', '+372 51315645');
INSERT INTO kliendid (grupp_id, tyyp, taisnimi, registrikood, epost, telefon) VALUES (3, 'eraisik', 'Eve Müür', NULL, 'merilajekaterina@example.com', '+372 50366899');
INSERT INTO kliendid (grupp_id, tyyp, taisnimi, registrikood, epost, telefon) VALUES (3, 'ettevõte', 'Jaanus, Nõmm and Žukov', '7868073', 'viiradmitri@example.com', '+372 56708732');
INSERT INTO kliendid (grupp_id, tyyp, taisnimi, registrikood, epost, telefon) VALUES (2, 'eraisik', 'Riina Raidma', NULL, 'nuutvello@example.com', '+372 58347993');
INSERT INTO kliendid (grupp_id, tyyp, taisnimi, registrikood, epost, telefon) VALUES (2, 'ettevõte', 'Kink, Salumäe and Kiis', '4990584', 'arturgavrilov@example.com', '+372 52950240');
INSERT INTO kliendid (grupp_id, tyyp, taisnimi, registrikood, epost, telefon) VALUES (2, 'eraisik', 'Oleg Visnapuu', NULL, 'tonujarve@example.org', '+372 53028708');
INSERT INTO kliendid (grupp_id, tyyp, taisnimi, registrikood, epost, telefon) VALUES (2, 'eraisik', 'Tarmo Rosenberg', NULL, 'koortirina@example.net', '+372 55462778');
INSERT INTO kliendid (grupp_id, tyyp, taisnimi, registrikood, epost, telefon) VALUES (3, 'ettevõte', 'Kiisk Group', '0498117', 'abelov@example.net', '+372 50714256');
INSERT INTO kliendid (grupp_id, tyyp, taisnimi, registrikood, epost, telefon) VALUES (3, 'eraisik', 'Elena Borissov', NULL, 'sander57@example.net', '+372 52694210');
INSERT INTO kliendid (grupp_id, tyyp, taisnimi, registrikood, epost, telefon) VALUES (3, 'eraisik', 'Natalia Rand', NULL, 'flehtmets@example.com', '+372 53909914');
INSERT INTO kliendid (grupp_id, tyyp, taisnimi, registrikood, epost, telefon) VALUES (1, 'eraisik', 'Dmitri Leis', NULL, 'olga17@example.com', '+372 53064585');
INSERT INTO kliendid (grupp_id, tyyp, taisnimi, registrikood, epost, telefon) VALUES (3, 'eraisik', 'Nikolai Rohtla', NULL, 'wjanes@example.net', '+372 51947944');
INSERT INTO kliendid (grupp_id, tyyp, taisnimi, registrikood, epost, telefon) VALUES (2, 'eraisik', 'Anne Tomingas', NULL, 'laurvaleri@example.net', '+372 50283935');
INSERT INTO kliendid (grupp_id, tyyp, taisnimi, registrikood, epost, telefon) VALUES (2, 'eraisik', 'Maria Timofejev', NULL, 'reintreial@example.com', '+372 52926570');
INSERT INTO kliendid (grupp_id, tyyp, taisnimi, registrikood, epost, telefon) VALUES (1, 'ettevõte', 'Kiis-Bõstrov', '7118582', 'eveniit@example.net', '+372 55642761');
INSERT INTO kliendid (grupp_id, tyyp, taisnimi, registrikood, epost, telefon) VALUES (3, 'ettevõte', 'Lill-Paju', '4324754', 'joesaarkristi@example.com', '+372 51479543');
INSERT INTO kliendid (grupp_id, tyyp, taisnimi, registrikood, epost, telefon) VALUES (3, 'eraisik', 'Mare Kolk', NULL, 'margus81@example.com', '+372 58805733');
INSERT INTO kliendid (grupp_id, tyyp, taisnimi, registrikood, epost, telefon) VALUES (2, 'ettevõte', 'Tamberg, Toomsalu and Raud', '9492879', 'bostrovriina@example.net', '+372 52358943');
INSERT INTO kliendid (grupp_id, tyyp, taisnimi, registrikood, epost, telefon) VALUES (2, 'eraisik', 'Mihkel Tõnisson', NULL, 'aleksandraborissov@example.net', '+372 55401212');
INSERT INTO kliendid (grupp_id, tyyp, taisnimi, registrikood, epost, telefon) VALUES (3, 'eraisik', 'Diana Pajula', NULL, 'kivisirje@example.net', '+372 56144455');
INSERT INTO kliendid (grupp_id, tyyp, taisnimi, registrikood, epost, telefon) VALUES (3, 'ettevõte', 'Leht Group', '2082500', 'jleht@example.net', '+372 56992644');
INSERT INTO kliendid (grupp_id, tyyp, taisnimi, registrikood, epost, telefon) VALUES (3, 'eraisik', 'Olga Kaljuvee', NULL, 'zjaanus@example.net', '+372 50622315');
INSERT INTO kliendid (grupp_id, tyyp, taisnimi, registrikood, epost, telefon) VALUES (2, 'eraisik', 'Tiiu Smirnov', NULL, 'andrei63@example.net', '+372 56440805');
INSERT INTO kliendid (grupp_id, tyyp, taisnimi, registrikood, epost, telefon) VALUES (3, 'eraisik', 'Mare Suvorov', NULL, 'reet25@example.net', '+372 51094833');
INSERT INTO kliendid (grupp_id, tyyp, taisnimi, registrikood, epost, telefon) VALUES (1, 'eraisik', 'Margus Kolk', NULL, 'riinamae@example.com', '+372 50059105');
INSERT INTO kliendid (grupp_id, tyyp, taisnimi, registrikood, epost, telefon) VALUES (2, 'ettevõte', 'Nikolaev Inc', '2109387', 'rliivamagi@example.com', '+372 58344017');
INSERT INTO kliendid (grupp_id, tyyp, taisnimi, registrikood, epost, telefon) VALUES (1, 'ettevõte', 'Abramov, Järve and Post', '8422800', 'llomp@example.net', '+372 58230036');
INSERT INTO kliendid (grupp_id, tyyp, taisnimi, registrikood, epost, telefon) VALUES (1, 'eraisik', 'Aivar Lind', NULL, 'zkohv@example.com', '+372 58339934');
INSERT INTO kliendid (grupp_id, tyyp, taisnimi, registrikood, epost, telefon) VALUES (1, 'eraisik', 'Anneli Laks', NULL, 'hallikkristina@example.com', '+372 56468443');
INSERT INTO kliendid (grupp_id, tyyp, taisnimi, registrikood, epost, telefon) VALUES (2, 'eraisik', 'Andres Pärnpuu', NULL, 'ojakristjan@example.org', '+372 56542893');
INSERT INTO kliendid (grupp_id, tyyp, taisnimi, registrikood, epost, telefon) VALUES (1, 'eraisik', 'Andrei Pukk', NULL, 'schmidtjelena@example.com', '+372 55361603');
INSERT INTO kliendid (grupp_id, tyyp, taisnimi, registrikood, epost, telefon) VALUES (3, 'ettevõte', 'Tihhomirov-Kurg', '9061359', 'pvaino@example.com', '+372 50197349');
INSERT INTO kliendid (grupp_id, tyyp, taisnimi, registrikood, epost, telefon) VALUES (2, 'eraisik', 'Valeri Soosaar', NULL, 'marinaivanov@example.net', '+372 52191638');
INSERT INTO kliendid (grupp_id, tyyp, taisnimi, registrikood, epost, telefon) VALUES (1, 'ettevõte', 'Gorbunov-Uus', '4390426', 'esulg@example.net', '+372 53627053');
INSERT INTO kliendid (grupp_id, tyyp, taisnimi, registrikood, epost, telefon) VALUES (3, 'eraisik', 'Rein Püvi', NULL, 'libliksiim@example.com', '+372 51681639');
INSERT INTO kliendid (grupp_id, tyyp, taisnimi, registrikood, epost, telefon) VALUES (3, 'eraisik', 'Jaan Sirel', NULL, 'xkuznetsov@example.net', '+372 56810790');
INSERT INTO kliendid (grupp_id, tyyp, taisnimi, registrikood, epost, telefon) VALUES (1, 'eraisik', 'Jevgeni Viks', NULL, 'klaasmarko@example.com', '+372 52414485');
INSERT INTO kliendid (grupp_id, tyyp, taisnimi, registrikood, epost, telefon) VALUES (1, 'ettevõte', 'Lebedev and Sons', '0263209', 'andrusoun@example.org', '+372 50650242');
INSERT INTO kliendid (grupp_id, tyyp, taisnimi, registrikood, epost, telefon) VALUES (3, 'eraisik', 'Niina Jaanus', NULL, 'tatianaaleksandrov@example.com', '+372 56716182');
INSERT INTO kliendid (grupp_id, tyyp, taisnimi, registrikood, epost, telefon) VALUES (2, 'ettevõte', 'Kivimäe LLC', '5021970', 'uustalualeksander@example.com', '+372 51301427');
INSERT INTO kliendid (grupp_id, tyyp, taisnimi, registrikood, epost, telefon) VALUES (2, 'eraisik', 'Tiiu Kaljuvee', NULL, 'pentpeeter@example.org', '+372 58482361');
INSERT INTO kliendid (grupp_id, tyyp, taisnimi, registrikood, epost, telefon) VALUES (2, 'eraisik', 'Galina Karpov', NULL, 'juri70@example.com', '+372 50541533');
INSERT INTO kliendid (grupp_id, tyyp, taisnimi, registrikood, epost, telefon) VALUES (1, 'ettevõte', 'Õunapuu-Bogdanov', '7204117', 'diana64@example.org', '+372 58595912');
INSERT INTO kliendid (grupp_id, tyyp, taisnimi, registrikood, epost, telefon) VALUES (2, 'eraisik', 'Igor Puusepp', NULL, 'aleksandra98@example.org', '+372 52856700');
INSERT INTO kliendid (grupp_id, tyyp, taisnimi, registrikood, epost, telefon) VALUES (2, 'eraisik', 'Maria Romanov', NULL, 'oleg95@example.com', '+372 55139557');
INSERT INTO kliendid (grupp_id, tyyp, taisnimi, registrikood, epost, telefon) VALUES (1, 'eraisik', 'Maksim Rätsep', NULL, 'ktruu@example.net', '+372 52000268');
INSERT INTO kliendid (grupp_id, tyyp, taisnimi, registrikood, epost, telefon) VALUES (2, 'eraisik', 'Julia Kase', NULL, 'ejarve@example.org', '+372 53288423');
INSERT INTO kliendid (grupp_id, tyyp, taisnimi, registrikood, epost, telefon) VALUES (1, 'eraisik', 'Nikolai Õispuu', NULL, 'vmoor@example.org', '+372 56810484');
INSERT INTO kliendid (grupp_id, tyyp, taisnimi, registrikood, epost, telefon) VALUES (2, 'eraisik', 'Andrei Kiisk', NULL, 'sandervorobjov@example.com', '+372 50991440');
INSERT INTO kliendid (grupp_id, tyyp, taisnimi, registrikood, epost, telefon) VALUES (1, 'eraisik', 'Oleg Mõttus', NULL, 'ppikk@example.org', '+372 51140160');
INSERT INTO kliendid (grupp_id, tyyp, taisnimi, registrikood, epost, telefon) VALUES (1, 'eraisik', 'Mare Tõnisson', NULL, 'kalameeselena@example.net', '+372 58562385');
INSERT INTO kliendid (grupp_id, tyyp, taisnimi, registrikood, epost, telefon) VALUES (2, 'eraisik', 'Peeter Nurk', NULL, 'ckangur@example.com', '+372 50444198');
INSERT INTO kliendid (grupp_id, tyyp, taisnimi, registrikood, epost, telefon) VALUES (2, 'eraisik', 'Kristina Mark', NULL, 'viktoriakoitla@example.net', '+372 53886777');
INSERT INTO kliendid (grupp_id, tyyp, taisnimi, registrikood, epost, telefon) VALUES (3, 'eraisik', 'Aleksei Raudsepp', NULL, 'marika97@example.com', '+372 52245559');
INSERT INTO kliendid (grupp_id, tyyp, taisnimi, registrikood, epost, telefon) VALUES (2, 'eraisik', 'Alexander Lehiste', NULL, 'bsisask@example.com', '+372 58844294');
INSERT INTO kliendid (grupp_id, tyyp, taisnimi, registrikood, epost, telefon) VALUES (2, 'eraisik', 'Aino Randoja', NULL, 'dianapoder@example.org', '+372 51555684');
INSERT INTO kliendid (grupp_id, tyyp, taisnimi, registrikood, epost, telefon) VALUES (2, 'ettevõte', 'Oja-Kotkas', '2812170', 'bpartel@example.net', '+372 53455946');
INSERT INTO kliendid (grupp_id, tyyp, taisnimi, registrikood, epost, telefon) VALUES (1, 'ettevõte', 'Pukk, Lääne and Saks', '9924007', 'yvill@example.net', '+372 52091631');
INSERT INTO kliendid (grupp_id, tyyp, taisnimi, registrikood, epost, telefon) VALUES (1, 'eraisik', 'Martin Roosileht', NULL, 'nlaur@example.net', '+372 56806868');
INSERT INTO kliendid (grupp_id, tyyp, taisnimi, registrikood, epost, telefon) VALUES (2, 'eraisik', 'Aleksandr Kuuse', NULL, 'kotkasanu@example.net', '+372 58932390');
INSERT INTO kliendid (grupp_id, tyyp, taisnimi, registrikood, epost, telefon) VALUES (3, 'eraisik', 'Ülle Põldma', NULL, 'thunt@example.net', '+372 52089763');
INSERT INTO kliendid (grupp_id, tyyp, taisnimi, registrikood, epost, telefon) VALUES (2, 'eraisik', 'Galina Karpov', NULL, 'makarovdiana@example.com', '+372 58995199');
INSERT INTO kliendid (grupp_id, tyyp, taisnimi, registrikood, epost, telefon) VALUES (3, 'eraisik', 'Riina Kivi', NULL, 'ilaks@example.net', '+372 56547727');
INSERT INTO kliendid (grupp_id, tyyp, taisnimi, registrikood, epost, telefon) VALUES (1, 'eraisik', 'Diana Kuus', NULL, 'tonu45@example.org', '+372 50965220');
INSERT INTO kliendid (grupp_id, tyyp, taisnimi, registrikood, epost, telefon) VALUES (1, 'eraisik', 'Igor Mihhailov', NULL, 'stepanovpeeter@example.net', '+372 50101572');
INSERT INTO kliendid (grupp_id, tyyp, taisnimi, registrikood, epost, telefon) VALUES (1, 'eraisik', 'Tõnu Suur', NULL, 'tambergelena@example.net', '+372 55591064');
INSERT INTO kliendid (grupp_id, tyyp, taisnimi, registrikood, epost, telefon) VALUES (2, 'eraisik', 'Jelena Niit', NULL, 'psuur@example.net', '+372 58196488');
INSERT INTO kliendid (grupp_id, tyyp, taisnimi, registrikood, epost, telefon) VALUES (1, 'eraisik', 'Anneli Erm', NULL, 'xtarassov@example.net', '+372 53722032');
INSERT INTO kliendid (grupp_id, tyyp, taisnimi, registrikood, epost, telefon) VALUES (3, 'eraisik', 'Reet Lukin', NULL, 'rpodra@example.com', '+372 52458912');
INSERT INTO kliendid (grupp_id, tyyp, taisnimi, registrikood, epost, telefon) VALUES (1, 'eraisik', 'Anu Smirnov', NULL, 'priit76@example.com', '+372 52461418');
INSERT INTO kliendid (grupp_id, tyyp, taisnimi, registrikood, epost, telefon) VALUES (2, 'eraisik', 'Urmas Aasmäe', NULL, 'linkene@example.net', '+372 50054280');
INSERT INTO kliendid (grupp_id, tyyp, taisnimi, registrikood, epost, telefon) VALUES (2, 'eraisik', 'Andrus Kirs', NULL, 'heinsoomaksim@example.net', '+372 56837350');
INSERT INTO kliendid (grupp_id, tyyp, taisnimi, registrikood, epost, telefon) VALUES (1, 'ettevõte', 'Filatov-Lebedev', '6981585', 'jmae@example.com', '+372 53698580');
INSERT INTO kliendid (grupp_id, tyyp, taisnimi, registrikood, epost, telefon) VALUES (2, 'eraisik', 'Piret Sidorov', NULL, 'emurk@example.com', '+372 53009452');
INSERT INTO kliendid (grupp_id, tyyp, taisnimi, registrikood, epost, telefon) VALUES (2, 'eraisik', 'Artur Pulk', NULL, 'valeripaap@example.net', '+372 53027647');
INSERT INTO kliendid (grupp_id, tyyp, taisnimi, registrikood, epost, telefon) VALUES (1, 'eraisik', 'Raivo Sikk', NULL, 'ualas@example.com', '+372 56636967');
INSERT INTO kliendid (grupp_id, tyyp, taisnimi, registrikood, epost, telefon) VALUES (3, 'eraisik', 'Aino Makarov', NULL, 'jsaare@example.net', '+372 55970043');
INSERT INTO kliendid (grupp_id, tyyp, taisnimi, registrikood, epost, telefon) VALUES (2, 'ettevõte', 'Peterson Group', '7948881', 'tatianarosenberg@example.org', '+372 53515411');
INSERT INTO kliendid (grupp_id, tyyp, taisnimi, registrikood, epost, telefon) VALUES (2, 'eraisik', 'Igor Gross', NULL, 'andrus61@example.org', '+372 51022049');
INSERT INTO kliendid (grupp_id, tyyp, taisnimi, registrikood, epost, telefon) VALUES (2, 'eraisik', 'Tõnu Bogdanov', NULL, 'laurakiisk@example.com', '+372 56315728');
INSERT INTO kliendid (grupp_id, tyyp, taisnimi, registrikood, epost, telefon) VALUES (1, 'eraisik', 'Aivar Aas', NULL, 'utarassov@example.org', '+372 58830871');
INSERT INTO kliendid (grupp_id, tyyp, taisnimi, registrikood, epost, telefon) VALUES (1, 'ettevõte', 'Jürisson LLC', '6650869', 'parro@example.org', '+372 51756494');
INSERT INTO kliendid (grupp_id, tyyp, taisnimi, registrikood, epost, telefon) VALUES (3, 'eraisik', 'Vello Vähi', NULL, 'andreszuravljov@example.net', '+372 58383921');
INSERT INTO kliendid (grupp_id, tyyp, taisnimi, registrikood, epost, telefon) VALUES (2, 'eraisik', 'Pavel Kuusik', NULL, 'yjaakson@example.net', '+372 58761335');
INSERT INTO kliendid (grupp_id, tyyp, taisnimi, registrikood, epost, telefon) VALUES (2, 'ettevõte', 'Nõmmik Ltd', '4624170', 'suvisergey@example.com', '+372 50632223');
INSERT INTO kliendid (grupp_id, tyyp, taisnimi, registrikood, epost, telefon) VALUES (1, 'eraisik', 'Ants Kazakov', NULL, 'ajurgens@example.org', '+372 51885427');
INSERT INTO kliendid (grupp_id, tyyp, taisnimi, registrikood, epost, telefon) VALUES (3, 'eraisik', 'Malle Roosileht', NULL, 'usoo@example.net', '+372 51954043');
INSERT INTO kliendid (grupp_id, tyyp, taisnimi, registrikood, epost, telefon) VALUES (1, 'eraisik', 'Tamara Tiits', NULL, 'fegorov@example.net', '+372 58766295');
INSERT INTO kliendid (grupp_id, tyyp, taisnimi, registrikood, epost, telefon) VALUES (2, 'eraisik', 'Nina Kirs', NULL, 'puviljubov@example.com', '+372 58755812');
INSERT INTO kliendid (grupp_id, tyyp, taisnimi, registrikood, epost, telefon) VALUES (3, 'ettevõte', 'Kotkas, Männik and Kont', '9227937', 'marko75@example.com', '+372 52422919');
INSERT INTO kliendid (grupp_id, tyyp, taisnimi, registrikood, epost, telefon) VALUES (3, 'ettevõte', 'Gerassimov-Sikk', '4430893', 'sander10@example.org', '+372 52110321');
INSERT INTO kliendid (grupp_id, tyyp, taisnimi, registrikood, epost, telefon) VALUES (3, 'eraisik', 'Kristjan Saveljev', NULL, 'jaankalamees@example.com', '+372 50089734');
INSERT INTO kliendid (grupp_id, tyyp, taisnimi, registrikood, epost, telefon) VALUES (2, 'ettevõte', 'Liiva, Järv and Kuuse', '5129106', 'ajurgens@example.org', '+372 56033899');
INSERT INTO kliendid (grupp_id, tyyp, taisnimi, registrikood, epost, telefon) VALUES (2, 'eraisik', 'Tõnu Tooming', NULL, 'nina29@example.net', '+372 51992393');
INSERT INTO kliendid (grupp_id, tyyp, taisnimi, registrikood, epost, telefon) VALUES (1, 'eraisik', 'Maria Dmitriev', NULL, 'tamara40@example.net', '+372 52208789');
INSERT INTO kliendid (grupp_id, tyyp, taisnimi, registrikood, epost, telefon) VALUES (3, 'eraisik', 'Tiiu Anton', NULL, 'aleksei26@example.org', '+372 53973867');
INSERT INTO kliendid (grupp_id, tyyp, taisnimi, registrikood, epost, telefon) VALUES (1, 'ettevõte', 'Pärtel, Korol and Orlov', '5177572', 'ukurm@example.com', '+372 51950385');
INSERT INTO kliendid (grupp_id, tyyp, taisnimi, registrikood, epost, telefon) VALUES (3, 'eraisik', 'Kristi Taal', NULL, 'kadrikass@example.net', '+372 53812250');
INSERT INTO kliendid (grupp_id, tyyp, taisnimi, registrikood, epost, telefon) VALUES (2, 'eraisik', 'Artur Zahharov', NULL, 'irina18@example.com', '+372 51997264');
INSERT INTO kliendid (grupp_id, tyyp, taisnimi, registrikood, epost, telefon) VALUES (3, 'eraisik', 'Andres Luht', NULL, 'triin48@example.org', '+372 56296653');
INSERT INTO kliendid (grupp_id, tyyp, taisnimi, registrikood, epost, telefon) VALUES (1, 'eraisik', 'Vello Lääne', NULL, 'kurmljudmila@example.org', '+372 51919171');
INSERT INTO kliendid (grupp_id, tyyp, taisnimi, registrikood, epost, telefon) VALUES (3, 'eraisik', 'Tamara Muru', NULL, 'urmastooming@example.com', '+372 50198486');
INSERT INTO kliendid (grupp_id, tyyp, taisnimi, registrikood, epost, telefon) VALUES (1, 'eraisik', 'Juri Vain', NULL, 'sevtsenkomati@example.org', '+372 50055161');
INSERT INTO kliendid (grupp_id, tyyp, taisnimi, registrikood, epost, telefon) VALUES (3, 'eraisik', 'Roman Kapp', NULL, 'nataliakallaste@example.org', '+372 50901189');
INSERT INTO kliendid (grupp_id, tyyp, taisnimi, registrikood, epost, telefon) VALUES (3, 'eraisik', 'Piret Raud', NULL, 'anna63@example.org', '+372 58070002');
INSERT INTO kliendid (grupp_id, tyyp, taisnimi, registrikood, epost, telefon) VALUES (3, 'eraisik', 'Indrek Mets', NULL, 'mare21@example.net', '+372 50829242');
INSERT INTO kliendid (grupp_id, tyyp, taisnimi, registrikood, epost, telefon) VALUES (2, 'eraisik', 'Ivan Rosenberg', NULL, 'olgajermakov@example.com', '+372 56328465');
INSERT INTO kliendid (grupp_id, tyyp, taisnimi, registrikood, epost, telefon) VALUES (1, 'eraisik', 'Andrei Jõesaar', NULL, 'qloorits@example.net', '+372 52575941');
INSERT INTO kliendid (grupp_id, tyyp, taisnimi, registrikood, epost, telefon) VALUES (1, 'ettevõte', 'Borissov-Kalda', '7581735', 'niinamannik@example.net', '+372 53776412');
INSERT INTO kliendid (grupp_id, tyyp, taisnimi, registrikood, epost, telefon) VALUES (1, 'eraisik', 'Andres Jaanson', NULL, 'olgakink@example.com', '+372 53566899');
INSERT INTO kliendid (grupp_id, tyyp, taisnimi, registrikood, epost, telefon) VALUES (3, 'eraisik', 'Aivar Saveljev', NULL, 'valentinakasak@example.org', '+372 51969130');
INSERT INTO kliendid (grupp_id, tyyp, taisnimi, registrikood, epost, telefon) VALUES (1, 'ettevõte', 'Pikk-Kärner', '3821928', 'randtatjana@example.net', '+372 58883529');
INSERT INTO kliendid (grupp_id, tyyp, taisnimi, registrikood, epost, telefon) VALUES (2, 'eraisik', 'Sirje Tamme', NULL, 'ounjaanus@example.org', '+372 50083973');
INSERT INTO kliendid (grupp_id, tyyp, taisnimi, registrikood, epost, telefon) VALUES (2, 'ettevõte', 'Piirsalu and Sons', '1166666', 'fominvaleri@example.org', '+372 50679025');
INSERT INTO kliendid (grupp_id, tyyp, taisnimi, registrikood, epost, telefon) VALUES (2, 'eraisik', 'Mati Kivi', NULL, 'indreklumi@example.org', '+372 52418276');
INSERT INTO kliendid (grupp_id, tyyp, taisnimi, registrikood, epost, telefon) VALUES (1, 'eraisik', 'Tatiana Moroz', NULL, 'andrussisask@example.net', '+372 53683251');
INSERT INTO kliendid (grupp_id, tyyp, taisnimi, registrikood, epost, telefon) VALUES (1, 'eraisik', 'Laura Tooming', NULL, 'marek58@example.com', '+372 55415459');
INSERT INTO kliendid (grupp_id, tyyp, taisnimi, registrikood, epost, telefon) VALUES (2, 'eraisik', 'Roman Jakovlev', NULL, 'mare73@example.org', '+372 50607519');
INSERT INTO kliendid (grupp_id, tyyp, taisnimi, registrikood, epost, telefon) VALUES (3, 'eraisik', 'Reet Tuul', NULL, 'mihkel20@example.org', '+372 55539399');
INSERT INTO kliendid (grupp_id, tyyp, taisnimi, registrikood, epost, telefon) VALUES (1, 'ettevõte', 'Sirel, Viks and Volkov', '7452295', 'anissimovljubov@example.org', '+372 58160831');
INSERT INTO kliendid (grupp_id, tyyp, taisnimi, registrikood, epost, telefon) VALUES (2, 'eraisik', 'Toomas Pavlov', NULL, 'johansonkristjan@example.org', '+372 51806166');
INSERT INTO kliendid (grupp_id, tyyp, taisnimi, registrikood, epost, telefon) VALUES (3, 'ettevõte', 'Kiik-Kasemets', '1910714', 'viktoria83@example.net', '+372 51880998');
INSERT INTO kliendid (grupp_id, tyyp, taisnimi, registrikood, epost, telefon) VALUES (2, 'ettevõte', 'Tiik-Kruglov', '5781871', 'kaarurmas@example.org', '+372 56218723');
INSERT INTO kliendid (grupp_id, tyyp, taisnimi, registrikood, epost, telefon) VALUES (2, 'eraisik', 'Ülle Matvejev', NULL, 'merilatamara@example.org', '+372 58614122');
INSERT INTO kliendid (grupp_id, tyyp, taisnimi, registrikood, epost, telefon) VALUES (3, 'eraisik', 'Ljudmila Zujev', NULL, 'katrinurb@example.net', '+372 50173074');
INSERT INTO kliendid (grupp_id, tyyp, taisnimi, registrikood, epost, telefon) VALUES (1, 'eraisik', 'Aleksandr Toome', NULL, 'rumjantsevriina@example.com', '+372 51490629');
INSERT INTO kliendid (grupp_id, tyyp, taisnimi, registrikood, epost, telefon) VALUES (3, 'eraisik', 'Tiiu Sillaste', NULL, 'denissoveve@example.org', '+372 51434732');
INSERT INTO kliendid (grupp_id, tyyp, taisnimi, registrikood, epost, telefon) VALUES (3, 'eraisik', 'Aivar Veski', NULL, 'annemust@example.org', '+372 52803377');
INSERT INTO kliendid (grupp_id, tyyp, taisnimi, registrikood, epost, telefon) VALUES (2, 'ettevõte', 'Medvedev-Sulg', '5976691', 'meelisromanov@example.org', '+372 56316043');
INSERT INTO kliendid (grupp_id, tyyp, taisnimi, registrikood, epost, telefon) VALUES (1, 'eraisik', 'Kristjan Kasak', NULL, 'nataljajohanson@example.com', '+372 51347062');
INSERT INTO kliendid (grupp_id, tyyp, taisnimi, registrikood, epost, telefon) VALUES (1, 'eraisik', 'Galina Lehtmets', NULL, 'rsoot@example.org', '+372 58734711');
INSERT INTO kliendid (grupp_id, tyyp, taisnimi, registrikood, epost, telefon) VALUES (2, 'ettevõte', 'Kasemets Ltd', '0314371', 'ljubov55@example.com', '+372 50908801');
INSERT INTO kliendid (grupp_id, tyyp, taisnimi, registrikood, epost, telefon) VALUES (3, 'ettevõte', 'Käär-Hallik', '9566696', 'sokolovaino@example.net', '+372 50430674');
INSERT INTO kliendid (grupp_id, tyyp, taisnimi, registrikood, epost, telefon) VALUES (2, 'eraisik', 'Aivar Titov', NULL, 'jaan85@example.com', '+372 53864117');
INSERT INTO kliendid (grupp_id, tyyp, taisnimi, registrikood, epost, telefon) VALUES (3, 'eraisik', 'Aleksei Reinsalu', NULL, 'andres04@example.com', '+372 55669410');
INSERT INTO kliendid (grupp_id, tyyp, taisnimi, registrikood, epost, telefon) VALUES (1, 'eraisik', 'Jevgeni Kondratjev', NULL, 'arturkasemets@example.net', '+372 58572731');
INSERT INTO kliendid (grupp_id, tyyp, taisnimi, registrikood, epost, telefon) VALUES (3, 'eraisik', 'Aivar Urb', NULL, 'abramovmarko@example.net', '+372 53577722');
INSERT INTO kliendid (grupp_id, tyyp, taisnimi, registrikood, epost, telefon) VALUES (3, 'eraisik', 'Julia Nõmmik', NULL, 'lorlov@example.net', '+372 50537152');
INSERT INTO kliendid (grupp_id, tyyp, taisnimi, registrikood, epost, telefon) VALUES (1, 'eraisik', 'Aleksandr Jänes', NULL, 'viktorpalm@example.org', '+372 53643255');
INSERT INTO kliendid (grupp_id, tyyp, taisnimi, registrikood, epost, telefon) VALUES (3, 'eraisik', 'Tõnu Semenov', NULL, 'kontvalentina@example.com', '+372 56314464');
INSERT INTO kliendid (grupp_id, tyyp, taisnimi, registrikood, epost, telefon) VALUES (1, 'ettevõte', 'Lehiste Ltd', '2858891', 'saartarmo@example.net', '+372 52078987');
INSERT INTO kliendid (grupp_id, tyyp, taisnimi, registrikood, epost, telefon) VALUES (2, 'eraisik', 'Margus Jalakas', NULL, 'kaarikrein@example.org', '+372 53220434');
INSERT INTO kliendid (grupp_id, tyyp, taisnimi, registrikood, epost, telefon) VALUES (1, 'eraisik', 'Laura Tarassov', NULL, 'jaanusindrek@example.org', '+372 56912246');
INSERT INTO kliendid (grupp_id, tyyp, taisnimi, registrikood, epost, telefon) VALUES (2, 'ettevõte', 'Põldmaa, Tõnisson and Valge', '3002895', 'gdenissov@example.net', '+372 53800568');
INSERT INTO kliendid (grupp_id, tyyp, taisnimi, registrikood, epost, telefon) VALUES (1, 'eraisik', 'Mihhail Laanemets', NULL, 'umuursepp@example.net', '+372 51004804');
INSERT INTO kliendid (grupp_id, tyyp, taisnimi, registrikood, epost, telefon) VALUES (1, 'eraisik', 'Piret Klimov', NULL, 'kristiina28@example.org', '+372 50244683');
INSERT INTO kliendid (grupp_id, tyyp, taisnimi, registrikood, epost, telefon) VALUES (1, 'eraisik', 'Andres Reinsalu', NULL, 'mironovpriit@example.com', '+372 52424312');
INSERT INTO kliendid (grupp_id, tyyp, taisnimi, registrikood, epost, telefon) VALUES (1, 'eraisik', 'Ivan Püvi', NULL, 'dpodra@example.net', '+372 56314313');
INSERT INTO kliendid (grupp_id, tyyp, taisnimi, registrikood, epost, telefon) VALUES (2, 'eraisik', 'Andrei Pavlov', NULL, 'mlember@example.com', '+372 51897164');
INSERT INTO kliendid (grupp_id, tyyp, taisnimi, registrikood, epost, telefon) VALUES (1, 'eraisik', 'Ljudmila Moroz', NULL, 'reinmaeots@example.org', '+372 58858172');
INSERT INTO kliendid (grupp_id, tyyp, taisnimi, registrikood, epost, telefon) VALUES (2, 'eraisik', 'Anneli Kaljuste', NULL, 'volesk@example.net', '+372 50629964');
INSERT INTO kliendid (grupp_id, tyyp, taisnimi, registrikood, epost, telefon) VALUES (1, 'eraisik', 'Marek Kokk', NULL, 'koolrein@example.org', '+372 58050234');
INSERT INTO kliendid (grupp_id, tyyp, taisnimi, registrikood, epost, telefon) VALUES (3, 'eraisik', 'Jüri Pärna', NULL, 'onomm@example.org', '+372 53879899');
INSERT INTO kliendid (grupp_id, tyyp, taisnimi, registrikood, epost, telefon) VALUES (2, 'eraisik', 'Andrus Tooming', NULL, 'aleksandrsorokin@example.com', '+372 55657651');
INSERT INTO kliendid (grupp_id, tyyp, taisnimi, registrikood, epost, telefon) VALUES (3, 'eraisik', 'Rein Ševtšenko', NULL, 'grosskristiina@example.com', '+372 53060492');
INSERT INTO kliendid (grupp_id, tyyp, taisnimi, registrikood, epost, telefon) VALUES (1, 'eraisik', 'Siim Erik', NULL, 'mihkeltitov@example.org', '+372 51683915');
INSERT INTO kliendid (grupp_id, tyyp, taisnimi, registrikood, epost, telefon) VALUES (2, 'ettevõte', 'Anton-Luts', '4064454', 'bsarap@example.com', '+372 53385454');
INSERT INTO kliendid (grupp_id, tyyp, taisnimi, registrikood, epost, telefon) VALUES (2, 'ettevõte', 'Nurm, Danilov and Soots', '6865397', 'marek16@example.com', '+372 55679343');
INSERT INTO kliendid (grupp_id, tyyp, taisnimi, registrikood, epost, telefon) VALUES (1, 'eraisik', 'Riina Põld', NULL, 'aavikandrus@example.org', '+372 53379704');
INSERT INTO kliendid (grupp_id, tyyp, taisnimi, registrikood, epost, telefon) VALUES (2, 'eraisik', 'Tiina Põld', NULL, 'veskikristina@example.org', '+372 56878127');
INSERT INTO kliendid (grupp_id, tyyp, taisnimi, registrikood, epost, telefon) VALUES (2, 'ettevõte', 'Mihhailov and Sons', '6192539', 'valeri77@example.org', '+372 51617650');
INSERT INTO kliendid (grupp_id, tyyp, taisnimi, registrikood, epost, telefon) VALUES (3, 'eraisik', 'Jaanus Männik', NULL, 'wkurvits@example.net', '+372 58154462');
INSERT INTO kliendid (grupp_id, tyyp, taisnimi, registrikood, epost, telefon) VALUES (3, 'eraisik', 'Priit Davõdov', NULL, 'valgemargus@example.org', '+372 53208820');
INSERT INTO kliendid (grupp_id, tyyp, taisnimi, registrikood, epost, telefon) VALUES (2, 'ettevõte', 'Martin and Sons', '9910272', 'koortanne@example.com', '+372 58953590');
INSERT INTO kliendid (grupp_id, tyyp, taisnimi, registrikood, epost, telefon) VALUES (3, 'eraisik', 'Anu Miller', NULL, 'ounapuutarmo@example.net', '+372 55800984');
INSERT INTO kliendid (grupp_id, tyyp, taisnimi, registrikood, epost, telefon) VALUES (2, 'eraisik', 'Aivar Sulg', NULL, 'tonu25@example.net', '+372 52146608');
INSERT INTO kliendid (grupp_id, tyyp, taisnimi, registrikood, epost, telefon) VALUES (2, 'ettevõte', 'Vähi, Iljin and Piirsalu', '0466047', 'vmerila@example.net', '+372 52706948');
INSERT INTO kliendid (grupp_id, tyyp, taisnimi, registrikood, epost, telefon) VALUES (3, 'eraisik', 'Irina Andreev', NULL, 'piretkikas@example.com', '+372 50059882');
INSERT INTO kliendid (grupp_id, tyyp, taisnimi, registrikood, epost, telefon) VALUES (1, 'eraisik', 'Aleksandr Jürgens', NULL, 'kroonvladimir@example.com', '+372 58457646');
INSERT INTO kliendid (grupp_id, tyyp, taisnimi, registrikood, epost, telefon) VALUES (1, 'eraisik', 'Natalia Jänes', NULL, 'maresorokin@example.com', '+372 52542115');
INSERT INTO kliendid (grupp_id, tyyp, taisnimi, registrikood, epost, telefon) VALUES (2, 'eraisik', 'Irina Luts', NULL, 'kapptonu@example.net', '+372 58909863');
INSERT INTO kliendid (grupp_id, tyyp, taisnimi, registrikood, epost, telefon) VALUES (2, 'ettevõte', 'Kiik, Sirel and Jänes', '1000971', 'htamberg@example.net', '+372 52892227');
INSERT INTO kliendid (grupp_id, tyyp, taisnimi, registrikood, epost, telefon) VALUES (2, 'eraisik', 'Linda Johanson', NULL, 'jkelder@example.com', '+372 51624441');
INSERT INTO kliendid (grupp_id, tyyp, taisnimi, registrikood, epost, telefon) VALUES (3, 'eraisik', 'Nikolai Jakobson', NULL, 'orastiit@example.com', '+372 55034554');
INSERT INTO kliendid (grupp_id, tyyp, taisnimi, registrikood, epost, telefon) VALUES (3, 'eraisik', 'Siim Laanemets', NULL, 'erandmaa@example.org', '+372 52912946');
INSERT INTO kliendid (grupp_id, tyyp, taisnimi, registrikood, epost, telefon) VALUES (3, 'eraisik', 'Rein Käärik', NULL, 'viktormeier@example.com', '+372 55486772');
INSERT INTO kliendid (grupp_id, tyyp, taisnimi, registrikood, epost, telefon) VALUES (3, 'eraisik', 'Julia Poom', NULL, 'zkadak@example.com', '+372 58440448');
INSERT INTO kliendid (grupp_id, tyyp, taisnimi, registrikood, epost, telefon) VALUES (1, 'eraisik', 'Aivar Soots', NULL, 'esalumets@example.net', '+372 58087956');
INSERT INTO kliendid (grupp_id, tyyp, taisnimi, registrikood, epost, telefon) VALUES (1, 'ettevõte', 'Laas-Meier', '1462213', 'tiitkrolov@example.org', '+372 50060260');
INSERT INTO kliendid (grupp_id, tyyp, taisnimi, registrikood, epost, telefon) VALUES (3, 'eraisik', 'Sander Ojaste', NULL, 'bjanes@example.com', '+372 53306093');
INSERT INTO kliendid (grupp_id, tyyp, taisnimi, registrikood, epost, telefon) VALUES (1, 'eraisik', 'Aleksandr Susi', NULL, 'andreskalda@example.org', '+372 53395965');
INSERT INTO kliendid (grupp_id, tyyp, taisnimi, registrikood, epost, telefon) VALUES (3, 'eraisik', 'Tatiana Safronov', NULL, 'tatjanapuusepp@example.net', '+372 52681763');
INSERT INTO kliendid (grupp_id, tyyp, taisnimi, registrikood, epost, telefon) VALUES (1, 'ettevõte', 'Trei Inc', '4865946', 'tarmokarner@example.org', '+372 53489212');
INSERT INTO kliendid (grupp_id, tyyp, taisnimi, registrikood, epost, telefon) VALUES (2, 'eraisik', 'Eve Allas', NULL, 'xfedorov@example.net', '+372 55437512');
INSERT INTO kliendid (grupp_id, tyyp, taisnimi, registrikood, epost, telefon) VALUES (2, 'eraisik', 'Juri Lass', NULL, 'evepaas@example.org', '+372 50598604');
INSERT INTO kliendid (grupp_id, tyyp, taisnimi, registrikood, epost, telefon) VALUES (2, 'eraisik', 'Ants Kurm', NULL, 'lkuningas@example.net', '+372 50776231');
INSERT INTO kliendid (grupp_id, tyyp, taisnimi, registrikood, epost, telefon) VALUES (3, 'ettevõte', 'Kaur LLC', '0284402', 'marguspold@example.com', '+372 52717405');
INSERT INTO aadressi_tyybid (nimetus) VALUES ('Kodu');
INSERT INTO aadressi_tyybid (nimetus) VALUES ('Peakontor');
INSERT INTO aadressi_tyybid (nimetus) VALUES ('Tarneaadress');
INSERT INTO aadressi_tyybid (nimetus) VALUES ('Arveldusaadress');
INSERT INTO klientide_aadressid (klient_id, tyyp_id, maakond, asula, tanav_maja, postikoht) VALUES (1, 2, 'Saare maakond', 'Kuressaare', 'Raekoja plats 97', '98715');
INSERT INTO klientide_aadressid (klient_id, tyyp_id, maakond, asula, tanav_maja, postikoht) VALUES (2, 4, 'Lääne maakond', 'Taebla', 'Kalda tänav 71', '97136');
INSERT INTO klientide_aadressid (klient_id, tyyp_id, maakond, asula, tanav_maja, postikoht) VALUES (3, 1, 'Ida-Viru maakond', 'Sillamäe', 'Lai tänav 51-96', '22196');
INSERT INTO klientide_aadressid (klient_id, tyyp_id, maakond, asula, tanav_maja, postikoht) VALUES (4, 2, 'Rapla maakond', 'Rapla', 'Kalda tänav 94', '17770');
INSERT INTO klientide_aadressid (klient_id, tyyp_id, maakond, asula, tanav_maja, postikoht) VALUES (5, 1, 'Järva maakond', 'Aravete', 'Aia tänav 96', '36564');
INSERT INTO klientide_aadressid (klient_id, tyyp_id, maakond, asula, tanav_maja, postikoht) VALUES (6, 1, 'Valga maakond', 'Sanga', 'Allika tänav 111', '65837');
INSERT INTO klientide_aadressid (klient_id, tyyp_id, maakond, asula, tanav_maja, postikoht) VALUES (7, 2, 'Järva maakond', 'Aravete', 'Järve tänav 16', '96157');
INSERT INTO klientide_aadressid (klient_id, tyyp_id, maakond, asula, tanav_maja, postikoht) VALUES (8, 4, 'Valga maakond', 'Tsirguliina', 'Kase tänav 132', '87434');
INSERT INTO klientide_aadressid (klient_id, tyyp_id, maakond, asula, tanav_maja, postikoht) VALUES (9, 4, 'Hiiu maakond', 'Kõrgessaare', 'Lai tänav 15', '96969');
INSERT INTO klientide_aadressid (klient_id, tyyp_id, maakond, asula, tanav_maja, postikoht) VALUES (10, 3, 'Saare maakond', 'Valjala', 'Kopli tänav 9', '88717');
INSERT INTO klientide_aadressid (klient_id, tyyp_id, maakond, asula, tanav_maja, postikoht) VALUES (11, 1, 'Lääne maakond', 'Risti', 'Männi tänav 101', '67306');
INSERT INTO klientide_aadressid (klient_id, tyyp_id, maakond, asula, tanav_maja, postikoht) VALUES (12, 2, 'Hiiu maakond', 'Suuremõisa', 'Kastani tänav 5', '42199');
INSERT INTO klientide_aadressid (klient_id, tyyp_id, maakond, asula, tanav_maja, postikoht) VALUES (13, 1, 'Ida-Viru maakond', 'Narva', 'Jaama tänav 147', '62542');
INSERT INTO klientide_aadressid (klient_id, tyyp_id, maakond, asula, tanav_maja, postikoht) VALUES (14, 1, 'Põlva maakond', 'Räpina', 'Viljandi maantee 131-99', '92186');
INSERT INTO klientide_aadressid (klient_id, tyyp_id, maakond, asula, tanav_maja, postikoht) VALUES (15, 4, 'Rapla maakond', 'Märjamaa', 'Tehase tänav 125-87', '95915');
INSERT INTO klientide_aadressid (klient_id, tyyp_id, maakond, asula, tanav_maja, postikoht) VALUES (16, 2, 'Harju maakond', 'Keila', 'Männi tänav 92', '51839');
INSERT INTO klientide_aadressid (klient_id, tyyp_id, maakond, asula, tanav_maja, postikoht) VALUES (17, 1, 'Järva maakond', 'Aravete', 'Tehase tänav 136', '43221');
INSERT INTO klientide_aadressid (klient_id, tyyp_id, maakond, asula, tanav_maja, postikoht) VALUES (18, 4, 'Lääne maakond', 'Kullamaa', 'Männi tänav 143-43', '65673');
INSERT INTO klientide_aadressid (klient_id, tyyp_id, maakond, asula, tanav_maja, postikoht) VALUES (19, 2, 'Lääne-Viru maakond', 'Rakvere', 'Roheline tänav 118', '32480');
INSERT INTO klientide_aadressid (klient_id, tyyp_id, maakond, asula, tanav_maja, postikoht) VALUES (20, 4, 'Ida-Viru maakond', 'Sillamäe', 'Pargi tänav 43', '79828');
INSERT INTO klientide_aadressid (klient_id, tyyp_id, maakond, asula, tanav_maja, postikoht) VALUES (21, 4, 'Hiiu maakond', 'Käina', 'Raekoja plats 70', '84141');
INSERT INTO klientide_aadressid (klient_id, tyyp_id, maakond, asula, tanav_maja, postikoht) VALUES (22, 1, 'Lääne-Viru maakond', 'Väike-Maarja', 'Kalda tänav 57', '89196');
INSERT INTO klientide_aadressid (klient_id, tyyp_id, maakond, asula, tanav_maja, postikoht) VALUES (23, 3, 'Võru maakond', 'Vastseliina', 'Lõuna tänav 143', '95137');
INSERT INTO klientide_aadressid (klient_id, tyyp_id, maakond, asula, tanav_maja, postikoht) VALUES (24, 3, 'Lääne-Viru maakond', 'Tamsalu', 'Kopli tänav 44', '72711');
INSERT INTO klientide_aadressid (klient_id, tyyp_id, maakond, asula, tanav_maja, postikoht) VALUES (25, 2, 'Rapla maakond', 'Järvakandi', 'Allika tänav 100-60', '34663');
INSERT INTO klientide_aadressid (klient_id, tyyp_id, maakond, asula, tanav_maja, postikoht) VALUES (26, 2, 'Võru maakond', 'Rõuge', 'Mere puiestee 57', '45908');
INSERT INTO klientide_aadressid (klient_id, tyyp_id, maakond, asula, tanav_maja, postikoht) VALUES (27, 1, 'Viljandi maakond', 'Võhma', 'Jaama tänav 90', '36919');
INSERT INTO klientide_aadressid (klient_id, tyyp_id, maakond, asula, tanav_maja, postikoht) VALUES (28, 4, 'Rapla maakond', 'Kehtna', 'Aia tänav 90', '86750');
INSERT INTO klientide_aadressid (klient_id, tyyp_id, maakond, asula, tanav_maja, postikoht) VALUES (29, 1, 'Rapla maakond', 'Märjamaa', 'Pargi tänav 113', '40265');
INSERT INTO klientide_aadressid (klient_id, tyyp_id, maakond, asula, tanav_maja, postikoht) VALUES (30, 3, 'Hiiu maakond', 'Käina', 'Järve tänav 112', '87935');
INSERT INTO klientide_aadressid (klient_id, tyyp_id, maakond, asula, tanav_maja, postikoht) VALUES (31, 1, 'Valga maakond', 'Sanga', 'Narva maantee 12', '33612');
INSERT INTO klientide_aadressid (klient_id, tyyp_id, maakond, asula, tanav_maja, postikoht) VALUES (32, 2, 'Võru maakond', 'Võru', 'Jõe tänav 127-71', '46551');
INSERT INTO klientide_aadressid (klient_id, tyyp_id, maakond, asula, tanav_maja, postikoht) VALUES (33, 1, 'Lääne-Viru maakond', 'Väike-Maarja', 'Mere puiestee 122', '28894');
INSERT INTO klientide_aadressid (klient_id, tyyp_id, maakond, asula, tanav_maja, postikoht) VALUES (34, 3, 'Saare maakond', 'Valjala', 'Tehase tänav 10-38', '54040');
INSERT INTO klientide_aadressid (klient_id, tyyp_id, maakond, asula, tanav_maja, postikoht) VALUES (35, 4, 'Järva maakond', 'Koeru', 'Rahu tänav 92', '84988');
INSERT INTO klientide_aadressid (klient_id, tyyp_id, maakond, asula, tanav_maja, postikoht) VALUES (36, 1, 'Harju maakond', 'Saku', 'Ristiku tänav 42', '70207');
INSERT INTO klientide_aadressid (klient_id, tyyp_id, maakond, asula, tanav_maja, postikoht) VALUES (37, 2, 'Hiiu maakond', 'Kõrgessaare', 'Raudtee tänav 9', '31593');
INSERT INTO klientide_aadressid (klient_id, tyyp_id, maakond, asula, tanav_maja, postikoht) VALUES (38, 3, 'Harju maakond', 'Saue', 'Viljandi maantee 6', '85469');
INSERT INTO klientide_aadressid (klient_id, tyyp_id, maakond, asula, tanav_maja, postikoht) VALUES (39, 2, 'Ida-Viru maakond', 'Jõhvi', 'Lasteaia tänav 133', '97195');
INSERT INTO klientide_aadressid (klient_id, tyyp_id, maakond, asula, tanav_maja, postikoht) VALUES (40, 2, 'Võru maakond', 'Võru', 'Vabaduse puiestee 29', '79505');
INSERT INTO klientide_aadressid (klient_id, tyyp_id, maakond, asula, tanav_maja, postikoht) VALUES (41, 2, 'Hiiu maakond', 'Suuremõisa', 'Kastani tänav 63-23', '22514');
INSERT INTO klientide_aadressid (klient_id, tyyp_id, maakond, asula, tanav_maja, postikoht) VALUES (42, 3, 'Tartu maakond', 'Nõo', 'Kalda tänav 75', '16801');
INSERT INTO klientide_aadressid (klient_id, tyyp_id, maakond, asula, tanav_maja, postikoht) VALUES (43, 3, 'Ida-Viru maakond', 'Sillamäe', 'Tamme tänav 21', '58702');
INSERT INTO klientide_aadressid (klient_id, tyyp_id, maakond, asula, tanav_maja, postikoht) VALUES (44, 1, 'Harju maakond', 'Keila', 'Tamme tänav 70', '84802');
INSERT INTO klientide_aadressid (klient_id, tyyp_id, maakond, asula, tanav_maja, postikoht) VALUES (45, 3, 'Jõgeva maakond', 'Palamuse', 'Põllu tänav 28', '71713');
INSERT INTO klientide_aadressid (klient_id, tyyp_id, maakond, asula, tanav_maja, postikoht) VALUES (46, 1, 'Valga maakond', 'Sanga', 'Turu tänav 37', '47481');
INSERT INTO klientide_aadressid (klient_id, tyyp_id, maakond, asula, tanav_maja, postikoht) VALUES (47, 1, 'Pärnu maakond', 'Paikuse', 'Narva maantee 33-23', '31228');
INSERT INTO klientide_aadressid (klient_id, tyyp_id, maakond, asula, tanav_maja, postikoht) VALUES (48, 1, 'Harju maakond', 'Jüri', 'Aia tänav 60-80', '70970');
INSERT INTO klientide_aadressid (klient_id, tyyp_id, maakond, asula, tanav_maja, postikoht) VALUES (49, 3, 'Lääne-Viru maakond', 'Väike-Maarja', 'Riia maantee 120-76', '18605');
INSERT INTO klientide_aadressid (klient_id, tyyp_id, maakond, asula, tanav_maja, postikoht) VALUES (50, 3, 'Võru maakond', 'Antsla', 'Raudtee tänav 79-29', '52288');
INSERT INTO klientide_aadressid (klient_id, tyyp_id, maakond, asula, tanav_maja, postikoht) VALUES (51, 2, 'Põlva maakond', 'Räpina', 'Uus tänav 80-31', '70670');
INSERT INTO klientide_aadressid (klient_id, tyyp_id, maakond, asula, tanav_maja, postikoht) VALUES (52, 4, 'Pärnu maakond', 'Vändra', 'Kopli tänav 19-63', '59839');
INSERT INTO klientide_aadressid (klient_id, tyyp_id, maakond, asula, tanav_maja, postikoht) VALUES (53, 3, 'Võru maakond', 'Võru', 'Tamme tänav 150', '98641');
INSERT INTO klientide_aadressid (klient_id, tyyp_id, maakond, asula, tanav_maja, postikoht) VALUES (54, 4, 'Lääne maakond', 'Risti', 'Riia maantee 140-36', '90339');
INSERT INTO klientide_aadressid (klient_id, tyyp_id, maakond, asula, tanav_maja, postikoht) VALUES (55, 2, 'Harju maakond', 'Tallinn', 'Kastani tänav 115', '75562');
INSERT INTO klientide_aadressid (klient_id, tyyp_id, maakond, asula, tanav_maja, postikoht) VALUES (56, 3, 'Tartu maakond', 'Nõo', 'Rahu tänav 45-45', '97158');
INSERT INTO klientide_aadressid (klient_id, tyyp_id, maakond, asula, tanav_maja, postikoht) VALUES (57, 1, 'Põlva maakond', 'Mooste', 'Põhja tänav 23', '34383');
INSERT INTO klientide_aadressid (klient_id, tyyp_id, maakond, asula, tanav_maja, postikoht) VALUES (58, 4, 'Järva maakond', 'Aravete', 'Pargi tänav 12', '87107');
INSERT INTO klientide_aadressid (klient_id, tyyp_id, maakond, asula, tanav_maja, postikoht) VALUES (59, 4, 'Rapla maakond', 'Kehtna', 'Lasteaia tänav 127', '75706');
INSERT INTO klientide_aadressid (klient_id, tyyp_id, maakond, asula, tanav_maja, postikoht) VALUES (60, 3, 'Rapla maakond', 'Kehtna', 'Ristiku tänav 46', '76523');
INSERT INTO klientide_aadressid (klient_id, tyyp_id, maakond, asula, tanav_maja, postikoht) VALUES (61, 2, 'Saare maakond', 'Kuressaare', 'Vana tänav 44-117', '33490');
INSERT INTO klientide_aadressid (klient_id, tyyp_id, maakond, asula, tanav_maja, postikoht) VALUES (62, 2, 'Jõgeva maakond', 'Jõgeva', 'Kuuse tänav 88', '10656');
INSERT INTO klientide_aadressid (klient_id, tyyp_id, maakond, asula, tanav_maja, postikoht) VALUES (63, 2, 'Rapla maakond', 'Järvakandi', 'Aia tänav 144', '87494');
INSERT INTO klientide_aadressid (klient_id, tyyp_id, maakond, asula, tanav_maja, postikoht) VALUES (64, 3, 'Harju maakond', 'Jüri', 'Kopli tänav 17', '66780');
INSERT INTO klientide_aadressid (klient_id, tyyp_id, maakond, asula, tanav_maja, postikoht) VALUES (65, 2, 'Tartu maakond', 'Tõrvandi', 'Pargi tänav 144', '70442');
INSERT INTO klientide_aadressid (klient_id, tyyp_id, maakond, asula, tanav_maja, postikoht) VALUES (66, 1, 'Jõgeva maakond', 'Jõgeva', 'Mere puiestee 3', '78143');
INSERT INTO klientide_aadressid (klient_id, tyyp_id, maakond, asula, tanav_maja, postikoht) VALUES (67, 2, 'Võru maakond', 'Parksepa', 'Lõuna tänav 134-104', '14960');
INSERT INTO klientide_aadressid (klient_id, tyyp_id, maakond, asula, tanav_maja, postikoht) VALUES (68, 3, 'Võru maakond', 'Vastseliina', 'Vana tänav 56', '93671');
INSERT INTO klientide_aadressid (klient_id, tyyp_id, maakond, asula, tanav_maja, postikoht) VALUES (69, 1, 'Jõgeva maakond', 'Põltsamaa', 'Lõuna tänav 73', '31117');
INSERT INTO klientide_aadressid (klient_id, tyyp_id, maakond, asula, tanav_maja, postikoht) VALUES (70, 2, 'Lääne maakond', 'Palivere', 'Lasteaia tänav 74', '23411');
INSERT INTO klientide_aadressid (klient_id, tyyp_id, maakond, asula, tanav_maja, postikoht) VALUES (71, 4, 'Lääne-Viru maakond', 'Väike-Maarja', 'Aia tänav 84', '49293');
INSERT INTO klientide_aadressid (klient_id, tyyp_id, maakond, asula, tanav_maja, postikoht) VALUES (72, 3, 'Tartu maakond', 'Tõrvandi', 'Kopli tänav 51', '25685');
INSERT INTO klientide_aadressid (klient_id, tyyp_id, maakond, asula, tanav_maja, postikoht) VALUES (73, 4, 'Tartu maakond', 'Elva', 'Kuuse tänav 105-59', '32920');
INSERT INTO klientide_aadressid (klient_id, tyyp_id, maakond, asula, tanav_maja, postikoht) VALUES (74, 1, 'Saare maakond', 'Kihelkonna', 'Roheline tänav 140-22', '40954');
INSERT INTO klientide_aadressid (klient_id, tyyp_id, maakond, asula, tanav_maja, postikoht) VALUES (75, 2, 'Ida-Viru maakond', 'Kiviõli', 'Tartu maantee 134', '72911');
INSERT INTO klientide_aadressid (klient_id, tyyp_id, maakond, asula, tanav_maja, postikoht) VALUES (76, 4, 'Viljandi maakond', 'Viljandi', 'Turu tänav 41', '54954');
INSERT INTO klientide_aadressid (klient_id, tyyp_id, maakond, asula, tanav_maja, postikoht) VALUES (77, 3, 'Tartu maakond', 'Tõrvandi', 'Allika tänav 137', '90052');
INSERT INTO klientide_aadressid (klient_id, tyyp_id, maakond, asula, tanav_maja, postikoht) VALUES (78, 4, 'Lääne maakond', 'Palivere', 'Kiriku tänav 50-22', '25124');
INSERT INTO klientide_aadressid (klient_id, tyyp_id, maakond, asula, tanav_maja, postikoht) VALUES (79, 4, 'Põlva maakond', 'Põlva', 'Kastani tänav 19', '58613');
INSERT INTO klientide_aadressid (klient_id, tyyp_id, maakond, asula, tanav_maja, postikoht) VALUES (80, 1, 'Ida-Viru maakond', 'Narva-Jõesuu', 'Raudtee tänav 120', '97896');
INSERT INTO klientide_aadressid (klient_id, tyyp_id, maakond, asula, tanav_maja, postikoht) VALUES (81, 3, 'Rapla maakond', 'Kehtna', 'Põllu tänav 37', '80298');
INSERT INTO klientide_aadressid (klient_id, tyyp_id, maakond, asula, tanav_maja, postikoht) VALUES (82, 3, 'Viljandi maakond', 'Suure-Jaani', 'Raudtee tänav 103', '69090');
INSERT INTO klientide_aadressid (klient_id, tyyp_id, maakond, asula, tanav_maja, postikoht) VALUES (83, 4, 'Pärnu maakond', 'Vändra', 'Rahu tänav 90', '48735');
INSERT INTO klientide_aadressid (klient_id, tyyp_id, maakond, asula, tanav_maja, postikoht) VALUES (84, 1, 'Lääne-Viru maakond', 'Tapa', 'Allika tänav 74', '96552');
INSERT INTO klientide_aadressid (klient_id, tyyp_id, maakond, asula, tanav_maja, postikoht) VALUES (85, 1, 'Ida-Viru maakond', 'Narva-Jõesuu', 'Kastani tänav 85', '58945');
INSERT INTO klientide_aadressid (klient_id, tyyp_id, maakond, asula, tanav_maja, postikoht) VALUES (86, 2, 'Tartu maakond', 'Nõo', 'Tartu maantee 19-40', '94133');
INSERT INTO klientide_aadressid (klient_id, tyyp_id, maakond, asula, tanav_maja, postikoht) VALUES (87, 2, 'Järva maakond', 'Imavere', 'Metsa tänav 34', '43909');
INSERT INTO klientide_aadressid (klient_id, tyyp_id, maakond, asula, tanav_maja, postikoht) VALUES (88, 4, 'Hiiu maakond', 'Käina', 'Lõuna tänav 6-119', '98163');
INSERT INTO klientide_aadressid (klient_id, tyyp_id, maakond, asula, tanav_maja, postikoht) VALUES (89, 1, 'Tartu maakond', 'Elva', 'Kiriku tänav 61', '24987');
INSERT INTO klientide_aadressid (klient_id, tyyp_id, maakond, asula, tanav_maja, postikoht) VALUES (90, 1, 'Pärnu maakond', 'Vändra', 'Mere puiestee 65-61', '71189');
INSERT INTO klientide_aadressid (klient_id, tyyp_id, maakond, asula, tanav_maja, postikoht) VALUES (91, 2, 'Lääne maakond', 'Kullamaa', 'Tartu maantee 59', '15880');
INSERT INTO klientide_aadressid (klient_id, tyyp_id, maakond, asula, tanav_maja, postikoht) VALUES (92, 3, 'Saare maakond', 'Valjala', 'Lõuna tänav 146-120', '46606');
INSERT INTO klientide_aadressid (klient_id, tyyp_id, maakond, asula, tanav_maja, postikoht) VALUES (93, 3, 'Põlva maakond', 'Kanepi', 'Tartu maantee 70', '34163');
INSERT INTO klientide_aadressid (klient_id, tyyp_id, maakond, asula, tanav_maja, postikoht) VALUES (94, 1, 'Tartu maakond', 'Elva', 'Vabaduse puiestee 48', '52394');
INSERT INTO klientide_aadressid (klient_id, tyyp_id, maakond, asula, tanav_maja, postikoht) VALUES (95, 2, 'Lääne maakond', 'Risti', 'Kuuse tänav 111-61', '78041');
INSERT INTO klientide_aadressid (klient_id, tyyp_id, maakond, asula, tanav_maja, postikoht) VALUES (96, 1, 'Jõgeva maakond', 'Mustvee', 'Männi tänav 83', '14033');
INSERT INTO klientide_aadressid (klient_id, tyyp_id, maakond, asula, tanav_maja, postikoht) VALUES (97, 2, 'Põlva maakond', 'Ahja', 'Kiriku tänav 137', '88911');
INSERT INTO klientide_aadressid (klient_id, tyyp_id, maakond, asula, tanav_maja, postikoht) VALUES (98, 1, 'Põlva maakond', 'Kanepi', 'Põllu tänav 85', '34740');
INSERT INTO klientide_aadressid (klient_id, tyyp_id, maakond, asula, tanav_maja, postikoht) VALUES (99, 3, 'Hiiu maakond', 'Käina', 'Mere puiestee 23-75', '12343');
INSERT INTO klientide_aadressid (klient_id, tyyp_id, maakond, asula, tanav_maja, postikoht) VALUES (100, 3, 'Ida-Viru maakond', 'Narva', 'Männi tänav 10-99', '30291');
INSERT INTO klientide_aadressid (klient_id, tyyp_id, maakond, asula, tanav_maja, postikoht) VALUES (101, 3, 'Hiiu maakond', 'Kärdla', 'Kiriku tänav 67', '51411');
INSERT INTO klientide_aadressid (klient_id, tyyp_id, maakond, asula, tanav_maja, postikoht) VALUES (102, 3, 'Tartu maakond', 'Kallaste', 'Turu tänav 57-31', '13293');
INSERT INTO klientide_aadressid (klient_id, tyyp_id, maakond, asula, tanav_maja, postikoht) VALUES (103, 1, 'Võru maakond', 'Antsla', 'Lille tänav 21', '27810');
INSERT INTO klientide_aadressid (klient_id, tyyp_id, maakond, asula, tanav_maja, postikoht) VALUES (104, 2, 'Harju maakond', 'Jüri', 'Pargi tänav 120-60', '29858');
INSERT INTO klientide_aadressid (klient_id, tyyp_id, maakond, asula, tanav_maja, postikoht) VALUES (105, 3, 'Rapla maakond', 'Kehtna', 'Rahu tänav 149-72', '50662');
INSERT INTO klientide_aadressid (klient_id, tyyp_id, maakond, asula, tanav_maja, postikoht) VALUES (106, 2, 'Tartu maakond', 'Tartu', 'Kalda tänav 114-2', '58204');
INSERT INTO klientide_aadressid (klient_id, tyyp_id, maakond, asula, tanav_maja, postikoht) VALUES (107, 3, 'Lääne maakond', 'Haapsalu', 'Metsa tänav 130-83', '77013');
INSERT INTO klientide_aadressid (klient_id, tyyp_id, maakond, asula, tanav_maja, postikoht) VALUES (108, 2, 'Ida-Viru maakond', 'Kiviõli', 'Jõe tänav 58', '98177');
INSERT INTO klientide_aadressid (klient_id, tyyp_id, maakond, asula, tanav_maja, postikoht) VALUES (109, 3, 'Võru maakond', 'Parksepa', 'Lille tänav 89', '33692');
INSERT INTO klientide_aadressid (klient_id, tyyp_id, maakond, asula, tanav_maja, postikoht) VALUES (110, 3, 'Jõgeva maakond', 'Palamuse', 'Järve tänav 12', '67284');
INSERT INTO klientide_aadressid (klient_id, tyyp_id, maakond, asula, tanav_maja, postikoht) VALUES (111, 1, 'Põlva maakond', 'Mooste', 'Vabaduse puiestee 77', '79494');
INSERT INTO klientide_aadressid (klient_id, tyyp_id, maakond, asula, tanav_maja, postikoht) VALUES (112, 4, 'Valga maakond', 'Otepää', 'Raudtee tänav 131-116', '91206');
INSERT INTO klientide_aadressid (klient_id, tyyp_id, maakond, asula, tanav_maja, postikoht) VALUES (113, 3, 'Valga maakond', 'Sanga', 'Roheline tänav 4-20', '46716');
INSERT INTO klientide_aadressid (klient_id, tyyp_id, maakond, asula, tanav_maja, postikoht) VALUES (114, 2, 'Hiiu maakond', 'Suuremõisa', 'Männi tänav 33-64', '63929');
INSERT INTO klientide_aadressid (klient_id, tyyp_id, maakond, asula, tanav_maja, postikoht) VALUES (115, 1, 'Järva maakond', 'Imavere', 'Jaama tänav 112', '43835');
INSERT INTO klientide_aadressid (klient_id, tyyp_id, maakond, asula, tanav_maja, postikoht) VALUES (116, 2, 'Põlva maakond', 'Räpina', 'Kopli tänav 90', '68318');
INSERT INTO klientide_aadressid (klient_id, tyyp_id, maakond, asula, tanav_maja, postikoht) VALUES (117, 3, 'Hiiu maakond', 'Kõrgessaare', 'Tartu maantee 9-106', '87952');
INSERT INTO klientide_aadressid (klient_id, tyyp_id, maakond, asula, tanav_maja, postikoht) VALUES (118, 1, 'Saare maakond', 'Valjala', 'Männi tänav 54', '92734');
INSERT INTO klientide_aadressid (klient_id, tyyp_id, maakond, asula, tanav_maja, postikoht) VALUES (119, 3, 'Tartu maakond', 'Nõo', 'Kuuse tänav 43-63', '25414');
INSERT INTO klientide_aadressid (klient_id, tyyp_id, maakond, asula, tanav_maja, postikoht) VALUES (120, 4, 'Lääne maakond', 'Taebla', 'Kase tänav 63', '73770');
INSERT INTO klientide_aadressid (klient_id, tyyp_id, maakond, asula, tanav_maja, postikoht) VALUES (121, 2, 'Lääne maakond', 'Risti', 'Vana tänav 81-67', '56351');
INSERT INTO klientide_aadressid (klient_id, tyyp_id, maakond, asula, tanav_maja, postikoht) VALUES (122, 1, 'Saare maakond', 'Kihelkonna', 'Kuuse tänav 44', '74461');
INSERT INTO klientide_aadressid (klient_id, tyyp_id, maakond, asula, tanav_maja, postikoht) VALUES (123, 2, 'Pärnu maakond', 'Sindi', 'Männi tänav 19-17', '59544');
INSERT INTO klientide_aadressid (klient_id, tyyp_id, maakond, asula, tanav_maja, postikoht) VALUES (124, 1, 'Järva maakond', 'Paide', 'Põhja tänav 149', '67055');
INSERT INTO klientide_aadressid (klient_id, tyyp_id, maakond, asula, tanav_maja, postikoht) VALUES (125, 4, 'Harju maakond', 'Tallinn', 'Vabaduse puiestee 104', '66433');
INSERT INTO klientide_aadressid (klient_id, tyyp_id, maakond, asula, tanav_maja, postikoht) VALUES (126, 2, 'Võru maakond', 'Vastseliina', 'Aia tänav 21', '39714');
INSERT INTO klientide_aadressid (klient_id, tyyp_id, maakond, asula, tanav_maja, postikoht) VALUES (127, 1, 'Rapla maakond', 'Kehtna', 'Kopli tänav 20-62', '71419');
INSERT INTO klientide_aadressid (klient_id, tyyp_id, maakond, asula, tanav_maja, postikoht) VALUES (128, 3, 'Pärnu maakond', 'Sindi', 'Roheline tänav 123-25', '23079');
INSERT INTO klientide_aadressid (klient_id, tyyp_id, maakond, asula, tanav_maja, postikoht) VALUES (129, 1, 'Viljandi maakond', 'Suure-Jaani', 'Narva maantee 131-26', '36253');
INSERT INTO klientide_aadressid (klient_id, tyyp_id, maakond, asula, tanav_maja, postikoht) VALUES (130, 3, 'Jõgeva maakond', 'Jõgeva', 'Kopli tänav 58', '61289');
INSERT INTO klientide_aadressid (klient_id, tyyp_id, maakond, asula, tanav_maja, postikoht) VALUES (131, 4, 'Põlva maakond', 'Ahja', 'Mere puiestee 116-89', '13318');
INSERT INTO klientide_aadressid (klient_id, tyyp_id, maakond, asula, tanav_maja, postikoht) VALUES (132, 1, 'Lääne maakond', 'Kullamaa', 'Sadama tänav 59-91', '81956');
INSERT INTO klientide_aadressid (klient_id, tyyp_id, maakond, asula, tanav_maja, postikoht) VALUES (133, 3, 'Tartu maakond', 'Nõo', 'Kuuse tänav 29', '44049');
INSERT INTO klientide_aadressid (klient_id, tyyp_id, maakond, asula, tanav_maja, postikoht) VALUES (134, 2, 'Lääne-Viru maakond', 'Tapa', 'Rahu tänav 51', '52415');
INSERT INTO klientide_aadressid (klient_id, tyyp_id, maakond, asula, tanav_maja, postikoht) VALUES (135, 2, 'Pärnu maakond', 'Pärnu', 'Sadama tänav 147', '30007');
INSERT INTO klientide_aadressid (klient_id, tyyp_id, maakond, asula, tanav_maja, postikoht) VALUES (136, 2, 'Lääne-Viru maakond', 'Kunda', 'Pikk tänav 3', '76901');
INSERT INTO klientide_aadressid (klient_id, tyyp_id, maakond, asula, tanav_maja, postikoht) VALUES (137, 1, 'Lääne-Viru maakond', 'Tapa', 'Põhja tänav 113-105', '25349');
INSERT INTO klientide_aadressid (klient_id, tyyp_id, maakond, asula, tanav_maja, postikoht) VALUES (138, 4, 'Tartu maakond', 'Kõrveküla', 'Viljandi maantee 83-35', '14222');
INSERT INTO klientide_aadressid (klient_id, tyyp_id, maakond, asula, tanav_maja, postikoht) VALUES (139, 3, 'Jõgeva maakond', 'Palamuse', 'Uus tänav 26', '84369');
INSERT INTO klientide_aadressid (klient_id, tyyp_id, maakond, asula, tanav_maja, postikoht) VALUES (140, 2, 'Ida-Viru maakond', 'Sillamäe', 'Tehase tänav 90-91', '19155');
INSERT INTO klientide_aadressid (klient_id, tyyp_id, maakond, asula, tanav_maja, postikoht) VALUES (141, 4, 'Pärnu maakond', 'Paikuse', 'Järve tänav 133', '68183');
INSERT INTO klientide_aadressid (klient_id, tyyp_id, maakond, asula, tanav_maja, postikoht) VALUES (142, 1, 'Tartu maakond', 'Tõrvandi', 'Kooli tänav 23', '22647');
INSERT INTO klientide_aadressid (klient_id, tyyp_id, maakond, asula, tanav_maja, postikoht) VALUES (143, 3, 'Tartu maakond', 'Tõrvandi', 'Kase tänav 90-5', '86912');
INSERT INTO klientide_aadressid (klient_id, tyyp_id, maakond, asula, tanav_maja, postikoht) VALUES (144, 4, 'Järva maakond', 'Imavere', 'Turu tänav 25', '20782');
INSERT INTO klientide_aadressid (klient_id, tyyp_id, maakond, asula, tanav_maja, postikoht) VALUES (145, 2, 'Tartu maakond', 'Kallaste', 'Põllu tänav 138-87', '81972');
INSERT INTO klientide_aadressid (klient_id, tyyp_id, maakond, asula, tanav_maja, postikoht) VALUES (146, 2, 'Valga maakond', 'Valga', 'Jaama tänav 53', '32080');
INSERT INTO klientide_aadressid (klient_id, tyyp_id, maakond, asula, tanav_maja, postikoht) VALUES (147, 4, 'Harju maakond', 'Maardu', 'Vana tänav 16', '72949');
INSERT INTO klientide_aadressid (klient_id, tyyp_id, maakond, asula, tanav_maja, postikoht) VALUES (148, 2, 'Saare maakond', 'Kuressaare', 'Uus tänav 36', '79376');
INSERT INTO klientide_aadressid (klient_id, tyyp_id, maakond, asula, tanav_maja, postikoht) VALUES (149, 3, 'Tartu maakond', 'Elva', 'Tallinna maantee 31', '74157');
INSERT INTO klientide_aadressid (klient_id, tyyp_id, maakond, asula, tanav_maja, postikoht) VALUES (150, 2, 'Tartu maakond', 'Kallaste', 'Narva maantee 127', '74248');
INSERT INTO klientide_aadressid (klient_id, tyyp_id, maakond, asula, tanav_maja, postikoht) VALUES (151, 1, 'Ida-Viru maakond', 'Kiviõli', 'Riia maantee 129-50', '98139');
INSERT INTO klientide_aadressid (klient_id, tyyp_id, maakond, asula, tanav_maja, postikoht) VALUES (152, 1, 'Võru maakond', 'Antsla', 'Tartu maantee 63', '41913');
INSERT INTO klientide_aadressid (klient_id, tyyp_id, maakond, asula, tanav_maja, postikoht) VALUES (153, 4, 'Harju maakond', 'Viimsi', 'Uus tänav 23', '46901');
INSERT INTO klientide_aadressid (klient_id, tyyp_id, maakond, asula, tanav_maja, postikoht) VALUES (154, 1, 'Lääne-Viru maakond', 'Väike-Maarja', 'Põllu tänav 8', '34582');
INSERT INTO klientide_aadressid (klient_id, tyyp_id, maakond, asula, tanav_maja, postikoht) VALUES (155, 4, 'Rapla maakond', 'Kohila', 'Narva maantee 72-50', '97248');
INSERT INTO klientide_aadressid (klient_id, tyyp_id, maakond, asula, tanav_maja, postikoht) VALUES (156, 1, 'Harju maakond', 'Saku', 'Lille tänav 102', '77338');
INSERT INTO klientide_aadressid (klient_id, tyyp_id, maakond, asula, tanav_maja, postikoht) VALUES (157, 2, 'Ida-Viru maakond', 'Narva', 'Sadama tänav 85', '53399');
INSERT INTO klientide_aadressid (klient_id, tyyp_id, maakond, asula, tanav_maja, postikoht) VALUES (158, 3, 'Saare maakond', 'Kuressaare', 'Rahu tänav 144', '96998');
INSERT INTO klientide_aadressid (klient_id, tyyp_id, maakond, asula, tanav_maja, postikoht) VALUES (159, 3, 'Võru maakond', 'Rõuge', 'Järve tänav 34', '55966');
INSERT INTO klientide_aadressid (klient_id, tyyp_id, maakond, asula, tanav_maja, postikoht) VALUES (160, 3, 'Tartu maakond', 'Nõo', 'Pargi tänav 15', '63660');
INSERT INTO klientide_aadressid (klient_id, tyyp_id, maakond, asula, tanav_maja, postikoht) VALUES (161, 3, 'Saare maakond', 'Valjala', 'Raekoja plats 1', '30185');
INSERT INTO klientide_aadressid (klient_id, tyyp_id, maakond, asula, tanav_maja, postikoht) VALUES (162, 4, 'Viljandi maakond', 'Abja-Paluoja', 'Riia maantee 60', '65679');
INSERT INTO klientide_aadressid (klient_id, tyyp_id, maakond, asula, tanav_maja, postikoht) VALUES (163, 4, 'Jõgeva maakond', 'Mustvee', 'Jõe tänav 6', '83980');
INSERT INTO klientide_aadressid (klient_id, tyyp_id, maakond, asula, tanav_maja, postikoht) VALUES (164, 1, 'Järva maakond', 'Türi', 'Sadama tänav 54', '36766');
INSERT INTO klientide_aadressid (klient_id, tyyp_id, maakond, asula, tanav_maja, postikoht) VALUES (165, 1, 'Põlva maakond', 'Ahja', 'Kase tänav 43', '78204');
INSERT INTO klientide_aadressid (klient_id, tyyp_id, maakond, asula, tanav_maja, postikoht) VALUES (166, 3, 'Harju maakond', 'Viimsi', 'Turu tänav 35', '34369');
INSERT INTO klientide_aadressid (klient_id, tyyp_id, maakond, asula, tanav_maja, postikoht) VALUES (167, 1, 'Jõgeva maakond', 'Põltsamaa', 'Kastani tänav 134', '17940');
INSERT INTO klientide_aadressid (klient_id, tyyp_id, maakond, asula, tanav_maja, postikoht) VALUES (168, 3, 'Lääne maakond', 'Risti', 'Vana tänav 10', '53146');
INSERT INTO klientide_aadressid (klient_id, tyyp_id, maakond, asula, tanav_maja, postikoht) VALUES (169, 1, 'Tartu maakond', 'Elva', 'Raekoja plats 87', '88332');
INSERT INTO klientide_aadressid (klient_id, tyyp_id, maakond, asula, tanav_maja, postikoht) VALUES (170, 4, 'Hiiu maakond', 'Kärdla', 'Kase tänav 19', '40147');
INSERT INTO klientide_aadressid (klient_id, tyyp_id, maakond, asula, tanav_maja, postikoht) VALUES (171, 3, 'Jõgeva maakond', 'Mustvee', 'Kastani tänav 91', '66019');
INSERT INTO klientide_aadressid (klient_id, tyyp_id, maakond, asula, tanav_maja, postikoht) VALUES (172, 3, 'Pärnu maakond', 'Vändra', 'Aia tänav 139', '89163');
INSERT INTO klientide_aadressid (klient_id, tyyp_id, maakond, asula, tanav_maja, postikoht) VALUES (173, 3, 'Võru maakond', 'Võru', 'Raekoja plats 9-120', '44423');
INSERT INTO klientide_aadressid (klient_id, tyyp_id, maakond, asula, tanav_maja, postikoht) VALUES (174, 2, 'Hiiu maakond', 'Suuremõisa', 'Kase tänav 92', '55188');
INSERT INTO klientide_aadressid (klient_id, tyyp_id, maakond, asula, tanav_maja, postikoht) VALUES (175, 4, 'Jõgeva maakond', 'Palamuse', 'Uus tänav 30-51', '85253');
INSERT INTO klientide_aadressid (klient_id, tyyp_id, maakond, asula, tanav_maja, postikoht) VALUES (176, 1, 'Hiiu maakond', 'Kärdla', 'Lasteaia tänav 120', '41384');
INSERT INTO klientide_aadressid (klient_id, tyyp_id, maakond, asula, tanav_maja, postikoht) VALUES (177, 3, 'Hiiu maakond', 'Suuremõisa', 'Kooli tänav 118', '46603');
INSERT INTO klientide_aadressid (klient_id, tyyp_id, maakond, asula, tanav_maja, postikoht) VALUES (178, 1, 'Lääne maakond', 'Risti', 'Kuuse tänav 133-105', '63053');
INSERT INTO klientide_aadressid (klient_id, tyyp_id, maakond, asula, tanav_maja, postikoht) VALUES (179, 4, 'Põlva maakond', 'Põlva', 'Kalda tänav 12', '40080');
INSERT INTO klientide_aadressid (klient_id, tyyp_id, maakond, asula, tanav_maja, postikoht) VALUES (180, 1, 'Hiiu maakond', 'Suuremõisa', 'Rahu tänav 122', '78475');
INSERT INTO klientide_aadressid (klient_id, tyyp_id, maakond, asula, tanav_maja, postikoht) VALUES (181, 3, 'Lääne-Viru maakond', 'Rakvere', 'Kooli tänav 30', '99047');
INSERT INTO klientide_aadressid (klient_id, tyyp_id, maakond, asula, tanav_maja, postikoht) VALUES (182, 4, 'Põlva maakond', 'Põlva', 'Ristiku tänav 138', '88612');
INSERT INTO klientide_aadressid (klient_id, tyyp_id, maakond, asula, tanav_maja, postikoht) VALUES (183, 3, 'Võru maakond', 'Parksepa', 'Tamme tänav 76', '64729');
INSERT INTO klientide_aadressid (klient_id, tyyp_id, maakond, asula, tanav_maja, postikoht) VALUES (184, 1, 'Harju maakond', 'Keila', 'Põllu tänav 38-100', '96668');
INSERT INTO klientide_aadressid (klient_id, tyyp_id, maakond, asula, tanav_maja, postikoht) VALUES (185, 1, 'Valga maakond', 'Otepää', 'Männi tänav 73', '36861');
INSERT INTO klientide_aadressid (klient_id, tyyp_id, maakond, asula, tanav_maja, postikoht) VALUES (186, 4, 'Järva maakond', 'Koeru', 'Kase tänav 110-5', '95377');
INSERT INTO klientide_aadressid (klient_id, tyyp_id, maakond, asula, tanav_maja, postikoht) VALUES (187, 2, 'Tartu maakond', 'Tõrvandi', 'Sadama tänav 43-94', '23645');
INSERT INTO klientide_aadressid (klient_id, tyyp_id, maakond, asula, tanav_maja, postikoht) VALUES (188, 2, 'Pärnu maakond', 'Paikuse', 'Raudtee tänav 39-112', '66830');
INSERT INTO klientide_aadressid (klient_id, tyyp_id, maakond, asula, tanav_maja, postikoht) VALUES (189, 4, 'Viljandi maakond', 'Mõisaküla', 'Turu tänav 85', '92834');
INSERT INTO klientide_aadressid (klient_id, tyyp_id, maakond, asula, tanav_maja, postikoht) VALUES (190, 4, 'Rapla maakond', 'Rapla', 'Viljandi maantee 43', '16220');
INSERT INTO klientide_aadressid (klient_id, tyyp_id, maakond, asula, tanav_maja, postikoht) VALUES (191, 4, 'Hiiu maakond', 'Kõrgessaare', 'Vabaduse puiestee 109', '72665');
INSERT INTO klientide_aadressid (klient_id, tyyp_id, maakond, asula, tanav_maja, postikoht) VALUES (192, 2, 'Saare maakond', 'Orissaare', 'Metsa tänav 39', '81135');
INSERT INTO klientide_aadressid (klient_id, tyyp_id, maakond, asula, tanav_maja, postikoht) VALUES (193, 1, 'Lääne-Viru maakond', 'Väike-Maarja', 'Metsa tänav 91', '33992');
INSERT INTO klientide_aadressid (klient_id, tyyp_id, maakond, asula, tanav_maja, postikoht) VALUES (194, 2, 'Lääne-Viru maakond', 'Kunda', 'Metsa tänav 31', '11816');
INSERT INTO klientide_aadressid (klient_id, tyyp_id, maakond, asula, tanav_maja, postikoht) VALUES (195, 1, 'Järva maakond', 'Paide', 'Tallinna maantee 35', '95228');
INSERT INTO klientide_aadressid (klient_id, tyyp_id, maakond, asula, tanav_maja, postikoht) VALUES (196, 4, 'Hiiu maakond', 'Kõrgessaare', 'Järve tänav 23-115', '27612');
INSERT INTO klientide_aadressid (klient_id, tyyp_id, maakond, asula, tanav_maja, postikoht) VALUES (197, 3, 'Saare maakond', 'Valjala', 'Kalda tänav 78', '42411');
INSERT INTO klientide_aadressid (klient_id, tyyp_id, maakond, asula, tanav_maja, postikoht) VALUES (198, 3, 'Jõgeva maakond', 'Mustvee', 'Vana tänav 43', '84019');
INSERT INTO klientide_aadressid (klient_id, tyyp_id, maakond, asula, tanav_maja, postikoht) VALUES (199, 2, 'Rapla maakond', 'Järvakandi', 'Jõe tänav 90', '99858');
INSERT INTO klientide_aadressid (klient_id, tyyp_id, maakond, asula, tanav_maja, postikoht) VALUES (200, 2, 'Rapla maakond', 'Järvakandi', 'Tehase tänav 28', '51676');
INSERT INTO klientide_aadressid (klient_id, tyyp_id, maakond, asula, tanav_maja, postikoht) VALUES (201, 1, 'Põlva maakond', 'Kanepi', 'Tehase tänav 25', '20226');
INSERT INTO klientide_aadressid (klient_id, tyyp_id, maakond, asula, tanav_maja, postikoht) VALUES (202, 2, 'Lääne-Viru maakond', 'Rakvere', 'Allika tänav 127-90', '52030');
INSERT INTO klientide_aadressid (klient_id, tyyp_id, maakond, asula, tanav_maja, postikoht) VALUES (203, 1, 'Põlva maakond', 'Mooste', 'Kiriku tänav 145', '40607');
INSERT INTO klientide_aadressid (klient_id, tyyp_id, maakond, asula, tanav_maja, postikoht) VALUES (204, 4, 'Viljandi maakond', 'Viljandi', 'Narva maantee 122-33', '37779');
INSERT INTO klientide_aadressid (klient_id, tyyp_id, maakond, asula, tanav_maja, postikoht) VALUES (205, 4, 'Saare maakond', 'Kuressaare', 'Roheline tänav 126', '25631');
INSERT INTO klientide_aadressid (klient_id, tyyp_id, maakond, asula, tanav_maja, postikoht) VALUES (206, 2, 'Viljandi maakond', 'Mõisaküla', 'Vana tänav 110', '88365');
INSERT INTO klientide_aadressid (klient_id, tyyp_id, maakond, asula, tanav_maja, postikoht) VALUES (207, 3, 'Järva maakond', 'Türi', 'Järve tänav 99-35', '24057');
INSERT INTO klientide_aadressid (klient_id, tyyp_id, maakond, asula, tanav_maja, postikoht) VALUES (208, 2, 'Rapla maakond', 'Kehtna', 'Lai tänav 20', '95638');
INSERT INTO klientide_aadressid (klient_id, tyyp_id, maakond, asula, tanav_maja, postikoht) VALUES (209, 4, 'Ida-Viru maakond', 'Narva-Jõesuu', 'Lille tänav 133', '43575');
INSERT INTO klientide_aadressid (klient_id, tyyp_id, maakond, asula, tanav_maja, postikoht) VALUES (210, 2, 'Võru maakond', 'Võru', 'Turu tänav 77', '99496');
INSERT INTO klientide_aadressid (klient_id, tyyp_id, maakond, asula, tanav_maja, postikoht) VALUES (211, 2, 'Valga maakond', 'Valga', 'Kopli tänav 99-22', '68118');
INSERT INTO klientide_aadressid (klient_id, tyyp_id, maakond, asula, tanav_maja, postikoht) VALUES (212, 1, 'Põlva maakond', 'Räpina', 'Kastani tänav 121', '58500');
INSERT INTO klientide_aadressid (klient_id, tyyp_id, maakond, asula, tanav_maja, postikoht) VALUES (213, 2, 'Rapla maakond', 'Kohila', 'Kuuse tänav 103-118', '15245');
INSERT INTO klientide_aadressid (klient_id, tyyp_id, maakond, asula, tanav_maja, postikoht) VALUES (214, 1, 'Saare maakond', 'Kihelkonna', 'Põhja tänav 24-40', '37739');
INSERT INTO klientide_aadressid (klient_id, tyyp_id, maakond, asula, tanav_maja, postikoht) VALUES (215, 2, 'Viljandi maakond', 'Mõisaküla', 'Kuuse tänav 10', '10299');
INSERT INTO klientide_aadressid (klient_id, tyyp_id, maakond, asula, tanav_maja, postikoht) VALUES (216, 2, 'Põlva maakond', 'Räpina', 'Rahu tänav 150', '65671');
INSERT INTO klientide_aadressid (klient_id, tyyp_id, maakond, asula, tanav_maja, postikoht) VALUES (217, 2, 'Hiiu maakond', 'Kärdla', 'Vana tänav 104-11', '20114');
INSERT INTO klientide_aadressid (klient_id, tyyp_id, maakond, asula, tanav_maja, postikoht) VALUES (218, 2, 'Hiiu maakond', 'Kõrgessaare', 'Kase tänav 102', '82381');
INSERT INTO klientide_aadressid (klient_id, tyyp_id, maakond, asula, tanav_maja, postikoht) VALUES (219, 2, 'Tartu maakond', 'Nõo', 'Tamme tänav 116', '36926');
INSERT INTO klientide_aadressid (klient_id, tyyp_id, maakond, asula, tanav_maja, postikoht) VALUES (220, 1, 'Valga maakond', 'Sanga', 'Ristiku tänav 127-111', '37956');
INSERT INTO klientide_aadressid (klient_id, tyyp_id, maakond, asula, tanav_maja, postikoht) VALUES (221, 1, 'Järva maakond', 'Aravete', 'Kiriku tänav 58-34', '84714');
INSERT INTO klientide_aadressid (klient_id, tyyp_id, maakond, asula, tanav_maja, postikoht) VALUES (222, 4, 'Viljandi maakond', 'Suure-Jaani', 'Lille tänav 95', '33227');
INSERT INTO klientide_aadressid (klient_id, tyyp_id, maakond, asula, tanav_maja, postikoht) VALUES (223, 4, 'Põlva maakond', 'Räpina', 'Riia maantee 75-44', '40909');
INSERT INTO klientide_aadressid (klient_id, tyyp_id, maakond, asula, tanav_maja, postikoht) VALUES (224, 2, 'Jõgeva maakond', 'Jõgeva', 'Allika tänav 9', '65235');
INSERT INTO klientide_aadressid (klient_id, tyyp_id, maakond, asula, tanav_maja, postikoht) VALUES (225, 3, 'Viljandi maakond', 'Võhma', 'Mere puiestee 55', '20266');
INSERT INTO klientide_aadressid (klient_id, tyyp_id, maakond, asula, tanav_maja, postikoht) VALUES (226, 3, 'Võru maakond', 'Vastseliina', 'Kiriku tänav 146', '54885');
INSERT INTO klientide_aadressid (klient_id, tyyp_id, maakond, asula, tanav_maja, postikoht) VALUES (227, 1, 'Võru maakond', 'Võru', 'Pikk tänav 132', '83666');
INSERT INTO klientide_aadressid (klient_id, tyyp_id, maakond, asula, tanav_maja, postikoht) VALUES (228, 3, 'Hiiu maakond', 'Suuremõisa', 'Kiriku tänav 77-93', '95508');
INSERT INTO klientide_aadressid (klient_id, tyyp_id, maakond, asula, tanav_maja, postikoht) VALUES (229, 1, 'Ida-Viru maakond', 'Jõhvi', 'Tamme tänav 143-73', '94884');
INSERT INTO klientide_aadressid (klient_id, tyyp_id, maakond, asula, tanav_maja, postikoht) VALUES (230, 2, 'Lääne maakond', 'Risti', 'Ristiku tänav 105-101', '26706');
INSERT INTO klientide_aadressid (klient_id, tyyp_id, maakond, asula, tanav_maja, postikoht) VALUES (231, 1, 'Ida-Viru maakond', 'Kohtla-Järve', 'Lai tänav 84', '41015');
INSERT INTO klientide_aadressid (klient_id, tyyp_id, maakond, asula, tanav_maja, postikoht) VALUES (232, 3, 'Ida-Viru maakond', 'Kiviõli', 'Viljandi maantee 12-27', '28427');
INSERT INTO klientide_aadressid (klient_id, tyyp_id, maakond, asula, tanav_maja, postikoht) VALUES (233, 3, 'Jõgeva maakond', 'Jõgeva', 'Kase tänav 112-2', '41234');
INSERT INTO klientide_aadressid (klient_id, tyyp_id, maakond, asula, tanav_maja, postikoht) VALUES (234, 4, 'Ida-Viru maakond', 'Jõhvi', 'Sadama tänav 31', '29377');
INSERT INTO klientide_aadressid (klient_id, tyyp_id, maakond, asula, tanav_maja, postikoht) VALUES (235, 4, 'Ida-Viru maakond', 'Jõhvi', 'Lasteaia tänav 110', '72780');
INSERT INTO klientide_aadressid (klient_id, tyyp_id, maakond, asula, tanav_maja, postikoht) VALUES (236, 2, 'Lääne maakond', 'Haapsalu', 'Aia tänav 34-107', '48150');
INSERT INTO klientide_aadressid (klient_id, tyyp_id, maakond, asula, tanav_maja, postikoht) VALUES (237, 4, 'Viljandi maakond', 'Viljandi', 'Raekoja plats 81', '23442');
INSERT INTO klientide_aadressid (klient_id, tyyp_id, maakond, asula, tanav_maja, postikoht) VALUES (238, 4, 'Lääne-Viru maakond', 'Kunda', 'Ristiku tänav 118', '85257');
INSERT INTO klientide_aadressid (klient_id, tyyp_id, maakond, asula, tanav_maja, postikoht) VALUES (239, 3, 'Saare maakond', 'Kihelkonna', 'Lille tänav 133-34', '72039');
INSERT INTO klientide_aadressid (klient_id, tyyp_id, maakond, asula, tanav_maja, postikoht) VALUES (240, 3, 'Tartu maakond', 'Kallaste', 'Uus tänav 49', '21094');
INSERT INTO klientide_aadressid (klient_id, tyyp_id, maakond, asula, tanav_maja, postikoht) VALUES (241, 4, 'Valga maakond', 'Otepää', 'Pargi tänav 145', '34692');
INSERT INTO klientide_aadressid (klient_id, tyyp_id, maakond, asula, tanav_maja, postikoht) VALUES (242, 2, 'Pärnu maakond', 'Pärnu', 'Jõe tänav 126', '83885');
INSERT INTO klientide_aadressid (klient_id, tyyp_id, maakond, asula, tanav_maja, postikoht) VALUES (243, 3, 'Hiiu maakond', 'Kõrgessaare', 'Lõuna tänav 35', '95833');
INSERT INTO klientide_aadressid (klient_id, tyyp_id, maakond, asula, tanav_maja, postikoht) VALUES (244, 1, 'Harju maakond', 'Saku', 'Raudtee tänav 126-20', '22991');
INSERT INTO klientide_aadressid (klient_id, tyyp_id, maakond, asula, tanav_maja, postikoht) VALUES (245, 3, 'Jõgeva maakond', 'Mustvee', 'Sadama tänav 9', '57270');
INSERT INTO klientide_aadressid (klient_id, tyyp_id, maakond, asula, tanav_maja, postikoht) VALUES (246, 4, 'Viljandi maakond', 'Suure-Jaani', 'Rahu tänav 11', '39382');
INSERT INTO klientide_aadressid (klient_id, tyyp_id, maakond, asula, tanav_maja, postikoht) VALUES (247, 2, 'Lääne maakond', 'Palivere', 'Tallinna maantee 70', '73687');
INSERT INTO klientide_aadressid (klient_id, tyyp_id, maakond, asula, tanav_maja, postikoht) VALUES (248, 1, 'Võru maakond', 'Antsla', 'Kopli tänav 24-7', '82103');
INSERT INTO klientide_aadressid (klient_id, tyyp_id, maakond, asula, tanav_maja, postikoht) VALUES (249, 4, 'Viljandi maakond', 'Mõisaküla', 'Kuuse tänav 144', '89572');
INSERT INTO klientide_aadressid (klient_id, tyyp_id, maakond, asula, tanav_maja, postikoht) VALUES (250, 4, 'Saare maakond', 'Kihelkonna', 'Kuuse tänav 127', '38176');
INSERT INTO klientide_aadressid (klient_id, tyyp_id, maakond, asula, tanav_maja, postikoht) VALUES (251, 4, 'Põlva maakond', 'Räpina', 'Narva maantee 107', '30448');
INSERT INTO klientide_aadressid (klient_id, tyyp_id, maakond, asula, tanav_maja, postikoht) VALUES (252, 4, 'Valga maakond', 'Sanga', 'Uus tänav 146', '34620');
INSERT INTO klientide_aadressid (klient_id, tyyp_id, maakond, asula, tanav_maja, postikoht) VALUES (253, 2, 'Jõgeva maakond', 'Palamuse', 'Turu tänav 64', '96198');
INSERT INTO klientide_aadressid (klient_id, tyyp_id, maakond, asula, tanav_maja, postikoht) VALUES (254, 1, 'Jõgeva maakond', 'Palamuse', 'Lõuna tänav 77', '10553');
INSERT INTO klientide_aadressid (klient_id, tyyp_id, maakond, asula, tanav_maja, postikoht) VALUES (255, 3, 'Rapla maakond', 'Kohila', 'Jaama tänav 101-64', '57676');
INSERT INTO klientide_aadressid (klient_id, tyyp_id, maakond, asula, tanav_maja, postikoht) VALUES (256, 3, 'Põlva maakond', 'Mooste', 'Sadama tänav 133-83', '95110');
INSERT INTO klientide_aadressid (klient_id, tyyp_id, maakond, asula, tanav_maja, postikoht) VALUES (257, 1, 'Võru maakond', 'Antsla', 'Kiriku tänav 27', '46977');
INSERT INTO klientide_aadressid (klient_id, tyyp_id, maakond, asula, tanav_maja, postikoht) VALUES (258, 2, 'Valga maakond', 'Otepää', 'Lasteaia tänav 67', '21916');
INSERT INTO klientide_aadressid (klient_id, tyyp_id, maakond, asula, tanav_maja, postikoht) VALUES (259, 2, 'Rapla maakond', 'Märjamaa', 'Allika tänav 32-32', '92097');
INSERT INTO klientide_aadressid (klient_id, tyyp_id, maakond, asula, tanav_maja, postikoht) VALUES (260, 2, 'Põlva maakond', 'Ahja', 'Kastani tänav 145', '29958');
INSERT INTO klientide_aadressid (klient_id, tyyp_id, maakond, asula, tanav_maja, postikoht) VALUES (261, 1, 'Lääne-Viru maakond', 'Tapa', 'Pargi tänav 30', '23288');
INSERT INTO klientide_aadressid (klient_id, tyyp_id, maakond, asula, tanav_maja, postikoht) VALUES (262, 3, 'Harju maakond', 'Saku', 'Lai tänav 82', '89519');
INSERT INTO klientide_aadressid (klient_id, tyyp_id, maakond, asula, tanav_maja, postikoht) VALUES (263, 2, 'Valga maakond', 'Tõrva', 'Jaama tänav 148', '68394');
INSERT INTO klientide_aadressid (klient_id, tyyp_id, maakond, asula, tanav_maja, postikoht) VALUES (264, 1, 'Hiiu maakond', 'Käina', 'Turu tänav 116-71', '38326');
INSERT INTO klientide_aadressid (klient_id, tyyp_id, maakond, asula, tanav_maja, postikoht) VALUES (265, 2, 'Lääne-Viru maakond', 'Väike-Maarja', 'Mere puiestee 72', '78411');
INSERT INTO klientide_aadressid (klient_id, tyyp_id, maakond, asula, tanav_maja, postikoht) VALUES (266, 2, 'Põlva maakond', 'Põlva', 'Tehase tänav 146', '35553');
INSERT INTO klientide_aadressid (klient_id, tyyp_id, maakond, asula, tanav_maja, postikoht) VALUES (267, 1, 'Jõgeva maakond', 'Põltsamaa', 'Roheline tänav 62', '19397');
INSERT INTO klientide_aadressid (klient_id, tyyp_id, maakond, asula, tanav_maja, postikoht) VALUES (268, 1, 'Tartu maakond', 'Tartu', 'Pikk tänav 62-43', '60352');
INSERT INTO klientide_aadressid (klient_id, tyyp_id, maakond, asula, tanav_maja, postikoht) VALUES (269, 4, 'Pärnu maakond', 'Pärnu', 'Pikk tänav 93-117', '54307');
INSERT INTO klientide_aadressid (klient_id, tyyp_id, maakond, asula, tanav_maja, postikoht) VALUES (270, 2, 'Harju maakond', 'Jüri', 'Kalda tänav 30-90', '86888');
INSERT INTO klientide_aadressid (klient_id, tyyp_id, maakond, asula, tanav_maja, postikoht) VALUES (271, 2, 'Rapla maakond', 'Rapla', 'Viljandi maantee 95', '27895');
INSERT INTO klientide_aadressid (klient_id, tyyp_id, maakond, asula, tanav_maja, postikoht) VALUES (272, 2, 'Lääne maakond', 'Kullamaa', 'Kopli tänav 123-63', '76332');
INSERT INTO klientide_aadressid (klient_id, tyyp_id, maakond, asula, tanav_maja, postikoht) VALUES (273, 2, 'Järva maakond', 'Paide', 'Narva maantee 9', '86806');
INSERT INTO klientide_aadressid (klient_id, tyyp_id, maakond, asula, tanav_maja, postikoht) VALUES (274, 4, 'Lääne-Viru maakond', 'Rakvere', 'Pikk tänav 131', '77048');
INSERT INTO klientide_aadressid (klient_id, tyyp_id, maakond, asula, tanav_maja, postikoht) VALUES (275, 1, 'Viljandi maakond', 'Suure-Jaani', 'Kuuse tänav 16', '52885');
INSERT INTO klientide_aadressid (klient_id, tyyp_id, maakond, asula, tanav_maja, postikoht) VALUES (276, 2, 'Tartu maakond', 'Tartu', 'Kiriku tänav 141-66', '97539');
INSERT INTO klientide_aadressid (klient_id, tyyp_id, maakond, asula, tanav_maja, postikoht) VALUES (277, 3, 'Lääne maakond', 'Haapsalu', 'Kopli tänav 98', '19968');
INSERT INTO klientide_aadressid (klient_id, tyyp_id, maakond, asula, tanav_maja, postikoht) VALUES (278, 2, 'Põlva maakond', 'Mooste', 'Pikk tänav 36', '12329');
INSERT INTO klientide_aadressid (klient_id, tyyp_id, maakond, asula, tanav_maja, postikoht) VALUES (279, 1, 'Harju maakond', 'Maardu', 'Kase tänav 30', '44622');
INSERT INTO klientide_aadressid (klient_id, tyyp_id, maakond, asula, tanav_maja, postikoht) VALUES (280, 2, 'Jõgeva maakond', 'Palamuse', 'Tartu maantee 120-23', '69565');
INSERT INTO klientide_aadressid (klient_id, tyyp_id, maakond, asula, tanav_maja, postikoht) VALUES (281, 3, 'Viljandi maakond', 'Viljandi', 'Allika tänav 97', '86273');
INSERT INTO klientide_aadressid (klient_id, tyyp_id, maakond, asula, tanav_maja, postikoht) VALUES (282, 1, 'Harju maakond', 'Saue', 'Roheline tänav 91', '19992');
INSERT INTO klientide_aadressid (klient_id, tyyp_id, maakond, asula, tanav_maja, postikoht) VALUES (283, 4, 'Lääne-Viru maakond', 'Väike-Maarja', 'Viljandi maantee 102', '82957');
INSERT INTO klientide_aadressid (klient_id, tyyp_id, maakond, asula, tanav_maja, postikoht) VALUES (284, 1, 'Saare maakond', 'Orissaare', 'Pargi tänav 10', '96553');
INSERT INTO klientide_aadressid (klient_id, tyyp_id, maakond, asula, tanav_maja, postikoht) VALUES (285, 4, 'Harju maakond', 'Saku', 'Pikk tänav 102', '58709');
INSERT INTO klientide_aadressid (klient_id, tyyp_id, maakond, asula, tanav_maja, postikoht) VALUES (286, 2, 'Võru maakond', 'Parksepa', 'Kuuse tänav 146', '42830');
INSERT INTO klientide_aadressid (klient_id, tyyp_id, maakond, asula, tanav_maja, postikoht) VALUES (287, 1, 'Pärnu maakond', 'Kilingi-Nõmme', 'Kooli tänav 102', '30697');
INSERT INTO klientide_aadressid (klient_id, tyyp_id, maakond, asula, tanav_maja, postikoht) VALUES (288, 1, 'Pärnu maakond', 'Sindi', 'Mere puiestee 38', '58500');
INSERT INTO klientide_aadressid (klient_id, tyyp_id, maakond, asula, tanav_maja, postikoht) VALUES (289, 3, 'Lääne maakond', 'Haapsalu', 'Raudtee tänav 9', '86761');
INSERT INTO klientide_aadressid (klient_id, tyyp_id, maakond, asula, tanav_maja, postikoht) VALUES (290, 4, 'Võru maakond', 'Parksepa', 'Jaama tänav 112', '29874');
INSERT INTO klientide_aadressid (klient_id, tyyp_id, maakond, asula, tanav_maja, postikoht) VALUES (291, 3, 'Võru maakond', 'Antsla', 'Kooli tänav 74-119', '93352');
INSERT INTO klientide_aadressid (klient_id, tyyp_id, maakond, asula, tanav_maja, postikoht) VALUES (292, 4, 'Võru maakond', 'Rõuge', 'Lille tänav 96', '40707');
INSERT INTO klientide_aadressid (klient_id, tyyp_id, maakond, asula, tanav_maja, postikoht) VALUES (293, 2, 'Pärnu maakond', 'Sindi', 'Vana tänav 115', '58111');
INSERT INTO klientide_aadressid (klient_id, tyyp_id, maakond, asula, tanav_maja, postikoht) VALUES (294, 4, 'Pärnu maakond', 'Sindi', 'Pikk tänav 3', '11857');
INSERT INTO klientide_aadressid (klient_id, tyyp_id, maakond, asula, tanav_maja, postikoht) VALUES (295, 2, 'Ida-Viru maakond', 'Narva-Jõesuu', 'Lõuna tänav 83', '59064');
INSERT INTO klientide_aadressid (klient_id, tyyp_id, maakond, asula, tanav_maja, postikoht) VALUES (296, 4, 'Põlva maakond', 'Kanepi', 'Kastani tänav 112-104', '85829');
INSERT INTO klientide_aadressid (klient_id, tyyp_id, maakond, asula, tanav_maja, postikoht) VALUES (297, 2, 'Lääne-Viru maakond', 'Tapa', 'Mere puiestee 64', '95275');
INSERT INTO klientide_aadressid (klient_id, tyyp_id, maakond, asula, tanav_maja, postikoht) VALUES (298, 1, 'Tartu maakond', 'Kõrveküla', 'Männi tänav 32-87', '28206');
INSERT INTO klientide_aadressid (klient_id, tyyp_id, maakond, asula, tanav_maja, postikoht) VALUES (299, 3, 'Lääne-Viru maakond', 'Tamsalu', 'Tartu maantee 117', '74781');
INSERT INTO klientide_aadressid (klient_id, tyyp_id, maakond, asula, tanav_maja, postikoht) VALUES (300, 1, 'Rapla maakond', 'Kohila', 'Lõuna tänav 67', '79406');
INSERT INTO klientide_aadressid (klient_id, tyyp_id, maakond, asula, tanav_maja, postikoht) VALUES (301, 2, 'Jõgeva maakond', 'Palamuse', 'Põllu tänav 144-20', '78570');
INSERT INTO klientide_aadressid (klient_id, tyyp_id, maakond, asula, tanav_maja, postikoht) VALUES (302, 3, 'Saare maakond', 'Kuressaare', 'Tallinna maantee 145-90', '82029');
INSERT INTO klientide_aadressid (klient_id, tyyp_id, maakond, asula, tanav_maja, postikoht) VALUES (303, 4, 'Valga maakond', 'Tõrva', 'Männi tänav 140', '64347');
INSERT INTO klientide_aadressid (klient_id, tyyp_id, maakond, asula, tanav_maja, postikoht) VALUES (304, 4, 'Tartu maakond', 'Elva', 'Kalda tänav 126-105', '43443');
INSERT INTO klientide_aadressid (klient_id, tyyp_id, maakond, asula, tanav_maja, postikoht) VALUES (305, 3, 'Tartu maakond', 'Kõrveküla', 'Kuuse tänav 114', '56849');
INSERT INTO klientide_aadressid (klient_id, tyyp_id, maakond, asula, tanav_maja, postikoht) VALUES (306, 4, 'Võru maakond', 'Vastseliina', 'Pargi tänav 37', '85439');
INSERT INTO klientide_aadressid (klient_id, tyyp_id, maakond, asula, tanav_maja, postikoht) VALUES (307, 2, 'Ida-Viru maakond', 'Kohtla-Järve', 'Lõuna tänav 47', '27707');
INSERT INTO klientide_aadressid (klient_id, tyyp_id, maakond, asula, tanav_maja, postikoht) VALUES (308, 3, 'Pärnu maakond', 'Paikuse', 'Mere puiestee 85', '64630');
INSERT INTO klientide_aadressid (klient_id, tyyp_id, maakond, asula, tanav_maja, postikoht) VALUES (309, 2, 'Jõgeva maakond', 'Palamuse', 'Tartu maantee 112', '35775');
INSERT INTO klientide_aadressid (klient_id, tyyp_id, maakond, asula, tanav_maja, postikoht) VALUES (310, 2, 'Jõgeva maakond', 'Palamuse', 'Mere puiestee 49', '86532');
INSERT INTO klientide_aadressid (klient_id, tyyp_id, maakond, asula, tanav_maja, postikoht) VALUES (311, 3, 'Viljandi maakond', 'Abja-Paluoja', 'Riia maantee 63', '91921');
INSERT INTO klientide_aadressid (klient_id, tyyp_id, maakond, asula, tanav_maja, postikoht) VALUES (312, 4, 'Saare maakond', 'Kihelkonna', 'Männi tänav 40', '37537');
INSERT INTO klientide_aadressid (klient_id, tyyp_id, maakond, asula, tanav_maja, postikoht) VALUES (313, 3, 'Võru maakond', 'Võru', 'Raekoja plats 22-77', '85385');
INSERT INTO klientide_aadressid (klient_id, tyyp_id, maakond, asula, tanav_maja, postikoht) VALUES (314, 1, 'Viljandi maakond', 'Abja-Paluoja', 'Pikk tänav 70-89', '77840');
INSERT INTO klientide_aadressid (klient_id, tyyp_id, maakond, asula, tanav_maja, postikoht) VALUES (315, 3, 'Viljandi maakond', 'Mõisaküla', 'Riia maantee 76', '53084');
INSERT INTO klientide_aadressid (klient_id, tyyp_id, maakond, asula, tanav_maja, postikoht) VALUES (316, 1, 'Lääne-Viru maakond', 'Kunda', 'Jõe tänav 125', '53505');
INSERT INTO klientide_aadressid (klient_id, tyyp_id, maakond, asula, tanav_maja, postikoht) VALUES (317, 3, 'Ida-Viru maakond', 'Narva', 'Lille tänav 28-31', '94865');
INSERT INTO klientide_aadressid (klient_id, tyyp_id, maakond, asula, tanav_maja, postikoht) VALUES (318, 4, 'Pärnu maakond', 'Pärnu', 'Tamme tänav 83', '40758');
INSERT INTO klientide_aadressid (klient_id, tyyp_id, maakond, asula, tanav_maja, postikoht) VALUES (319, 3, 'Põlva maakond', 'Põlva', 'Metsa tänav 60-103', '26374');
INSERT INTO klientide_aadressid (klient_id, tyyp_id, maakond, asula, tanav_maja, postikoht) VALUES (320, 2, 'Harju maakond', 'Jüri', 'Raekoja plats 40-81', '76837');
INSERT INTO klientide_aadressid (klient_id, tyyp_id, maakond, asula, tanav_maja, postikoht) VALUES (321, 3, 'Jõgeva maakond', 'Mustvee', 'Raekoja plats 125-101', '10418');
INSERT INTO klientide_aadressid (klient_id, tyyp_id, maakond, asula, tanav_maja, postikoht) VALUES (322, 2, 'Ida-Viru maakond', 'Sillamäe', 'Jõe tänav 36', '31941');
INSERT INTO klientide_aadressid (klient_id, tyyp_id, maakond, asula, tanav_maja, postikoht) VALUES (323, 4, 'Saare maakond', 'Kuressaare', 'Tamme tänav 86-64', '87441');
INSERT INTO klientide_aadressid (klient_id, tyyp_id, maakond, asula, tanav_maja, postikoht) VALUES (324, 4, 'Saare maakond', 'Kihelkonna', 'Kastani tänav 90', '48277');
INSERT INTO klientide_aadressid (klient_id, tyyp_id, maakond, asula, tanav_maja, postikoht) VALUES (325, 2, 'Valga maakond', 'Tõrva', 'Kiriku tänav 143', '74452');
INSERT INTO klientide_aadressid (klient_id, tyyp_id, maakond, asula, tanav_maja, postikoht) VALUES (326, 3, 'Tartu maakond', 'Tõrvandi', 'Turu tänav 149', '88773');
INSERT INTO klientide_aadressid (klient_id, tyyp_id, maakond, asula, tanav_maja, postikoht) VALUES (327, 2, 'Rapla maakond', 'Kehtna', 'Pargi tänav 145', '82369');
INSERT INTO klientide_aadressid (klient_id, tyyp_id, maakond, asula, tanav_maja, postikoht) VALUES (328, 4, 'Jõgeva maakond', 'Jõgeva', 'Kase tänav 57-14', '13005');
INSERT INTO klientide_aadressid (klient_id, tyyp_id, maakond, asula, tanav_maja, postikoht) VALUES (329, 1, 'Järva maakond', 'Koeru', 'Kastani tänav 94', '12742');
INSERT INTO klientide_aadressid (klient_id, tyyp_id, maakond, asula, tanav_maja, postikoht) VALUES (330, 1, 'Pärnu maakond', 'Sindi', 'Viljandi maantee 55', '82245');
INSERT INTO klientide_aadressid (klient_id, tyyp_id, maakond, asula, tanav_maja, postikoht) VALUES (331, 3, 'Viljandi maakond', 'Suure-Jaani', 'Viljandi maantee 85', '35201');
INSERT INTO klientide_aadressid (klient_id, tyyp_id, maakond, asula, tanav_maja, postikoht) VALUES (332, 1, 'Ida-Viru maakond', 'Kohtla-Järve', 'Vabaduse puiestee 128', '73860');
INSERT INTO klientide_aadressid (klient_id, tyyp_id, maakond, asula, tanav_maja, postikoht) VALUES (333, 4, 'Jõgeva maakond', 'Jõgeva', 'Pargi tänav 112', '13918');
INSERT INTO klientide_aadressid (klient_id, tyyp_id, maakond, asula, tanav_maja, postikoht) VALUES (334, 4, 'Rapla maakond', 'Järvakandi', 'Tartu maantee 15', '98974');
INSERT INTO klientide_aadressid (klient_id, tyyp_id, maakond, asula, tanav_maja, postikoht) VALUES (335, 2, 'Lääne-Viru maakond', 'Väike-Maarja', 'Kastani tänav 12', '71771');
INSERT INTO klientide_aadressid (klient_id, tyyp_id, maakond, asula, tanav_maja, postikoht) VALUES (336, 1, 'Järva maakond', 'Paide', 'Männi tänav 20', '61965');
INSERT INTO klientide_aadressid (klient_id, tyyp_id, maakond, asula, tanav_maja, postikoht) VALUES (337, 4, 'Saare maakond', 'Valjala', 'Kopli tänav 82', '50925');
INSERT INTO klientide_aadressid (klient_id, tyyp_id, maakond, asula, tanav_maja, postikoht) VALUES (338, 4, 'Viljandi maakond', 'Viljandi', 'Metsa tänav 119', '38054');
INSERT INTO klientide_aadressid (klient_id, tyyp_id, maakond, asula, tanav_maja, postikoht) VALUES (339, 4, 'Valga maakond', 'Valga', 'Sadama tänav 124', '36737');
INSERT INTO klientide_aadressid (klient_id, tyyp_id, maakond, asula, tanav_maja, postikoht) VALUES (340, 2, 'Rapla maakond', 'Kehtna', 'Uus tänav 58', '86081');
INSERT INTO klientide_aadressid (klient_id, tyyp_id, maakond, asula, tanav_maja, postikoht) VALUES (341, 1, 'Järva maakond', 'Türi', 'Pargi tänav 48-55', '15028');
INSERT INTO klientide_aadressid (klient_id, tyyp_id, maakond, asula, tanav_maja, postikoht) VALUES (342, 4, 'Lääne maakond', 'Risti', 'Kuuse tänav 33', '90811');
INSERT INTO klientide_aadressid (klient_id, tyyp_id, maakond, asula, tanav_maja, postikoht) VALUES (343, 2, 'Pärnu maakond', 'Vändra', 'Aia tänav 91', '56130');
INSERT INTO klientide_aadressid (klient_id, tyyp_id, maakond, asula, tanav_maja, postikoht) VALUES (344, 3, 'Lääne maakond', 'Haapsalu', 'Põhja tänav 112', '28499');
INSERT INTO klientide_aadressid (klient_id, tyyp_id, maakond, asula, tanav_maja, postikoht) VALUES (345, 4, 'Pärnu maakond', 'Kilingi-Nõmme', 'Järve tänav 54', '63590');
INSERT INTO klientide_aadressid (klient_id, tyyp_id, maakond, asula, tanav_maja, postikoht) VALUES (346, 4, 'Võru maakond', 'Vastseliina', 'Lai tänav 25', '57703');
INSERT INTO klientide_aadressid (klient_id, tyyp_id, maakond, asula, tanav_maja, postikoht) VALUES (347, 4, 'Viljandi maakond', 'Mõisaküla', 'Aia tänav 118', '12327');
INSERT INTO klientide_aadressid (klient_id, tyyp_id, maakond, asula, tanav_maja, postikoht) VALUES (348, 3, 'Valga maakond', 'Otepää', 'Mere puiestee 68-33', '75724');
INSERT INTO klientide_aadressid (klient_id, tyyp_id, maakond, asula, tanav_maja, postikoht) VALUES (349, 2, 'Lääne maakond', 'Risti', 'Turu tänav 125', '45833');
INSERT INTO klientide_aadressid (klient_id, tyyp_id, maakond, asula, tanav_maja, postikoht) VALUES (350, 4, 'Ida-Viru maakond', 'Sillamäe', 'Riia maantee 32-109', '95016');
INSERT INTO klientide_aadressid (klient_id, tyyp_id, maakond, asula, tanav_maja, postikoht) VALUES (351, 1, 'Ida-Viru maakond', 'Narva-Jõesuu', 'Jaama tänav 47', '72671');
INSERT INTO klientide_aadressid (klient_id, tyyp_id, maakond, asula, tanav_maja, postikoht) VALUES (352, 1, 'Viljandi maakond', 'Mõisaküla', 'Lasteaia tänav 15-29', '66661');
INSERT INTO klientide_aadressid (klient_id, tyyp_id, maakond, asula, tanav_maja, postikoht) VALUES (353, 1, 'Põlva maakond', 'Põlva', 'Vabaduse puiestee 17', '12575');
INSERT INTO klientide_aadressid (klient_id, tyyp_id, maakond, asula, tanav_maja, postikoht) VALUES (354, 3, 'Valga maakond', 'Sanga', 'Tamme tänav 70', '30043');
INSERT INTO klientide_aadressid (klient_id, tyyp_id, maakond, asula, tanav_maja, postikoht) VALUES (355, 4, 'Viljandi maakond', 'Mõisaküla', 'Lille tänav 65', '15900');
INSERT INTO klientide_aadressid (klient_id, tyyp_id, maakond, asula, tanav_maja, postikoht) VALUES (356, 1, 'Tartu maakond', 'Tõrvandi', 'Mere puiestee 79-74', '10606');
INSERT INTO klientide_aadressid (klient_id, tyyp_id, maakond, asula, tanav_maja, postikoht) VALUES (357, 1, 'Tartu maakond', 'Tõrvandi', 'Allika tänav 58', '54294');
INSERT INTO klientide_aadressid (klient_id, tyyp_id, maakond, asula, tanav_maja, postikoht) VALUES (358, 2, 'Võru maakond', 'Võru', 'Vabaduse puiestee 99', '20572');
INSERT INTO klientide_aadressid (klient_id, tyyp_id, maakond, asula, tanav_maja, postikoht) VALUES (359, 1, 'Valga maakond', 'Tsirguliina', 'Kalda tänav 64', '81084');
INSERT INTO klientide_aadressid (klient_id, tyyp_id, maakond, asula, tanav_maja, postikoht) VALUES (360, 1, 'Harju maakond', 'Maardu', 'Turu tänav 138', '76837');
INSERT INTO klientide_aadressid (klient_id, tyyp_id, maakond, asula, tanav_maja, postikoht) VALUES (361, 4, 'Saare maakond', 'Kuressaare', 'Narva maantee 132', '87641');
INSERT INTO klientide_aadressid (klient_id, tyyp_id, maakond, asula, tanav_maja, postikoht) VALUES (362, 4, 'Saare maakond', 'Kuressaare', 'Kooli tänav 11-72', '45636');
INSERT INTO klientide_aadressid (klient_id, tyyp_id, maakond, asula, tanav_maja, postikoht) VALUES (363, 2, 'Jõgeva maakond', 'Põltsamaa', 'Tallinna maantee 94', '56737');
INSERT INTO klientide_aadressid (klient_id, tyyp_id, maakond, asula, tanav_maja, postikoht) VALUES (364, 4, 'Pärnu maakond', 'Paikuse', 'Turu tänav 5-15', '12968');
INSERT INTO klientide_aadressid (klient_id, tyyp_id, maakond, asula, tanav_maja, postikoht) VALUES (365, 2, 'Harju maakond', 'Saue', 'Tehase tänav 70', '15200');
INSERT INTO klientide_aadressid (klient_id, tyyp_id, maakond, asula, tanav_maja, postikoht) VALUES (366, 4, 'Rapla maakond', 'Rapla', 'Tehase tänav 117-54', '26672');
INSERT INTO klientide_aadressid (klient_id, tyyp_id, maakond, asula, tanav_maja, postikoht) VALUES (367, 2, 'Saare maakond', 'Kihelkonna', 'Ristiku tänav 75', '61311');
INSERT INTO klientide_aadressid (klient_id, tyyp_id, maakond, asula, tanav_maja, postikoht) VALUES (368, 4, 'Võru maakond', 'Võru', 'Kase tänav 82', '50834');
INSERT INTO klientide_aadressid (klient_id, tyyp_id, maakond, asula, tanav_maja, postikoht) VALUES (369, 4, 'Jõgeva maakond', 'Mustvee', 'Pikk tänav 68-120', '86586');
INSERT INTO klientide_aadressid (klient_id, tyyp_id, maakond, asula, tanav_maja, postikoht) VALUES (370, 4, 'Viljandi maakond', 'Abja-Paluoja', 'Kase tänav 99-100', '87458');
INSERT INTO klientide_aadressid (klient_id, tyyp_id, maakond, asula, tanav_maja, postikoht) VALUES (371, 2, 'Pärnu maakond', 'Vändra', 'Pargi tänav 103', '20668');
INSERT INTO klientide_aadressid (klient_id, tyyp_id, maakond, asula, tanav_maja, postikoht) VALUES (372, 3, 'Harju maakond', 'Saue', 'Kase tänav 144-39', '28984');
INSERT INTO klientide_aadressid (klient_id, tyyp_id, maakond, asula, tanav_maja, postikoht) VALUES (373, 3, 'Tartu maakond', 'Nõo', 'Järve tänav 113', '11744');
INSERT INTO klientide_aadressid (klient_id, tyyp_id, maakond, asula, tanav_maja, postikoht) VALUES (374, 3, 'Lääne maakond', 'Risti', 'Raudtee tänav 86', '12675');
INSERT INTO klientide_aadressid (klient_id, tyyp_id, maakond, asula, tanav_maja, postikoht) VALUES (375, 1, 'Hiiu maakond', 'Suuremõisa', 'Metsa tänav 145', '75529');
INSERT INTO klientide_aadressid (klient_id, tyyp_id, maakond, asula, tanav_maja, postikoht) VALUES (376, 4, 'Põlva maakond', 'Räpina', 'Lasteaia tänav 22', '15775');
INSERT INTO klientide_aadressid (klient_id, tyyp_id, maakond, asula, tanav_maja, postikoht) VALUES (377, 4, 'Jõgeva maakond', 'Jõgeva', 'Lasteaia tänav 83-90', '44547');
INSERT INTO klientide_aadressid (klient_id, tyyp_id, maakond, asula, tanav_maja, postikoht) VALUES (378, 2, 'Lääne maakond', 'Palivere', 'Tallinna maantee 46', '90644');
INSERT INTO klientide_aadressid (klient_id, tyyp_id, maakond, asula, tanav_maja, postikoht) VALUES (379, 3, 'Lääne-Viru maakond', 'Tapa', 'Turu tänav 11', '12349');
INSERT INTO klientide_aadressid (klient_id, tyyp_id, maakond, asula, tanav_maja, postikoht) VALUES (380, 2, 'Pärnu maakond', 'Paikuse', 'Põllu tänav 87', '39361');
INSERT INTO klientide_aadressid (klient_id, tyyp_id, maakond, asula, tanav_maja, postikoht) VALUES (381, 2, 'Saare maakond', 'Orissaare', 'Vabaduse puiestee 133', '35501');
INSERT INTO klientide_aadressid (klient_id, tyyp_id, maakond, asula, tanav_maja, postikoht) VALUES (382, 3, 'Võru maakond', 'Rõuge', 'Pikk tänav 73', '66611');
INSERT INTO klientide_aadressid (klient_id, tyyp_id, maakond, asula, tanav_maja, postikoht) VALUES (383, 3, 'Hiiu maakond', 'Käina', 'Kiriku tänav 70', '27208');
INSERT INTO klientide_aadressid (klient_id, tyyp_id, maakond, asula, tanav_maja, postikoht) VALUES (384, 3, 'Järva maakond', 'Aravete', 'Kiriku tänav 126', '19634');
INSERT INTO klientide_aadressid (klient_id, tyyp_id, maakond, asula, tanav_maja, postikoht) VALUES (385, 4, 'Hiiu maakond', 'Kärdla', 'Roheline tänav 131-106', '35886');
INSERT INTO klientide_aadressid (klient_id, tyyp_id, maakond, asula, tanav_maja, postikoht) VALUES (386, 4, 'Harju maakond', 'Keila', 'Kase tänav 64', '40381');
INSERT INTO klientide_aadressid (klient_id, tyyp_id, maakond, asula, tanav_maja, postikoht) VALUES (387, 2, 'Viljandi maakond', 'Suure-Jaani', 'Kalda tänav 81-28', '48750');
INSERT INTO klientide_aadressid (klient_id, tyyp_id, maakond, asula, tanav_maja, postikoht) VALUES (388, 2, 'Pärnu maakond', 'Kilingi-Nõmme', 'Jaama tänav 73', '59435');
INSERT INTO klientide_aadressid (klient_id, tyyp_id, maakond, asula, tanav_maja, postikoht) VALUES (389, 3, 'Jõgeva maakond', 'Palamuse', 'Kooli tänav 73', '56386');
INSERT INTO klientide_aadressid (klient_id, tyyp_id, maakond, asula, tanav_maja, postikoht) VALUES (390, 1, 'Pärnu maakond', 'Vändra', 'Kooli tänav 76', '44900');
INSERT INTO klientide_aadressid (klient_id, tyyp_id, maakond, asula, tanav_maja, postikoht) VALUES (391, 3, 'Pärnu maakond', 'Pärnu', 'Raudtee tänav 25', '87420');
INSERT INTO klientide_aadressid (klient_id, tyyp_id, maakond, asula, tanav_maja, postikoht) VALUES (392, 2, 'Saare maakond', 'Orissaare', 'Raekoja plats 30-37', '58049');
INSERT INTO klientide_aadressid (klient_id, tyyp_id, maakond, asula, tanav_maja, postikoht) VALUES (393, 2, 'Viljandi maakond', 'Suure-Jaani', 'Viljandi maantee 11', '62983');
INSERT INTO klientide_aadressid (klient_id, tyyp_id, maakond, asula, tanav_maja, postikoht) VALUES (394, 2, 'Lääne maakond', 'Kullamaa', 'Riia maantee 125', '86430');
INSERT INTO klientide_aadressid (klient_id, tyyp_id, maakond, asula, tanav_maja, postikoht) VALUES (395, 2, 'Tartu maakond', 'Elva', 'Lõuna tänav 71', '17650');
INSERT INTO klientide_aadressid (klient_id, tyyp_id, maakond, asula, tanav_maja, postikoht) VALUES (396, 1, 'Lääne maakond', 'Kullamaa', 'Männi tänav 2-17', '47777');
INSERT INTO klientide_aadressid (klient_id, tyyp_id, maakond, asula, tanav_maja, postikoht) VALUES (397, 1, 'Harju maakond', 'Saue', 'Kopli tänav 80-82', '15279');
INSERT INTO klientide_aadressid (klient_id, tyyp_id, maakond, asula, tanav_maja, postikoht) VALUES (398, 1, 'Ida-Viru maakond', 'Narva', 'Lille tänav 13-88', '94258');
INSERT INTO klientide_aadressid (klient_id, tyyp_id, maakond, asula, tanav_maja, postikoht) VALUES (399, 2, 'Tartu maakond', 'Elva', 'Roheline tänav 111', '35736');
INSERT INTO klientide_aadressid (klient_id, tyyp_id, maakond, asula, tanav_maja, postikoht) VALUES (400, 3, 'Jõgeva maakond', 'Põltsamaa', 'Jaama tänav 109', '82992');
INSERT INTO klientide_aadressid (klient_id, tyyp_id, maakond, asula, tanav_maja, postikoht) VALUES (401, 3, 'Jõgeva maakond', 'Jõgeva', 'Aia tänav 112', '56221');
INSERT INTO klientide_aadressid (klient_id, tyyp_id, maakond, asula, tanav_maja, postikoht) VALUES (402, 3, 'Valga maakond', 'Tsirguliina', 'Viljandi maantee 124', '99038');
INSERT INTO klientide_aadressid (klient_id, tyyp_id, maakond, asula, tanav_maja, postikoht) VALUES (403, 2, 'Viljandi maakond', 'Abja-Paluoja', 'Jaama tänav 17-40', '94822');
INSERT INTO klientide_aadressid (klient_id, tyyp_id, maakond, asula, tanav_maja, postikoht) VALUES (404, 2, 'Pärnu maakond', 'Pärnu', 'Kuuse tänav 70-84', '95581');
INSERT INTO klientide_aadressid (klient_id, tyyp_id, maakond, asula, tanav_maja, postikoht) VALUES (405, 4, 'Põlva maakond', 'Mooste', 'Lille tänav 45', '80327');
INSERT INTO klientide_aadressid (klient_id, tyyp_id, maakond, asula, tanav_maja, postikoht) VALUES (406, 3, 'Võru maakond', 'Vastseliina', 'Tehase tänav 120', '43782');
INSERT INTO klientide_aadressid (klient_id, tyyp_id, maakond, asula, tanav_maja, postikoht) VALUES (407, 2, 'Põlva maakond', 'Ahja', 'Raudtee tänav 84', '27338');
INSERT INTO klientide_aadressid (klient_id, tyyp_id, maakond, asula, tanav_maja, postikoht) VALUES (408, 4, 'Lääne maakond', 'Risti', 'Viljandi maantee 89', '29920');
INSERT INTO klientide_aadressid (klient_id, tyyp_id, maakond, asula, tanav_maja, postikoht) VALUES (409, 1, 'Valga maakond', 'Tõrva', 'Kase tänav 70', '20716');
INSERT INTO klientide_aadressid (klient_id, tyyp_id, maakond, asula, tanav_maja, postikoht) VALUES (410, 3, 'Järva maakond', 'Aravete', 'Jaama tänav 138', '95464');
INSERT INTO klientide_aadressid (klient_id, tyyp_id, maakond, asula, tanav_maja, postikoht) VALUES (411, 3, 'Ida-Viru maakond', 'Jõhvi', 'Vabaduse puiestee 142', '12331');
INSERT INTO klientide_aadressid (klient_id, tyyp_id, maakond, asula, tanav_maja, postikoht) VALUES (412, 4, 'Lääne maakond', 'Palivere', 'Vabaduse puiestee 53', '46936');
INSERT INTO klientide_aadressid (klient_id, tyyp_id, maakond, asula, tanav_maja, postikoht) VALUES (413, 2, 'Hiiu maakond', 'Käina', 'Uus tänav 70-105', '87881');
INSERT INTO klientide_aadressid (klient_id, tyyp_id, maakond, asula, tanav_maja, postikoht) VALUES (414, 3, 'Hiiu maakond', 'Käina', 'Kopli tänav 96-69', '43838');
INSERT INTO klientide_aadressid (klient_id, tyyp_id, maakond, asula, tanav_maja, postikoht) VALUES (415, 2, 'Lääne maakond', 'Risti', 'Pargi tänav 80', '54230');
INSERT INTO klientide_aadressid (klient_id, tyyp_id, maakond, asula, tanav_maja, postikoht) VALUES (416, 1, 'Rapla maakond', 'Kohila', 'Roheline tänav 13', '77895');
INSERT INTO klientide_aadressid (klient_id, tyyp_id, maakond, asula, tanav_maja, postikoht) VALUES (417, 2, 'Valga maakond', 'Valga', 'Kooli tänav 84', '28294');
INSERT INTO klientide_aadressid (klient_id, tyyp_id, maakond, asula, tanav_maja, postikoht) VALUES (418, 1, 'Põlva maakond', 'Mooste', 'Kase tänav 140', '71413');
INSERT INTO klientide_aadressid (klient_id, tyyp_id, maakond, asula, tanav_maja, postikoht) VALUES (419, 2, 'Põlva maakond', 'Räpina', 'Lai tänav 66', '30405');
INSERT INTO klientide_aadressid (klient_id, tyyp_id, maakond, asula, tanav_maja, postikoht) VALUES (420, 3, 'Viljandi maakond', 'Mõisaküla', 'Kastani tänav 95-89', '66936');
INSERT INTO klientide_aadressid (klient_id, tyyp_id, maakond, asula, tanav_maja, postikoht) VALUES (421, 1, 'Ida-Viru maakond', 'Kiviõli', 'Uus tänav 95', '93095');
INSERT INTO klientide_aadressid (klient_id, tyyp_id, maakond, asula, tanav_maja, postikoht) VALUES (422, 1, 'Võru maakond', 'Vastseliina', 'Allika tänav 74', '62978');
INSERT INTO klientide_aadressid (klient_id, tyyp_id, maakond, asula, tanav_maja, postikoht) VALUES (423, 1, 'Harju maakond', 'Tallinn', 'Pargi tänav 6-61', '37111');
INSERT INTO klientide_aadressid (klient_id, tyyp_id, maakond, asula, tanav_maja, postikoht) VALUES (424, 2, 'Lääne maakond', 'Taebla', 'Kiriku tänav 49', '38864');
INSERT INTO klientide_aadressid (klient_id, tyyp_id, maakond, asula, tanav_maja, postikoht) VALUES (425, 4, 'Lääne maakond', 'Kullamaa', 'Kiriku tänav 56-56', '22311');
INSERT INTO klientide_aadressid (klient_id, tyyp_id, maakond, asula, tanav_maja, postikoht) VALUES (426, 3, 'Rapla maakond', 'Kehtna', 'Tehase tänav 75', '85400');
INSERT INTO klientide_aadressid (klient_id, tyyp_id, maakond, asula, tanav_maja, postikoht) VALUES (427, 2, 'Ida-Viru maakond', 'Narva', 'Vana tänav 71-109', '18727');
INSERT INTO klientide_aadressid (klient_id, tyyp_id, maakond, asula, tanav_maja, postikoht) VALUES (428, 3, 'Pärnu maakond', 'Paikuse', 'Tartu maantee 76', '98260');
INSERT INTO klientide_aadressid (klient_id, tyyp_id, maakond, asula, tanav_maja, postikoht) VALUES (429, 4, 'Pärnu maakond', 'Sindi', 'Mere puiestee 43', '49986');
INSERT INTO klientide_aadressid (klient_id, tyyp_id, maakond, asula, tanav_maja, postikoht) VALUES (430, 1, 'Rapla maakond', 'Märjamaa', 'Allika tänav 73', '84536');
INSERT INTO klientide_aadressid (klient_id, tyyp_id, maakond, asula, tanav_maja, postikoht) VALUES (431, 4, 'Harju maakond', 'Maardu', 'Kuuse tänav 131', '77683');
INSERT INTO klientide_aadressid (klient_id, tyyp_id, maakond, asula, tanav_maja, postikoht) VALUES (432, 4, 'Hiiu maakond', 'Kärdla', 'Pikk tänav 2', '57094');
INSERT INTO klientide_aadressid (klient_id, tyyp_id, maakond, asula, tanav_maja, postikoht) VALUES (433, 1, 'Rapla maakond', 'Rapla', 'Viljandi maantee 131', '61066');
INSERT INTO klientide_aadressid (klient_id, tyyp_id, maakond, asula, tanav_maja, postikoht) VALUES (434, 3, 'Võru maakond', 'Võru', 'Raekoja plats 43', '53031');
INSERT INTO klientide_aadressid (klient_id, tyyp_id, maakond, asula, tanav_maja, postikoht) VALUES (435, 1, 'Ida-Viru maakond', 'Kohtla-Järve', 'Sadama tänav 76', '12543');
INSERT INTO klientide_aadressid (klient_id, tyyp_id, maakond, asula, tanav_maja, postikoht) VALUES (436, 4, 'Võru maakond', 'Parksepa', 'Tamme tänav 126', '67939');
INSERT INTO klientide_aadressid (klient_id, tyyp_id, maakond, asula, tanav_maja, postikoht) VALUES (437, 1, 'Rapla maakond', 'Kehtna', 'Vabaduse puiestee 37', '60117');
INSERT INTO klientide_aadressid (klient_id, tyyp_id, maakond, asula, tanav_maja, postikoht) VALUES (438, 1, 'Ida-Viru maakond', 'Narva-Jõesuu', 'Kalda tänav 20', '61489');
INSERT INTO klientide_aadressid (klient_id, tyyp_id, maakond, asula, tanav_maja, postikoht) VALUES (439, 4, 'Ida-Viru maakond', 'Kohtla-Järve', 'Lille tänav 32', '98404');
INSERT INTO klientide_aadressid (klient_id, tyyp_id, maakond, asula, tanav_maja, postikoht) VALUES (440, 3, 'Hiiu maakond', 'Käina', 'Põhja tänav 98', '16587');
INSERT INTO klientide_aadressid (klient_id, tyyp_id, maakond, asula, tanav_maja, postikoht) VALUES (441, 3, 'Hiiu maakond', 'Käina', 'Tartu maantee 106', '94003');
INSERT INTO klientide_aadressid (klient_id, tyyp_id, maakond, asula, tanav_maja, postikoht) VALUES (442, 4, 'Viljandi maakond', 'Suure-Jaani', 'Pikk tänav 63-18', '98820');
INSERT INTO klientide_aadressid (klient_id, tyyp_id, maakond, asula, tanav_maja, postikoht) VALUES (443, 2, 'Rapla maakond', 'Rapla', 'Mere puiestee 11', '33827');
INSERT INTO klientide_aadressid (klient_id, tyyp_id, maakond, asula, tanav_maja, postikoht) VALUES (444, 4, 'Jõgeva maakond', 'Palamuse', 'Ristiku tänav 19-91', '18594');
INSERT INTO klientide_aadressid (klient_id, tyyp_id, maakond, asula, tanav_maja, postikoht) VALUES (445, 4, 'Hiiu maakond', 'Suuremõisa', 'Riia maantee 86', '43082');
INSERT INTO klientide_aadressid (klient_id, tyyp_id, maakond, asula, tanav_maja, postikoht) VALUES (446, 1, 'Hiiu maakond', 'Kõrgessaare', 'Lõuna tänav 44', '90962');
INSERT INTO klientide_aadressid (klient_id, tyyp_id, maakond, asula, tanav_maja, postikoht) VALUES (447, 1, 'Tartu maakond', 'Tartu', 'Pikk tänav 98', '31306');
INSERT INTO klientide_aadressid (klient_id, tyyp_id, maakond, asula, tanav_maja, postikoht) VALUES (448, 2, 'Valga maakond', 'Tõrva', 'Sadama tänav 91-51', '96388');
INSERT INTO klientide_aadressid (klient_id, tyyp_id, maakond, asula, tanav_maja, postikoht) VALUES (449, 1, 'Saare maakond', 'Kuressaare', 'Sadama tänav 10', '73540');
INSERT INTO klientide_aadressid (klient_id, tyyp_id, maakond, asula, tanav_maja, postikoht) VALUES (450, 4, 'Lääne-Viru maakond', 'Rakvere', 'Jaama tänav 3', '43047');
INSERT INTO klientide_aadressid (klient_id, tyyp_id, maakond, asula, tanav_maja, postikoht) VALUES (451, 4, 'Lääne maakond', 'Risti', 'Raekoja plats 141', '12356');
INSERT INTO klientide_aadressid (klient_id, tyyp_id, maakond, asula, tanav_maja, postikoht) VALUES (452, 3, 'Lääne-Viru maakond', 'Rakvere', 'Uus tänav 124', '30950');
INSERT INTO klientide_aadressid (klient_id, tyyp_id, maakond, asula, tanav_maja, postikoht) VALUES (453, 2, 'Võru maakond', 'Võru', 'Raudtee tänav 43', '72124');
INSERT INTO klientide_aadressid (klient_id, tyyp_id, maakond, asula, tanav_maja, postikoht) VALUES (454, 2, 'Hiiu maakond', 'Kärdla', 'Aia tänav 129', '80513');
INSERT INTO klientide_aadressid (klient_id, tyyp_id, maakond, asula, tanav_maja, postikoht) VALUES (455, 4, 'Viljandi maakond', 'Abja-Paluoja', 'Aia tänav 119', '97933');
INSERT INTO klientide_aadressid (klient_id, tyyp_id, maakond, asula, tanav_maja, postikoht) VALUES (456, 4, 'Ida-Viru maakond', 'Narva-Jõesuu', 'Lasteaia tänav 93', '34549');
INSERT INTO klientide_aadressid (klient_id, tyyp_id, maakond, asula, tanav_maja, postikoht) VALUES (457, 3, 'Saare maakond', 'Kuressaare', 'Riia maantee 67', '44000');
INSERT INTO klientide_aadressid (klient_id, tyyp_id, maakond, asula, tanav_maja, postikoht) VALUES (458, 4, 'Harju maakond', 'Saue', 'Kopli tänav 89', '99952');
INSERT INTO klientide_aadressid (klient_id, tyyp_id, maakond, asula, tanav_maja, postikoht) VALUES (459, 3, 'Lääne-Viru maakond', 'Tapa', 'Tamme tänav 3', '66482');
INSERT INTO klientide_aadressid (klient_id, tyyp_id, maakond, asula, tanav_maja, postikoht) VALUES (460, 4, 'Rapla maakond', 'Märjamaa', 'Vabaduse puiestee 127', '98173');
INSERT INTO klientide_aadressid (klient_id, tyyp_id, maakond, asula, tanav_maja, postikoht) VALUES (461, 3, 'Tartu maakond', 'Kõrveküla', 'Lai tänav 4', '46507');
INSERT INTO klientide_aadressid (klient_id, tyyp_id, maakond, asula, tanav_maja, postikoht) VALUES (462, 2, 'Põlva maakond', 'Kanepi', 'Jaama tänav 85-20', '48082');
INSERT INTO klientide_aadressid (klient_id, tyyp_id, maakond, asula, tanav_maja, postikoht) VALUES (463, 3, 'Lääne-Viru maakond', 'Tapa', 'Kase tänav 80-64', '59278');
INSERT INTO klientide_aadressid (klient_id, tyyp_id, maakond, asula, tanav_maja, postikoht) VALUES (464, 4, 'Viljandi maakond', 'Mõisaküla', 'Järve tänav 26', '39619');
INSERT INTO klientide_aadressid (klient_id, tyyp_id, maakond, asula, tanav_maja, postikoht) VALUES (465, 4, 'Rapla maakond', 'Märjamaa', 'Kastani tänav 144-92', '87148');
INSERT INTO klientide_aadressid (klient_id, tyyp_id, maakond, asula, tanav_maja, postikoht) VALUES (466, 3, 'Harju maakond', 'Maardu', 'Riia maantee 81-114', '62477');
INSERT INTO klientide_aadressid (klient_id, tyyp_id, maakond, asula, tanav_maja, postikoht) VALUES (467, 1, 'Järva maakond', 'Aravete', 'Raekoja plats 3', '37362');
INSERT INTO klientide_aadressid (klient_id, tyyp_id, maakond, asula, tanav_maja, postikoht) VALUES (468, 3, 'Viljandi maakond', 'Abja-Paluoja', 'Sadama tänav 12', '91808');
INSERT INTO klientide_aadressid (klient_id, tyyp_id, maakond, asula, tanav_maja, postikoht) VALUES (469, 3, 'Lääne-Viru maakond', 'Rakvere', 'Jaama tänav 34', '59185');
INSERT INTO klientide_aadressid (klient_id, tyyp_id, maakond, asula, tanav_maja, postikoht) VALUES (470, 4, 'Saare maakond', 'Kuressaare', 'Kastani tänav 103-37', '84926');
INSERT INTO klientide_aadressid (klient_id, tyyp_id, maakond, asula, tanav_maja, postikoht) VALUES (471, 4, 'Lääne maakond', 'Kullamaa', 'Pikk tänav 91-61', '20087');
INSERT INTO klientide_aadressid (klient_id, tyyp_id, maakond, asula, tanav_maja, postikoht) VALUES (472, 3, 'Hiiu maakond', 'Suuremõisa', 'Männi tänav 46', '66381');
INSERT INTO klientide_aadressid (klient_id, tyyp_id, maakond, asula, tanav_maja, postikoht) VALUES (473, 3, 'Rapla maakond', 'Kohila', 'Tallinna maantee 111', '59604');
INSERT INTO klientide_aadressid (klient_id, tyyp_id, maakond, asula, tanav_maja, postikoht) VALUES (474, 2, 'Jõgeva maakond', 'Põltsamaa', 'Jaama tänav 24', '43808');
INSERT INTO klientide_aadressid (klient_id, tyyp_id, maakond, asula, tanav_maja, postikoht) VALUES (475, 1, 'Ida-Viru maakond', 'Sillamäe', 'Raudtee tänav 76', '54669');
INSERT INTO klientide_aadressid (klient_id, tyyp_id, maakond, asula, tanav_maja, postikoht) VALUES (476, 1, 'Järva maakond', 'Aravete', 'Allika tänav 88', '19135');
INSERT INTO klientide_aadressid (klient_id, tyyp_id, maakond, asula, tanav_maja, postikoht) VALUES (477, 1, 'Lääne-Viru maakond', 'Väike-Maarja', 'Raekoja plats 45', '88330');
INSERT INTO klientide_aadressid (klient_id, tyyp_id, maakond, asula, tanav_maja, postikoht) VALUES (478, 1, 'Hiiu maakond', 'Kõrgessaare', 'Kase tänav 66', '63729');
INSERT INTO klientide_aadressid (klient_id, tyyp_id, maakond, asula, tanav_maja, postikoht) VALUES (479, 2, 'Rapla maakond', 'Kohila', 'Lõuna tänav 37', '62082');
INSERT INTO klientide_aadressid (klient_id, tyyp_id, maakond, asula, tanav_maja, postikoht) VALUES (480, 2, 'Harju maakond', 'Saue', 'Vana tänav 42', '36576');
INSERT INTO klientide_aadressid (klient_id, tyyp_id, maakond, asula, tanav_maja, postikoht) VALUES (481, 4, 'Saare maakond', 'Kihelkonna', 'Põhja tänav 80', '42801');
INSERT INTO klientide_aadressid (klient_id, tyyp_id, maakond, asula, tanav_maja, postikoht) VALUES (482, 2, 'Ida-Viru maakond', 'Jõhvi', 'Järve tänav 123', '37398');
INSERT INTO klientide_aadressid (klient_id, tyyp_id, maakond, asula, tanav_maja, postikoht) VALUES (483, 1, 'Põlva maakond', 'Ahja', 'Sadama tänav 40', '85122');
INSERT INTO klientide_aadressid (klient_id, tyyp_id, maakond, asula, tanav_maja, postikoht) VALUES (484, 2, 'Saare maakond', 'Valjala', 'Järve tänav 99', '75172');
INSERT INTO klientide_aadressid (klient_id, tyyp_id, maakond, asula, tanav_maja, postikoht) VALUES (485, 3, 'Lääne-Viru maakond', 'Tamsalu', 'Narva maantee 43-109', '53460');
INSERT INTO klientide_aadressid (klient_id, tyyp_id, maakond, asula, tanav_maja, postikoht) VALUES (486, 1, 'Tartu maakond', 'Elva', 'Lai tänav 5', '46909');
INSERT INTO klientide_aadressid (klient_id, tyyp_id, maakond, asula, tanav_maja, postikoht) VALUES (487, 1, 'Viljandi maakond', 'Suure-Jaani', 'Aia tänav 16-58', '69082');
INSERT INTO klientide_aadressid (klient_id, tyyp_id, maakond, asula, tanav_maja, postikoht) VALUES (488, 2, 'Tartu maakond', 'Tartu', 'Pikk tänav 10-113', '29453');
INSERT INTO klientide_aadressid (klient_id, tyyp_id, maakond, asula, tanav_maja, postikoht) VALUES (489, 2, 'Rapla maakond', 'Märjamaa', 'Vana tänav 33', '98058');
INSERT INTO klientide_aadressid (klient_id, tyyp_id, maakond, asula, tanav_maja, postikoht) VALUES (490, 2, 'Põlva maakond', 'Põlva', 'Kiriku tänav 8', '10543');
INSERT INTO klientide_aadressid (klient_id, tyyp_id, maakond, asula, tanav_maja, postikoht) VALUES (491, 2, 'Tartu maakond', 'Nõo', 'Viljandi maantee 138', '61533');
INSERT INTO klientide_aadressid (klient_id, tyyp_id, maakond, asula, tanav_maja, postikoht) VALUES (492, 2, 'Lääne-Viru maakond', 'Tamsalu', 'Raudtee tänav 102', '28167');
INSERT INTO klientide_aadressid (klient_id, tyyp_id, maakond, asula, tanav_maja, postikoht) VALUES (493, 4, 'Järva maakond', 'Paide', 'Narva maantee 5', '12371');
INSERT INTO klientide_aadressid (klient_id, tyyp_id, maakond, asula, tanav_maja, postikoht) VALUES (494, 2, 'Rapla maakond', 'Järvakandi', 'Kalda tänav 62-94', '34463');
INSERT INTO klientide_aadressid (klient_id, tyyp_id, maakond, asula, tanav_maja, postikoht) VALUES (495, 1, 'Võru maakond', 'Parksepa', 'Aia tänav 65', '89799');
INSERT INTO klientide_aadressid (klient_id, tyyp_id, maakond, asula, tanav_maja, postikoht) VALUES (496, 1, 'Võru maakond', 'Võru', 'Kase tänav 65-27', '34444');
INSERT INTO klientide_aadressid (klient_id, tyyp_id, maakond, asula, tanav_maja, postikoht) VALUES (497, 1, 'Rapla maakond', 'Rapla', 'Uus tänav 81', '28919');
INSERT INTO klientide_aadressid (klient_id, tyyp_id, maakond, asula, tanav_maja, postikoht) VALUES (498, 1, 'Lääne maakond', 'Kullamaa', 'Ristiku tänav 64', '83874');
INSERT INTO klientide_aadressid (klient_id, tyyp_id, maakond, asula, tanav_maja, postikoht) VALUES (499, 3, 'Põlva maakond', 'Põlva', 'Kastani tänav 32-103', '40940');
INSERT INTO klientide_aadressid (klient_id, tyyp_id, maakond, asula, tanav_maja, postikoht) VALUES (500, 1, 'Hiiu maakond', 'Suuremõisa', 'Sadama tänav 94', '87363');
INSERT INTO kontaktisikud (klient_id, eesnimi, perenimi, amet, epost, telefon) VALUES (277, 'Niina', 'Gorbunov', 'Müügiesindaja', 'gmuru@example.net', '+372 52413522');
INSERT INTO kontaktisikud (klient_id, eesnimi, perenimi, amet, epost, telefon) VALUES (449, 'Vello', 'Moroz', 'Müügiesindaja', 'viktoriakirillov@example.org', '+372 51943902');
INSERT INTO kontaktisikud (klient_id, eesnimi, perenimi, amet, epost, telefon) VALUES (446, 'Raivo', 'Põder', 'Müügiesindaja', 'irinasoots@example.org', '+372 52737078');
INSERT INTO kontaktisikud (klient_id, eesnimi, perenimi, amet, epost, telefon) VALUES (110, 'Marika', 'Rosenberg', 'Müügiesindaja', 'sevtsenkoanne@example.net', '+372 58482128');
INSERT INTO kontaktisikud (klient_id, eesnimi, perenimi, amet, epost, telefon) VALUES (293, 'Viktoria', 'Remmel', 'Müügiesindaja', 'isulg@example.com', '+372 53437616');
INSERT INTO kontaktisikud (klient_id, eesnimi, perenimi, amet, epost, telefon) VALUES (26, 'Martin', 'Lang', 'Müügiesindaja', 'igorpiho@example.com', '+372 52781390');
INSERT INTO kontaktisikud (klient_id, eesnimi, perenimi, amet, epost, telefon) VALUES (336, 'Oleg', 'Timofejev', 'Müügiesindaja', 'anneli39@example.net', '+372 50679269');
INSERT INTO kontaktisikud (klient_id, eesnimi, perenimi, amet, epost, telefon) VALUES (214, 'Aleksandr', 'Vinogradov', 'Müügiesindaja', 'raudmarek@example.net', '+372 53395613');
INSERT INTO kontaktisikud (klient_id, eesnimi, perenimi, amet, epost, telefon) VALUES (129, 'Maie', 'Karro', 'Müügiesindaja', 'irina80@example.org', '+372 55091973');
INSERT INTO kontaktisikud (klient_id, eesnimi, perenimi, amet, epost, telefon) VALUES (71, 'Galina', 'Peterson', 'Müügiesindaja', 'oleg22@example.com', '+372 53155837');
INSERT INTO kontaktisikud (klient_id, eesnimi, perenimi, amet, epost, telefon) VALUES (72, 'Linda', 'Kase', 'Müügiesindaja', 'zpalm@example.com', '+372 50780842');
INSERT INTO kontaktisikud (klient_id, eesnimi, perenimi, amet, epost, telefon) VALUES (81, 'Tiina', 'Jakobson', 'Müügiesindaja', 'vladimir79@example.com', '+372 55186621');
INSERT INTO kontaktisikud (klient_id, eesnimi, perenimi, amet, epost, telefon) VALUES (492, 'Sander', 'Filippov', 'Müügiesindaja', 'hsoots@example.org', '+372 55918864');
INSERT INTO kontaktisikud (klient_id, eesnimi, perenimi, amet, epost, telefon) VALUES (276, 'Siim', 'Lehtmets', 'Müügiesindaja', 'martin46@example.org', '+372 55132738');
INSERT INTO kontaktisikud (klient_id, eesnimi, perenimi, amet, epost, telefon) VALUES (295, 'Jaan', 'Raadik', 'Müügiesindaja', 'houn@example.org', '+372 58533002');
INSERT INTO kontaktisikud (klient_id, eesnimi, perenimi, amet, epost, telefon) VALUES (70, 'Mare', 'Pukk', 'Müügiesindaja', 'ljubovpeterson@example.org', '+372 53116046');
INSERT INTO kontaktisikud (klient_id, eesnimi, perenimi, amet, epost, telefon) VALUES (288, 'Anu', 'Kuus', 'Müügiesindaja', 'niina96@example.net', '+372 50658110');
INSERT INTO kontaktisikud (klient_id, eesnimi, perenimi, amet, epost, telefon) VALUES (416, 'Malle', 'Lõhmus', 'Müügiesindaja', 'matioun@example.net', '+372 58403580');
INSERT INTO kontaktisikud (klient_id, eesnimi, perenimi, amet, epost, telefon) VALUES (133, 'Andres', 'Drozdov', 'Müügiesindaja', 'bostrovvaleri@example.net', '+372 53607880');
INSERT INTO kontaktisikud (klient_id, eesnimi, perenimi, amet, epost, telefon) VALUES (321, 'Marina', 'Lehtla', 'Müügiesindaja', 'valerimets@example.net', '+372 52761409');
INSERT INTO kontaktisikud (klient_id, eesnimi, perenimi, amet, epost, telefon) VALUES (281, 'Juri', 'Raud', 'Müügiesindaja', 'niina99@example.net', '+372 51843563');
INSERT INTO kontaktisikud (klient_id, eesnimi, perenimi, amet, epost, telefon) VALUES (11, 'Tarmo', 'Liblik', 'Müügiesindaja', 'triin54@example.com', '+372 55558673');
INSERT INTO kontaktisikud (klient_id, eesnimi, perenimi, amet, epost, telefon) VALUES (335, 'Niina', 'Liiv', 'Müügiesindaja', 'ftrofimov@example.com', '+372 53283799');
INSERT INTO kontaktisikud (klient_id, eesnimi, perenimi, amet, epost, telefon) VALUES (220, 'Tatiana', 'Lember', 'Müügiesindaja', 'hjuhanson@example.org', '+372 55483288');
INSERT INTO kontaktisikud (klient_id, eesnimi, perenimi, amet, epost, telefon) VALUES (315, 'Kristjan', 'Talts', 'Müügiesindaja', 'anneliivamagi@example.net', '+372 53356414');
INSERT INTO kontaktisikud (klient_id, eesnimi, perenimi, amet, epost, telefon) VALUES (316, 'Jekaterina', 'Pikk', 'Müügiesindaja', 'platt@example.org', '+372 50981989');
INSERT INTO kontaktisikud (klient_id, eesnimi, perenimi, amet, epost, telefon) VALUES (397, 'Sirje', 'Nikiforov', 'Müügiesindaja', 'merike07@example.org', '+372 58820269');
INSERT INTO kontaktisikud (klient_id, eesnimi, perenimi, amet, epost, telefon) VALUES (23, 'Martin', 'Saul', 'Müügiesindaja', 'malle59@example.com', '+372 56983785');
INSERT INTO kontaktisikud (klient_id, eesnimi, perenimi, amet, epost, telefon) VALUES (240, 'Sergey', 'Popov', 'Müügiesindaja', 'ivansarv@example.org', '+372 55859395');
INSERT INTO kontaktisikud (klient_id, eesnimi, perenimi, amet, epost, telefon) VALUES (100, 'Vello', 'Voronin', 'Müügiesindaja', 'voroninsiim@example.org', '+372 52934754');
INSERT INTO kontaktisikud (klient_id, eesnimi, perenimi, amet, epost, telefon) VALUES (235, 'Natalja', 'Koppel', 'Müügiesindaja', 'ljubovtitov@example.net', '+372 50622397');
INSERT INTO kontaktisikud (klient_id, eesnimi, perenimi, amet, epost, telefon) VALUES (74, 'Ivan', 'Allas', 'Müügiesindaja', 'lehistepiret@example.net', '+372 52376767');
INSERT INTO kontaktisikud (klient_id, eesnimi, perenimi, amet, epost, telefon) VALUES (308, 'Meelis', 'Viira', 'Müügiesindaja', 'piretzujev@example.org', '+372 56864481');
INSERT INTO kontaktisikud (klient_id, eesnimi, perenimi, amet, epost, telefon) VALUES (30, 'Mati', 'Mäe', 'Müügiesindaja', 'joun@example.com', '+372 52865769');
INSERT INTO kontaktisikud (klient_id, eesnimi, perenimi, amet, epost, telefon) VALUES (77, 'Triin', 'Poom', 'Müügiesindaja', 'mihkelpettai@example.net', '+372 56133892');
INSERT INTO kontaktisikud (klient_id, eesnimi, perenimi, amet, epost, telefon) VALUES (374, 'Katrin', 'Jürgenson', 'Müügiesindaja', 'ykikas@example.net', '+372 50057415');
INSERT INTO kontaktisikud (klient_id, eesnimi, perenimi, amet, epost, telefon) VALUES (34, 'Roman', 'Kilk', 'Müügiesindaja', 'huntjekaterina@example.org', '+372 50108356');
INSERT INTO kontaktisikud (klient_id, eesnimi, perenimi, amet, epost, telefon) VALUES (464, 'Jevgeni', 'Raamat', 'Müügiesindaja', 'vellosorokin@example.com', '+372 55193977');
INSERT INTO kontaktisikud (klient_id, eesnimi, perenimi, amet, epost, telefon) VALUES (466, 'Linda', 'Gerassimov', 'Müügiesindaja', 'jkaljula@example.net', '+372 53559765');
INSERT INTO kontaktisikud (klient_id, eesnimi, perenimi, amet, epost, telefon) VALUES (378, 'Jekaterina', 'Sööt', 'Müügiesindaja', 'sirelulle@example.org', '+372 55264191');
INSERT INTO kontaktisikud (klient_id, eesnimi, perenimi, amet, epost, telefon) VALUES (353, 'Tamara', 'Koger', 'Müügiesindaja', 'nina46@example.org', '+372 51593172');
INSERT INTO kontaktisikud (klient_id, eesnimi, perenimi, amet, epost, telefon) VALUES (421, 'Ants', 'Alekseev', 'Müügiesindaja', 'hromanov@example.com', '+372 53243068');
INSERT INTO kontaktisikud (klient_id, eesnimi, perenimi, amet, epost, telefon) VALUES (209, 'Jüri', 'Komarov', 'Müügiesindaja', 'naumovandres@example.org', '+372 55521073');
INSERT INTO kontaktisikud (klient_id, eesnimi, perenimi, amet, epost, telefon) VALUES (232, 'Diana', 'Lehtmets', 'Müügiesindaja', 'reinlaane@example.org', '+372 53246150');
INSERT INTO kontaktisikud (klient_id, eesnimi, perenimi, amet, epost, telefon) VALUES (498, 'Tatiana', 'Fjodorov', 'Müügiesindaja', 'viktoria99@example.com', '+372 52609072');
INSERT INTO kontaktisikud (klient_id, eesnimi, perenimi, amet, epost, telefon) VALUES (477, 'Anneli', 'Lääne', 'Müügiesindaja', 'kristjanpalu@example.net', '+372 56317569');
INSERT INTO kontaktisikud (klient_id, eesnimi, perenimi, amet, epost, telefon) VALUES (254, 'Indrek', 'Štšerbakov', 'Müügiesindaja', 'alekseinazarov@example.com', '+372 55410435');
INSERT INTO kontaktisikud (klient_id, eesnimi, perenimi, amet, epost, telefon) VALUES (280, 'Tarmo', 'Novikov', 'Müügiesindaja', 'grand@example.org', '+372 50721078');
INSERT INTO kontaktisikud (klient_id, eesnimi, perenimi, amet, epost, telefon) VALUES (90, 'Jevgeni', 'Ploom', 'Müügiesindaja', 'saarealexander@example.net', '+372 50892142');
INSERT INTO kontaktisikud (klient_id, eesnimi, perenimi, amet, epost, telefon) VALUES (20, 'Tamara', 'Bondarenko', 'Müügiesindaja', 'nommemartin@example.net', '+372 58480767');
INSERT INTO kontaktisikud (klient_id, eesnimi, perenimi, amet, epost, telefon) VALUES (23, 'Tamara', 'Rohtla', 'Müügiesindaja', 'irina12@example.net', '+372 55194915');
INSERT INTO kontaktisikud (klient_id, eesnimi, perenimi, amet, epost, telefon) VALUES (462, 'Galina', 'Lätt', 'Müügiesindaja', 'andrus90@example.org', '+372 55259641');
INSERT INTO kontaktisikud (klient_id, eesnimi, perenimi, amet, epost, telefon) VALUES (494, 'Viktoria', 'Kotkas', 'Müügiesindaja', 'tatjana40@example.com', '+372 56974560');
INSERT INTO kontaktisikud (klient_id, eesnimi, perenimi, amet, epost, telefon) VALUES (384, 'Anneli', 'Org', 'Müügiesindaja', 'kurmdiana@example.net', '+372 55041549');
INSERT INTO kontaktisikud (klient_id, eesnimi, perenimi, amet, epost, telefon) VALUES (151, 'Igor', 'Toots', 'Müügiesindaja', 'tiit48@example.net', '+372 51044559');
INSERT INTO kontaktisikud (klient_id, eesnimi, perenimi, amet, epost, telefon) VALUES (213, 'Jekaterina', 'Ivask', 'Müügiesindaja', 'qounapuu@example.org', '+372 50473688');
INSERT INTO kontaktisikud (klient_id, eesnimi, perenimi, amet, epost, telefon) VALUES (458, 'Juri', 'Mölder', 'Müügiesindaja', 'valentina93@example.org', '+372 58585256');
INSERT INTO kontaktisikud (klient_id, eesnimi, perenimi, amet, epost, telefon) VALUES (310, 'Siim', 'Zujev', 'Müügiesindaja', 'allasmihkel@example.org', '+372 51081453');
INSERT INTO kontaktisikud (klient_id, eesnimi, perenimi, amet, epost, telefon) VALUES (441, 'Vello', 'Hanson', 'Müügiesindaja', 'pavelannus@example.com', '+372 50593798');
INSERT INTO kontaktisikud (klient_id, eesnimi, perenimi, amet, epost, telefon) VALUES (5, 'Margus', 'Truu', 'Müügiesindaja', 'jluts@example.org', '+372 55976568');
INSERT INTO kontaktisikud (klient_id, eesnimi, perenimi, amet, epost, telefon) VALUES (136, 'Sergey', 'Kaur', 'Müügiesindaja', 'sergey05@example.org', '+372 51156012');
INSERT INTO kontaktisikud (klient_id, eesnimi, perenimi, amet, epost, telefon) VALUES (25, 'Jüri', 'Orav', 'Müügiesindaja', 'taun@example.net', '+372 50095709');
INSERT INTO kontaktisikud (klient_id, eesnimi, perenimi, amet, epost, telefon) VALUES (393, 'Mare', 'Gusev', 'Müügiesindaja', 'niinamagi@example.com', '+372 53729626');
INSERT INTO kontaktisikud (klient_id, eesnimi, perenimi, amet, epost, telefon) VALUES (184, 'Reet', 'Kaljuvee', 'Müügiesindaja', 'piretkalinin@example.com', '+372 53936859');
INSERT INTO kontaktisikud (klient_id, eesnimi, perenimi, amet, epost, telefon) VALUES (51, 'Tiina', 'Kalda', 'Müügiesindaja', 'peeter05@example.org', '+372 51467793');
INSERT INTO kontaktisikud (klient_id, eesnimi, perenimi, amet, epost, telefon) VALUES (145, 'Roman', 'Laht', 'Müügiesindaja', 'ants73@example.net', '+372 50322036');
INSERT INTO kontaktisikud (klient_id, eesnimi, perenimi, amet, epost, telefon) VALUES (84, 'Natalja', 'Kaljurand', 'Müügiesindaja', 'mihhaillass@example.org', '+372 58365176');
INSERT INTO kontaktisikud (klient_id, eesnimi, perenimi, amet, epost, telefon) VALUES (254, 'Jüri', 'Kuuse', 'Müügiesindaja', 'triinlehiste@example.com', '+372 56658275');
INSERT INTO kontaktisikud (klient_id, eesnimi, perenimi, amet, epost, telefon) VALUES (398, 'Sergey', 'Järv', 'Müügiesindaja', 'ellerkristiina@example.com', '+372 56390675');
INSERT INTO kontaktisikud (klient_id, eesnimi, perenimi, amet, epost, telefon) VALUES (352, 'Oleg', 'Vlassov', 'Müügiesindaja', 'toomsaluviktoria@example.net', '+372 52670561');
INSERT INTO kontaktisikud (klient_id, eesnimi, perenimi, amet, epost, telefon) VALUES (90, 'Tiit', 'Vares', 'Müügiesindaja', 'poldkristina@example.org', '+372 56618523');
INSERT INTO kontaktisikud (klient_id, eesnimi, perenimi, amet, epost, telefon) VALUES (117, 'Dmitri', 'Madisson', 'Müügiesindaja', 'kaljuveemihkel@example.net', '+372 58765757');
INSERT INTO kontaktisikud (klient_id, eesnimi, perenimi, amet, epost, telefon) VALUES (114, 'Raivo', 'Raud', 'Müügiesindaja', 'ullesoot@example.com', '+372 51059948');
INSERT INTO kontaktisikud (klient_id, eesnimi, perenimi, amet, epost, telefon) VALUES (458, 'Merike', 'Kilk', 'Müügiesindaja', 'marekeller@example.org', '+372 55596821');
INSERT INTO kontaktisikud (klient_id, eesnimi, perenimi, amet, epost, telefon) VALUES (415, 'Oleg', 'Maksimov', 'Müügiesindaja', 'markusanna@example.net', '+372 53849611');
INSERT INTO kontaktisikud (klient_id, eesnimi, perenimi, amet, epost, telefon) VALUES (108, 'Jevgeni', 'Roosileht', 'Müügiesindaja', 'ilveskristjan@example.com', '+372 56132351');
INSERT INTO kontaktisikud (klient_id, eesnimi, perenimi, amet, epost, telefon) VALUES (129, 'Jaanus', 'Lind', 'Müügiesindaja', 'nsalumae@example.org', '+372 50599511');
INSERT INTO kontaktisikud (klient_id, eesnimi, perenimi, amet, epost, telefon) VALUES (108, 'Merike', 'Suur', 'Müügiesindaja', 'mandlaraivo@example.net', '+372 50941872');
INSERT INTO kontaktisikud (klient_id, eesnimi, perenimi, amet, epost, telefon) VALUES (92, 'Ants', 'Olesk', 'Müügiesindaja', 'juliarandoja@example.com', '+372 52396837');
INSERT INTO kontaktisikud (klient_id, eesnimi, perenimi, amet, epost, telefon) VALUES (406, 'Tarmo', 'Kaljuste', 'Müügiesindaja', 'katrin75@example.com', '+372 55002189');
INSERT INTO kontaktisikud (klient_id, eesnimi, perenimi, amet, epost, telefon) VALUES (460, 'Ljubov', 'Aru', 'Müügiesindaja', 'tjoe@example.net', '+372 51973050');
INSERT INTO kontaktisikud (klient_id, eesnimi, perenimi, amet, epost, telefon) VALUES (8, 'Anne', 'Timofejev', 'Müügiesindaja', 'ljubovkeskula@example.org', '+372 58291775');
INSERT INTO kontaktisikud (klient_id, eesnimi, perenimi, amet, epost, telefon) VALUES (311, 'Aivar', 'Laine', 'Müügiesindaja', 'toomaspanov@example.net', '+372 56516611');
INSERT INTO kontaktisikud (klient_id, eesnimi, perenimi, amet, epost, telefon) VALUES (355, 'Laura', 'Õunapuu', 'Müügiesindaja', 'tiitsillaste@example.com', '+372 55152543');
INSERT INTO kontaktisikud (klient_id, eesnimi, perenimi, amet, epost, telefon) VALUES (496, 'Ülle', 'Danilov', 'Müügiesindaja', 'laurasoots@example.com', '+372 56636362');
INSERT INTO kontaktisikud (klient_id, eesnimi, perenimi, amet, epost, telefon) VALUES (53, 'Kristina', 'Kolk', 'Müügiesindaja', 'kaldavladimir@example.net', '+372 58700380');
INSERT INTO kontaktisikud (klient_id, eesnimi, perenimi, amet, epost, telefon) VALUES (80, 'Sander', 'Orav', 'Müügiesindaja', 'fkiisk@example.org', '+372 58242138');
INSERT INTO kontaktisikud (klient_id, eesnimi, perenimi, amet, epost, telefon) VALUES (468, 'Kristi', 'Ader', 'Müügiesindaja', 'mremmel@example.org', '+372 55778720');
INSERT INTO kontaktisikud (klient_id, eesnimi, perenimi, amet, epost, telefon) VALUES (326, 'Alexander', 'Kärner', 'Müügiesindaja', 'tsaare@example.net', '+372 55806201');
INSERT INTO kontaktisikud (klient_id, eesnimi, perenimi, amet, epost, telefon) VALUES (72, 'Kristi', 'Jõe', 'Müügiesindaja', 'indrek78@example.com', '+372 56690459');
INSERT INTO kontaktisikud (klient_id, eesnimi, perenimi, amet, epost, telefon) VALUES (231, 'Ljubov', 'Alas', 'Müügiesindaja', 'alexander37@example.com', '+372 52065404');
INSERT INTO kontaktisikud (klient_id, eesnimi, perenimi, amet, epost, telefon) VALUES (339, 'Maie', 'Kostin', 'Müügiesindaja', 'htsvetkov@example.net', '+372 50755783');
INSERT INTO kontaktisikud (klient_id, eesnimi, perenimi, amet, epost, telefon) VALUES (410, 'Juri', 'Sarapuu', 'Müügiesindaja', 'dmitri15@example.org', '+372 55438315');
INSERT INTO kontaktisikud (klient_id, eesnimi, perenimi, amet, epost, telefon) VALUES (316, 'Mihkel', 'Jakovlev', 'Müügiesindaja', 'karnerkristiina@example.org', '+372 56406237');
INSERT INTO kontaktisikud (klient_id, eesnimi, perenimi, amet, epost, telefon) VALUES (392, 'Marek', 'Maasik', 'Müügiesindaja', 'wsoo@example.com', '+372 52922388');
INSERT INTO kontaktisikud (klient_id, eesnimi, perenimi, amet, epost, telefon) VALUES (174, 'Elena', 'Kallaste', 'Müügiesindaja', 'ivaskanu@example.net', '+372 58927016');
INSERT INTO kontaktisikud (klient_id, eesnimi, perenimi, amet, epost, telefon) VALUES (41, 'Galina', 'Bondarenko', 'Müügiesindaja', 'ainoremmel@example.net', '+372 56027768');
INSERT INTO kontaktisikud (klient_id, eesnimi, perenimi, amet, epost, telefon) VALUES (188, 'Galina', 'Järv', 'Müügiesindaja', 'kjermakov@example.org', '+372 53972439');
INSERT INTO kontaktisikud (klient_id, eesnimi, perenimi, amet, epost, telefon) VALUES (112, 'Natalja', 'Kuuse', 'Müügiesindaja', 'flauri@example.org', '+372 50426138');
INSERT INTO kontaktisikud (klient_id, eesnimi, perenimi, amet, epost, telefon) VALUES (283, 'Anna', 'Jermakov', 'Müügiesindaja', 'jaan75@example.com', '+372 55921814');
INSERT INTO kontaktisikud (klient_id, eesnimi, perenimi, amet, epost, telefon) VALUES (268, 'Malle', 'Raudsepp', 'Müügiesindaja', 'aino33@example.com', '+372 52014810');
INSERT INTO kontaktisikud (klient_id, eesnimi, perenimi, amet, epost, telefon) VALUES (453, 'Viktoria', 'Kurg', 'Müügiesindaja', 'uojaste@example.com', '+372 52443438');
INSERT INTO kontaktisikud (klient_id, eesnimi, perenimi, amet, epost, telefon) VALUES (323, 'Kristjan', 'Kroon', 'Müügiesindaja', 'valentina09@example.net', '+372 55144644');
INSERT INTO kontaktisikud (klient_id, eesnimi, perenimi, amet, epost, telefon) VALUES (473, 'Riina', 'Põldma', 'Müügiesindaja', 'kristina20@example.net', '+372 53676432');
INSERT INTO kontaktisikud (klient_id, eesnimi, perenimi, amet, epost, telefon) VALUES (436, 'Irina', 'Kütt', 'Müügiesindaja', 'triinmartin@example.com', '+372 50951102');
INSERT INTO kontaktisikud (klient_id, eesnimi, perenimi, amet, epost, telefon) VALUES (281, 'Aino', 'Nõmme', 'Müügiesindaja', 'ipold@example.org', '+372 55504222');
INSERT INTO kontaktisikud (klient_id, eesnimi, perenimi, amet, epost, telefon) VALUES (487, 'Marek', 'Ots', 'Müügiesindaja', 'roman55@example.com', '+372 50336765');
INSERT INTO kontaktisikud (klient_id, eesnimi, perenimi, amet, epost, telefon) VALUES (379, 'Tõnu', 'Pajula', 'Müügiesindaja', 'otskadri@example.net', '+372 50358751');
INSERT INTO kontaktisikud (klient_id, eesnimi, perenimi, amet, epost, telefon) VALUES (320, 'Alexander', 'Lehtla', 'Müügiesindaja', 'viktoria23@example.com', '+372 56396812');
INSERT INTO kontaktisikud (klient_id, eesnimi, perenimi, amet, epost, telefon) VALUES (29, 'Ants', 'Hallik', 'Müügiesindaja', 'tammeljudmila@example.org', '+372 58569455');
INSERT INTO kontaktisikud (klient_id, eesnimi, perenimi, amet, epost, telefon) VALUES (484, 'Rein', 'Saveljev', 'Müügiesindaja', 'tatjanatiits@example.org', '+372 55084534');
INSERT INTO kontaktisikud (klient_id, eesnimi, perenimi, amet, epost, telefon) VALUES (327, 'Valeri', 'Müürsepp', 'Müügiesindaja', 'smaidla@example.com', '+372 56388203');
INSERT INTO kontaktisikud (klient_id, eesnimi, perenimi, amet, epost, telefon) VALUES (454, 'Malle', 'Krõlov', 'Müügiesindaja', 'marikagross@example.net', '+372 55747524');
INSERT INTO kontaktisikud (klient_id, eesnimi, perenimi, amet, epost, telefon) VALUES (214, 'Aleksandra', 'Kasemaa', 'Müügiesindaja', 'andruspent@example.net', '+372 50913685');
INSERT INTO kontaktisikud (klient_id, eesnimi, perenimi, amet, epost, telefon) VALUES (157, 'Natalja', 'Aun', 'Müügiesindaja', 'viikljudmila@example.com', '+372 52461204');
INSERT INTO kontaktisikud (klient_id, eesnimi, perenimi, amet, epost, telefon) VALUES (39, 'Katrin', 'Simson', 'Müügiesindaja', 'itruu@example.net', '+372 56452958');
INSERT INTO kontaktisikud (klient_id, eesnimi, perenimi, amet, epost, telefon) VALUES (31, 'Jelena', 'Liivamägi', 'Müügiesindaja', 'randjelena@example.net', '+372 51325149');
INSERT INTO kontaktisikud (klient_id, eesnimi, perenimi, amet, epost, telefon) VALUES (153, 'Alexander', 'Siim', 'Müügiesindaja', 'ninakuzmin@example.com', '+372 58225702');
INSERT INTO kontaktisikud (klient_id, eesnimi, perenimi, amet, epost, telefon) VALUES (227, 'Diana', 'Medvedev', 'Müügiesindaja', 'matimaksimov@example.net', '+372 58396434');
INSERT INTO kontaktisikud (klient_id, eesnimi, perenimi, amet, epost, telefon) VALUES (395, 'Roman', 'Maidla', 'Müügiesindaja', 'ivankoitla@example.com', '+372 50161888');
INSERT INTO kontaktisikud (klient_id, eesnimi, perenimi, amet, epost, telefon) VALUES (217, 'Jüri', 'Vorobjov', 'Müügiesindaja', 'anneli45@example.org', '+372 58519456');
INSERT INTO kontaktisikud (klient_id, eesnimi, perenimi, amet, epost, telefon) VALUES (125, 'Linda', 'Niit', 'Müügiesindaja', 'andrusviik@example.net', '+372 50656913');
INSERT INTO kontaktisikud (klient_id, eesnimi, perenimi, amet, epost, telefon) VALUES (440, 'Kristi', 'Fedorov', 'Müügiesindaja', 'rebanereet@example.org', '+372 53565170');
INSERT INTO kontaktisikud (klient_id, eesnimi, perenimi, amet, epost, telefon) VALUES (362, 'Reet', 'Filippov', 'Müügiesindaja', 'jelena63@example.org', '+372 52798456');
INSERT INTO kontaktisikud (klient_id, eesnimi, perenimi, amet, epost, telefon) VALUES (150, 'Viktoria', 'Sokolov', 'Müügiesindaja', 'marika58@example.com', '+372 56150272');
INSERT INTO kontaktisikud (klient_id, eesnimi, perenimi, amet, epost, telefon) VALUES (64, 'Priit', 'Kondratjev', 'Müügiesindaja', 'romanovjekaterina@example.org', '+372 56584399');
INSERT INTO kontaktisikud (klient_id, eesnimi, perenimi, amet, epost, telefon) VALUES (112, 'Viktoria', 'Grigoriev', 'Müügiesindaja', 'jaanuslaas@example.com', '+372 53905112');
INSERT INTO kontaktisikud (klient_id, eesnimi, perenimi, amet, epost, telefon) VALUES (209, 'Mati', 'Jakovlev', 'Müügiesindaja', 'yreimann@example.org', '+372 51956932');
INSERT INTO kontaktisikud (klient_id, eesnimi, perenimi, amet, epost, telefon) VALUES (286, 'Malle', 'Heinsoo', 'Müügiesindaja', 'kristiinaratsep@example.net', '+372 51501833');
INSERT INTO kontaktisikud (klient_id, eesnimi, perenimi, amet, epost, telefon) VALUES (424, 'Tiiu', 'Lukk', 'Müügiesindaja', 'maiepoom@example.net', '+372 50270219');
INSERT INTO kontaktisikud (klient_id, eesnimi, perenimi, amet, epost, telefon) VALUES (10, 'Natalia', 'Liiv', 'Müügiesindaja', 'aleksandra89@example.com', '+372 58876160');
INSERT INTO kontaktisikud (klient_id, eesnimi, perenimi, amet, epost, telefon) VALUES (24, 'Merike', 'Sillaste', 'Müügiesindaja', 'jelenanaumov@example.org', '+372 51895783');
INSERT INTO kontaktisikud (klient_id, eesnimi, perenimi, amet, epost, telefon) VALUES (385, 'Priit', 'Krõlov', 'Müügiesindaja', 'lheinsalu@example.com', '+372 58160215');
INSERT INTO kontaktisikud (klient_id, eesnimi, perenimi, amet, epost, telefon) VALUES (186, 'Jaanus', 'Kool', 'Müügiesindaja', 'enemand@example.com', '+372 51686426');
INSERT INTO kontaktisikud (klient_id, eesnimi, perenimi, amet, epost, telefon) VALUES (419, 'Vello', 'Gorbunov', 'Müügiesindaja', 'jelenaaasa@example.org', '+372 51132248');
INSERT INTO kontaktisikud (klient_id, eesnimi, perenimi, amet, epost, telefon) VALUES (487, 'Maksim', 'Muru', 'Müügiesindaja', 'zujevjuri@example.org', '+372 50192958');
INSERT INTO kontaktisikud (klient_id, eesnimi, perenimi, amet, epost, telefon) VALUES (353, 'Mihhail', 'Jänes', 'Müügiesindaja', 'pihomaria@example.org', '+372 50380603');
INSERT INTO kontaktisikud (klient_id, eesnimi, perenimi, amet, epost, telefon) VALUES (483, 'Jaanus', 'Kuusik', 'Müügiesindaja', 'nataliakiis@example.com', '+372 56049571');
INSERT INTO kontaktisikud (klient_id, eesnimi, perenimi, amet, epost, telefon) VALUES (248, 'Andres', 'Arula', 'Müügiesindaja', 'marekkont@example.com', '+372 53311992');
INSERT INTO kontaktisikud (klient_id, eesnimi, perenimi, amet, epost, telefon) VALUES (290, 'Anneli', 'Põldma', 'Müügiesindaja', 'nikiforovmihkel@example.net', '+372 55577314');
INSERT INTO kontaktisikud (klient_id, eesnimi, perenimi, amet, epost, telefon) VALUES (291, 'Tatjana', 'Klimov', 'Müügiesindaja', 'vojala@example.org', '+372 52279085');
INSERT INTO kontaktisikud (klient_id, eesnimi, perenimi, amet, epost, telefon) VALUES (157, 'Diana', 'Koit', 'Müügiesindaja', 'alekseileis@example.net', '+372 53757668');
INSERT INTO kontaktisikud (klient_id, eesnimi, perenimi, amet, epost, telefon) VALUES (80, 'Laura', 'Lumiste', 'Müügiesindaja', 'carula@example.net', '+372 53495269');
INSERT INTO kontaktisikud (klient_id, eesnimi, perenimi, amet, epost, telefon) VALUES (375, 'Rein', 'Martin', 'Müügiesindaja', 'csobolev@example.net', '+372 53452045');
INSERT INTO kontaktisikud (klient_id, eesnimi, perenimi, amet, epost, telefon) VALUES (476, 'Raivo', 'Liivamägi', 'Müügiesindaja', 'nkaarik@example.com', '+372 55384287');
INSERT INTO kontaktisikud (klient_id, eesnimi, perenimi, amet, epost, telefon) VALUES (295, 'Jevgeni', 'Sikk', 'Müügiesindaja', 'pzahharov@example.net', '+372 58502092');
INSERT INTO kontaktisikud (klient_id, eesnimi, perenimi, amet, epost, telefon) VALUES (393, 'Aivar', 'Martinson', 'Müügiesindaja', 'jevgenituisk@example.org', '+372 53555255');
INSERT INTO kontaktisikud (klient_id, eesnimi, perenimi, amet, epost, telefon) VALUES (261, 'Eve', 'Kadak', 'Müügiesindaja', 'korolanneli@example.net', '+372 52589547');
INSERT INTO kontaktisikud (klient_id, eesnimi, perenimi, amet, epost, telefon) VALUES (194, 'Dmitri', 'Nikiforov', 'Müügiesindaja', 'malosevjelena@example.org', '+372 52388537');
INSERT INTO kontaktisikud (klient_id, eesnimi, perenimi, amet, epost, telefon) VALUES (334, 'Aino', 'Orlov', 'Müügiesindaja', 'gkasper@example.net', '+372 56092795');
INSERT INTO suhtluse_tyybid (nimetus) VALUES ('E-kiri');
INSERT INTO suhtluse_tyybid (nimetus) VALUES ('Telefonikõne');
INSERT INTO suhtluse_tyybid (nimetus) VALUES ('Kohtumine');
INSERT INTO kliendisuhtlus (klient_id, tootaja_id, tyyp_id, sisu) VALUES (447, 102, 3, 'Leppisime kokku uue kohtumise järgmiseks nädalaks.');
INSERT INTO kliendisuhtlus (klient_id, tootaja_id, tyyp_id, sisu) VALUES (230, 142, 3, 'Selgitasin tarneaja viibimise põhjuseid.');
INSERT INTO kliendisuhtlus (klient_id, tootaja_id, tyyp_id, sisu) VALUES (328, 192, 2, 'Tavapärane kvartaalne kliendisuhtluse kõne.');
INSERT INTO kliendisuhtlus (klient_id, tootaja_id, tyyp_id, sisu) VALUES (321, 194, 3, 'Tavapärane kvartaalne kliendisuhtluse kõne.');
INSERT INTO kliendisuhtlus (klient_id, tootaja_id, tyyp_id, sisu) VALUES (250, 59, 1, 'Klient soovis esitatud tellimuses muudatusi teha.');
INSERT INTO kliendisuhtlus (klient_id, tootaja_id, tyyp_id, sisu) VALUES (183, 112, 1, 'Küsisin lisainfot eelseisva projekti asjus.');
INSERT INTO kliendisuhtlus (klient_id, tootaja_id, tyyp_id, sisu) VALUES (126, 44, 1, 'Tavapärane kvartaalne kliendisuhtluse kõne.');
INSERT INTO kliendisuhtlus (klient_id, tootaja_id, tyyp_id, sisu) VALUES (10, 118, 2, 'Tavapärane kvartaalne kliendisuhtluse kõne.');
INSERT INTO kliendisuhtlus (klient_id, tootaja_id, tyyp_id, sisu) VALUES (81, 54, 2, 'Küsisin lisainfot eelseisva projekti asjus.');
INSERT INTO kliendisuhtlus (klient_id, tootaja_id, tyyp_id, sisu) VALUES (51, 97, 2, 'Selgitasin tarneaja viibimise põhjuseid.');
INSERT INTO kliendisuhtlus (klient_id, tootaja_id, tyyp_id, sisu) VALUES (427, 134, 2, 'Kliendil oli maksega probleeme, andsime pikendust.');
INSERT INTO kliendisuhtlus (klient_id, tootaja_id, tyyp_id, sisu) VALUES (69, 36, 2, 'Klient avaldas rahulolematust pretensiooniga, lahendasime olukorra.');
INSERT INTO kliendisuhtlus (klient_id, tootaja_id, tyyp_id, sisu) VALUES (196, 199, 2, 'Leppisime kokku uue kohtumise järgmiseks nädalaks.');
INSERT INTO kliendisuhtlus (klient_id, tootaja_id, tyyp_id, sisu) VALUES (99, 29, 3, 'Tegime soodustuse pikaajalise koostöö märgiks.');
INSERT INTO kliendisuhtlus (klient_id, tootaja_id, tyyp_id, sisu) VALUES (92, 84, 1, 'Kliendiga arutatud uusi lahendusi ja koostöövõimalusi.');
INSERT INTO kliendisuhtlus (klient_id, tootaja_id, tyyp_id, sisu) VALUES (56, 200, 1, 'Leppisime kokku uue kohtumise järgmiseks nädalaks.');
INSERT INTO kliendisuhtlus (klient_id, tootaja_id, tyyp_id, sisu) VALUES (190, 49, 2, 'Küsisin lisainfot eelseisva projekti asjus.');
INSERT INTO kliendisuhtlus (klient_id, tootaja_id, tyyp_id, sisu) VALUES (180, 124, 1, 'Kliendiga arutatud uusi lahendusi ja koostöövõimalusi.');
INSERT INTO kliendisuhtlus (klient_id, tootaja_id, tyyp_id, sisu) VALUES (333, 47, 3, 'Küsisin lisainfot eelseisva projekti asjus.');
INSERT INTO kliendisuhtlus (klient_id, tootaja_id, tyyp_id, sisu) VALUES (483, 122, 2, 'Saatsime kliendile uue hinnapakkumise.');
INSERT INTO kliendisuhtlus (klient_id, tootaja_id, tyyp_id, sisu) VALUES (279, 37, 2, 'Klient soovis esitatud tellimuses muudatusi teha.');
INSERT INTO kliendisuhtlus (klient_id, tootaja_id, tyyp_id, sisu) VALUES (3, 192, 1, 'Leppisime kokku uue kohtumise järgmiseks nädalaks.');
INSERT INTO kliendisuhtlus (klient_id, tootaja_id, tyyp_id, sisu) VALUES (185, 51, 3, 'Tavapärane kvartaalne kliendisuhtluse kõne.');
INSERT INTO kliendisuhtlus (klient_id, tootaja_id, tyyp_id, sisu) VALUES (287, 173, 3, 'Tegime soodustuse pikaajalise koostöö märgiks.');
INSERT INTO kliendisuhtlus (klient_id, tootaja_id, tyyp_id, sisu) VALUES (198, 176, 1, 'Saatsime kliendile uue hinnapakkumise.');
INSERT INTO kliendisuhtlus (klient_id, tootaja_id, tyyp_id, sisu) VALUES (60, 21, 1, 'Helistasin, et koguda tagasisidet teenuse kohta.');
INSERT INTO kliendisuhtlus (klient_id, tootaja_id, tyyp_id, sisu) VALUES (312, 81, 2, 'Kliendiga arutatud uusi lahendusi ja koostöövõimalusi.');
INSERT INTO kliendisuhtlus (klient_id, tootaja_id, tyyp_id, sisu) VALUES (410, 37, 2, 'Klient avaldas rahulolematust pretensiooniga, lahendasime olukorra.');
INSERT INTO kliendisuhtlus (klient_id, tootaja_id, tyyp_id, sisu) VALUES (43, 85, 2, 'Klient avaldas rahulolematust pretensiooniga, lahendasime olukorra.');
INSERT INTO kliendisuhtlus (klient_id, tootaja_id, tyyp_id, sisu) VALUES (329, 116, 1, 'Kliendil oli maksega probleeme, andsime pikendust.');
INSERT INTO kliendisuhtlus (klient_id, tootaja_id, tyyp_id, sisu) VALUES (127, 93, 1, 'Küsisin lisainfot eelseisva projekti asjus.');
INSERT INTO kliendisuhtlus (klient_id, tootaja_id, tyyp_id, sisu) VALUES (283, 144, 3, 'Tegime soodustuse pikaajalise koostöö märgiks.');
INSERT INTO kliendisuhtlus (klient_id, tootaja_id, tyyp_id, sisu) VALUES (41, 141, 1, 'Leppisime kokku uue kohtumise järgmiseks nädalaks.');
INSERT INTO kliendisuhtlus (klient_id, tootaja_id, tyyp_id, sisu) VALUES (41, 140, 3, 'Klient soovis esitatud tellimuses muudatusi teha.');
INSERT INTO kliendisuhtlus (klient_id, tootaja_id, tyyp_id, sisu) VALUES (484, 39, 1, 'Tavapärane kvartaalne kliendisuhtluse kõne.');
INSERT INTO kliendisuhtlus (klient_id, tootaja_id, tyyp_id, sisu) VALUES (360, 189, 3, 'Tavapärane kvartaalne kliendisuhtluse kõne.');
INSERT INTO kliendisuhtlus (klient_id, tootaja_id, tyyp_id, sisu) VALUES (295, 85, 1, 'Tegime soodustuse pikaajalise koostöö märgiks.');
INSERT INTO kliendisuhtlus (klient_id, tootaja_id, tyyp_id, sisu) VALUES (292, 68, 2, 'Saatsime kliendile uue hinnapakkumise.');
INSERT INTO kliendisuhtlus (klient_id, tootaja_id, tyyp_id, sisu) VALUES (295, 140, 1, 'Küsisin lisainfot eelseisva projekti asjus.');
INSERT INTO kliendisuhtlus (klient_id, tootaja_id, tyyp_id, sisu) VALUES (18, 66, 3, 'Klient avaldas rahulolematust pretensiooniga, lahendasime olukorra.');
INSERT INTO kliendisuhtlus (klient_id, tootaja_id, tyyp_id, sisu) VALUES (452, 101, 1, 'Kliendiga arutatud uusi lahendusi ja koostöövõimalusi.');
INSERT INTO kliendisuhtlus (klient_id, tootaja_id, tyyp_id, sisu) VALUES (411, 172, 1, 'Klient avaldas rahulolematust pretensiooniga, lahendasime olukorra.');
INSERT INTO kliendisuhtlus (klient_id, tootaja_id, tyyp_id, sisu) VALUES (24, 65, 3, 'Saatsime kliendile uue hinnapakkumise.');
INSERT INTO kliendisuhtlus (klient_id, tootaja_id, tyyp_id, sisu) VALUES (495, 103, 3, 'Selgitasin tarneaja viibimise põhjuseid.');
INSERT INTO kliendisuhtlus (klient_id, tootaja_id, tyyp_id, sisu) VALUES (433, 182, 2, 'Tavapärane kvartaalne kliendisuhtluse kõne.');
INSERT INTO kliendisuhtlus (klient_id, tootaja_id, tyyp_id, sisu) VALUES (116, 59, 2, 'Leppisime kokku uue kohtumise järgmiseks nädalaks.');
INSERT INTO kliendisuhtlus (klient_id, tootaja_id, tyyp_id, sisu) VALUES (293, 28, 1, 'Saatsime kliendile uue hinnapakkumise.');
INSERT INTO kliendisuhtlus (klient_id, tootaja_id, tyyp_id, sisu) VALUES (269, 4, 3, 'Klient avaldas rahulolematust pretensiooniga, lahendasime olukorra.');
INSERT INTO kliendisuhtlus (klient_id, tootaja_id, tyyp_id, sisu) VALUES (193, 21, 3, 'Toimus edukas tarkvarademo kliendi kontoris.');
INSERT INTO kliendisuhtlus (klient_id, tootaja_id, tyyp_id, sisu) VALUES (87, 142, 3, 'Helistasin, et koguda tagasisidet teenuse kohta.');
INSERT INTO kliendisuhtlus (klient_id, tootaja_id, tyyp_id, sisu) VALUES (88, 163, 1, 'Leppisime kokku uue kohtumise järgmiseks nädalaks.');
INSERT INTO kliendisuhtlus (klient_id, tootaja_id, tyyp_id, sisu) VALUES (86, 183, 1, 'Klient soovis esitatud tellimuses muudatusi teha.');
INSERT INTO kliendisuhtlus (klient_id, tootaja_id, tyyp_id, sisu) VALUES (303, 175, 1, 'Tegime soodustuse pikaajalise koostöö märgiks.');
INSERT INTO kliendisuhtlus (klient_id, tootaja_id, tyyp_id, sisu) VALUES (218, 68, 3, 'Toimus edukas tarkvarademo kliendi kontoris.');
INSERT INTO kliendisuhtlus (klient_id, tootaja_id, tyyp_id, sisu) VALUES (201, 169, 1, 'Klient avaldas rahulolematust pretensiooniga, lahendasime olukorra.');
INSERT INTO kliendisuhtlus (klient_id, tootaja_id, tyyp_id, sisu) VALUES (347, 189, 1, 'Tegime soodustuse pikaajalise koostöö märgiks.');
INSERT INTO kliendisuhtlus (klient_id, tootaja_id, tyyp_id, sisu) VALUES (486, 44, 1, 'Kliendiga arutatud uusi lahendusi ja koostöövõimalusi.');
INSERT INTO kliendisuhtlus (klient_id, tootaja_id, tyyp_id, sisu) VALUES (42, 193, 2, 'Kliendiga arutatud uusi lahendusi ja koostöövõimalusi.');
INSERT INTO kliendisuhtlus (klient_id, tootaja_id, tyyp_id, sisu) VALUES (293, 128, 3, 'Tegime soodustuse pikaajalise koostöö märgiks.');
INSERT INTO kliendisuhtlus (klient_id, tootaja_id, tyyp_id, sisu) VALUES (448, 102, 3, 'Helistasin, et koguda tagasisidet teenuse kohta.');
INSERT INTO kliendisuhtlus (klient_id, tootaja_id, tyyp_id, sisu) VALUES (52, 68, 1, 'Leppisime kokku uue kohtumise järgmiseks nädalaks.');
INSERT INTO kliendisuhtlus (klient_id, tootaja_id, tyyp_id, sisu) VALUES (9, 56, 3, 'Tegime soodustuse pikaajalise koostöö märgiks.');
INSERT INTO kliendisuhtlus (klient_id, tootaja_id, tyyp_id, sisu) VALUES (381, 41, 1, 'Tavapärane kvartaalne kliendisuhtluse kõne.');
INSERT INTO kliendisuhtlus (klient_id, tootaja_id, tyyp_id, sisu) VALUES (232, 198, 3, 'Kliendiga arutatud uusi lahendusi ja koostöövõimalusi.');
INSERT INTO kliendisuhtlus (klient_id, tootaja_id, tyyp_id, sisu) VALUES (304, 128, 2, 'Klient avaldas rahulolematust pretensiooniga, lahendasime olukorra.');
INSERT INTO kliendisuhtlus (klient_id, tootaja_id, tyyp_id, sisu) VALUES (467, 56, 2, 'Klient avaldas rahulolematust pretensiooniga, lahendasime olukorra.');
INSERT INTO kliendisuhtlus (klient_id, tootaja_id, tyyp_id, sisu) VALUES (411, 183, 3, 'Saatsime kliendile uue hinnapakkumise.');
INSERT INTO kliendisuhtlus (klient_id, tootaja_id, tyyp_id, sisu) VALUES (99, 74, 2, 'Toimus edukas tarkvarademo kliendi kontoris.');
INSERT INTO kliendisuhtlus (klient_id, tootaja_id, tyyp_id, sisu) VALUES (221, 86, 1, 'Tegime soodustuse pikaajalise koostöö märgiks.');
INSERT INTO kliendisuhtlus (klient_id, tootaja_id, tyyp_id, sisu) VALUES (343, 31, 3, 'Klient soovis esitatud tellimuses muudatusi teha.');
INSERT INTO kliendisuhtlus (klient_id, tootaja_id, tyyp_id, sisu) VALUES (296, 172, 1, 'Klient soovis esitatud tellimuses muudatusi teha.');
INSERT INTO kliendisuhtlus (klient_id, tootaja_id, tyyp_id, sisu) VALUES (28, 151, 2, 'Toimus edukas tarkvarademo kliendi kontoris.');
INSERT INTO kliendisuhtlus (klient_id, tootaja_id, tyyp_id, sisu) VALUES (397, 50, 3, 'Klient soovis esitatud tellimuses muudatusi teha.');
INSERT INTO kliendisuhtlus (klient_id, tootaja_id, tyyp_id, sisu) VALUES (106, 61, 2, 'Klient avaldas rahulolematust pretensiooniga, lahendasime olukorra.');
INSERT INTO kliendisuhtlus (klient_id, tootaja_id, tyyp_id, sisu) VALUES (52, 35, 2, 'Leppisime kokku uue kohtumise järgmiseks nädalaks.');
INSERT INTO kliendisuhtlus (klient_id, tootaja_id, tyyp_id, sisu) VALUES (199, 148, 2, 'Klient soovis esitatud tellimuses muudatusi teha.');
INSERT INTO kliendisuhtlus (klient_id, tootaja_id, tyyp_id, sisu) VALUES (417, 120, 2, 'Klient soovis esitatud tellimuses muudatusi teha.');
INSERT INTO kliendisuhtlus (klient_id, tootaja_id, tyyp_id, sisu) VALUES (157, 20, 2, 'Klient soovis esitatud tellimuses muudatusi teha.');
INSERT INTO kliendisuhtlus (klient_id, tootaja_id, tyyp_id, sisu) VALUES (322, 40, 1, 'Leppisime kokku uue kohtumise järgmiseks nädalaks.');
INSERT INTO kliendisuhtlus (klient_id, tootaja_id, tyyp_id, sisu) VALUES (227, 62, 3, 'Helistasin, et koguda tagasisidet teenuse kohta.');
INSERT INTO kliendisuhtlus (klient_id, tootaja_id, tyyp_id, sisu) VALUES (357, 76, 1, 'Klient soovis esitatud tellimuses muudatusi teha.');
INSERT INTO kliendisuhtlus (klient_id, tootaja_id, tyyp_id, sisu) VALUES (449, 85, 2, 'Selgitasin tarneaja viibimise põhjuseid.');
INSERT INTO kliendisuhtlus (klient_id, tootaja_id, tyyp_id, sisu) VALUES (178, 49, 3, 'Kliendil oli maksega probleeme, andsime pikendust.');
INSERT INTO kliendisuhtlus (klient_id, tootaja_id, tyyp_id, sisu) VALUES (356, 11, 2, 'Saatsime kliendile uue hinnapakkumise.');
INSERT INTO kliendisuhtlus (klient_id, tootaja_id, tyyp_id, sisu) VALUES (53, 172, 1, 'Kliendiga arutatud uusi lahendusi ja koostöövõimalusi.');
INSERT INTO kliendisuhtlus (klient_id, tootaja_id, tyyp_id, sisu) VALUES (400, 114, 3, 'Küsisin lisainfot eelseisva projekti asjus.');
INSERT INTO kliendisuhtlus (klient_id, tootaja_id, tyyp_id, sisu) VALUES (223, 18, 3, 'Tavapärane kvartaalne kliendisuhtluse kõne.');
INSERT INTO kliendisuhtlus (klient_id, tootaja_id, tyyp_id, sisu) VALUES (140, 8, 2, 'Saatsime kliendile uue hinnapakkumise.');
INSERT INTO kliendisuhtlus (klient_id, tootaja_id, tyyp_id, sisu) VALUES (155, 38, 2, 'Saatsime kliendile uue hinnapakkumise.');
INSERT INTO kliendisuhtlus (klient_id, tootaja_id, tyyp_id, sisu) VALUES (173, 100, 2, 'Leppisime kokku uue kohtumise järgmiseks nädalaks.');
INSERT INTO kliendisuhtlus (klient_id, tootaja_id, tyyp_id, sisu) VALUES (491, 200, 1, 'Klient soovis esitatud tellimuses muudatusi teha.');
INSERT INTO kliendisuhtlus (klient_id, tootaja_id, tyyp_id, sisu) VALUES (468, 48, 2, 'Kliendiga arutatud uusi lahendusi ja koostöövõimalusi.');
INSERT INTO kliendisuhtlus (klient_id, tootaja_id, tyyp_id, sisu) VALUES (222, 142, 3, 'Kliendil oli maksega probleeme, andsime pikendust.');
INSERT INTO kliendisuhtlus (klient_id, tootaja_id, tyyp_id, sisu) VALUES (341, 90, 2, 'Tegime soodustuse pikaajalise koostöö märgiks.');
INSERT INTO kliendisuhtlus (klient_id, tootaja_id, tyyp_id, sisu) VALUES (493, 127, 1, 'Saatsime kliendile uue hinnapakkumise.');
INSERT INTO kliendisuhtlus (klient_id, tootaja_id, tyyp_id, sisu) VALUES (172, 116, 3, 'Selgitasin tarneaja viibimise põhjuseid.');
INSERT INTO kliendisuhtlus (klient_id, tootaja_id, tyyp_id, sisu) VALUES (164, 115, 3, 'Toimus edukas tarkvarademo kliendi kontoris.');
INSERT INTO kliendisuhtlus (klient_id, tootaja_id, tyyp_id, sisu) VALUES (191, 97, 2, 'Tegime soodustuse pikaajalise koostöö märgiks.');
INSERT INTO kliendisuhtlus (klient_id, tootaja_id, tyyp_id, sisu) VALUES (235, 106, 3, 'Kliendiga arutatud uusi lahendusi ja koostöövõimalusi.');
INSERT INTO kliendisuhtlus (klient_id, tootaja_id, tyyp_id, sisu) VALUES (386, 52, 1, 'Kliendiga arutatud uusi lahendusi ja koostöövõimalusi.');
INSERT INTO kliendisuhtlus (klient_id, tootaja_id, tyyp_id, sisu) VALUES (429, 159, 1, 'Klient soovis esitatud tellimuses muudatusi teha.');
INSERT INTO kliendisuhtlus (klient_id, tootaja_id, tyyp_id, sisu) VALUES (499, 147, 3, 'Kliendiga arutatud uusi lahendusi ja koostöövõimalusi.');
INSERT INTO kliendisuhtlus (klient_id, tootaja_id, tyyp_id, sisu) VALUES (326, 77, 2, 'Klient avaldas rahulolematust pretensiooniga, lahendasime olukorra.');
INSERT INTO kliendisuhtlus (klient_id, tootaja_id, tyyp_id, sisu) VALUES (1, 119, 1, 'Klient soovis esitatud tellimuses muudatusi teha.');
INSERT INTO kliendisuhtlus (klient_id, tootaja_id, tyyp_id, sisu) VALUES (75, 82, 1, 'Selgitasin tarneaja viibimise põhjuseid.');
INSERT INTO kliendisuhtlus (klient_id, tootaja_id, tyyp_id, sisu) VALUES (129, 76, 3, 'Klient avaldas rahulolematust pretensiooniga, lahendasime olukorra.');
INSERT INTO kliendisuhtlus (klient_id, tootaja_id, tyyp_id, sisu) VALUES (146, 176, 3, 'Klient avaldas rahulolematust pretensiooniga, lahendasime olukorra.');
INSERT INTO kliendisuhtlus (klient_id, tootaja_id, tyyp_id, sisu) VALUES (30, 96, 2, 'Klient avaldas rahulolematust pretensiooniga, lahendasime olukorra.');
INSERT INTO kliendisuhtlus (klient_id, tootaja_id, tyyp_id, sisu) VALUES (373, 55, 2, 'Helistasin, et koguda tagasisidet teenuse kohta.');
INSERT INTO kliendisuhtlus (klient_id, tootaja_id, tyyp_id, sisu) VALUES (338, 8, 2, 'Toimus edukas tarkvarademo kliendi kontoris.');
INSERT INTO kliendisuhtlus (klient_id, tootaja_id, tyyp_id, sisu) VALUES (479, 169, 2, 'Küsisin lisainfot eelseisva projekti asjus.');
INSERT INTO kliendisuhtlus (klient_id, tootaja_id, tyyp_id, sisu) VALUES (226, 125, 3, 'Küsisin lisainfot eelseisva projekti asjus.');
INSERT INTO kliendisuhtlus (klient_id, tootaja_id, tyyp_id, sisu) VALUES (464, 5, 1, 'Klient soovis esitatud tellimuses muudatusi teha.');
INSERT INTO kliendisuhtlus (klient_id, tootaja_id, tyyp_id, sisu) VALUES (12, 106, 3, 'Kliendil oli maksega probleeme, andsime pikendust.');
INSERT INTO kliendisuhtlus (klient_id, tootaja_id, tyyp_id, sisu) VALUES (245, 84, 2, 'Tavapärane kvartaalne kliendisuhtluse kõne.');
INSERT INTO kliendisuhtlus (klient_id, tootaja_id, tyyp_id, sisu) VALUES (161, 138, 1, 'Tegime soodustuse pikaajalise koostöö märgiks.');
INSERT INTO kliendisuhtlus (klient_id, tootaja_id, tyyp_id, sisu) VALUES (290, 91, 2, 'Klient soovis esitatud tellimuses muudatusi teha.');
INSERT INTO kliendisuhtlus (klient_id, tootaja_id, tyyp_id, sisu) VALUES (249, 79, 2, 'Klient soovis esitatud tellimuses muudatusi teha.');
INSERT INTO kliendisuhtlus (klient_id, tootaja_id, tyyp_id, sisu) VALUES (41, 45, 2, 'Helistasin, et koguda tagasisidet teenuse kohta.');
INSERT INTO kliendisuhtlus (klient_id, tootaja_id, tyyp_id, sisu) VALUES (159, 90, 3, 'Toimus edukas tarkvarademo kliendi kontoris.');
INSERT INTO kliendisuhtlus (klient_id, tootaja_id, tyyp_id, sisu) VALUES (242, 38, 2, 'Klient soovis esitatud tellimuses muudatusi teha.');
INSERT INTO kliendisuhtlus (klient_id, tootaja_id, tyyp_id, sisu) VALUES (156, 35, 2, 'Selgitasin tarneaja viibimise põhjuseid.');
INSERT INTO kliendisuhtlus (klient_id, tootaja_id, tyyp_id, sisu) VALUES (82, 184, 1, 'Tegime soodustuse pikaajalise koostöö märgiks.');
INSERT INTO kliendisuhtlus (klient_id, tootaja_id, tyyp_id, sisu) VALUES (418, 139, 3, 'Tavapärane kvartaalne kliendisuhtluse kõne.');
INSERT INTO kliendisuhtlus (klient_id, tootaja_id, tyyp_id, sisu) VALUES (57, 167, 3, 'Saatsime kliendile uue hinnapakkumise.');
INSERT INTO kliendisuhtlus (klient_id, tootaja_id, tyyp_id, sisu) VALUES (284, 183, 3, 'Tegime soodustuse pikaajalise koostöö märgiks.');
INSERT INTO kliendisuhtlus (klient_id, tootaja_id, tyyp_id, sisu) VALUES (175, 123, 3, 'Klient avaldas rahulolematust pretensiooniga, lahendasime olukorra.');
INSERT INTO kliendisuhtlus (klient_id, tootaja_id, tyyp_id, sisu) VALUES (219, 194, 2, 'Saatsime kliendile uue hinnapakkumise.');
INSERT INTO kliendisuhtlus (klient_id, tootaja_id, tyyp_id, sisu) VALUES (375, 27, 1, 'Helistasin, et koguda tagasisidet teenuse kohta.');
INSERT INTO kliendisuhtlus (klient_id, tootaja_id, tyyp_id, sisu) VALUES (79, 72, 1, 'Kliendiga arutatud uusi lahendusi ja koostöövõimalusi.');
INSERT INTO kliendisuhtlus (klient_id, tootaja_id, tyyp_id, sisu) VALUES (437, 185, 2, 'Klient soovis esitatud tellimuses muudatusi teha.');
INSERT INTO kliendisuhtlus (klient_id, tootaja_id, tyyp_id, sisu) VALUES (102, 94, 1, 'Toimus edukas tarkvarademo kliendi kontoris.');
INSERT INTO kliendisuhtlus (klient_id, tootaja_id, tyyp_id, sisu) VALUES (485, 59, 3, 'Leppisime kokku uue kohtumise järgmiseks nädalaks.');
INSERT INTO kliendisuhtlus (klient_id, tootaja_id, tyyp_id, sisu) VALUES (377, 117, 1, 'Kliendiga arutatud uusi lahendusi ja koostöövõimalusi.');
INSERT INTO kliendisuhtlus (klient_id, tootaja_id, tyyp_id, sisu) VALUES (133, 154, 1, 'Klient avaldas rahulolematust pretensiooniga, lahendasime olukorra.');
INSERT INTO kliendisuhtlus (klient_id, tootaja_id, tyyp_id, sisu) VALUES (106, 153, 2, 'Tavapärane kvartaalne kliendisuhtluse kõne.');
INSERT INTO kliendisuhtlus (klient_id, tootaja_id, tyyp_id, sisu) VALUES (122, 96, 2, 'Selgitasin tarneaja viibimise põhjuseid.');
INSERT INTO kliendisuhtlus (klient_id, tootaja_id, tyyp_id, sisu) VALUES (26, 119, 1, 'Toimus edukas tarkvarademo kliendi kontoris.');
INSERT INTO kliendisuhtlus (klient_id, tootaja_id, tyyp_id, sisu) VALUES (220, 184, 3, 'Toimus edukas tarkvarademo kliendi kontoris.');
INSERT INTO kliendisuhtlus (klient_id, tootaja_id, tyyp_id, sisu) VALUES (436, 133, 3, 'Selgitasin tarneaja viibimise põhjuseid.');
INSERT INTO kliendisuhtlus (klient_id, tootaja_id, tyyp_id, sisu) VALUES (354, 16, 2, 'Kliendil oli maksega probleeme, andsime pikendust.');
INSERT INTO kliendisuhtlus (klient_id, tootaja_id, tyyp_id, sisu) VALUES (419, 69, 1, 'Toimus edukas tarkvarademo kliendi kontoris.');
INSERT INTO kliendisuhtlus (klient_id, tootaja_id, tyyp_id, sisu) VALUES (387, 3, 1, 'Selgitasin tarneaja viibimise põhjuseid.');
INSERT INTO kliendisuhtlus (klient_id, tootaja_id, tyyp_id, sisu) VALUES (34, 106, 3, 'Kliendil oli maksega probleeme, andsime pikendust.');
INSERT INTO kliendisuhtlus (klient_id, tootaja_id, tyyp_id, sisu) VALUES (70, 149, 3, 'Toimus edukas tarkvarademo kliendi kontoris.');
INSERT INTO kliendisuhtlus (klient_id, tootaja_id, tyyp_id, sisu) VALUES (259, 114, 3, 'Tegime soodustuse pikaajalise koostöö märgiks.');
INSERT INTO kliendisuhtlus (klient_id, tootaja_id, tyyp_id, sisu) VALUES (149, 196, 2, 'Küsisin lisainfot eelseisva projekti asjus.');
INSERT INTO kliendisuhtlus (klient_id, tootaja_id, tyyp_id, sisu) VALUES (345, 151, 3, 'Klient avaldas rahulolematust pretensiooniga, lahendasime olukorra.');
INSERT INTO kliendisuhtlus (klient_id, tootaja_id, tyyp_id, sisu) VALUES (186, 164, 2, 'Klient avaldas rahulolematust pretensiooniga, lahendasime olukorra.');
INSERT INTO kliendisuhtlus (klient_id, tootaja_id, tyyp_id, sisu) VALUES (166, 122, 3, 'Klient avaldas rahulolematust pretensiooniga, lahendasime olukorra.');
INSERT INTO kliendisuhtlus (klient_id, tootaja_id, tyyp_id, sisu) VALUES (85, 190, 3, 'Saatsime kliendile uue hinnapakkumise.');
INSERT INTO kliendisuhtlus (klient_id, tootaja_id, tyyp_id, sisu) VALUES (415, 181, 2, 'Selgitasin tarneaja viibimise põhjuseid.');
INSERT INTO kliendisuhtlus (klient_id, tootaja_id, tyyp_id, sisu) VALUES (224, 168, 2, 'Klient soovis esitatud tellimuses muudatusi teha.');
INSERT INTO kliendisuhtlus (klient_id, tootaja_id, tyyp_id, sisu) VALUES (327, 179, 1, 'Kliendil oli maksega probleeme, andsime pikendust.');
INSERT INTO kliendisuhtlus (klient_id, tootaja_id, tyyp_id, sisu) VALUES (336, 198, 2, 'Selgitasin tarneaja viibimise põhjuseid.');
INSERT INTO kliendisuhtlus (klient_id, tootaja_id, tyyp_id, sisu) VALUES (483, 142, 1, 'Klient avaldas rahulolematust pretensiooniga, lahendasime olukorra.');
INSERT INTO kliendisuhtlus (klient_id, tootaja_id, tyyp_id, sisu) VALUES (355, 23, 1, 'Kliendil oli maksega probleeme, andsime pikendust.');
INSERT INTO kliendisuhtlus (klient_id, tootaja_id, tyyp_id, sisu) VALUES (278, 190, 3, 'Klient avaldas rahulolematust pretensiooniga, lahendasime olukorra.');
INSERT INTO kliendisuhtlus (klient_id, tootaja_id, tyyp_id, sisu) VALUES (144, 169, 1, 'Klient avaldas rahulolematust pretensiooniga, lahendasime olukorra.');
INSERT INTO kliendisuhtlus (klient_id, tootaja_id, tyyp_id, sisu) VALUES (58, 34, 3, 'Toimus edukas tarkvarademo kliendi kontoris.');
INSERT INTO kliendisuhtlus (klient_id, tootaja_id, tyyp_id, sisu) VALUES (54, 172, 2, 'Selgitasin tarneaja viibimise põhjuseid.');
INSERT INTO kliendisuhtlus (klient_id, tootaja_id, tyyp_id, sisu) VALUES (149, 4, 1, 'Saatsime kliendile uue hinnapakkumise.');
INSERT INTO kliendisuhtlus (klient_id, tootaja_id, tyyp_id, sisu) VALUES (103, 11, 3, 'Saatsime kliendile uue hinnapakkumise.');
INSERT INTO kliendisuhtlus (klient_id, tootaja_id, tyyp_id, sisu) VALUES (487, 7, 1, 'Kliendiga arutatud uusi lahendusi ja koostöövõimalusi.');
INSERT INTO kliendisuhtlus (klient_id, tootaja_id, tyyp_id, sisu) VALUES (30, 36, 3, 'Toimus edukas tarkvarademo kliendi kontoris.');
INSERT INTO kliendisuhtlus (klient_id, tootaja_id, tyyp_id, sisu) VALUES (454, 22, 2, 'Toimus edukas tarkvarademo kliendi kontoris.');
INSERT INTO kliendisuhtlus (klient_id, tootaja_id, tyyp_id, sisu) VALUES (211, 115, 1, 'Toimus edukas tarkvarademo kliendi kontoris.');
INSERT INTO kliendisuhtlus (klient_id, tootaja_id, tyyp_id, sisu) VALUES (244, 170, 1, 'Klient avaldas rahulolematust pretensiooniga, lahendasime olukorra.');
INSERT INTO kliendisuhtlus (klient_id, tootaja_id, tyyp_id, sisu) VALUES (250, 14, 1, 'Klient avaldas rahulolematust pretensiooniga, lahendasime olukorra.');
INSERT INTO kliendisuhtlus (klient_id, tootaja_id, tyyp_id, sisu) VALUES (367, 11, 2, 'Toimus edukas tarkvarademo kliendi kontoris.');
INSERT INTO kliendisuhtlus (klient_id, tootaja_id, tyyp_id, sisu) VALUES (429, 176, 1, 'Leppisime kokku uue kohtumise järgmiseks nädalaks.');
INSERT INTO kliendisuhtlus (klient_id, tootaja_id, tyyp_id, sisu) VALUES (62, 146, 1, 'Selgitasin tarneaja viibimise põhjuseid.');
INSERT INTO kliendisuhtlus (klient_id, tootaja_id, tyyp_id, sisu) VALUES (177, 121, 2, 'Klient soovis esitatud tellimuses muudatusi teha.');
INSERT INTO kliendisuhtlus (klient_id, tootaja_id, tyyp_id, sisu) VALUES (18, 45, 1, 'Tavapärane kvartaalne kliendisuhtluse kõne.');
INSERT INTO kliendisuhtlus (klient_id, tootaja_id, tyyp_id, sisu) VALUES (34, 78, 3, 'Tavapärane kvartaalne kliendisuhtluse kõne.');
INSERT INTO kliendisuhtlus (klient_id, tootaja_id, tyyp_id, sisu) VALUES (496, 6, 3, 'Klient avaldas rahulolematust pretensiooniga, lahendasime olukorra.');
INSERT INTO kliendisuhtlus (klient_id, tootaja_id, tyyp_id, sisu) VALUES (65, 166, 1, 'Tavapärane kvartaalne kliendisuhtluse kõne.');
INSERT INTO kliendisuhtlus (klient_id, tootaja_id, tyyp_id, sisu) VALUES (97, 96, 2, 'Kliendiga arutatud uusi lahendusi ja koostöövõimalusi.');
INSERT INTO kliendisuhtlus (klient_id, tootaja_id, tyyp_id, sisu) VALUES (255, 97, 3, 'Kliendil oli maksega probleeme, andsime pikendust.');
INSERT INTO kliendisuhtlus (klient_id, tootaja_id, tyyp_id, sisu) VALUES (377, 148, 3, 'Kliendil oli maksega probleeme, andsime pikendust.');
INSERT INTO kliendisuhtlus (klient_id, tootaja_id, tyyp_id, sisu) VALUES (400, 133, 1, 'Toimus edukas tarkvarademo kliendi kontoris.');
INSERT INTO kliendisuhtlus (klient_id, tootaja_id, tyyp_id, sisu) VALUES (433, 110, 3, 'Saatsime kliendile uue hinnapakkumise.');
INSERT INTO kliendisuhtlus (klient_id, tootaja_id, tyyp_id, sisu) VALUES (24, 14, 2, 'Kliendil oli maksega probleeme, andsime pikendust.');
INSERT INTO kliendisuhtlus (klient_id, tootaja_id, tyyp_id, sisu) VALUES (109, 71, 1, 'Tavapärane kvartaalne kliendisuhtluse kõne.');
INSERT INTO kliendisuhtlus (klient_id, tootaja_id, tyyp_id, sisu) VALUES (236, 43, 1, 'Helistasin, et koguda tagasisidet teenuse kohta.');
INSERT INTO kliendisuhtlus (klient_id, tootaja_id, tyyp_id, sisu) VALUES (53, 81, 1, 'Kliendil oli maksega probleeme, andsime pikendust.');
INSERT INTO kliendisuhtlus (klient_id, tootaja_id, tyyp_id, sisu) VALUES (475, 123, 1, 'Tegime soodustuse pikaajalise koostöö märgiks.');
INSERT INTO kliendisuhtlus (klient_id, tootaja_id, tyyp_id, sisu) VALUES (306, 52, 2, 'Kliendiga arutatud uusi lahendusi ja koostöövõimalusi.');
INSERT INTO kliendisuhtlus (klient_id, tootaja_id, tyyp_id, sisu) VALUES (422, 5, 3, 'Küsisin lisainfot eelseisva projekti asjus.');
INSERT INTO kliendisuhtlus (klient_id, tootaja_id, tyyp_id, sisu) VALUES (395, 75, 2, 'Selgitasin tarneaja viibimise põhjuseid.');
INSERT INTO kliendisuhtlus (klient_id, tootaja_id, tyyp_id, sisu) VALUES (297, 99, 2, 'Helistasin, et koguda tagasisidet teenuse kohta.');
INSERT INTO kliendisuhtlus (klient_id, tootaja_id, tyyp_id, sisu) VALUES (49, 20, 1, 'Saatsime kliendile uue hinnapakkumise.');
INSERT INTO kliendisuhtlus (klient_id, tootaja_id, tyyp_id, sisu) VALUES (214, 26, 2, 'Saatsime kliendile uue hinnapakkumise.');
INSERT INTO kliendisuhtlus (klient_id, tootaja_id, tyyp_id, sisu) VALUES (448, 132, 1, 'Kliendil oli maksega probleeme, andsime pikendust.');
INSERT INTO kliendisuhtlus (klient_id, tootaja_id, tyyp_id, sisu) VALUES (165, 118, 2, 'Leppisime kokku uue kohtumise järgmiseks nädalaks.');
INSERT INTO kliendisuhtlus (klient_id, tootaja_id, tyyp_id, sisu) VALUES (110, 16, 3, 'Toimus edukas tarkvarademo kliendi kontoris.');
INSERT INTO kliendisuhtlus (klient_id, tootaja_id, tyyp_id, sisu) VALUES (170, 193, 1, 'Selgitasin tarneaja viibimise põhjuseid.');
INSERT INTO kliendisuhtlus (klient_id, tootaja_id, tyyp_id, sisu) VALUES (184, 173, 1, 'Selgitasin tarneaja viibimise põhjuseid.');
INSERT INTO kliendisuhtlus (klient_id, tootaja_id, tyyp_id, sisu) VALUES (275, 181, 2, 'Helistasin, et koguda tagasisidet teenuse kohta.');
INSERT INTO kliendisuhtlus (klient_id, tootaja_id, tyyp_id, sisu) VALUES (175, 103, 3, 'Helistasin, et koguda tagasisidet teenuse kohta.');
INSERT INTO kliendisuhtlus (klient_id, tootaja_id, tyyp_id, sisu) VALUES (226, 185, 3, 'Tavapärane kvartaalne kliendisuhtluse kõne.');
INSERT INTO kliendisuhtlus (klient_id, tootaja_id, tyyp_id, sisu) VALUES (66, 146, 1, 'Tavapärane kvartaalne kliendisuhtluse kõne.');
INSERT INTO kliendisuhtlus (klient_id, tootaja_id, tyyp_id, sisu) VALUES (45, 64, 1, 'Küsisin lisainfot eelseisva projekti asjus.');
INSERT INTO kliendisuhtlus (klient_id, tootaja_id, tyyp_id, sisu) VALUES (440, 167, 1, 'Leppisime kokku uue kohtumise järgmiseks nädalaks.');
INSERT INTO kliendisuhtlus (klient_id, tootaja_id, tyyp_id, sisu) VALUES (15, 148, 1, 'Kliendil oli maksega probleeme, andsime pikendust.');
INSERT INTO kliendisuhtlus (klient_id, tootaja_id, tyyp_id, sisu) VALUES (108, 107, 3, 'Tegime soodustuse pikaajalise koostöö märgiks.');
INSERT INTO kliendisuhtlus (klient_id, tootaja_id, tyyp_id, sisu) VALUES (4, 176, 3, 'Küsisin lisainfot eelseisva projekti asjus.');
INSERT INTO kliendisuhtlus (klient_id, tootaja_id, tyyp_id, sisu) VALUES (73, 162, 3, 'Tegime soodustuse pikaajalise koostöö märgiks.');
INSERT INTO kliendisuhtlus (klient_id, tootaja_id, tyyp_id, sisu) VALUES (35, 102, 3, 'Klient avaldas rahulolematust pretensiooniga, lahendasime olukorra.');
INSERT INTO kliendisuhtlus (klient_id, tootaja_id, tyyp_id, sisu) VALUES (2, 55, 2, 'Selgitasin tarneaja viibimise põhjuseid.');
INSERT INTO kliendisuhtlus (klient_id, tootaja_id, tyyp_id, sisu) VALUES (56, 67, 3, 'Tavapärane kvartaalne kliendisuhtluse kõne.');
INSERT INTO kliendisuhtlus (klient_id, tootaja_id, tyyp_id, sisu) VALUES (194, 181, 3, 'Küsisin lisainfot eelseisva projekti asjus.');
INSERT INTO kliendisuhtlus (klient_id, tootaja_id, tyyp_id, sisu) VALUES (160, 49, 3, 'Toimus edukas tarkvarademo kliendi kontoris.');
INSERT INTO kliendisuhtlus (klient_id, tootaja_id, tyyp_id, sisu) VALUES (373, 83, 1, 'Küsisin lisainfot eelseisva projekti asjus.');
INSERT INTO kliendisuhtlus (klient_id, tootaja_id, tyyp_id, sisu) VALUES (145, 9, 3, 'Tegime soodustuse pikaajalise koostöö märgiks.');
INSERT INTO kliendisuhtlus (klient_id, tootaja_id, tyyp_id, sisu) VALUES (88, 155, 2, 'Tegime soodustuse pikaajalise koostöö märgiks.');
INSERT INTO kliendisuhtlus (klient_id, tootaja_id, tyyp_id, sisu) VALUES (319, 199, 2, 'Selgitasin tarneaja viibimise põhjuseid.');
INSERT INTO kliendisuhtlus (klient_id, tootaja_id, tyyp_id, sisu) VALUES (287, 29, 1, 'Klient avaldas rahulolematust pretensiooniga, lahendasime olukorra.');
INSERT INTO kliendisuhtlus (klient_id, tootaja_id, tyyp_id, sisu) VALUES (392, 166, 1, 'Kliendiga arutatud uusi lahendusi ja koostöövõimalusi.');
INSERT INTO kliendisuhtlus (klient_id, tootaja_id, tyyp_id, sisu) VALUES (152, 88, 2, 'Tegime soodustuse pikaajalise koostöö märgiks.');
INSERT INTO kliendisuhtlus (klient_id, tootaja_id, tyyp_id, sisu) VALUES (97, 66, 3, 'Saatsime kliendile uue hinnapakkumise.');
INSERT INTO kliendisuhtlus (klient_id, tootaja_id, tyyp_id, sisu) VALUES (298, 22, 1, 'Toimus edukas tarkvarademo kliendi kontoris.');
INSERT INTO kliendisuhtlus (klient_id, tootaja_id, tyyp_id, sisu) VALUES (119, 58, 2, 'Tavapärane kvartaalne kliendisuhtluse kõne.');
INSERT INTO kliendisuhtlus (klient_id, tootaja_id, tyyp_id, sisu) VALUES (353, 142, 2, 'Kliendil oli maksega probleeme, andsime pikendust.');
INSERT INTO kliendisuhtlus (klient_id, tootaja_id, tyyp_id, sisu) VALUES (458, 110, 3, 'Klient soovis esitatud tellimuses muudatusi teha.');
INSERT INTO kliendisuhtlus (klient_id, tootaja_id, tyyp_id, sisu) VALUES (397, 123, 1, 'Kliendil oli maksega probleeme, andsime pikendust.');
INSERT INTO kliendisuhtlus (klient_id, tootaja_id, tyyp_id, sisu) VALUES (80, 113, 3, 'Tavapärane kvartaalne kliendisuhtluse kõne.');
INSERT INTO kliendisuhtlus (klient_id, tootaja_id, tyyp_id, sisu) VALUES (487, 171, 3, 'Klient avaldas rahulolematust pretensiooniga, lahendasime olukorra.');
INSERT INTO kliendisuhtlus (klient_id, tootaja_id, tyyp_id, sisu) VALUES (268, 45, 2, 'Kliendil oli maksega probleeme, andsime pikendust.');
INSERT INTO kliendisuhtlus (klient_id, tootaja_id, tyyp_id, sisu) VALUES (347, 78, 1, 'Klient avaldas rahulolematust pretensiooniga, lahendasime olukorra.');
INSERT INTO kliendisuhtlus (klient_id, tootaja_id, tyyp_id, sisu) VALUES (401, 182, 2, 'Saatsime kliendile uue hinnapakkumise.');
INSERT INTO kliendisuhtlus (klient_id, tootaja_id, tyyp_id, sisu) VALUES (10, 178, 2, 'Tegime soodustuse pikaajalise koostöö märgiks.');
INSERT INTO kliendisuhtlus (klient_id, tootaja_id, tyyp_id, sisu) VALUES (114, 60, 2, 'Selgitasin tarneaja viibimise põhjuseid.');
INSERT INTO kliendisuhtlus (klient_id, tootaja_id, tyyp_id, sisu) VALUES (383, 143, 1, 'Klient soovis esitatud tellimuses muudatusi teha.');
INSERT INTO kliendisuhtlus (klient_id, tootaja_id, tyyp_id, sisu) VALUES (61, 175, 2, 'Klient avaldas rahulolematust pretensiooniga, lahendasime olukorra.');
INSERT INTO kliendisuhtlus (klient_id, tootaja_id, tyyp_id, sisu) VALUES (145, 28, 1, 'Saatsime kliendile uue hinnapakkumise.');
INSERT INTO kliendisuhtlus (klient_id, tootaja_id, tyyp_id, sisu) VALUES (20, 131, 1, 'Toimus edukas tarkvarademo kliendi kontoris.');
INSERT INTO kliendisuhtlus (klient_id, tootaja_id, tyyp_id, sisu) VALUES (470, 14, 1, 'Toimus edukas tarkvarademo kliendi kontoris.');
INSERT INTO kliendisuhtlus (klient_id, tootaja_id, tyyp_id, sisu) VALUES (55, 167, 1, 'Klient soovis esitatud tellimuses muudatusi teha.');
INSERT INTO kliendisuhtlus (klient_id, tootaja_id, tyyp_id, sisu) VALUES (109, 61, 1, 'Kliendil oli maksega probleeme, andsime pikendust.');
INSERT INTO kliendisuhtlus (klient_id, tootaja_id, tyyp_id, sisu) VALUES (318, 24, 1, 'Tavapärane kvartaalne kliendisuhtluse kõne.');
INSERT INTO kliendisuhtlus (klient_id, tootaja_id, tyyp_id, sisu) VALUES (183, 58, 3, 'Leppisime kokku uue kohtumise järgmiseks nädalaks.');
INSERT INTO kliendisuhtlus (klient_id, tootaja_id, tyyp_id, sisu) VALUES (8, 17, 2, 'Selgitasin tarneaja viibimise põhjuseid.');
INSERT INTO kliendisuhtlus (klient_id, tootaja_id, tyyp_id, sisu) VALUES (293, 160, 2, 'Tegime soodustuse pikaajalise koostöö märgiks.');
INSERT INTO kliendisuhtlus (klient_id, tootaja_id, tyyp_id, sisu) VALUES (108, 2, 3, 'Selgitasin tarneaja viibimise põhjuseid.');
INSERT INTO kliendisuhtlus (klient_id, tootaja_id, tyyp_id, sisu) VALUES (183, 38, 3, 'Kliendil oli maksega probleeme, andsime pikendust.');
INSERT INTO kliendisuhtlus (klient_id, tootaja_id, tyyp_id, sisu) VALUES (269, 99, 3, 'Helistasin, et koguda tagasisidet teenuse kohta.');
INSERT INTO kliendisuhtlus (klient_id, tootaja_id, tyyp_id, sisu) VALUES (486, 45, 3, 'Kliendil oli maksega probleeme, andsime pikendust.');
INSERT INTO kliendisuhtlus (klient_id, tootaja_id, tyyp_id, sisu) VALUES (71, 137, 2, 'Toimus edukas tarkvarademo kliendi kontoris.');
INSERT INTO kliendisuhtlus (klient_id, tootaja_id, tyyp_id, sisu) VALUES (332, 198, 2, 'Selgitasin tarneaja viibimise põhjuseid.');
INSERT INTO kliendisuhtlus (klient_id, tootaja_id, tyyp_id, sisu) VALUES (79, 104, 1, 'Tavapärane kvartaalne kliendisuhtluse kõne.');
INSERT INTO kliendisuhtlus (klient_id, tootaja_id, tyyp_id, sisu) VALUES (213, 44, 2, 'Kliendiga arutatud uusi lahendusi ja koostöövõimalusi.');
INSERT INTO kliendisuhtlus (klient_id, tootaja_id, tyyp_id, sisu) VALUES (286, 127, 3, 'Helistasin, et koguda tagasisidet teenuse kohta.');
INSERT INTO kliendisuhtlus (klient_id, tootaja_id, tyyp_id, sisu) VALUES (107, 35, 1, 'Helistasin, et koguda tagasisidet teenuse kohta.');
INSERT INTO kliendisuhtlus (klient_id, tootaja_id, tyyp_id, sisu) VALUES (447, 13, 2, 'Klient avaldas rahulolematust pretensiooniga, lahendasime olukorra.');
INSERT INTO kliendisuhtlus (klient_id, tootaja_id, tyyp_id, sisu) VALUES (51, 200, 3, 'Tegime soodustuse pikaajalise koostöö märgiks.');
INSERT INTO kliendisuhtlus (klient_id, tootaja_id, tyyp_id, sisu) VALUES (441, 55, 2, 'Kliendil oli maksega probleeme, andsime pikendust.');
INSERT INTO kliendisuhtlus (klient_id, tootaja_id, tyyp_id, sisu) VALUES (19, 40, 2, 'Klient avaldas rahulolematust pretensiooniga, lahendasime olukorra.');
INSERT INTO kliendisuhtlus (klient_id, tootaja_id, tyyp_id, sisu) VALUES (410, 156, 3, 'Tavapärane kvartaalne kliendisuhtluse kõne.');
INSERT INTO kliendisuhtlus (klient_id, tootaja_id, tyyp_id, sisu) VALUES (117, 143, 3, 'Kliendil oli maksega probleeme, andsime pikendust.');
INSERT INTO kliendisuhtlus (klient_id, tootaja_id, tyyp_id, sisu) VALUES (47, 142, 3, 'Toimus edukas tarkvarademo kliendi kontoris.');
INSERT INTO kliendisuhtlus (klient_id, tootaja_id, tyyp_id, sisu) VALUES (253, 48, 3, 'Toimus edukas tarkvarademo kliendi kontoris.');
INSERT INTO kliendisuhtlus (klient_id, tootaja_id, tyyp_id, sisu) VALUES (468, 150, 2, 'Saatsime kliendile uue hinnapakkumise.');
INSERT INTO kliendisuhtlus (klient_id, tootaja_id, tyyp_id, sisu) VALUES (405, 49, 1, 'Kliendil oli maksega probleeme, andsime pikendust.');
INSERT INTO kliendisuhtlus (klient_id, tootaja_id, tyyp_id, sisu) VALUES (16, 45, 3, 'Klient soovis esitatud tellimuses muudatusi teha.');
INSERT INTO kliendisuhtlus (klient_id, tootaja_id, tyyp_id, sisu) VALUES (245, 31, 3, 'Leppisime kokku uue kohtumise järgmiseks nädalaks.');
INSERT INTO kliendisuhtlus (klient_id, tootaja_id, tyyp_id, sisu) VALUES (67, 65, 3, 'Helistasin, et koguda tagasisidet teenuse kohta.');
INSERT INTO kliendisuhtlus (klient_id, tootaja_id, tyyp_id, sisu) VALUES (218, 14, 1, 'Selgitasin tarneaja viibimise põhjuseid.');
INSERT INTO kliendisuhtlus (klient_id, tootaja_id, tyyp_id, sisu) VALUES (116, 155, 3, 'Helistasin, et koguda tagasisidet teenuse kohta.');
INSERT INTO kliendisuhtlus (klient_id, tootaja_id, tyyp_id, sisu) VALUES (126, 172, 2, 'Klient avaldas rahulolematust pretensiooniga, lahendasime olukorra.');
INSERT INTO kliendisuhtlus (klient_id, tootaja_id, tyyp_id, sisu) VALUES (291, 67, 3, 'Tegime soodustuse pikaajalise koostöö märgiks.');
INSERT INTO kliendisuhtlus (klient_id, tootaja_id, tyyp_id, sisu) VALUES (302, 63, 3, 'Saatsime kliendile uue hinnapakkumise.');
INSERT INTO kliendisuhtlus (klient_id, tootaja_id, tyyp_id, sisu) VALUES (435, 82, 2, 'Klient avaldas rahulolematust pretensiooniga, lahendasime olukorra.');
INSERT INTO kliendisuhtlus (klient_id, tootaja_id, tyyp_id, sisu) VALUES (327, 83, 1, 'Toimus edukas tarkvarademo kliendi kontoris.');
INSERT INTO kliendisuhtlus (klient_id, tootaja_id, tyyp_id, sisu) VALUES (252, 190, 1, 'Helistasin, et koguda tagasisidet teenuse kohta.');
INSERT INTO kliendisuhtlus (klient_id, tootaja_id, tyyp_id, sisu) VALUES (168, 108, 2, 'Leppisime kokku uue kohtumise järgmiseks nädalaks.');
INSERT INTO kliendisuhtlus (klient_id, tootaja_id, tyyp_id, sisu) VALUES (278, 7, 2, 'Klient soovis esitatud tellimuses muudatusi teha.');
INSERT INTO kliendisuhtlus (klient_id, tootaja_id, tyyp_id, sisu) VALUES (198, 106, 1, 'Saatsime kliendile uue hinnapakkumise.');
INSERT INTO kliendisuhtlus (klient_id, tootaja_id, tyyp_id, sisu) VALUES (154, 38, 3, 'Tegime soodustuse pikaajalise koostöö märgiks.');
INSERT INTO kliendisuhtlus (klient_id, tootaja_id, tyyp_id, sisu) VALUES (75, 167, 1, 'Klient soovis esitatud tellimuses muudatusi teha.');
INSERT INTO kliendisuhtlus (klient_id, tootaja_id, tyyp_id, sisu) VALUES (105, 176, 2, 'Tegime soodustuse pikaajalise koostöö märgiks.');
INSERT INTO kliendisuhtlus (klient_id, tootaja_id, tyyp_id, sisu) VALUES (34, 105, 1, 'Kliendiga arutatud uusi lahendusi ja koostöövõimalusi.');
INSERT INTO kliendisuhtlus (klient_id, tootaja_id, tyyp_id, sisu) VALUES (385, 70, 3, 'Klient soovis esitatud tellimuses muudatusi teha.');
INSERT INTO kliendisuhtlus (klient_id, tootaja_id, tyyp_id, sisu) VALUES (198, 184, 1, 'Klient avaldas rahulolematust pretensiooniga, lahendasime olukorra.');
INSERT INTO kliendisuhtlus (klient_id, tootaja_id, tyyp_id, sisu) VALUES (219, 40, 3, 'Toimus edukas tarkvarademo kliendi kontoris.');
INSERT INTO kliendisuhtlus (klient_id, tootaja_id, tyyp_id, sisu) VALUES (214, 168, 1, 'Klient avaldas rahulolematust pretensiooniga, lahendasime olukorra.');
INSERT INTO kliendisuhtlus (klient_id, tootaja_id, tyyp_id, sisu) VALUES (303, 65, 2, 'Küsisin lisainfot eelseisva projekti asjus.');
INSERT INTO kliendisuhtlus (klient_id, tootaja_id, tyyp_id, sisu) VALUES (340, 98, 2, 'Kliendiga arutatud uusi lahendusi ja koostöövõimalusi.');
INSERT INTO kliendisuhtlus (klient_id, tootaja_id, tyyp_id, sisu) VALUES (171, 79, 2, 'Klient avaldas rahulolematust pretensiooniga, lahendasime olukorra.');
INSERT INTO kliendisuhtlus (klient_id, tootaja_id, tyyp_id, sisu) VALUES (208, 167, 3, 'Klient avaldas rahulolematust pretensiooniga, lahendasime olukorra.');
INSERT INTO kliendisuhtlus (klient_id, tootaja_id, tyyp_id, sisu) VALUES (340, 14, 3, 'Küsisin lisainfot eelseisva projekti asjus.');
INSERT INTO kliendisuhtlus (klient_id, tootaja_id, tyyp_id, sisu) VALUES (407, 134, 1, 'Leppisime kokku uue kohtumise järgmiseks nädalaks.');
INSERT INTO kliendisuhtlus (klient_id, tootaja_id, tyyp_id, sisu) VALUES (206, 115, 1, 'Klient soovis esitatud tellimuses muudatusi teha.');
INSERT INTO kliendisuhtlus (klient_id, tootaja_id, tyyp_id, sisu) VALUES (391, 177, 3, 'Tavapärane kvartaalne kliendisuhtluse kõne.');
INSERT INTO kliendisuhtlus (klient_id, tootaja_id, tyyp_id, sisu) VALUES (352, 115, 2, 'Tegime soodustuse pikaajalise koostöö märgiks.');
INSERT INTO kliendisuhtlus (klient_id, tootaja_id, tyyp_id, sisu) VALUES (38, 36, 1, 'Klient soovis esitatud tellimuses muudatusi teha.');
INSERT INTO kliendisuhtlus (klient_id, tootaja_id, tyyp_id, sisu) VALUES (406, 21, 1, 'Kliendil oli maksega probleeme, andsime pikendust.');
INSERT INTO kliendisuhtlus (klient_id, tootaja_id, tyyp_id, sisu) VALUES (332, 111, 3, 'Tegime soodustuse pikaajalise koostöö märgiks.');
INSERT INTO kliendisuhtlus (klient_id, tootaja_id, tyyp_id, sisu) VALUES (51, 13, 3, 'Tavapärane kvartaalne kliendisuhtluse kõne.');
INSERT INTO kliendisuhtlus (klient_id, tootaja_id, tyyp_id, sisu) VALUES (29, 111, 1, 'Tavapärane kvartaalne kliendisuhtluse kõne.');
INSERT INTO kliendisuhtlus (klient_id, tootaja_id, tyyp_id, sisu) VALUES (80, 151, 3, 'Tegime soodustuse pikaajalise koostöö märgiks.');
INSERT INTO kliendisuhtlus (klient_id, tootaja_id, tyyp_id, sisu) VALUES (346, 165, 3, 'Kliendil oli maksega probleeme, andsime pikendust.');
INSERT INTO kliendisuhtlus (klient_id, tootaja_id, tyyp_id, sisu) VALUES (238, 156, 1, 'Toimus edukas tarkvarademo kliendi kontoris.');
INSERT INTO kliendisuhtlus (klient_id, tootaja_id, tyyp_id, sisu) VALUES (169, 140, 1, 'Klient avaldas rahulolematust pretensiooniga, lahendasime olukorra.');
INSERT INTO kliendisuhtlus (klient_id, tootaja_id, tyyp_id, sisu) VALUES (441, 56, 1, 'Kliendiga arutatud uusi lahendusi ja koostöövõimalusi.');
INSERT INTO kliendisuhtlus (klient_id, tootaja_id, tyyp_id, sisu) VALUES (359, 171, 2, 'Klient avaldas rahulolematust pretensiooniga, lahendasime olukorra.');
INSERT INTO kliendisuhtlus (klient_id, tootaja_id, tyyp_id, sisu) VALUES (491, 193, 1, 'Saatsime kliendile uue hinnapakkumise.');
INSERT INTO kliendisuhtlus (klient_id, tootaja_id, tyyp_id, sisu) VALUES (287, 196, 3, 'Tavapärane kvartaalne kliendisuhtluse kõne.');
INSERT INTO kliendisuhtlus (klient_id, tootaja_id, tyyp_id, sisu) VALUES (37, 32, 2, 'Kliendil oli maksega probleeme, andsime pikendust.');
INSERT INTO kliendisuhtlus (klient_id, tootaja_id, tyyp_id, sisu) VALUES (82, 102, 2, 'Selgitasin tarneaja viibimise põhjuseid.');
INSERT INTO kliendisuhtlus (klient_id, tootaja_id, tyyp_id, sisu) VALUES (146, 3, 1, 'Helistasin, et koguda tagasisidet teenuse kohta.');
INSERT INTO kliendisuhtlus (klient_id, tootaja_id, tyyp_id, sisu) VALUES (261, 61, 1, 'Kliendiga arutatud uusi lahendusi ja koostöövõimalusi.');
INSERT INTO kliendisuhtlus (klient_id, tootaja_id, tyyp_id, sisu) VALUES (303, 8, 1, 'Küsisin lisainfot eelseisva projekti asjus.');
INSERT INTO kliendisuhtlus (klient_id, tootaja_id, tyyp_id, sisu) VALUES (32, 189, 2, 'Selgitasin tarneaja viibimise põhjuseid.');
INSERT INTO kliendisuhtlus (klient_id, tootaja_id, tyyp_id, sisu) VALUES (241, 21, 1, 'Helistasin, et koguda tagasisidet teenuse kohta.');
INSERT INTO kliendisuhtlus (klient_id, tootaja_id, tyyp_id, sisu) VALUES (15, 85, 2, 'Tavapärane kvartaalne kliendisuhtluse kõne.');
INSERT INTO kliendisuhtlus (klient_id, tootaja_id, tyyp_id, sisu) VALUES (214, 188, 2, 'Selgitasin tarneaja viibimise põhjuseid.');
INSERT INTO kliendisuhtlus (klient_id, tootaja_id, tyyp_id, sisu) VALUES (464, 69, 2, 'Kliendil oli maksega probleeme, andsime pikendust.');
INSERT INTO kliendisuhtlus (klient_id, tootaja_id, tyyp_id, sisu) VALUES (49, 15, 2, 'Tavapärane kvartaalne kliendisuhtluse kõne.');
INSERT INTO kliendisuhtlus (klient_id, tootaja_id, tyyp_id, sisu) VALUES (24, 51, 1, 'Tavapärane kvartaalne kliendisuhtluse kõne.');
INSERT INTO kliendisuhtlus (klient_id, tootaja_id, tyyp_id, sisu) VALUES (28, 54, 1, 'Klient avaldas rahulolematust pretensiooniga, lahendasime olukorra.');
INSERT INTO kliendisuhtlus (klient_id, tootaja_id, tyyp_id, sisu) VALUES (394, 13, 3, 'Klient avaldas rahulolematust pretensiooniga, lahendasime olukorra.');
INSERT INTO kliendisuhtlus (klient_id, tootaja_id, tyyp_id, sisu) VALUES (457, 182, 3, 'Helistasin, et koguda tagasisidet teenuse kohta.');
INSERT INTO kliendisuhtlus (klient_id, tootaja_id, tyyp_id, sisu) VALUES (58, 27, 1, 'Kliendil oli maksega probleeme, andsime pikendust.');
INSERT INTO kliendisuhtlus (klient_id, tootaja_id, tyyp_id, sisu) VALUES (470, 173, 1, 'Toimus edukas tarkvarademo kliendi kontoris.');
INSERT INTO kliendisuhtlus (klient_id, tootaja_id, tyyp_id, sisu) VALUES (167, 138, 3, 'Selgitasin tarneaja viibimise põhjuseid.');
INSERT INTO kliendisuhtlus (klient_id, tootaja_id, tyyp_id, sisu) VALUES (238, 165, 3, 'Klient avaldas rahulolematust pretensiooniga, lahendasime olukorra.');
INSERT INTO kliendisuhtlus (klient_id, tootaja_id, tyyp_id, sisu) VALUES (311, 126, 1, 'Tegime soodustuse pikaajalise koostöö märgiks.');
INSERT INTO kliendisuhtlus (klient_id, tootaja_id, tyyp_id, sisu) VALUES (44, 155, 2, 'Klient avaldas rahulolematust pretensiooniga, lahendasime olukorra.');
INSERT INTO kliendisuhtlus (klient_id, tootaja_id, tyyp_id, sisu) VALUES (447, 155, 3, 'Saatsime kliendile uue hinnapakkumise.');
INSERT INTO kliendisuhtlus (klient_id, tootaja_id, tyyp_id, sisu) VALUES (494, 72, 2, 'Tavapärane kvartaalne kliendisuhtluse kõne.');
INSERT INTO kliendisuhtlus (klient_id, tootaja_id, tyyp_id, sisu) VALUES (207, 33, 2, 'Toimus edukas tarkvarademo kliendi kontoris.');
INSERT INTO kliendisuhtlus (klient_id, tootaja_id, tyyp_id, sisu) VALUES (39, 36, 3, 'Selgitasin tarneaja viibimise põhjuseid.');
INSERT INTO kliendisuhtlus (klient_id, tootaja_id, tyyp_id, sisu) VALUES (112, 143, 1, 'Kliendil oli maksega probleeme, andsime pikendust.');
INSERT INTO kliendisuhtlus (klient_id, tootaja_id, tyyp_id, sisu) VALUES (227, 25, 2, 'Klient avaldas rahulolematust pretensiooniga, lahendasime olukorra.');
INSERT INTO kliendisuhtlus (klient_id, tootaja_id, tyyp_id, sisu) VALUES (421, 137, 1, 'Tavapärane kvartaalne kliendisuhtluse kõne.');
INSERT INTO kliendisuhtlus (klient_id, tootaja_id, tyyp_id, sisu) VALUES (141, 122, 1, 'Selgitasin tarneaja viibimise põhjuseid.');
INSERT INTO kliendisuhtlus (klient_id, tootaja_id, tyyp_id, sisu) VALUES (96, 72, 1, 'Selgitasin tarneaja viibimise põhjuseid.');
INSERT INTO kliendisuhtlus (klient_id, tootaja_id, tyyp_id, sisu) VALUES (252, 78, 2, 'Küsisin lisainfot eelseisva projekti asjus.');
INSERT INTO kliendisuhtlus (klient_id, tootaja_id, tyyp_id, sisu) VALUES (226, 44, 1, 'Klient soovis esitatud tellimuses muudatusi teha.');
INSERT INTO kliendisuhtlus (klient_id, tootaja_id, tyyp_id, sisu) VALUES (449, 25, 3, 'Kliendil oli maksega probleeme, andsime pikendust.');
INSERT INTO kliendisuhtlus (klient_id, tootaja_id, tyyp_id, sisu) VALUES (113, 118, 2, 'Saatsime kliendile uue hinnapakkumise.');
INSERT INTO kliendisuhtlus (klient_id, tootaja_id, tyyp_id, sisu) VALUES (16, 126, 3, 'Leppisime kokku uue kohtumise järgmiseks nädalaks.');
INSERT INTO kliendisuhtlus (klient_id, tootaja_id, tyyp_id, sisu) VALUES (378, 106, 2, 'Küsisin lisainfot eelseisva projekti asjus.');
INSERT INTO kliendisuhtlus (klient_id, tootaja_id, tyyp_id, sisu) VALUES (295, 41, 3, 'Saatsime kliendile uue hinnapakkumise.');
INSERT INTO kliendisuhtlus (klient_id, tootaja_id, tyyp_id, sisu) VALUES (349, 172, 3, 'Helistasin, et koguda tagasisidet teenuse kohta.');
INSERT INTO kliendisuhtlus (klient_id, tootaja_id, tyyp_id, sisu) VALUES (178, 159, 3, 'Küsisin lisainfot eelseisva projekti asjus.');
INSERT INTO kliendisuhtlus (klient_id, tootaja_id, tyyp_id, sisu) VALUES (342, 96, 2, 'Kliendil oli maksega probleeme, andsime pikendust.');
INSERT INTO kliendisuhtlus (klient_id, tootaja_id, tyyp_id, sisu) VALUES (73, 16, 2, 'Leppisime kokku uue kohtumise järgmiseks nädalaks.');
INSERT INTO kliendisuhtlus (klient_id, tootaja_id, tyyp_id, sisu) VALUES (408, 78, 2, 'Leppisime kokku uue kohtumise järgmiseks nädalaks.');
INSERT INTO kliendisuhtlus (klient_id, tootaja_id, tyyp_id, sisu) VALUES (389, 192, 2, 'Saatsime kliendile uue hinnapakkumise.');
INSERT INTO kliendisuhtlus (klient_id, tootaja_id, tyyp_id, sisu) VALUES (1, 161, 3, 'Tegime soodustuse pikaajalise koostöö märgiks.');
INSERT INTO kliendisuhtlus (klient_id, tootaja_id, tyyp_id, sisu) VALUES (466, 105, 3, 'Klient soovis esitatud tellimuses muudatusi teha.');
INSERT INTO kliendisuhtlus (klient_id, tootaja_id, tyyp_id, sisu) VALUES (258, 109, 2, 'Selgitasin tarneaja viibimise põhjuseid.');
INSERT INTO kliendisuhtlus (klient_id, tootaja_id, tyyp_id, sisu) VALUES (346, 39, 1, 'Tegime soodustuse pikaajalise koostöö märgiks.');
INSERT INTO kliendisuhtlus (klient_id, tootaja_id, tyyp_id, sisu) VALUES (102, 125, 1, 'Selgitasin tarneaja viibimise põhjuseid.');
INSERT INTO kliendisuhtlus (klient_id, tootaja_id, tyyp_id, sisu) VALUES (385, 172, 1, 'Küsisin lisainfot eelseisva projekti asjus.');
INSERT INTO kliendisuhtlus (klient_id, tootaja_id, tyyp_id, sisu) VALUES (489, 123, 1, 'Klient avaldas rahulolematust pretensiooniga, lahendasime olukorra.');
INSERT INTO kliendisuhtlus (klient_id, tootaja_id, tyyp_id, sisu) VALUES (237, 72, 2, 'Klient soovis esitatud tellimuses muudatusi teha.');
INSERT INTO kliendisuhtlus (klient_id, tootaja_id, tyyp_id, sisu) VALUES (279, 176, 3, 'Saatsime kliendile uue hinnapakkumise.');
INSERT INTO kliendisuhtlus (klient_id, tootaja_id, tyyp_id, sisu) VALUES (28, 100, 3, 'Tavapärane kvartaalne kliendisuhtluse kõne.');
INSERT INTO kliendisuhtlus (klient_id, tootaja_id, tyyp_id, sisu) VALUES (170, 11, 2, 'Tegime soodustuse pikaajalise koostöö märgiks.');
INSERT INTO kliendisuhtlus (klient_id, tootaja_id, tyyp_id, sisu) VALUES (7, 126, 1, 'Tavapärane kvartaalne kliendisuhtluse kõne.');
INSERT INTO kliendisuhtlus (klient_id, tootaja_id, tyyp_id, sisu) VALUES (268, 58, 2, 'Tegime soodustuse pikaajalise koostöö märgiks.');
INSERT INTO kliendisuhtlus (klient_id, tootaja_id, tyyp_id, sisu) VALUES (387, 135, 3, 'Klient avaldas rahulolematust pretensiooniga, lahendasime olukorra.');
INSERT INTO kliendisuhtlus (klient_id, tootaja_id, tyyp_id, sisu) VALUES (461, 98, 3, 'Küsisin lisainfot eelseisva projekti asjus.');
INSERT INTO kliendisuhtlus (klient_id, tootaja_id, tyyp_id, sisu) VALUES (225, 151, 3, 'Kliendil oli maksega probleeme, andsime pikendust.');
INSERT INTO kliendisuhtlus (klient_id, tootaja_id, tyyp_id, sisu) VALUES (300, 188, 2, 'Saatsime kliendile uue hinnapakkumise.');
INSERT INTO kliendisuhtlus (klient_id, tootaja_id, tyyp_id, sisu) VALUES (411, 152, 3, 'Tavapärane kvartaalne kliendisuhtluse kõne.');
INSERT INTO kliendisuhtlus (klient_id, tootaja_id, tyyp_id, sisu) VALUES (26, 146, 3, 'Selgitasin tarneaja viibimise põhjuseid.');
INSERT INTO kliendisuhtlus (klient_id, tootaja_id, tyyp_id, sisu) VALUES (410, 68, 2, 'Küsisin lisainfot eelseisva projekti asjus.');
INSERT INTO kliendisuhtlus (klient_id, tootaja_id, tyyp_id, sisu) VALUES (303, 168, 2, 'Kliendil oli maksega probleeme, andsime pikendust.');
INSERT INTO kliendisuhtlus (klient_id, tootaja_id, tyyp_id, sisu) VALUES (410, 132, 2, 'Toimus edukas tarkvarademo kliendi kontoris.');
INSERT INTO kliendisuhtlus (klient_id, tootaja_id, tyyp_id, sisu) VALUES (405, 64, 3, 'Helistasin, et koguda tagasisidet teenuse kohta.');
INSERT INTO kliendisuhtlus (klient_id, tootaja_id, tyyp_id, sisu) VALUES (414, 42, 1, 'Kliendiga arutatud uusi lahendusi ja koostöövõimalusi.');
INSERT INTO kliendisuhtlus (klient_id, tootaja_id, tyyp_id, sisu) VALUES (376, 81, 3, 'Kliendiga arutatud uusi lahendusi ja koostöövõimalusi.');
INSERT INTO kliendisuhtlus (klient_id, tootaja_id, tyyp_id, sisu) VALUES (470, 144, 3, 'Selgitasin tarneaja viibimise põhjuseid.');
INSERT INTO kliendisuhtlus (klient_id, tootaja_id, tyyp_id, sisu) VALUES (305, 183, 1, 'Helistasin, et koguda tagasisidet teenuse kohta.');
INSERT INTO kliendisuhtlus (klient_id, tootaja_id, tyyp_id, sisu) VALUES (467, 26, 1, 'Küsisin lisainfot eelseisva projekti asjus.');
INSERT INTO kliendisuhtlus (klient_id, tootaja_id, tyyp_id, sisu) VALUES (318, 142, 3, 'Saatsime kliendile uue hinnapakkumise.');
INSERT INTO kliendisuhtlus (klient_id, tootaja_id, tyyp_id, sisu) VALUES (357, 122, 2, 'Klient avaldas rahulolematust pretensiooniga, lahendasime olukorra.');
INSERT INTO kliendisuhtlus (klient_id, tootaja_id, tyyp_id, sisu) VALUES (330, 172, 1, 'Helistasin, et koguda tagasisidet teenuse kohta.');
INSERT INTO kliendisuhtlus (klient_id, tootaja_id, tyyp_id, sisu) VALUES (122, 161, 1, 'Kliendil oli maksega probleeme, andsime pikendust.');
INSERT INTO kliendisuhtlus (klient_id, tootaja_id, tyyp_id, sisu) VALUES (24, 10, 3, 'Toimus edukas tarkvarademo kliendi kontoris.');
INSERT INTO kliendisuhtlus (klient_id, tootaja_id, tyyp_id, sisu) VALUES (141, 65, 3, 'Leppisime kokku uue kohtumise järgmiseks nädalaks.');
INSERT INTO kliendisuhtlus (klient_id, tootaja_id, tyyp_id, sisu) VALUES (190, 23, 2, 'Leppisime kokku uue kohtumise järgmiseks nädalaks.');
INSERT INTO kliendisuhtlus (klient_id, tootaja_id, tyyp_id, sisu) VALUES (495, 130, 2, 'Küsisin lisainfot eelseisva projekti asjus.');
INSERT INTO kliendisuhtlus (klient_id, tootaja_id, tyyp_id, sisu) VALUES (333, 185, 1, 'Toimus edukas tarkvarademo kliendi kontoris.');
INSERT INTO kliendisuhtlus (klient_id, tootaja_id, tyyp_id, sisu) VALUES (324, 93, 2, 'Toimus edukas tarkvarademo kliendi kontoris.');
INSERT INTO kliendisuhtlus (klient_id, tootaja_id, tyyp_id, sisu) VALUES (255, 7, 2, 'Tegime soodustuse pikaajalise koostöö märgiks.');
INSERT INTO kliendisuhtlus (klient_id, tootaja_id, tyyp_id, sisu) VALUES (77, 145, 3, 'Tegime soodustuse pikaajalise koostöö märgiks.');
INSERT INTO kliendisuhtlus (klient_id, tootaja_id, tyyp_id, sisu) VALUES (497, 1, 1, 'Leppisime kokku uue kohtumise järgmiseks nädalaks.');
INSERT INTO kliendisuhtlus (klient_id, tootaja_id, tyyp_id, sisu) VALUES (323, 163, 1, 'Selgitasin tarneaja viibimise põhjuseid.');
INSERT INTO kliendisuhtlus (klient_id, tootaja_id, tyyp_id, sisu) VALUES (4, 65, 1, 'Helistasin, et koguda tagasisidet teenuse kohta.');
INSERT INTO kliendisuhtlus (klient_id, tootaja_id, tyyp_id, sisu) VALUES (54, 124, 3, 'Klient soovis esitatud tellimuses muudatusi teha.');
INSERT INTO kliendisuhtlus (klient_id, tootaja_id, tyyp_id, sisu) VALUES (55, 73, 1, 'Kliendiga arutatud uusi lahendusi ja koostöövõimalusi.');
INSERT INTO kliendisuhtlus (klient_id, tootaja_id, tyyp_id, sisu) VALUES (448, 140, 1, 'Tegime soodustuse pikaajalise koostöö märgiks.');
INSERT INTO kliendisuhtlus (klient_id, tootaja_id, tyyp_id, sisu) VALUES (259, 95, 2, 'Klient avaldas rahulolematust pretensiooniga, lahendasime olukorra.');
INSERT INTO kliendisuhtlus (klient_id, tootaja_id, tyyp_id, sisu) VALUES (217, 81, 1, 'Leppisime kokku uue kohtumise järgmiseks nädalaks.');
INSERT INTO kliendisuhtlus (klient_id, tootaja_id, tyyp_id, sisu) VALUES (335, 49, 3, 'Saatsime kliendile uue hinnapakkumise.');
INSERT INTO lojaalsusprogrammid (nimetus, punktide_kordaja) VALUES ('Püsikliendi punktid', 1.5);
INSERT INTO kliendikaardid (triipkood, klient_id, programm_id, punktid) VALUES ('CARD-44088715', 1, 1, 230);
INSERT INTO kliendikaardid (triipkood, klient_id, programm_id, punktid) VALUES ('CARD-02941335', 2, 1, 651);
INSERT INTO kliendikaardid (triipkood, klient_id, programm_id, punktid) VALUES ('CARD-72831231', 3, 1, 785);
INSERT INTO kliendikaardid (triipkood, klient_id, programm_id, punktid) VALUES ('CARD-99554569', 4, 1, 250);
INSERT INTO kliendikaardid (triipkood, klient_id, programm_id, punktid) VALUES ('CARD-49947702', 5, 1, 879);
INSERT INTO kliendikaardid (triipkood, klient_id, programm_id, punktid) VALUES ('CARD-28859034', 6, 1, 777);
INSERT INTO kliendikaardid (triipkood, klient_id, programm_id, punktid) VALUES ('CARD-27955762', 7, 1, 847);
INSERT INTO kliendikaardid (triipkood, klient_id, programm_id, punktid) VALUES ('CARD-92215825', 8, 1, 709);
INSERT INTO kliendikaardid (triipkood, klient_id, programm_id, punktid) VALUES ('CARD-29116881', 9, 1, 451);
INSERT INTO kliendikaardid (triipkood, klient_id, programm_id, punktid) VALUES ('CARD-32528924', 10, 1, 680);
INSERT INTO kliendikaardid (triipkood, klient_id, programm_id, punktid) VALUES ('CARD-79764934', 11, 1, 820);
INSERT INTO kliendikaardid (triipkood, klient_id, programm_id, punktid) VALUES ('CARD-05916074', 12, 1, 550);
INSERT INTO kliendikaardid (triipkood, klient_id, programm_id, punktid) VALUES ('CARD-39076149', 13, 1, 816);
INSERT INTO kliendikaardid (triipkood, klient_id, programm_id, punktid) VALUES ('CARD-27206855', 14, 1, 616);
INSERT INTO kliendikaardid (triipkood, klient_id, programm_id, punktid) VALUES ('CARD-15368333', 15, 1, 3);
INSERT INTO kliendikaardid (triipkood, klient_id, programm_id, punktid) VALUES ('CARD-90056502', 16, 1, 846);
INSERT INTO kliendikaardid (triipkood, klient_id, programm_id, punktid) VALUES ('CARD-86709886', 17, 1, 215);
INSERT INTO kliendikaardid (triipkood, klient_id, programm_id, punktid) VALUES ('CARD-97030018', 18, 1, 282);
INSERT INTO kliendikaardid (triipkood, klient_id, programm_id, punktid) VALUES ('CARD-92214644', 19, 1, 662);
INSERT INTO kliendikaardid (triipkood, klient_id, programm_id, punktid) VALUES ('CARD-80031764', 20, 1, 814);
INSERT INTO kliendikaardid (triipkood, klient_id, programm_id, punktid) VALUES ('CARD-71371917', 21, 1, 262);
INSERT INTO kliendikaardid (triipkood, klient_id, programm_id, punktid) VALUES ('CARD-46498643', 22, 1, 269);
INSERT INTO kliendikaardid (triipkood, klient_id, programm_id, punktid) VALUES ('CARD-72397564', 23, 1, 889);
INSERT INTO kliendikaardid (triipkood, klient_id, programm_id, punktid) VALUES ('CARD-96971069', 24, 1, 335);
INSERT INTO kliendikaardid (triipkood, klient_id, programm_id, punktid) VALUES ('CARD-97519733', 25, 1, 605);
INSERT INTO kliendikaardid (triipkood, klient_id, programm_id, punktid) VALUES ('CARD-50189675', 26, 1, 258);
INSERT INTO kliendikaardid (triipkood, klient_id, programm_id, punktid) VALUES ('CARD-53667968', 27, 1, 284);
INSERT INTO kliendikaardid (triipkood, klient_id, programm_id, punktid) VALUES ('CARD-88070703', 28, 1, 894);
INSERT INTO kliendikaardid (triipkood, klient_id, programm_id, punktid) VALUES ('CARD-69370111', 29, 1, 335);
INSERT INTO kliendikaardid (triipkood, klient_id, programm_id, punktid) VALUES ('CARD-01284747', 30, 1, 980);
INSERT INTO kliendikaardid (triipkood, klient_id, programm_id, punktid) VALUES ('CARD-68411334', 31, 1, 240);
INSERT INTO kliendikaardid (triipkood, klient_id, programm_id, punktid) VALUES ('CARD-59008494', 32, 1, 350);
INSERT INTO kliendikaardid (triipkood, klient_id, programm_id, punktid) VALUES ('CARD-24905273', 33, 1, 552);
INSERT INTO kliendikaardid (triipkood, klient_id, programm_id, punktid) VALUES ('CARD-50131536', 34, 1, 81);
INSERT INTO kliendikaardid (triipkood, klient_id, programm_id, punktid) VALUES ('CARD-70663749', 35, 1, 30);
INSERT INTO kliendikaardid (triipkood, klient_id, programm_id, punktid) VALUES ('CARD-16263813', 36, 1, 464);
INSERT INTO kliendikaardid (triipkood, klient_id, programm_id, punktid) VALUES ('CARD-48031238', 37, 1, 641);
INSERT INTO kliendikaardid (triipkood, klient_id, programm_id, punktid) VALUES ('CARD-80509360', 38, 1, 958);
INSERT INTO kliendikaardid (triipkood, klient_id, programm_id, punktid) VALUES ('CARD-64518062', 39, 1, 796);
INSERT INTO kliendikaardid (triipkood, klient_id, programm_id, punktid) VALUES ('CARD-82296983', 40, 1, 915);
INSERT INTO kliendikaardid (triipkood, klient_id, programm_id, punktid) VALUES ('CARD-99523594', 41, 1, 854);
INSERT INTO kliendikaardid (triipkood, klient_id, programm_id, punktid) VALUES ('CARD-12544740', 42, 1, 744);
INSERT INTO kliendikaardid (triipkood, klient_id, programm_id, punktid) VALUES ('CARD-77878071', 43, 1, 774);
INSERT INTO kliendikaardid (triipkood, klient_id, programm_id, punktid) VALUES ('CARD-16998053', 44, 1, 214);
INSERT INTO kliendikaardid (triipkood, klient_id, programm_id, punktid) VALUES ('CARD-25187063', 45, 1, 742);
INSERT INTO kliendikaardid (triipkood, klient_id, programm_id, punktid) VALUES ('CARD-03760434', 46, 1, 506);
INSERT INTO kliendikaardid (triipkood, klient_id, programm_id, punktid) VALUES ('CARD-43361070', 47, 1, 136);
INSERT INTO kliendikaardid (triipkood, klient_id, programm_id, punktid) VALUES ('CARD-94540166', 48, 1, 655);
INSERT INTO kliendikaardid (triipkood, klient_id, programm_id, punktid) VALUES ('CARD-75796482', 49, 1, 255);
INSERT INTO kliendikaardid (triipkood, klient_id, programm_id, punktid) VALUES ('CARD-27575563', 50, 1, 166);
INSERT INTO kliendikaardid (triipkood, klient_id, programm_id, punktid) VALUES ('CARD-08346332', 51, 1, 88);
INSERT INTO kliendikaardid (triipkood, klient_id, programm_id, punktid) VALUES ('CARD-45982792', 52, 1, 616);
INSERT INTO kliendikaardid (triipkood, klient_id, programm_id, punktid) VALUES ('CARD-39214880', 53, 1, 662);
INSERT INTO kliendikaardid (triipkood, klient_id, programm_id, punktid) VALUES ('CARD-05025228', 54, 1, 496);
INSERT INTO kliendikaardid (triipkood, klient_id, programm_id, punktid) VALUES ('CARD-27911469', 55, 1, 155);
INSERT INTO kliendikaardid (triipkood, klient_id, programm_id, punktid) VALUES ('CARD-34484372', 56, 1, 459);
INSERT INTO kliendikaardid (triipkood, klient_id, programm_id, punktid) VALUES ('CARD-92836037', 57, 1, 901);
INSERT INTO kliendikaardid (triipkood, klient_id, programm_id, punktid) VALUES ('CARD-96082342', 58, 1, 572);
INSERT INTO kliendikaardid (triipkood, klient_id, programm_id, punktid) VALUES ('CARD-56197752', 59, 1, 132);
INSERT INTO kliendikaardid (triipkood, klient_id, programm_id, punktid) VALUES ('CARD-94599094', 60, 1, 87);
INSERT INTO kliendikaardid (triipkood, klient_id, programm_id, punktid) VALUES ('CARD-65186398', 61, 1, 421);
INSERT INTO kliendikaardid (triipkood, klient_id, programm_id, punktid) VALUES ('CARD-45237812', 62, 1, 743);
INSERT INTO kliendikaardid (triipkood, klient_id, programm_id, punktid) VALUES ('CARD-41996662', 63, 1, 862);
INSERT INTO kliendikaardid (triipkood, klient_id, programm_id, punktid) VALUES ('CARD-37525263', 64, 1, 62);
INSERT INTO kliendikaardid (triipkood, klient_id, programm_id, punktid) VALUES ('CARD-15449401', 65, 1, 165);
INSERT INTO kliendikaardid (triipkood, klient_id, programm_id, punktid) VALUES ('CARD-62435596', 66, 1, 914);
INSERT INTO kliendikaardid (triipkood, klient_id, programm_id, punktid) VALUES ('CARD-63918386', 67, 1, 5);
INSERT INTO kliendikaardid (triipkood, klient_id, programm_id, punktid) VALUES ('CARD-31851763', 68, 1, 156);
INSERT INTO kliendikaardid (triipkood, klient_id, programm_id, punktid) VALUES ('CARD-34064242', 69, 1, 267);
INSERT INTO kliendikaardid (triipkood, klient_id, programm_id, punktid) VALUES ('CARD-33424929', 70, 1, 471);
INSERT INTO kliendikaardid (triipkood, klient_id, programm_id, punktid) VALUES ('CARD-42543200', 71, 1, 687);
INSERT INTO kliendikaardid (triipkood, klient_id, programm_id, punktid) VALUES ('CARD-02522947', 72, 1, 812);
INSERT INTO kliendikaardid (triipkood, klient_id, programm_id, punktid) VALUES ('CARD-27271154', 73, 1, 967);
INSERT INTO kliendikaardid (triipkood, klient_id, programm_id, punktid) VALUES ('CARD-80215075', 74, 1, 959);
INSERT INTO kliendikaardid (triipkood, klient_id, programm_id, punktid) VALUES ('CARD-12099009', 75, 1, 444);
INSERT INTO kliendikaardid (triipkood, klient_id, programm_id, punktid) VALUES ('CARD-23109635', 76, 1, 392);
INSERT INTO kliendikaardid (triipkood, klient_id, programm_id, punktid) VALUES ('CARD-12455990', 77, 1, 599);
INSERT INTO kliendikaardid (triipkood, klient_id, programm_id, punktid) VALUES ('CARD-38885863', 78, 1, 416);
INSERT INTO kliendikaardid (triipkood, klient_id, programm_id, punktid) VALUES ('CARD-95851609', 79, 1, 359);
INSERT INTO kliendikaardid (triipkood, klient_id, programm_id, punktid) VALUES ('CARD-89032083', 80, 1, 160);
INSERT INTO kliendikaardid (triipkood, klient_id, programm_id, punktid) VALUES ('CARD-85271218', 81, 1, 476);
INSERT INTO kliendikaardid (triipkood, klient_id, programm_id, punktid) VALUES ('CARD-58499758', 82, 1, 910);
INSERT INTO kliendikaardid (triipkood, klient_id, programm_id, punktid) VALUES ('CARD-35858841', 83, 1, 322);
INSERT INTO kliendikaardid (triipkood, klient_id, programm_id, punktid) VALUES ('CARD-51776175', 84, 1, 817);
INSERT INTO kliendikaardid (triipkood, klient_id, programm_id, punktid) VALUES ('CARD-08470746', 85, 1, 593);
INSERT INTO kliendikaardid (triipkood, klient_id, programm_id, punktid) VALUES ('CARD-45462913', 86, 1, 471);
INSERT INTO kliendikaardid (triipkood, klient_id, programm_id, punktid) VALUES ('CARD-04417762', 87, 1, 936);
INSERT INTO kliendikaardid (triipkood, klient_id, programm_id, punktid) VALUES ('CARD-93789108', 88, 1, 861);
INSERT INTO kliendikaardid (triipkood, klient_id, programm_id, punktid) VALUES ('CARD-81355332', 89, 1, 416);
INSERT INTO kliendikaardid (triipkood, klient_id, programm_id, punktid) VALUES ('CARD-94725224', 90, 1, 528);
INSERT INTO kliendikaardid (triipkood, klient_id, programm_id, punktid) VALUES ('CARD-89829550', 91, 1, 683);
INSERT INTO kliendikaardid (triipkood, klient_id, programm_id, punktid) VALUES ('CARD-84573629', 92, 1, 991);
INSERT INTO kliendikaardid (triipkood, klient_id, programm_id, punktid) VALUES ('CARD-85825521', 93, 1, 576);
INSERT INTO kliendikaardid (triipkood, klient_id, programm_id, punktid) VALUES ('CARD-56185246', 94, 1, 368);
INSERT INTO kliendikaardid (triipkood, klient_id, programm_id, punktid) VALUES ('CARD-76427998', 95, 1, 468);
INSERT INTO kliendikaardid (triipkood, klient_id, programm_id, punktid) VALUES ('CARD-57479759', 96, 1, 49);
INSERT INTO kliendikaardid (triipkood, klient_id, programm_id, punktid) VALUES ('CARD-62545309', 97, 1, 540);
INSERT INTO kliendikaardid (triipkood, klient_id, programm_id, punktid) VALUES ('CARD-48188303', 98, 1, 722);
INSERT INTO kliendikaardid (triipkood, klient_id, programm_id, punktid) VALUES ('CARD-85342738', 99, 1, 89);
INSERT INTO kliendikaardid (triipkood, klient_id, programm_id, punktid) VALUES ('CARD-18369609', 100, 1, 772);
INSERT INTO must_nimekiri (klient_id, pohjus) VALUES (70, 'Võlgnevus ja probleemne maksekäitumine');
INSERT INTO must_nimekiri (klient_id, pohjus) VALUES (397, 'Võlgnevus ja probleemne maksekäitumine');
INSERT INTO must_nimekiri (klient_id, pohjus) VALUES (441, 'Võlgnevus ja probleemne maksekäitumine');
INSERT INTO must_nimekiri (klient_id, pohjus) VALUES (137, 'Võlgnevus ja probleemne maksekäitumine');
INSERT INTO must_nimekiri (klient_id, pohjus) VALUES (55, 'Võlgnevus ja probleemne maksekäitumine');
INSERT INTO must_nimekiri (klient_id, pohjus) VALUES (488, 'Võlgnevus ja probleemne maksekäitumine');
INSERT INTO must_nimekiri (klient_id, pohjus) VALUES (399, 'Võlgnevus ja probleemne maksekäitumine');
INSERT INTO must_nimekiri (klient_id, pohjus) VALUES (269, 'Võlgnevus ja probleemne maksekäitumine');
INSERT INTO must_nimekiri (klient_id, pohjus) VALUES (383, 'Võlgnevus ja probleemne maksekäitumine');
INSERT INTO must_nimekiri (klient_id, pohjus) VALUES (473, 'Võlgnevus ja probleemne maksekäitumine');
INSERT INTO must_nimekiri (klient_id, pohjus) VALUES (387, 'Võlgnevus ja probleemne maksekäitumine');
INSERT INTO must_nimekiri (klient_id, pohjus) VALUES (20, 'Võlgnevus ja probleemne maksekäitumine');
INSERT INTO must_nimekiri (klient_id, pohjus) VALUES (193, 'Võlgnevus ja probleemne maksekäitumine');
INSERT INTO must_nimekiri (klient_id, pohjus) VALUES (389, 'Võlgnevus ja probleemne maksekäitumine');
INSERT INTO must_nimekiri (klient_id, pohjus) VALUES (140, 'Võlgnevus ja probleemne maksekäitumine');
INSERT INTO mootuhikud (lyhend) VALUES ('tk');
INSERT INTO mootuhikud (lyhend) VALUES ('kg');
INSERT INTO mootuhikud (lyhend) VALUES ('m');
INSERT INTO mootuhikud (lyhend) VALUES ('liiter');
INSERT INTO mootuhikud (lyhend) VALUES ('pakend');
INSERT INTO tootekategooriad (ylemkategooria_id, nimetus) VALUES (NULL, 'Elektroonika');
INSERT INTO tootekategooriad (ylemkategooria_id, nimetus) VALUES (NULL, 'Arvutid');
INSERT INTO tootekategooriad (ylemkategooria_id, nimetus) VALUES (NULL, 'Telefonid');
INSERT INTO tootekategooriad (ylemkategooria_id, nimetus) VALUES (NULL, 'Mööbel');
INSERT INTO tootekategooriad (ylemkategooria_id, nimetus) VALUES (NULL, 'Kontoritarbed');
INSERT INTO brandid (nimi, paaritolu_riik) VALUES ('Sony', 'Jaapan');
INSERT INTO brandid (nimi, paaritolu_riik) VALUES ('Apple', 'Jaapan');
INSERT INTO brandid (nimi, paaritolu_riik) VALUES ('Samsung', 'Lõuna-Korea');
INSERT INTO brandid (nimi, paaritolu_riik) VALUES ('Dell', 'USA');
INSERT INTO brandid (nimi, paaritolu_riik) VALUES ('Isku', 'Eesti');
INSERT INTO brandid (nimi, paaritolu_riik) VALUES ('Logitech', 'USA');
INSERT INTO brandid (nimi, paaritolu_riik) VALUES ('Jabra', 'Šveits');
INSERT INTO brandid (nimi, paaritolu_riik) VALUES ('Lenovo', 'Hiina');
INSERT INTO brandid (nimi, paaritolu_riik) VALUES ('Asus', 'Hiina');
INSERT INTO brandid (nimi, paaritolu_riik) VALUES ('HP', 'USA');
INSERT INTO tooted (kategooria_id, brand_id, uhik_id, tootekood, nimetus, baashind) VALUES (2, 3, 1, 'SKU-1000', 'Sülearvuti Basic 718', 284.93);
INSERT INTO tooted (kategooria_id, brand_id, uhik_id, tootekood, nimetus, baashind) VALUES (2, 10, 1, 'SKU-1001', 'Hiir Mini 951', 591.98);
INSERT INTO tooted (kategooria_id, brand_id, uhik_id, tootekood, nimetus, baashind) VALUES (5, 7, 1, 'SKU-1002', 'Sülearvuti Basic 160', 905.41);
INSERT INTO tooted (kategooria_id, brand_id, uhik_id, tootekood, nimetus, baashind) VALUES (4, 3, 5, 'SKU-1003', 'Sülearvuti Väike 156', 908.2);
INSERT INTO tooted (kategooria_id, brand_id, uhik_id, tootekood, nimetus, baashind) VALUES (5, 4, 5, 'SKU-1004', 'Monitor Premium 334', 1281.46);
INSERT INTO tooted (kategooria_id, brand_id, uhik_id, tootekood, nimetus, baashind) VALUES (3, 7, 3, 'SKU-1005', 'Sülearvuti XXL 505', 1448.04);
INSERT INTO tooted (kategooria_id, brand_id, uhik_id, tootekood, nimetus, baashind) VALUES (5, 5, 3, 'SKU-1006', 'Kaabel Mini 334', 260.98);
INSERT INTO tooted (kategooria_id, brand_id, uhik_id, tootekood, nimetus, baashind) VALUES (1, 4, 3, 'SKU-1007', 'Klaviatuur Must 712', 1270.6);
INSERT INTO tooted (kategooria_id, brand_id, uhik_id, tootekood, nimetus, baashind) VALUES (5, 8, 3, 'SKU-1008', 'Hiir XXL 394', 470.38);
INSERT INTO tooted (kategooria_id, brand_id, uhik_id, tootekood, nimetus, baashind) VALUES (3, 6, 5, 'SKU-1009', 'Laud Suur 488', 197.52);
INSERT INTO tooted (kategooria_id, brand_id, uhik_id, tootekood, nimetus, baashind) VALUES (2, 6, 2, 'SKU-1010', 'Laud Valge 712', 980.79);
INSERT INTO tooted (kategooria_id, brand_id, uhik_id, tootekood, nimetus, baashind) VALUES (5, 6, 2, 'SKU-1011', 'Sülearvuti Väike 459', 51.28);
INSERT INTO tooted (kategooria_id, brand_id, uhik_id, tootekood, nimetus, baashind) VALUES (4, 2, 1, 'SKU-1012', 'Laud Ultra 62', 294.29);
INSERT INTO tooted (kategooria_id, brand_id, uhik_id, tootekood, nimetus, baashind) VALUES (4, 10, 3, 'SKU-1013', 'Telefon Basic 653', 950.37);
INSERT INTO tooted (kategooria_id, brand_id, uhik_id, tootekood, nimetus, baashind) VALUES (1, 4, 4, 'SKU-1014', 'Kaabel Ultra 136', 801.46);
INSERT INTO tooted (kategooria_id, brand_id, uhik_id, tootekood, nimetus, baashind) VALUES (3, 9, 5, 'SKU-1015', 'Laud XXL 125', 131.01);
INSERT INTO tooted (kategooria_id, brand_id, uhik_id, tootekood, nimetus, baashind) VALUES (2, 6, 4, 'SKU-1016', 'Laud Suur 73', 399.17);
INSERT INTO tooted (kategooria_id, brand_id, uhik_id, tootekood, nimetus, baashind) VALUES (1, 4, 3, 'SKU-1017', 'Kõrvaklapid Premium 255', 1301.05);
INSERT INTO tooted (kategooria_id, brand_id, uhik_id, tootekood, nimetus, baashind) VALUES (1, 7, 1, 'SKU-1018', 'Laud Pro 231', 261.3);
INSERT INTO tooted (kategooria_id, brand_id, uhik_id, tootekood, nimetus, baashind) VALUES (5, 5, 4, 'SKU-1019', 'Klaviatuur Mini 333', 465.78);
INSERT INTO tooted (kategooria_id, brand_id, uhik_id, tootekood, nimetus, baashind) VALUES (1, 2, 3, 'SKU-1020', 'Sülearvuti XXL 840', 1321.31);
INSERT INTO tooted (kategooria_id, brand_id, uhik_id, tootekood, nimetus, baashind) VALUES (1, 5, 3, 'SKU-1021', 'Dokk Mini 149', 1215.75);
INSERT INTO tooted (kategooria_id, brand_id, uhik_id, tootekood, nimetus, baashind) VALUES (2, 6, 5, 'SKU-1022', 'Kaabel Pro 776', 1051.56);
INSERT INTO tooted (kategooria_id, brand_id, uhik_id, tootekood, nimetus, baashind) VALUES (4, 10, 2, 'SKU-1023', 'Monitor XXL 258', 509.33);
INSERT INTO tooted (kategooria_id, brand_id, uhik_id, tootekood, nimetus, baashind) VALUES (5, 2, 4, 'SKU-1024', 'Monitor Pro 260', 1425.3);
INSERT INTO tooted (kategooria_id, brand_id, uhik_id, tootekood, nimetus, baashind) VALUES (4, 2, 1, 'SKU-1025', 'Kaabel Suur 89', 173.68);
INSERT INTO tooted (kategooria_id, brand_id, uhik_id, tootekood, nimetus, baashind) VALUES (3, 2, 2, 'SKU-1026', 'Klaviatuur Pro 298', 1463.52);
INSERT INTO tooted (kategooria_id, brand_id, uhik_id, tootekood, nimetus, baashind) VALUES (3, 4, 5, 'SKU-1027', 'Hiir Suur 179', 989.04);
INSERT INTO tooted (kategooria_id, brand_id, uhik_id, tootekood, nimetus, baashind) VALUES (3, 9, 4, 'SKU-1028', 'Dokk Mini 162', 1404.27);
INSERT INTO tooted (kategooria_id, brand_id, uhik_id, tootekood, nimetus, baashind) VALUES (5, 2, 5, 'SKU-1029', 'Tool Premium 434', 417.38);
INSERT INTO tooted (kategooria_id, brand_id, uhik_id, tootekood, nimetus, baashind) VALUES (2, 9, 3, 'SKU-1030', 'Telefon Must 576', 1083.57);
INSERT INTO tooted (kategooria_id, brand_id, uhik_id, tootekood, nimetus, baashind) VALUES (5, 1, 5, 'SKU-1031', 'Monitor Suur 232', 84.37);
INSERT INTO tooted (kategooria_id, brand_id, uhik_id, tootekood, nimetus, baashind) VALUES (4, 2, 2, 'SKU-1032', 'Monitor Must 69', 1183.26);
INSERT INTO tooted (kategooria_id, brand_id, uhik_id, tootekood, nimetus, baashind) VALUES (3, 1, 1, 'SKU-1033', 'Tool Premium 529', 704.2);
INSERT INTO tooted (kategooria_id, brand_id, uhik_id, tootekood, nimetus, baashind) VALUES (2, 3, 1, 'SKU-1034', 'Kaabel Basic 603', 1210.41);
INSERT INTO tooted (kategooria_id, brand_id, uhik_id, tootekood, nimetus, baashind) VALUES (3, 8, 2, 'SKU-1035', 'Telefon Suur 427', 1394.94);
INSERT INTO tooted (kategooria_id, brand_id, uhik_id, tootekood, nimetus, baashind) VALUES (3, 10, 2, 'SKU-1036', 'Telefon Mini 734', 1435.53);
INSERT INTO tooted (kategooria_id, brand_id, uhik_id, tootekood, nimetus, baashind) VALUES (4, 10, 5, 'SKU-1037', 'Klaviatuur XXL 655', 1049.43);
INSERT INTO tooted (kategooria_id, brand_id, uhik_id, tootekood, nimetus, baashind) VALUES (1, 2, 4, 'SKU-1038', 'Kõrvaklapid Basic 152', 207.71);
INSERT INTO tooted (kategooria_id, brand_id, uhik_id, tootekood, nimetus, baashind) VALUES (1, 3, 4, 'SKU-1039', 'Laud XXL 507', 1185.79);
INSERT INTO tooted (kategooria_id, brand_id, uhik_id, tootekood, nimetus, baashind) VALUES (3, 4, 1, 'SKU-1040', 'Kõrvaklapid Väike 359', 757.66);
INSERT INTO tooted (kategooria_id, brand_id, uhik_id, tootekood, nimetus, baashind) VALUES (5, 3, 1, 'SKU-1041', 'Sülearvuti Ultra 141', 744.92);
INSERT INTO tooted (kategooria_id, brand_id, uhik_id, tootekood, nimetus, baashind) VALUES (1, 7, 4, 'SKU-1042', 'Dokk Pro 119', 549.01);
INSERT INTO tooted (kategooria_id, brand_id, uhik_id, tootekood, nimetus, baashind) VALUES (1, 6, 2, 'SKU-1043', 'Klaviatuur Valge 270', 226.18);
INSERT INTO tooted (kategooria_id, brand_id, uhik_id, tootekood, nimetus, baashind) VALUES (1, 4, 4, 'SKU-1044', 'Dokk Mini 564', 1046.82);
INSERT INTO tooted (kategooria_id, brand_id, uhik_id, tootekood, nimetus, baashind) VALUES (3, 8, 2, 'SKU-1045', 'Monitor Väike 503', 1318.99);
INSERT INTO tooted (kategooria_id, brand_id, uhik_id, tootekood, nimetus, baashind) VALUES (5, 6, 3, 'SKU-1046', 'Sülearvuti Basic 878', 1136.92);
INSERT INTO tooted (kategooria_id, brand_id, uhik_id, tootekood, nimetus, baashind) VALUES (5, 2, 1, 'SKU-1047', 'Sülearvuti Mini 387', 650.28);
INSERT INTO tooted (kategooria_id, brand_id, uhik_id, tootekood, nimetus, baashind) VALUES (4, 10, 5, 'SKU-1048', 'Kõrvaklapid XXL 482', 277.83);
INSERT INTO tooted (kategooria_id, brand_id, uhik_id, tootekood, nimetus, baashind) VALUES (5, 6, 2, 'SKU-1049', 'Tool Suur 983', 1049.16);
INSERT INTO tooted (kategooria_id, brand_id, uhik_id, tootekood, nimetus, baashind) VALUES (2, 9, 2, 'SKU-1050', 'Klaviatuur Väike 778', 645.54);
INSERT INTO tooted (kategooria_id, brand_id, uhik_id, tootekood, nimetus, baashind) VALUES (4, 3, 5, 'SKU-1051', 'Hiir Must 626', 583.63);
INSERT INTO tooted (kategooria_id, brand_id, uhik_id, tootekood, nimetus, baashind) VALUES (4, 9, 3, 'SKU-1052', 'Telefon Suur 546', 112.5);
INSERT INTO tooted (kategooria_id, brand_id, uhik_id, tootekood, nimetus, baashind) VALUES (3, 3, 3, 'SKU-1053', 'Kõrvaklapid Mini 785', 1409.57);
INSERT INTO tooted (kategooria_id, brand_id, uhik_id, tootekood, nimetus, baashind) VALUES (4, 10, 1, 'SKU-1054', 'Kõrvaklapid Premium 599', 21.4);
INSERT INTO tooted (kategooria_id, brand_id, uhik_id, tootekood, nimetus, baashind) VALUES (5, 8, 1, 'SKU-1055', 'Telefon Valge 257', 1414.95);
INSERT INTO tooted (kategooria_id, brand_id, uhik_id, tootekood, nimetus, baashind) VALUES (1, 8, 2, 'SKU-1056', 'Dokk Premium 197', 659.85);
INSERT INTO tooted (kategooria_id, brand_id, uhik_id, tootekood, nimetus, baashind) VALUES (5, 8, 3, 'SKU-1057', 'Kõrvaklapid Basic 456', 1038.18);
INSERT INTO tooted (kategooria_id, brand_id, uhik_id, tootekood, nimetus, baashind) VALUES (3, 1, 3, 'SKU-1058', 'Kaabel Must 904', 634.88);
INSERT INTO tooted (kategooria_id, brand_id, uhik_id, tootekood, nimetus, baashind) VALUES (4, 4, 3, 'SKU-1059', 'Monitor Suur 314', 433.47);
INSERT INTO tooted (kategooria_id, brand_id, uhik_id, tootekood, nimetus, baashind) VALUES (1, 7, 1, 'SKU-1060', 'Kõrvaklapid Suur 998', 1173.58);
INSERT INTO tooted (kategooria_id, brand_id, uhik_id, tootekood, nimetus, baashind) VALUES (3, 7, 4, 'SKU-1061', 'Hiir Premium 487', 728.03);
INSERT INTO tooted (kategooria_id, brand_id, uhik_id, tootekood, nimetus, baashind) VALUES (4, 5, 1, 'SKU-1062', 'Klaviatuur Must 482', 739.53);
INSERT INTO tooted (kategooria_id, brand_id, uhik_id, tootekood, nimetus, baashind) VALUES (5, 5, 3, 'SKU-1063', 'Monitor Valge 194', 1054.16);
INSERT INTO tooted (kategooria_id, brand_id, uhik_id, tootekood, nimetus, baashind) VALUES (1, 7, 5, 'SKU-1064', 'Laud Basic 685', 582.18);
INSERT INTO tooted (kategooria_id, brand_id, uhik_id, tootekood, nimetus, baashind) VALUES (4, 2, 3, 'SKU-1065', 'Klaviatuur Ultra 885', 712.62);
INSERT INTO tooted (kategooria_id, brand_id, uhik_id, tootekood, nimetus, baashind) VALUES (5, 3, 4, 'SKU-1066', 'Kõrvaklapid Suur 261', 997.44);
INSERT INTO tooted (kategooria_id, brand_id, uhik_id, tootekood, nimetus, baashind) VALUES (5, 8, 4, 'SKU-1067', 'Kaabel Mini 479', 1408.93);
INSERT INTO tooted (kategooria_id, brand_id, uhik_id, tootekood, nimetus, baashind) VALUES (3, 4, 2, 'SKU-1068', 'Laud Valge 653', 785.52);
INSERT INTO tooted (kategooria_id, brand_id, uhik_id, tootekood, nimetus, baashind) VALUES (3, 3, 3, 'SKU-1069', 'Kõrvaklapid Pro 524', 524.94);
INSERT INTO tooted (kategooria_id, brand_id, uhik_id, tootekood, nimetus, baashind) VALUES (1, 5, 1, 'SKU-1070', 'Tool XXL 498', 1393.75);
INSERT INTO tooted (kategooria_id, brand_id, uhik_id, tootekood, nimetus, baashind) VALUES (2, 6, 4, 'SKU-1071', 'Laud Premium 139', 52.19);
INSERT INTO tooted (kategooria_id, brand_id, uhik_id, tootekood, nimetus, baashind) VALUES (4, 6, 3, 'SKU-1072', 'Telefon Valge 876', 211.88);
INSERT INTO tooted (kategooria_id, brand_id, uhik_id, tootekood, nimetus, baashind) VALUES (2, 1, 4, 'SKU-1073', 'Tool Suur 833', 392.93);
INSERT INTO tooted (kategooria_id, brand_id, uhik_id, tootekood, nimetus, baashind) VALUES (4, 1, 2, 'SKU-1074', 'Klaviatuur XXL 730', 23.4);
INSERT INTO tooted (kategooria_id, brand_id, uhik_id, tootekood, nimetus, baashind) VALUES (2, 1, 2, 'SKU-1075', 'Tool XXL 782', 491.88);
INSERT INTO tooted (kategooria_id, brand_id, uhik_id, tootekood, nimetus, baashind) VALUES (5, 4, 2, 'SKU-1076', 'Kaabel Ultra 127', 730.23);
INSERT INTO tooted (kategooria_id, brand_id, uhik_id, tootekood, nimetus, baashind) VALUES (1, 8, 5, 'SKU-1077', 'Kõrvaklapid Basic 617', 257.32);
INSERT INTO tooted (kategooria_id, brand_id, uhik_id, tootekood, nimetus, baashind) VALUES (1, 5, 5, 'SKU-1078', 'Tool Pro 558', 736.42);
INSERT INTO tooted (kategooria_id, brand_id, uhik_id, tootekood, nimetus, baashind) VALUES (1, 8, 4, 'SKU-1079', 'Telefon Must 138', 549.38);
INSERT INTO tooted (kategooria_id, brand_id, uhik_id, tootekood, nimetus, baashind) VALUES (5, 10, 3, 'SKU-1080', 'Laud Premium 832', 764.27);
INSERT INTO tooted (kategooria_id, brand_id, uhik_id, tootekood, nimetus, baashind) VALUES (5, 4, 3, 'SKU-1081', 'Kõrvaklapid Premium 228', 771.06);
INSERT INTO tooted (kategooria_id, brand_id, uhik_id, tootekood, nimetus, baashind) VALUES (4, 4, 5, 'SKU-1082', 'Telefon Suur 726', 495.68);
INSERT INTO tooted (kategooria_id, brand_id, uhik_id, tootekood, nimetus, baashind) VALUES (1, 10, 2, 'SKU-1083', 'Laud Valge 866', 1389.02);
INSERT INTO tooted (kategooria_id, brand_id, uhik_id, tootekood, nimetus, baashind) VALUES (5, 5, 3, 'SKU-1084', 'Kaabel Väike 790', 920.53);
INSERT INTO tooted (kategooria_id, brand_id, uhik_id, tootekood, nimetus, baashind) VALUES (5, 3, 2, 'SKU-1085', 'Tool Pro 564', 1436.12);
INSERT INTO tooted (kategooria_id, brand_id, uhik_id, tootekood, nimetus, baashind) VALUES (2, 6, 3, 'SKU-1086', 'Telefon Valge 861', 91.18);
INSERT INTO tooted (kategooria_id, brand_id, uhik_id, tootekood, nimetus, baashind) VALUES (3, 6, 4, 'SKU-1087', 'Kõrvaklapid Must 740', 904.75);
INSERT INTO tooted (kategooria_id, brand_id, uhik_id, tootekood, nimetus, baashind) VALUES (1, 2, 2, 'SKU-1088', 'Telefon Must 215', 1357.74);
INSERT INTO tooted (kategooria_id, brand_id, uhik_id, tootekood, nimetus, baashind) VALUES (2, 3, 2, 'SKU-1089', 'Dokk Basic 356', 864.74);
INSERT INTO tooted (kategooria_id, brand_id, uhik_id, tootekood, nimetus, baashind) VALUES (4, 10, 1, 'SKU-1090', 'Tool Väike 289', 238.14);
INSERT INTO tooted (kategooria_id, brand_id, uhik_id, tootekood, nimetus, baashind) VALUES (4, 1, 1, 'SKU-1091', 'Kaabel Must 624', 707.08);
INSERT INTO tooted (kategooria_id, brand_id, uhik_id, tootekood, nimetus, baashind) VALUES (3, 9, 1, 'SKU-1092', 'Laud Premium 51', 854.37);
INSERT INTO tooted (kategooria_id, brand_id, uhik_id, tootekood, nimetus, baashind) VALUES (4, 6, 3, 'SKU-1093', 'Hiir Basic 807', 1067.21);
INSERT INTO tooted (kategooria_id, brand_id, uhik_id, tootekood, nimetus, baashind) VALUES (4, 2, 1, 'SKU-1094', 'Tool Basic 722', 1375.85);
INSERT INTO tooted (kategooria_id, brand_id, uhik_id, tootekood, nimetus, baashind) VALUES (4, 3, 1, 'SKU-1095', 'Klaviatuur Väike 650', 431.48);
INSERT INTO tooted (kategooria_id, brand_id, uhik_id, tootekood, nimetus, baashind) VALUES (1, 9, 5, 'SKU-1096', 'Dokk Väike 819', 985.9);
INSERT INTO tooted (kategooria_id, brand_id, uhik_id, tootekood, nimetus, baashind) VALUES (4, 9, 2, 'SKU-1097', 'Sülearvuti Mini 985', 779.6);
INSERT INTO tooted (kategooria_id, brand_id, uhik_id, tootekood, nimetus, baashind) VALUES (2, 8, 4, 'SKU-1098', 'Kõrvaklapid Ultra 998', 617.97);
INSERT INTO tooted (kategooria_id, brand_id, uhik_id, tootekood, nimetus, baashind) VALUES (5, 2, 5, 'SKU-1099', 'Laud Valge 78', 633.82);
INSERT INTO tooted (kategooria_id, brand_id, uhik_id, tootekood, nimetus, baashind) VALUES (4, 9, 5, 'SKU-1100', 'Monitor Väike 444', 547.73);
INSERT INTO tooted (kategooria_id, brand_id, uhik_id, tootekood, nimetus, baashind) VALUES (3, 3, 3, 'SKU-1101', 'Laud Ultra 106', 1447.41);
INSERT INTO tooted (kategooria_id, brand_id, uhik_id, tootekood, nimetus, baashind) VALUES (4, 7, 5, 'SKU-1102', 'Klaviatuur Väike 939', 1221.75);
INSERT INTO tooted (kategooria_id, brand_id, uhik_id, tootekood, nimetus, baashind) VALUES (3, 1, 5, 'SKU-1103', 'Tool Basic 826', 709.29);
INSERT INTO tooted (kategooria_id, brand_id, uhik_id, tootekood, nimetus, baashind) VALUES (1, 8, 4, 'SKU-1104', 'Kaabel XXL 60', 1195.5);
INSERT INTO tooted (kategooria_id, brand_id, uhik_id, tootekood, nimetus, baashind) VALUES (5, 9, 4, 'SKU-1105', 'Klaviatuur Väike 631', 852.04);
INSERT INTO tooted (kategooria_id, brand_id, uhik_id, tootekood, nimetus, baashind) VALUES (4, 10, 3, 'SKU-1106', 'Hiir Valge 616', 1262.41);
INSERT INTO tooted (kategooria_id, brand_id, uhik_id, tootekood, nimetus, baashind) VALUES (3, 3, 5, 'SKU-1107', 'Tool Valge 954', 195.55);
INSERT INTO tooted (kategooria_id, brand_id, uhik_id, tootekood, nimetus, baashind) VALUES (5, 4, 2, 'SKU-1108', 'Tool Premium 388', 151.7);
INSERT INTO tooted (kategooria_id, brand_id, uhik_id, tootekood, nimetus, baashind) VALUES (3, 2, 3, 'SKU-1109', 'Kaabel Basic 733', 940.17);
INSERT INTO tooted (kategooria_id, brand_id, uhik_id, tootekood, nimetus, baashind) VALUES (2, 1, 2, 'SKU-1110', 'Sülearvuti Premium 411', 1205.16);
INSERT INTO tooted (kategooria_id, brand_id, uhik_id, tootekood, nimetus, baashind) VALUES (5, 10, 1, 'SKU-1111', 'Laud Valge 126', 210.21);
INSERT INTO tooted (kategooria_id, brand_id, uhik_id, tootekood, nimetus, baashind) VALUES (4, 3, 3, 'SKU-1112', 'Tool Basic 321', 1051.2);
INSERT INTO tooted (kategooria_id, brand_id, uhik_id, tootekood, nimetus, baashind) VALUES (3, 8, 5, 'SKU-1113', 'Dokk Premium 940', 805.9);
INSERT INTO tooted (kategooria_id, brand_id, uhik_id, tootekood, nimetus, baashind) VALUES (4, 5, 1, 'SKU-1114', 'Kõrvaklapid Must 701', 471.15);
INSERT INTO tooted (kategooria_id, brand_id, uhik_id, tootekood, nimetus, baashind) VALUES (3, 5, 2, 'SKU-1115', 'Monitor Basic 87', 479.92);
INSERT INTO tooted (kategooria_id, brand_id, uhik_id, tootekood, nimetus, baashind) VALUES (1, 2, 2, 'SKU-1116', 'Laud Pro 584', 147.71);
INSERT INTO tooted (kategooria_id, brand_id, uhik_id, tootekood, nimetus, baashind) VALUES (3, 3, 2, 'SKU-1117', 'Klaviatuur Premium 254', 529.61);
INSERT INTO tooted (kategooria_id, brand_id, uhik_id, tootekood, nimetus, baashind) VALUES (3, 6, 3, 'SKU-1118', 'Telefon XXL 560', 1267.05);
INSERT INTO tooted (kategooria_id, brand_id, uhik_id, tootekood, nimetus, baashind) VALUES (4, 4, 3, 'SKU-1119', 'Sülearvuti Ultra 120', 1026.9);
INSERT INTO tooted (kategooria_id, brand_id, uhik_id, tootekood, nimetus, baashind) VALUES (2, 9, 1, 'SKU-1120', 'Hiir Pro 721', 537.16);
INSERT INTO tooted (kategooria_id, brand_id, uhik_id, tootekood, nimetus, baashind) VALUES (3, 8, 3, 'SKU-1121', 'Klaviatuur XXL 537', 809.39);
INSERT INTO tooted (kategooria_id, brand_id, uhik_id, tootekood, nimetus, baashind) VALUES (1, 4, 1, 'SKU-1122', 'Kaabel Premium 46', 840.5);
INSERT INTO tooted (kategooria_id, brand_id, uhik_id, tootekood, nimetus, baashind) VALUES (2, 2, 4, 'SKU-1123', 'Sülearvuti Must 888', 55.84);
INSERT INTO tooted (kategooria_id, brand_id, uhik_id, tootekood, nimetus, baashind) VALUES (1, 4, 5, 'SKU-1124', 'Monitor Mini 318', 987.42);
INSERT INTO tooted (kategooria_id, brand_id, uhik_id, tootekood, nimetus, baashind) VALUES (5, 10, 5, 'SKU-1125', 'Sülearvuti Ultra 988', 1203.18);
INSERT INTO tooted (kategooria_id, brand_id, uhik_id, tootekood, nimetus, baashind) VALUES (4, 1, 5, 'SKU-1126', 'Kaabel Premium 320', 133.59);
INSERT INTO tooted (kategooria_id, brand_id, uhik_id, tootekood, nimetus, baashind) VALUES (3, 7, 3, 'SKU-1127', 'Dokk Pro 495', 189.11);
INSERT INTO tooted (kategooria_id, brand_id, uhik_id, tootekood, nimetus, baashind) VALUES (1, 9, 5, 'SKU-1128', 'Dokk Ultra 879', 869.54);
INSERT INTO tooted (kategooria_id, brand_id, uhik_id, tootekood, nimetus, baashind) VALUES (1, 5, 2, 'SKU-1129', 'Monitor Mini 45', 1034.54);
INSERT INTO tooted (kategooria_id, brand_id, uhik_id, tootekood, nimetus, baashind) VALUES (2, 10, 4, 'SKU-1130', 'Monitor Valge 292', 486.56);
INSERT INTO tooted (kategooria_id, brand_id, uhik_id, tootekood, nimetus, baashind) VALUES (2, 8, 5, 'SKU-1131', 'Dokk Mini 6', 769.72);
INSERT INTO tooted (kategooria_id, brand_id, uhik_id, tootekood, nimetus, baashind) VALUES (2, 9, 5, 'SKU-1132', 'Tool Premium 12', 517.42);
INSERT INTO tooted (kategooria_id, brand_id, uhik_id, tootekood, nimetus, baashind) VALUES (4, 1, 5, 'SKU-1133', 'Dokk XXL 501', 28.46);
INSERT INTO tooted (kategooria_id, brand_id, uhik_id, tootekood, nimetus, baashind) VALUES (2, 8, 3, 'SKU-1134', 'Monitor Suur 433', 101.4);
INSERT INTO tooted (kategooria_id, brand_id, uhik_id, tootekood, nimetus, baashind) VALUES (3, 9, 2, 'SKU-1135', 'Kõrvaklapid Valge 267', 56.7);
INSERT INTO tooted (kategooria_id, brand_id, uhik_id, tootekood, nimetus, baashind) VALUES (1, 1, 2, 'SKU-1136', 'Telefon Suur 807', 934.56);
INSERT INTO tooted (kategooria_id, brand_id, uhik_id, tootekood, nimetus, baashind) VALUES (1, 6, 5, 'SKU-1137', 'Monitor Must 631', 1372.15);
INSERT INTO tooted (kategooria_id, brand_id, uhik_id, tootekood, nimetus, baashind) VALUES (1, 3, 3, 'SKU-1138', 'Tool Valge 958', 9.21);
INSERT INTO tooted (kategooria_id, brand_id, uhik_id, tootekood, nimetus, baashind) VALUES (1, 5, 2, 'SKU-1139', 'Kaabel XXL 180', 1441.36);
INSERT INTO tooted (kategooria_id, brand_id, uhik_id, tootekood, nimetus, baashind) VALUES (2, 9, 4, 'SKU-1140', 'Tool Suur 516', 190.7);
INSERT INTO tooted (kategooria_id, brand_id, uhik_id, tootekood, nimetus, baashind) VALUES (5, 7, 5, 'SKU-1141', 'Sülearvuti Basic 6', 1000.4);
INSERT INTO tooted (kategooria_id, brand_id, uhik_id, tootekood, nimetus, baashind) VALUES (3, 8, 5, 'SKU-1142', 'Hiir Basic 854', 291.2);
INSERT INTO tooted (kategooria_id, brand_id, uhik_id, tootekood, nimetus, baashind) VALUES (1, 7, 2, 'SKU-1143', 'Sülearvuti Ultra 272', 795.84);
INSERT INTO tooted (kategooria_id, brand_id, uhik_id, tootekood, nimetus, baashind) VALUES (4, 8, 2, 'SKU-1144', 'Kõrvaklapid Mini 469', 467.91);
INSERT INTO tooted (kategooria_id, brand_id, uhik_id, tootekood, nimetus, baashind) VALUES (1, 7, 1, 'SKU-1145', 'Telefon Väike 449', 598.89);
INSERT INTO tooted (kategooria_id, brand_id, uhik_id, tootekood, nimetus, baashind) VALUES (2, 2, 5, 'SKU-1146', 'Klaviatuur XXL 856', 576.36);
INSERT INTO tooted (kategooria_id, brand_id, uhik_id, tootekood, nimetus, baashind) VALUES (1, 10, 5, 'SKU-1147', 'Dokk Valge 823', 184.12);
INSERT INTO tooted (kategooria_id, brand_id, uhik_id, tootekood, nimetus, baashind) VALUES (1, 6, 4, 'SKU-1148', 'Sülearvuti Must 736', 1250.69);
INSERT INTO tooted (kategooria_id, brand_id, uhik_id, tootekood, nimetus, baashind) VALUES (1, 5, 1, 'SKU-1149', 'Hiir Pro 718', 580.23);
INSERT INTO tarnijad (nimi, kontaktisik) VALUES ('Tarnija 1 OÜ', 'Igor Jakovlev');
INSERT INTO tarnijad (nimi, kontaktisik) VALUES ('Tarnija 2 OÜ', 'Sirje Martinson');
INSERT INTO tarnijad (nimi, kontaktisik) VALUES ('Tarnija 3 OÜ', 'Linda Kask');
INSERT INTO tarnijad (nimi, kontaktisik) VALUES ('Tarnija 4 OÜ', 'Diana Post');
INSERT INTO tarnijad (nimi, kontaktisik) VALUES ('Tarnija 5 OÜ', 'Aleksander Andreev');
INSERT INTO tarnijad (nimi, kontaktisik) VALUES ('Tarnija 6 OÜ', 'Indrek Rüütel');
INSERT INTO tarnijad (nimi, kontaktisik) VALUES ('Tarnija 7 OÜ', 'Oleg Karpov');
INSERT INTO tarnijad (nimi, kontaktisik) VALUES ('Tarnija 8 OÜ', 'Kristi Heinsalu');
INSERT INTO tarnijad (nimi, kontaktisik) VALUES ('Tarnija 9 OÜ', 'Riina Maasik');
INSERT INTO tarnijad (nimi, kontaktisik) VALUES ('Tarnija 10 OÜ', 'Rein Lipp');
INSERT INTO toodete_tarnijad (toode_id, tarnija_id, ostuhind) VALUES (1, 4, 105.19);
INSERT INTO toodete_tarnijad (toode_id, tarnija_id, ostuhind) VALUES (1, 10, 2.58);
INSERT INTO toodete_tarnijad (toode_id, tarnija_id, ostuhind) VALUES (1, 7, 62.08);
INSERT INTO toodete_tarnijad (toode_id, tarnija_id, ostuhind) VALUES (2, 6, 137.19);
INSERT INTO toodete_tarnijad (toode_id, tarnija_id, ostuhind) VALUES (2, 7, 426.61);
INSERT INTO toodete_tarnijad (toode_id, tarnija_id, ostuhind) VALUES (3, 5, 155.98);
INSERT INTO toodete_tarnijad (toode_id, tarnija_id, ostuhind) VALUES (4, 5, 42.54);
INSERT INTO toodete_tarnijad (toode_id, tarnija_id, ostuhind) VALUES (4, 4, 431.46);
INSERT INTO toodete_tarnijad (toode_id, tarnija_id, ostuhind) VALUES (5, 8, 13.13);
INSERT INTO toodete_tarnijad (toode_id, tarnija_id, ostuhind) VALUES (5, 2, 367.38);
INSERT INTO toodete_tarnijad (toode_id, tarnija_id, ostuhind) VALUES (6, 6, 22.31);
INSERT INTO toodete_tarnijad (toode_id, tarnija_id, ostuhind) VALUES (6, 4, 455.76);
INSERT INTO toodete_tarnijad (toode_id, tarnija_id, ostuhind) VALUES (6, 10, 315.21);
INSERT INTO toodete_tarnijad (toode_id, tarnija_id, ostuhind) VALUES (7, 8, 169.52);
INSERT INTO toodete_tarnijad (toode_id, tarnija_id, ostuhind) VALUES (7, 5, 255.35);
INSERT INTO toodete_tarnijad (toode_id, tarnija_id, ostuhind) VALUES (8, 8, 69.67);
INSERT INTO toodete_tarnijad (toode_id, tarnija_id, ostuhind) VALUES (8, 1, 367.22);
INSERT INTO toodete_tarnijad (toode_id, tarnija_id, ostuhind) VALUES (9, 3, 181.74);
INSERT INTO toodete_tarnijad (toode_id, tarnija_id, ostuhind) VALUES (9, 7, 80.08);
INSERT INTO toodete_tarnijad (toode_id, tarnija_id, ostuhind) VALUES (10, 2, 395.24);
INSERT INTO toodete_tarnijad (toode_id, tarnija_id, ostuhind) VALUES (10, 8, 396.03);
INSERT INTO toodete_tarnijad (toode_id, tarnija_id, ostuhind) VALUES (11, 7, 79.96);
INSERT INTO toodete_tarnijad (toode_id, tarnija_id, ostuhind) VALUES (12, 4, 58.2);
INSERT INTO toodete_tarnijad (toode_id, tarnija_id, ostuhind) VALUES (13, 8, 108.0);
INSERT INTO toodete_tarnijad (toode_id, tarnija_id, ostuhind) VALUES (13, 3, 320.85);
INSERT INTO toodete_tarnijad (toode_id, tarnija_id, ostuhind) VALUES (14, 4, 494.03);
INSERT INTO toodete_tarnijad (toode_id, tarnija_id, ostuhind) VALUES (14, 6, 151.11);
INSERT INTO toodete_tarnijad (toode_id, tarnija_id, ostuhind) VALUES (14, 3, 189.25);
INSERT INTO toodete_tarnijad (toode_id, tarnija_id, ostuhind) VALUES (15, 9, 471.35);
INSERT INTO toodete_tarnijad (toode_id, tarnija_id, ostuhind) VALUES (15, 5, 412.02);
INSERT INTO toodete_tarnijad (toode_id, tarnija_id, ostuhind) VALUES (15, 6, 327.14);
INSERT INTO toodete_tarnijad (toode_id, tarnija_id, ostuhind) VALUES (16, 1, 40.23);
INSERT INTO toodete_tarnijad (toode_id, tarnija_id, ostuhind) VALUES (16, 9, 328.81);
INSERT INTO toodete_tarnijad (toode_id, tarnija_id, ostuhind) VALUES (16, 7, 54.81);
INSERT INTO toodete_tarnijad (toode_id, tarnija_id, ostuhind) VALUES (17, 6, 377.03);
INSERT INTO toodete_tarnijad (toode_id, tarnija_id, ostuhind) VALUES (17, 10, 258.13);
INSERT INTO toodete_tarnijad (toode_id, tarnija_id, ostuhind) VALUES (18, 9, 474.02);
INSERT INTO toodete_tarnijad (toode_id, tarnija_id, ostuhind) VALUES (18, 6, 166.75);
INSERT INTO toodete_tarnijad (toode_id, tarnija_id, ostuhind) VALUES (18, 2, 97.78);
INSERT INTO toodete_tarnijad (toode_id, tarnija_id, ostuhind) VALUES (19, 10, 416.34);
INSERT INTO toodete_tarnijad (toode_id, tarnija_id, ostuhind) VALUES (19, 6, 3.84);
INSERT INTO toodete_tarnijad (toode_id, tarnija_id, ostuhind) VALUES (19, 9, 47.51);
INSERT INTO toodete_tarnijad (toode_id, tarnija_id, ostuhind) VALUES (20, 8, 309.37);
INSERT INTO toodete_tarnijad (toode_id, tarnija_id, ostuhind) VALUES (20, 1, 116.46);
INSERT INTO toodete_tarnijad (toode_id, tarnija_id, ostuhind) VALUES (20, 3, 181.25);
INSERT INTO toodete_tarnijad (toode_id, tarnija_id, ostuhind) VALUES (21, 2, 395.12);
INSERT INTO toodete_tarnijad (toode_id, tarnija_id, ostuhind) VALUES (21, 5, 99.77);
INSERT INTO toodete_tarnijad (toode_id, tarnija_id, ostuhind) VALUES (22, 6, 153.55);
INSERT INTO toodete_tarnijad (toode_id, tarnija_id, ostuhind) VALUES (22, 8, 379.39);
INSERT INTO toodete_tarnijad (toode_id, tarnija_id, ostuhind) VALUES (23, 4, 371.11);
INSERT INTO toodete_tarnijad (toode_id, tarnija_id, ostuhind) VALUES (24, 8, 437.58);
INSERT INTO toodete_tarnijad (toode_id, tarnija_id, ostuhind) VALUES (24, 2, 10.83);
INSERT INTO toodete_tarnijad (toode_id, tarnija_id, ostuhind) VALUES (24, 9, 425.08);
INSERT INTO toodete_tarnijad (toode_id, tarnija_id, ostuhind) VALUES (25, 4, 247.5);
INSERT INTO toodete_tarnijad (toode_id, tarnija_id, ostuhind) VALUES (26, 2, 418.13);
INSERT INTO toodete_tarnijad (toode_id, tarnija_id, ostuhind) VALUES (26, 1, 340.1);
INSERT INTO toodete_tarnijad (toode_id, tarnija_id, ostuhind) VALUES (27, 10, 236.61);
INSERT INTO toodete_tarnijad (toode_id, tarnija_id, ostuhind) VALUES (28, 6, 221.12);
INSERT INTO toodete_tarnijad (toode_id, tarnija_id, ostuhind) VALUES (28, 4, 80.65);
INSERT INTO toodete_tarnijad (toode_id, tarnija_id, ostuhind) VALUES (28, 2, 256.22);
INSERT INTO toodete_tarnijad (toode_id, tarnija_id, ostuhind) VALUES (29, 7, 196.7);
INSERT INTO toodete_tarnijad (toode_id, tarnija_id, ostuhind) VALUES (29, 5, 179.92);
INSERT INTO toodete_tarnijad (toode_id, tarnija_id, ostuhind) VALUES (29, 10, 262.22);
INSERT INTO toodete_tarnijad (toode_id, tarnija_id, ostuhind) VALUES (30, 4, 393.2);
INSERT INTO toodete_tarnijad (toode_id, tarnija_id, ostuhind) VALUES (30, 8, 429.33);
INSERT INTO toodete_tarnijad (toode_id, tarnija_id, ostuhind) VALUES (31, 7, 7.05);
INSERT INTO toodete_tarnijad (toode_id, tarnija_id, ostuhind) VALUES (31, 2, 449.2);
INSERT INTO toodete_tarnijad (toode_id, tarnija_id, ostuhind) VALUES (32, 5, 397.47);
INSERT INTO toodete_tarnijad (toode_id, tarnija_id, ostuhind) VALUES (32, 1, 386.18);
INSERT INTO toodete_tarnijad (toode_id, tarnija_id, ostuhind) VALUES (32, 2, 419.07);
INSERT INTO toodete_tarnijad (toode_id, tarnija_id, ostuhind) VALUES (33, 9, 419.18);
INSERT INTO toodete_tarnijad (toode_id, tarnija_id, ostuhind) VALUES (33, 6, 180.82);
INSERT INTO toodete_tarnijad (toode_id, tarnija_id, ostuhind) VALUES (34, 5, 316.71);
INSERT INTO toodete_tarnijad (toode_id, tarnija_id, ostuhind) VALUES (35, 1, 298.77);
INSERT INTO toodete_tarnijad (toode_id, tarnija_id, ostuhind) VALUES (36, 9, 444.98);
INSERT INTO toodete_tarnijad (toode_id, tarnija_id, ostuhind) VALUES (36, 1, 463.65);
INSERT INTO toodete_tarnijad (toode_id, tarnija_id, ostuhind) VALUES (37, 5, 168.41);
INSERT INTO toodete_tarnijad (toode_id, tarnija_id, ostuhind) VALUES (38, 3, 103.31);
INSERT INTO toodete_tarnijad (toode_id, tarnija_id, ostuhind) VALUES (38, 9, 489.91);
INSERT INTO toodete_tarnijad (toode_id, tarnija_id, ostuhind) VALUES (39, 8, 55.77);
INSERT INTO toodete_tarnijad (toode_id, tarnija_id, ostuhind) VALUES (39, 1, 50.75);
INSERT INTO toodete_tarnijad (toode_id, tarnija_id, ostuhind) VALUES (39, 5, 121.23);
INSERT INTO toodete_tarnijad (toode_id, tarnija_id, ostuhind) VALUES (40, 9, 6.38);
INSERT INTO toodete_tarnijad (toode_id, tarnija_id, ostuhind) VALUES (41, 2, 412.86);
INSERT INTO toodete_tarnijad (toode_id, tarnija_id, ostuhind) VALUES (42, 2, 213.39);
INSERT INTO toodete_tarnijad (toode_id, tarnija_id, ostuhind) VALUES (42, 7, 273.27);
INSERT INTO toodete_tarnijad (toode_id, tarnija_id, ostuhind) VALUES (43, 3, 300.44);
INSERT INTO toodete_tarnijad (toode_id, tarnija_id, ostuhind) VALUES (44, 5, 461.34);
INSERT INTO toodete_tarnijad (toode_id, tarnija_id, ostuhind) VALUES (44, 2, 22.76);
INSERT INTO toodete_tarnijad (toode_id, tarnija_id, ostuhind) VALUES (45, 7, 208.15);
INSERT INTO toodete_tarnijad (toode_id, tarnija_id, ostuhind) VALUES (45, 6, 246.23);
INSERT INTO toodete_tarnijad (toode_id, tarnija_id, ostuhind) VALUES (45, 8, 102.79);
INSERT INTO toodete_tarnijad (toode_id, tarnija_id, ostuhind) VALUES (46, 6, 133.03);
INSERT INTO toodete_tarnijad (toode_id, tarnija_id, ostuhind) VALUES (46, 5, 22.07);
INSERT INTO toodete_tarnijad (toode_id, tarnija_id, ostuhind) VALUES (46, 7, 24.11);
INSERT INTO toodete_tarnijad (toode_id, tarnija_id, ostuhind) VALUES (47, 1, 179.7);
INSERT INTO toodete_tarnijad (toode_id, tarnija_id, ostuhind) VALUES (47, 6, 10.29);
INSERT INTO toodete_tarnijad (toode_id, tarnija_id, ostuhind) VALUES (48, 10, 202.78);
INSERT INTO toodete_tarnijad (toode_id, tarnija_id, ostuhind) VALUES (48, 4, 281.36);
INSERT INTO toodete_tarnijad (toode_id, tarnija_id, ostuhind) VALUES (48, 6, 328.92);
INSERT INTO toodete_tarnijad (toode_id, tarnija_id, ostuhind) VALUES (49, 5, 269.27);
INSERT INTO toodete_tarnijad (toode_id, tarnija_id, ostuhind) VALUES (49, 10, 290.64);
INSERT INTO toodete_tarnijad (toode_id, tarnija_id, ostuhind) VALUES (49, 3, 86.81);
INSERT INTO toodete_tarnijad (toode_id, tarnija_id, ostuhind) VALUES (50, 5, 139.36);
INSERT INTO toodete_tarnijad (toode_id, tarnija_id, ostuhind) VALUES (50, 4, 158.45);
INSERT INTO toodete_tarnijad (toode_id, tarnija_id, ostuhind) VALUES (50, 3, 35.31);
INSERT INTO toodete_tarnijad (toode_id, tarnija_id, ostuhind) VALUES (51, 9, 450.12);
INSERT INTO toodete_tarnijad (toode_id, tarnija_id, ostuhind) VALUES (51, 3, 118.47);
INSERT INTO toodete_tarnijad (toode_id, tarnija_id, ostuhind) VALUES (51, 4, 353.24);
INSERT INTO toodete_tarnijad (toode_id, tarnija_id, ostuhind) VALUES (52, 9, 318.48);
INSERT INTO toodete_tarnijad (toode_id, tarnija_id, ostuhind) VALUES (52, 2, 383.31);
INSERT INTO toodete_tarnijad (toode_id, tarnija_id, ostuhind) VALUES (53, 6, 287.33);
INSERT INTO toodete_tarnijad (toode_id, tarnija_id, ostuhind) VALUES (54, 4, 198.92);
INSERT INTO toodete_tarnijad (toode_id, tarnija_id, ostuhind) VALUES (54, 8, 212.47);
INSERT INTO toodete_tarnijad (toode_id, tarnija_id, ostuhind) VALUES (54, 7, 62.56);
INSERT INTO toodete_tarnijad (toode_id, tarnija_id, ostuhind) VALUES (55, 9, 478.64);
INSERT INTO toodete_tarnijad (toode_id, tarnija_id, ostuhind) VALUES (56, 7, 371.68);
INSERT INTO toodete_tarnijad (toode_id, tarnija_id, ostuhind) VALUES (57, 2, 321.06);
INSERT INTO toodete_tarnijad (toode_id, tarnija_id, ostuhind) VALUES (58, 1, 469.96);
INSERT INTO toodete_tarnijad (toode_id, tarnija_id, ostuhind) VALUES (59, 8, 104.8);
INSERT INTO toodete_tarnijad (toode_id, tarnija_id, ostuhind) VALUES (59, 9, 300.25);
INSERT INTO toodete_tarnijad (toode_id, tarnija_id, ostuhind) VALUES (60, 2, 190.43);
INSERT INTO toodete_tarnijad (toode_id, tarnija_id, ostuhind) VALUES (60, 9, 432.35);
INSERT INTO toodete_tarnijad (toode_id, tarnija_id, ostuhind) VALUES (61, 10, 103.5);
INSERT INTO toodete_tarnijad (toode_id, tarnija_id, ostuhind) VALUES (62, 8, 466.55);
INSERT INTO toodete_tarnijad (toode_id, tarnija_id, ostuhind) VALUES (62, 10, 215.4);
INSERT INTO toodete_tarnijad (toode_id, tarnija_id, ostuhind) VALUES (63, 9, 379.27);
INSERT INTO toodete_tarnijad (toode_id, tarnija_id, ostuhind) VALUES (63, 7, 388.4);
INSERT INTO toodete_tarnijad (toode_id, tarnija_id, ostuhind) VALUES (64, 1, 390.74);
INSERT INTO toodete_tarnijad (toode_id, tarnija_id, ostuhind) VALUES (64, 4, 430.28);
INSERT INTO toodete_tarnijad (toode_id, tarnija_id, ostuhind) VALUES (64, 3, 323.65);
INSERT INTO toodete_tarnijad (toode_id, tarnija_id, ostuhind) VALUES (65, 10, 384.41);
INSERT INTO toodete_tarnijad (toode_id, tarnija_id, ostuhind) VALUES (65, 8, 420.17);
INSERT INTO toodete_tarnijad (toode_id, tarnija_id, ostuhind) VALUES (65, 3, 154.13);
INSERT INTO toodete_tarnijad (toode_id, tarnija_id, ostuhind) VALUES (66, 1, 16.81);
INSERT INTO toodete_tarnijad (toode_id, tarnija_id, ostuhind) VALUES (67, 6, 148.31);
INSERT INTO toodete_tarnijad (toode_id, tarnija_id, ostuhind) VALUES (67, 8, 253.68);
INSERT INTO toodete_tarnijad (toode_id, tarnija_id, ostuhind) VALUES (67, 9, 271.08);
INSERT INTO toodete_tarnijad (toode_id, tarnija_id, ostuhind) VALUES (68, 2, 492.73);
INSERT INTO toodete_tarnijad (toode_id, tarnija_id, ostuhind) VALUES (68, 3, 449.57);
INSERT INTO toodete_tarnijad (toode_id, tarnija_id, ostuhind) VALUES (69, 6, 2.4);
INSERT INTO toodete_tarnijad (toode_id, tarnija_id, ostuhind) VALUES (70, 4, 408.31);
INSERT INTO toodete_tarnijad (toode_id, tarnija_id, ostuhind) VALUES (70, 3, 235.06);
INSERT INTO toodete_tarnijad (toode_id, tarnija_id, ostuhind) VALUES (71, 4, 266.72);
INSERT INTO toodete_tarnijad (toode_id, tarnija_id, ostuhind) VALUES (71, 9, 307.52);
INSERT INTO toodete_tarnijad (toode_id, tarnija_id, ostuhind) VALUES (72, 4, 432.26);
INSERT INTO toodete_tarnijad (toode_id, tarnija_id, ostuhind) VALUES (73, 10, 441.95);
INSERT INTO toodete_tarnijad (toode_id, tarnija_id, ostuhind) VALUES (73, 8, 12.39);
INSERT INTO toodete_tarnijad (toode_id, tarnija_id, ostuhind) VALUES (73, 1, 47.36);
INSERT INTO toodete_tarnijad (toode_id, tarnija_id, ostuhind) VALUES (74, 7, 28.29);
INSERT INTO toodete_tarnijad (toode_id, tarnija_id, ostuhind) VALUES (74, 10, 435.41);
INSERT INTO toodete_tarnijad (toode_id, tarnija_id, ostuhind) VALUES (74, 9, 61.23);
INSERT INTO toodete_tarnijad (toode_id, tarnija_id, ostuhind) VALUES (75, 3, 273.61);
INSERT INTO toodete_tarnijad (toode_id, tarnija_id, ostuhind) VALUES (75, 6, 40.61);
INSERT INTO toodete_tarnijad (toode_id, tarnija_id, ostuhind) VALUES (75, 2, 378.44);
INSERT INTO toodete_tarnijad (toode_id, tarnija_id, ostuhind) VALUES (76, 2, 481.53);
INSERT INTO toodete_tarnijad (toode_id, tarnija_id, ostuhind) VALUES (77, 3, 347.44);
INSERT INTO toodete_tarnijad (toode_id, tarnija_id, ostuhind) VALUES (77, 8, 206.75);
INSERT INTO toodete_tarnijad (toode_id, tarnija_id, ostuhind) VALUES (77, 7, 275.79);
INSERT INTO toodete_tarnijad (toode_id, tarnija_id, ostuhind) VALUES (78, 5, 55.39);
INSERT INTO toodete_tarnijad (toode_id, tarnija_id, ostuhind) VALUES (78, 3, 116.28);
INSERT INTO toodete_tarnijad (toode_id, tarnija_id, ostuhind) VALUES (79, 3, 295.01);
INSERT INTO toodete_tarnijad (toode_id, tarnija_id, ostuhind) VALUES (79, 7, 351.25);
INSERT INTO toodete_tarnijad (toode_id, tarnija_id, ostuhind) VALUES (80, 4, 138.53);
INSERT INTO toodete_tarnijad (toode_id, tarnija_id, ostuhind) VALUES (81, 3, 480.62);
INSERT INTO toodete_tarnijad (toode_id, tarnija_id, ostuhind) VALUES (81, 7, 347.3);
INSERT INTO toodete_tarnijad (toode_id, tarnija_id, ostuhind) VALUES (82, 7, 95.54);
INSERT INTO toodete_tarnijad (toode_id, tarnija_id, ostuhind) VALUES (82, 2, 34.19);
INSERT INTO toodete_tarnijad (toode_id, tarnija_id, ostuhind) VALUES (82, 10, 157.71);
INSERT INTO toodete_tarnijad (toode_id, tarnija_id, ostuhind) VALUES (83, 6, 311.2);
INSERT INTO toodete_tarnijad (toode_id, tarnija_id, ostuhind) VALUES (84, 7, 93.68);
INSERT INTO toodete_tarnijad (toode_id, tarnija_id, ostuhind) VALUES (84, 4, 358.9);
INSERT INTO toodete_tarnijad (toode_id, tarnija_id, ostuhind) VALUES (85, 1, 206.05);
INSERT INTO toodete_tarnijad (toode_id, tarnija_id, ostuhind) VALUES (85, 10, 420.14);
INSERT INTO toodete_tarnijad (toode_id, tarnija_id, ostuhind) VALUES (85, 5, 345.91);
INSERT INTO toodete_tarnijad (toode_id, tarnija_id, ostuhind) VALUES (86, 4, 417.44);
INSERT INTO toodete_tarnijad (toode_id, tarnija_id, ostuhind) VALUES (86, 8, 339.17);
INSERT INTO toodete_tarnijad (toode_id, tarnija_id, ostuhind) VALUES (86, 7, 410.07);
INSERT INTO toodete_tarnijad (toode_id, tarnija_id, ostuhind) VALUES (87, 3, 255.02);
INSERT INTO toodete_tarnijad (toode_id, tarnija_id, ostuhind) VALUES (87, 1, 11.25);
INSERT INTO toodete_tarnijad (toode_id, tarnija_id, ostuhind) VALUES (88, 7, 421.84);
INSERT INTO toodete_tarnijad (toode_id, tarnija_id, ostuhind) VALUES (89, 4, 73.74);
INSERT INTO toodete_tarnijad (toode_id, tarnija_id, ostuhind) VALUES (90, 7, 418.82);
INSERT INTO toodete_tarnijad (toode_id, tarnija_id, ostuhind) VALUES (90, 1, 154.59);
INSERT INTO toodete_tarnijad (toode_id, tarnija_id, ostuhind) VALUES (90, 5, 495.84);
INSERT INTO toodete_tarnijad (toode_id, tarnija_id, ostuhind) VALUES (91, 3, 182.56);
INSERT INTO toodete_tarnijad (toode_id, tarnija_id, ostuhind) VALUES (91, 7, 446.47);
INSERT INTO toodete_tarnijad (toode_id, tarnija_id, ostuhind) VALUES (91, 8, 460.85);
INSERT INTO toodete_tarnijad (toode_id, tarnija_id, ostuhind) VALUES (92, 2, 350.42);
INSERT INTO toodete_tarnijad (toode_id, tarnija_id, ostuhind) VALUES (92, 6, 402.63);
INSERT INTO toodete_tarnijad (toode_id, tarnija_id, ostuhind) VALUES (93, 1, 241.17);
INSERT INTO toodete_tarnijad (toode_id, tarnija_id, ostuhind) VALUES (93, 6, 220.27);
INSERT INTO toodete_tarnijad (toode_id, tarnija_id, ostuhind) VALUES (94, 7, 102.3);
INSERT INTO toodete_tarnijad (toode_id, tarnija_id, ostuhind) VALUES (94, 8, 251.62);
INSERT INTO toodete_tarnijad (toode_id, tarnija_id, ostuhind) VALUES (95, 2, 41.87);
INSERT INTO toodete_tarnijad (toode_id, tarnija_id, ostuhind) VALUES (95, 7, 310.92);
INSERT INTO toodete_tarnijad (toode_id, tarnija_id, ostuhind) VALUES (95, 10, 181.19);
INSERT INTO toodete_tarnijad (toode_id, tarnija_id, ostuhind) VALUES (96, 10, 152.22);
INSERT INTO toodete_tarnijad (toode_id, tarnija_id, ostuhind) VALUES (97, 8, 191.49);
INSERT INTO toodete_tarnijad (toode_id, tarnija_id, ostuhind) VALUES (97, 1, 243.33);
INSERT INTO toodete_tarnijad (toode_id, tarnija_id, ostuhind) VALUES (98, 1, 254.51);
INSERT INTO toodete_tarnijad (toode_id, tarnija_id, ostuhind) VALUES (98, 7, 103.45);
INSERT INTO toodete_tarnijad (toode_id, tarnija_id, ostuhind) VALUES (99, 2, 174.46);
INSERT INTO toodete_tarnijad (toode_id, tarnija_id, ostuhind) VALUES (99, 9, 385.58);
INSERT INTO toodete_tarnijad (toode_id, tarnija_id, ostuhind) VALUES (99, 6, 127.49);
INSERT INTO toodete_tarnijad (toode_id, tarnija_id, ostuhind) VALUES (100, 8, 146.7);
INSERT INTO toodete_tarnijad (toode_id, tarnija_id, ostuhind) VALUES (101, 5, 118.79);
INSERT INTO toodete_tarnijad (toode_id, tarnija_id, ostuhind) VALUES (101, 7, 105.75);
INSERT INTO toodete_tarnijad (toode_id, tarnija_id, ostuhind) VALUES (101, 8, 489.51);
INSERT INTO toodete_tarnijad (toode_id, tarnija_id, ostuhind) VALUES (102, 7, 18.85);
INSERT INTO toodete_tarnijad (toode_id, tarnija_id, ostuhind) VALUES (102, 3, 124.19);
INSERT INTO toodete_tarnijad (toode_id, tarnija_id, ostuhind) VALUES (103, 3, 185.23);
INSERT INTO toodete_tarnijad (toode_id, tarnija_id, ostuhind) VALUES (103, 1, 195.62);
INSERT INTO toodete_tarnijad (toode_id, tarnija_id, ostuhind) VALUES (103, 6, 287.12);
INSERT INTO toodete_tarnijad (toode_id, tarnija_id, ostuhind) VALUES (104, 8, 114.26);
INSERT INTO toodete_tarnijad (toode_id, tarnija_id, ostuhind) VALUES (105, 4, 476.73);
INSERT INTO toodete_tarnijad (toode_id, tarnija_id, ostuhind) VALUES (105, 2, 259.24);
INSERT INTO toodete_tarnijad (toode_id, tarnija_id, ostuhind) VALUES (106, 10, 469.91);
INSERT INTO toodete_tarnijad (toode_id, tarnija_id, ostuhind) VALUES (106, 2, 17.79);
INSERT INTO toodete_tarnijad (toode_id, tarnija_id, ostuhind) VALUES (107, 9, 64.93);
INSERT INTO toodete_tarnijad (toode_id, tarnija_id, ostuhind) VALUES (108, 3, 249.99);
INSERT INTO toodete_tarnijad (toode_id, tarnija_id, ostuhind) VALUES (108, 10, 288.18);
INSERT INTO toodete_tarnijad (toode_id, tarnija_id, ostuhind) VALUES (108, 4, 365.27);
INSERT INTO toodete_tarnijad (toode_id, tarnija_id, ostuhind) VALUES (109, 7, 57.42);
INSERT INTO toodete_tarnijad (toode_id, tarnija_id, ostuhind) VALUES (110, 7, 487.35);
INSERT INTO toodete_tarnijad (toode_id, tarnija_id, ostuhind) VALUES (110, 4, 31.21);
INSERT INTO toodete_tarnijad (toode_id, tarnija_id, ostuhind) VALUES (110, 5, 179.97);
INSERT INTO toodete_tarnijad (toode_id, tarnija_id, ostuhind) VALUES (111, 2, 411.35);
INSERT INTO toodete_tarnijad (toode_id, tarnija_id, ostuhind) VALUES (112, 5, 14.22);
INSERT INTO toodete_tarnijad (toode_id, tarnija_id, ostuhind) VALUES (112, 1, 10.3);
INSERT INTO toodete_tarnijad (toode_id, tarnija_id, ostuhind) VALUES (112, 3, 342.84);
INSERT INTO toodete_tarnijad (toode_id, tarnija_id, ostuhind) VALUES (113, 1, 327.05);
INSERT INTO toodete_tarnijad (toode_id, tarnija_id, ostuhind) VALUES (114, 2, 378.01);
INSERT INTO toodete_tarnijad (toode_id, tarnija_id, ostuhind) VALUES (115, 5, 248.18);
INSERT INTO toodete_tarnijad (toode_id, tarnija_id, ostuhind) VALUES (115, 9, 319.9);
INSERT INTO toodete_tarnijad (toode_id, tarnija_id, ostuhind) VALUES (116, 10, 244.56);
INSERT INTO toodete_tarnijad (toode_id, tarnija_id, ostuhind) VALUES (116, 8, 4.57);
INSERT INTO toodete_tarnijad (toode_id, tarnija_id, ostuhind) VALUES (116, 2, 326.7);
INSERT INTO toodete_tarnijad (toode_id, tarnija_id, ostuhind) VALUES (117, 4, 401.55);
INSERT INTO toodete_tarnijad (toode_id, tarnija_id, ostuhind) VALUES (117, 2, 470.84);
INSERT INTO toodete_tarnijad (toode_id, tarnija_id, ostuhind) VALUES (117, 6, 332.89);
INSERT INTO toodete_tarnijad (toode_id, tarnija_id, ostuhind) VALUES (118, 2, 135.85);
INSERT INTO toodete_tarnijad (toode_id, tarnija_id, ostuhind) VALUES (119, 8, 227.52);
INSERT INTO toodete_tarnijad (toode_id, tarnija_id, ostuhind) VALUES (120, 10, 465.79);
INSERT INTO toodete_tarnijad (toode_id, tarnija_id, ostuhind) VALUES (120, 6, 54.84);
INSERT INTO toodete_tarnijad (toode_id, tarnija_id, ostuhind) VALUES (121, 9, 348.78);
INSERT INTO toodete_tarnijad (toode_id, tarnija_id, ostuhind) VALUES (121, 6, 229.01);
INSERT INTO toodete_tarnijad (toode_id, tarnija_id, ostuhind) VALUES (121, 3, 173.33);
INSERT INTO toodete_tarnijad (toode_id, tarnija_id, ostuhind) VALUES (122, 8, 360.48);
INSERT INTO toodete_tarnijad (toode_id, tarnija_id, ostuhind) VALUES (122, 10, 52.08);
INSERT INTO toodete_tarnijad (toode_id, tarnija_id, ostuhind) VALUES (122, 7, 110.49);
INSERT INTO toodete_tarnijad (toode_id, tarnija_id, ostuhind) VALUES (123, 2, 456.51);
INSERT INTO toodete_tarnijad (toode_id, tarnija_id, ostuhind) VALUES (123, 3, 422.63);
INSERT INTO toodete_tarnijad (toode_id, tarnija_id, ostuhind) VALUES (123, 6, 279.78);
INSERT INTO toodete_tarnijad (toode_id, tarnija_id, ostuhind) VALUES (124, 2, 176.22);
INSERT INTO toodete_tarnijad (toode_id, tarnija_id, ostuhind) VALUES (125, 9, 257.82);
INSERT INTO toodete_tarnijad (toode_id, tarnija_id, ostuhind) VALUES (125, 5, 476.8);
INSERT INTO toodete_tarnijad (toode_id, tarnija_id, ostuhind) VALUES (126, 8, 286.81);
INSERT INTO toodete_tarnijad (toode_id, tarnija_id, ostuhind) VALUES (126, 9, 348.13);
INSERT INTO toodete_tarnijad (toode_id, tarnija_id, ostuhind) VALUES (126, 3, 180.55);
INSERT INTO toodete_tarnijad (toode_id, tarnija_id, ostuhind) VALUES (127, 8, 314.17);
INSERT INTO toodete_tarnijad (toode_id, tarnija_id, ostuhind) VALUES (127, 6, 145.76);
INSERT INTO toodete_tarnijad (toode_id, tarnija_id, ostuhind) VALUES (127, 3, 194.56);
INSERT INTO toodete_tarnijad (toode_id, tarnija_id, ostuhind) VALUES (128, 3, 273.27);
INSERT INTO toodete_tarnijad (toode_id, tarnija_id, ostuhind) VALUES (129, 1, 205.31);
INSERT INTO toodete_tarnijad (toode_id, tarnija_id, ostuhind) VALUES (130, 4, 143.94);
INSERT INTO toodete_tarnijad (toode_id, tarnija_id, ostuhind) VALUES (130, 1, 85.62);
INSERT INTO toodete_tarnijad (toode_id, tarnija_id, ostuhind) VALUES (131, 9, 406.36);
INSERT INTO toodete_tarnijad (toode_id, tarnija_id, ostuhind) VALUES (131, 5, 420.79);
INSERT INTO toodete_tarnijad (toode_id, tarnija_id, ostuhind) VALUES (131, 10, 470.37);
INSERT INTO toodete_tarnijad (toode_id, tarnija_id, ostuhind) VALUES (132, 9, 479.09);
INSERT INTO toodete_tarnijad (toode_id, tarnija_id, ostuhind) VALUES (133, 3, 413.32);
INSERT INTO toodete_tarnijad (toode_id, tarnija_id, ostuhind) VALUES (133, 5, 109.72);
INSERT INTO toodete_tarnijad (toode_id, tarnija_id, ostuhind) VALUES (134, 10, 73.21);
INSERT INTO toodete_tarnijad (toode_id, tarnija_id, ostuhind) VALUES (135, 9, 39.51);
INSERT INTO toodete_tarnijad (toode_id, tarnija_id, ostuhind) VALUES (135, 7, 432.17);
INSERT INTO toodete_tarnijad (toode_id, tarnija_id, ostuhind) VALUES (135, 5, 430.75);
INSERT INTO toodete_tarnijad (toode_id, tarnija_id, ostuhind) VALUES (136, 10, 165.64);
INSERT INTO toodete_tarnijad (toode_id, tarnija_id, ostuhind) VALUES (136, 5, 418.77);
INSERT INTO toodete_tarnijad (toode_id, tarnija_id, ostuhind) VALUES (136, 8, 404.53);
INSERT INTO toodete_tarnijad (toode_id, tarnija_id, ostuhind) VALUES (137, 8, 15.85);
INSERT INTO toodete_tarnijad (toode_id, tarnija_id, ostuhind) VALUES (137, 1, 152.15);
INSERT INTO toodete_tarnijad (toode_id, tarnija_id, ostuhind) VALUES (137, 9, 249.01);
INSERT INTO toodete_tarnijad (toode_id, tarnija_id, ostuhind) VALUES (138, 7, 477.03);
INSERT INTO toodete_tarnijad (toode_id, tarnija_id, ostuhind) VALUES (138, 8, 415.77);
INSERT INTO toodete_tarnijad (toode_id, tarnija_id, ostuhind) VALUES (139, 1, 199.71);
INSERT INTO toodete_tarnijad (toode_id, tarnija_id, ostuhind) VALUES (140, 1, 335.12);
INSERT INTO toodete_tarnijad (toode_id, tarnija_id, ostuhind) VALUES (140, 2, 367.22);
INSERT INTO toodete_tarnijad (toode_id, tarnija_id, ostuhind) VALUES (140, 9, 357.65);
INSERT INTO toodete_tarnijad (toode_id, tarnija_id, ostuhind) VALUES (141, 6, 304.9);
INSERT INTO toodete_tarnijad (toode_id, tarnija_id, ostuhind) VALUES (142, 4, 328.3);
INSERT INTO toodete_tarnijad (toode_id, tarnija_id, ostuhind) VALUES (142, 8, 376.68);
INSERT INTO toodete_tarnijad (toode_id, tarnija_id, ostuhind) VALUES (142, 3, 71.34);
INSERT INTO toodete_tarnijad (toode_id, tarnija_id, ostuhind) VALUES (143, 5, 266.79);
INSERT INTO toodete_tarnijad (toode_id, tarnija_id, ostuhind) VALUES (144, 2, 480.54);
INSERT INTO toodete_tarnijad (toode_id, tarnija_id, ostuhind) VALUES (145, 1, 436.42);
INSERT INTO toodete_tarnijad (toode_id, tarnija_id, ostuhind) VALUES (146, 1, 471.15);
INSERT INTO toodete_tarnijad (toode_id, tarnija_id, ostuhind) VALUES (147, 3, 242.0);
INSERT INTO toodete_tarnijad (toode_id, tarnija_id, ostuhind) VALUES (148, 6, 356.82);
INSERT INTO toodete_tarnijad (toode_id, tarnija_id, ostuhind) VALUES (148, 1, 368.0);
INSERT INTO toodete_tarnijad (toode_id, tarnija_id, ostuhind) VALUES (148, 2, 204.77);
INSERT INTO toodete_tarnijad (toode_id, tarnija_id, ostuhind) VALUES (149, 5, 238.91);
INSERT INTO toodete_tarnijad (toode_id, tarnija_id, ostuhind) VALUES (150, 4, 404.04);
INSERT INTO toodete_tarnijad (toode_id, tarnija_id, ostuhind) VALUES (150, 10, 148.66);
INSERT INTO toodete_tarnijad (toode_id, tarnija_id, ostuhind) VALUES (150, 6, 293.06);
INSERT INTO laod (nimi, maakond) VALUES ('Pealadu', 'Harju maakond');
INSERT INTO laod (nimi, maakond) VALUES ('Lõuna Ladu', 'Tartu maakond');
INSERT INTO lao_tsoonid (ladu_id, kood) VALUES (1, 'Riiul-A1'), (1, 'Riiul-B2'), (2, 'Tagaruum');
INSERT INTO laoseis (toode_id, tsoon_id, kogus) VALUES (1, 1, 145);
INSERT INTO lao_liikumised (toode_id, tsoon_id, kogus, pohjus) VALUES (1, 1, 145, 'ost');
INSERT INTO laoseis (toode_id, tsoon_id, kogus) VALUES (1, 3, 174);
INSERT INTO lao_liikumised (toode_id, tsoon_id, kogus, pohjus) VALUES (1, 3, 174, 'ost');
INSERT INTO laoseis (toode_id, tsoon_id, kogus) VALUES (2, 1, 187);
INSERT INTO lao_liikumised (toode_id, tsoon_id, kogus, pohjus) VALUES (2, 1, -6, 'myyk');
INSERT INTO laoseis (toode_id, tsoon_id, kogus) VALUES (2, 2, 106);
INSERT INTO lao_liikumised (toode_id, tsoon_id, kogus, pohjus) VALUES (2, 2, -7, 'myyk');
INSERT INTO laoseis (toode_id, tsoon_id, kogus) VALUES (2, 3, 191);
INSERT INTO lao_liikumised (toode_id, tsoon_id, kogus, pohjus) VALUES (2, 3, 191, 'ost');
INSERT INTO laoseis (toode_id, tsoon_id, kogus) VALUES (3, 3, 181);
INSERT INTO lao_liikumised (toode_id, tsoon_id, kogus, pohjus) VALUES (3, 3, 181, 'ost');
INSERT INTO laoseis (toode_id, tsoon_id, kogus) VALUES (4, 1, 110);
INSERT INTO lao_liikumised (toode_id, tsoon_id, kogus, pohjus) VALUES (4, 1, -6, 'myyk');
INSERT INTO laoseis (toode_id, tsoon_id, kogus) VALUES (4, 2, 111);
INSERT INTO lao_liikumised (toode_id, tsoon_id, kogus, pohjus) VALUES (4, 2, -7, 'myyk');
INSERT INTO laoseis (toode_id, tsoon_id, kogus) VALUES (5, 2, 126);
INSERT INTO lao_liikumised (toode_id, tsoon_id, kogus, pohjus) VALUES (5, 2, -5, 'myyk');
INSERT INTO laoseis (toode_id, tsoon_id, kogus) VALUES (6, 1, 5);
INSERT INTO lao_liikumised (toode_id, tsoon_id, kogus, pohjus) VALUES (6, 1, 5, 'ost');
INSERT INTO laoseis (toode_id, tsoon_id, kogus) VALUES (6, 2, 39);
INSERT INTO lao_liikumised (toode_id, tsoon_id, kogus, pohjus) VALUES (6, 2, -2, 'myyk');
INSERT INTO laoseis (toode_id, tsoon_id, kogus) VALUES (7, 1, 130);
INSERT INTO lao_liikumised (toode_id, tsoon_id, kogus, pohjus) VALUES (7, 1, 130, 'ost');
INSERT INTO laoseis (toode_id, tsoon_id, kogus) VALUES (7, 2, 160);
INSERT INTO lao_liikumised (toode_id, tsoon_id, kogus, pohjus) VALUES (7, 2, 160, 'ost');
INSERT INTO laoseis (toode_id, tsoon_id, kogus) VALUES (7, 3, 45);
INSERT INTO lao_liikumised (toode_id, tsoon_id, kogus, pohjus) VALUES (7, 3, 45, 'ost');
INSERT INTO laoseis (toode_id, tsoon_id, kogus) VALUES (8, 3, 84);
INSERT INTO lao_liikumised (toode_id, tsoon_id, kogus, pohjus) VALUES (8, 3, -9, 'myyk');
INSERT INTO laoseis (toode_id, tsoon_id, kogus) VALUES (9, 3, 34);
INSERT INTO lao_liikumised (toode_id, tsoon_id, kogus, pohjus) VALUES (9, 3, -4, 'myyk');
INSERT INTO laoseis (toode_id, tsoon_id, kogus) VALUES (10, 2, 57);
INSERT INTO lao_liikumised (toode_id, tsoon_id, kogus, pohjus) VALUES (10, 2, 57, 'ost');
INSERT INTO laoseis (toode_id, tsoon_id, kogus) VALUES (10, 3, 16);
INSERT INTO lao_liikumised (toode_id, tsoon_id, kogus, pohjus) VALUES (10, 3, 16, 'ost');
INSERT INTO laoseis (toode_id, tsoon_id, kogus) VALUES (11, 1, 170);
INSERT INTO lao_liikumised (toode_id, tsoon_id, kogus, pohjus) VALUES (11, 1, 170, 'ost');
INSERT INTO laoseis (toode_id, tsoon_id, kogus) VALUES (11, 3, 100);
INSERT INTO lao_liikumised (toode_id, tsoon_id, kogus, pohjus) VALUES (11, 3, 100, 'ost');
INSERT INTO laoseis (toode_id, tsoon_id, kogus) VALUES (12, 3, 38);
INSERT INTO lao_liikumised (toode_id, tsoon_id, kogus, pohjus) VALUES (12, 3, 38, 'ost');
INSERT INTO laoseis (toode_id, tsoon_id, kogus) VALUES (13, 2, 73);
INSERT INTO lao_liikumised (toode_id, tsoon_id, kogus, pohjus) VALUES (13, 2, -2, 'myyk');
INSERT INTO laoseis (toode_id, tsoon_id, kogus) VALUES (13, 3, 168);
INSERT INTO lao_liikumised (toode_id, tsoon_id, kogus, pohjus) VALUES (13, 3, -7, 'myyk');
INSERT INTO laoseis (toode_id, tsoon_id, kogus) VALUES (14, 1, 103);
INSERT INTO lao_liikumised (toode_id, tsoon_id, kogus, pohjus) VALUES (14, 1, -5, 'myyk');
INSERT INTO laoseis (toode_id, tsoon_id, kogus) VALUES (14, 3, 54);
INSERT INTO lao_liikumised (toode_id, tsoon_id, kogus, pohjus) VALUES (14, 3, -5, 'myyk');
INSERT INTO laoseis (toode_id, tsoon_id, kogus) VALUES (15, 1, 67);
INSERT INTO lao_liikumised (toode_id, tsoon_id, kogus, pohjus) VALUES (15, 1, 67, 'ost');
INSERT INTO laoseis (toode_id, tsoon_id, kogus) VALUES (15, 2, 60);
INSERT INTO lao_liikumised (toode_id, tsoon_id, kogus, pohjus) VALUES (15, 2, 60, 'ost');
INSERT INTO laoseis (toode_id, tsoon_id, kogus) VALUES (16, 1, 169);
INSERT INTO lao_liikumised (toode_id, tsoon_id, kogus, pohjus) VALUES (16, 1, 169, 'ost');
INSERT INTO laoseis (toode_id, tsoon_id, kogus) VALUES (16, 2, 188);
INSERT INTO lao_liikumised (toode_id, tsoon_id, kogus, pohjus) VALUES (16, 2, -7, 'myyk');
INSERT INTO laoseis (toode_id, tsoon_id, kogus) VALUES (16, 3, 152);
INSERT INTO lao_liikumised (toode_id, tsoon_id, kogus, pohjus) VALUES (16, 3, -1, 'myyk');
INSERT INTO laoseis (toode_id, tsoon_id, kogus) VALUES (17, 2, 18);
INSERT INTO lao_liikumised (toode_id, tsoon_id, kogus, pohjus) VALUES (17, 2, -1, 'myyk');
INSERT INTO laoseis (toode_id, tsoon_id, kogus) VALUES (18, 1, 199);
INSERT INTO lao_liikumised (toode_id, tsoon_id, kogus, pohjus) VALUES (18, 1, -3, 'myyk');
INSERT INTO laoseis (toode_id, tsoon_id, kogus) VALUES (19, 2, 184);
INSERT INTO lao_liikumised (toode_id, tsoon_id, kogus, pohjus) VALUES (19, 2, -8, 'myyk');
INSERT INTO laoseis (toode_id, tsoon_id, kogus) VALUES (19, 3, 18);
INSERT INTO lao_liikumised (toode_id, tsoon_id, kogus, pohjus) VALUES (19, 3, -10, 'myyk');
INSERT INTO laoseis (toode_id, tsoon_id, kogus) VALUES (20, 1, 7);
INSERT INTO lao_liikumised (toode_id, tsoon_id, kogus, pohjus) VALUES (20, 1, -3, 'myyk');
INSERT INTO laoseis (toode_id, tsoon_id, kogus) VALUES (21, 1, 83);
INSERT INTO lao_liikumised (toode_id, tsoon_id, kogus, pohjus) VALUES (21, 1, -6, 'myyk');
INSERT INTO laoseis (toode_id, tsoon_id, kogus) VALUES (21, 3, 12);
INSERT INTO lao_liikumised (toode_id, tsoon_id, kogus, pohjus) VALUES (21, 3, -5, 'myyk');
INSERT INTO laoseis (toode_id, tsoon_id, kogus) VALUES (22, 2, 8);
INSERT INTO lao_liikumised (toode_id, tsoon_id, kogus, pohjus) VALUES (22, 2, -6, 'myyk');
INSERT INTO laoseis (toode_id, tsoon_id, kogus) VALUES (23, 1, 104);
INSERT INTO lao_liikumised (toode_id, tsoon_id, kogus, pohjus) VALUES (23, 1, -2, 'myyk');
INSERT INTO laoseis (toode_id, tsoon_id, kogus) VALUES (25, 1, 170);
INSERT INTO lao_liikumised (toode_id, tsoon_id, kogus, pohjus) VALUES (25, 1, -9, 'myyk');
INSERT INTO laoseis (toode_id, tsoon_id, kogus) VALUES (25, 2, 170);
INSERT INTO lao_liikumised (toode_id, tsoon_id, kogus, pohjus) VALUES (25, 2, -8, 'myyk');
INSERT INTO laoseis (toode_id, tsoon_id, kogus) VALUES (25, 3, 55);
INSERT INTO lao_liikumised (toode_id, tsoon_id, kogus, pohjus) VALUES (25, 3, 55, 'ost');
INSERT INTO laoseis (toode_id, tsoon_id, kogus) VALUES (26, 3, 52);
INSERT INTO lao_liikumised (toode_id, tsoon_id, kogus, pohjus) VALUES (26, 3, -2, 'myyk');
INSERT INTO laoseis (toode_id, tsoon_id, kogus) VALUES (27, 3, 14);
INSERT INTO lao_liikumised (toode_id, tsoon_id, kogus, pohjus) VALUES (27, 3, -3, 'myyk');
INSERT INTO laoseis (toode_id, tsoon_id, kogus) VALUES (28, 1, 171);
INSERT INTO lao_liikumised (toode_id, tsoon_id, kogus, pohjus) VALUES (28, 1, -10, 'myyk');
INSERT INTO laoseis (toode_id, tsoon_id, kogus) VALUES (28, 2, 84);
INSERT INTO lao_liikumised (toode_id, tsoon_id, kogus, pohjus) VALUES (28, 2, -9, 'myyk');
INSERT INTO laoseis (toode_id, tsoon_id, kogus) VALUES (29, 3, 87);
INSERT INTO lao_liikumised (toode_id, tsoon_id, kogus, pohjus) VALUES (29, 3, 87, 'ost');
INSERT INTO laoseis (toode_id, tsoon_id, kogus) VALUES (30, 1, 35);
INSERT INTO lao_liikumised (toode_id, tsoon_id, kogus, pohjus) VALUES (30, 1, -7, 'myyk');
INSERT INTO laoseis (toode_id, tsoon_id, kogus) VALUES (30, 2, 89);
INSERT INTO lao_liikumised (toode_id, tsoon_id, kogus, pohjus) VALUES (30, 2, 89, 'ost');
INSERT INTO laoseis (toode_id, tsoon_id, kogus) VALUES (30, 3, 190);
INSERT INTO lao_liikumised (toode_id, tsoon_id, kogus, pohjus) VALUES (30, 3, 190, 'ost');
INSERT INTO laoseis (toode_id, tsoon_id, kogus) VALUES (31, 1, 88);
INSERT INTO lao_liikumised (toode_id, tsoon_id, kogus, pohjus) VALUES (31, 1, -7, 'myyk');
INSERT INTO laoseis (toode_id, tsoon_id, kogus) VALUES (31, 3, 36);
INSERT INTO lao_liikumised (toode_id, tsoon_id, kogus, pohjus) VALUES (31, 3, -7, 'myyk');
INSERT INTO laoseis (toode_id, tsoon_id, kogus) VALUES (32, 3, 189);
INSERT INTO lao_liikumised (toode_id, tsoon_id, kogus, pohjus) VALUES (32, 3, -5, 'myyk');
INSERT INTO laoseis (toode_id, tsoon_id, kogus) VALUES (33, 2, 56);
INSERT INTO lao_liikumised (toode_id, tsoon_id, kogus, pohjus) VALUES (33, 2, 56, 'ost');
INSERT INTO laoseis (toode_id, tsoon_id, kogus) VALUES (34, 2, 154);
INSERT INTO lao_liikumised (toode_id, tsoon_id, kogus, pohjus) VALUES (34, 2, -2, 'myyk');
INSERT INTO laoseis (toode_id, tsoon_id, kogus) VALUES (34, 3, 172);
INSERT INTO lao_liikumised (toode_id, tsoon_id, kogus, pohjus) VALUES (34, 3, -1, 'myyk');
INSERT INTO laoseis (toode_id, tsoon_id, kogus) VALUES (35, 3, 140);
INSERT INTO lao_liikumised (toode_id, tsoon_id, kogus, pohjus) VALUES (35, 3, -5, 'myyk');
INSERT INTO laoseis (toode_id, tsoon_id, kogus) VALUES (36, 1, 80);
INSERT INTO lao_liikumised (toode_id, tsoon_id, kogus, pohjus) VALUES (36, 1, -7, 'myyk');
INSERT INTO laoseis (toode_id, tsoon_id, kogus) VALUES (36, 3, 155);
INSERT INTO lao_liikumised (toode_id, tsoon_id, kogus, pohjus) VALUES (36, 3, -4, 'myyk');
INSERT INTO laoseis (toode_id, tsoon_id, kogus) VALUES (37, 1, 172);
INSERT INTO lao_liikumised (toode_id, tsoon_id, kogus, pohjus) VALUES (37, 1, 172, 'ost');
INSERT INTO laoseis (toode_id, tsoon_id, kogus) VALUES (37, 3, 84);
INSERT INTO lao_liikumised (toode_id, tsoon_id, kogus, pohjus) VALUES (37, 3, -9, 'myyk');
INSERT INTO laoseis (toode_id, tsoon_id, kogus) VALUES (38, 1, 115);
INSERT INTO lao_liikumised (toode_id, tsoon_id, kogus, pohjus) VALUES (38, 1, 115, 'ost');
INSERT INTO laoseis (toode_id, tsoon_id, kogus) VALUES (38, 3, 6);
INSERT INTO lao_liikumised (toode_id, tsoon_id, kogus, pohjus) VALUES (38, 3, -1, 'myyk');
INSERT INTO laoseis (toode_id, tsoon_id, kogus) VALUES (39, 1, 179);
INSERT INTO lao_liikumised (toode_id, tsoon_id, kogus, pohjus) VALUES (39, 1, -9, 'myyk');
INSERT INTO laoseis (toode_id, tsoon_id, kogus) VALUES (39, 3, 78);
INSERT INTO lao_liikumised (toode_id, tsoon_id, kogus, pohjus) VALUES (39, 3, 78, 'ost');
INSERT INTO laoseis (toode_id, tsoon_id, kogus) VALUES (40, 1, 199);
INSERT INTO lao_liikumised (toode_id, tsoon_id, kogus, pohjus) VALUES (40, 1, -7, 'myyk');
INSERT INTO laoseis (toode_id, tsoon_id, kogus) VALUES (41, 1, 87);
INSERT INTO lao_liikumised (toode_id, tsoon_id, kogus, pohjus) VALUES (41, 1, -8, 'myyk');
INSERT INTO laoseis (toode_id, tsoon_id, kogus) VALUES (41, 2, 185);
INSERT INTO lao_liikumised (toode_id, tsoon_id, kogus, pohjus) VALUES (41, 2, -9, 'myyk');
INSERT INTO laoseis (toode_id, tsoon_id, kogus) VALUES (41, 3, 159);
INSERT INTO lao_liikumised (toode_id, tsoon_id, kogus, pohjus) VALUES (41, 3, -5, 'myyk');
INSERT INTO laoseis (toode_id, tsoon_id, kogus) VALUES (42, 1, 163);
INSERT INTO lao_liikumised (toode_id, tsoon_id, kogus, pohjus) VALUES (42, 1, -10, 'myyk');
INSERT INTO laoseis (toode_id, tsoon_id, kogus) VALUES (42, 2, 74);
INSERT INTO lao_liikumised (toode_id, tsoon_id, kogus, pohjus) VALUES (42, 2, -6, 'myyk');
INSERT INTO laoseis (toode_id, tsoon_id, kogus) VALUES (42, 3, 44);
INSERT INTO lao_liikumised (toode_id, tsoon_id, kogus, pohjus) VALUES (42, 3, 44, 'ost');
INSERT INTO laoseis (toode_id, tsoon_id, kogus) VALUES (43, 1, 68);
INSERT INTO lao_liikumised (toode_id, tsoon_id, kogus, pohjus) VALUES (43, 1, 68, 'ost');
INSERT INTO laoseis (toode_id, tsoon_id, kogus) VALUES (43, 3, 9);
INSERT INTO lao_liikumised (toode_id, tsoon_id, kogus, pohjus) VALUES (43, 3, 9, 'ost');
INSERT INTO laoseis (toode_id, tsoon_id, kogus) VALUES (44, 1, 103);
INSERT INTO lao_liikumised (toode_id, tsoon_id, kogus, pohjus) VALUES (44, 1, -7, 'myyk');
INSERT INTO laoseis (toode_id, tsoon_id, kogus) VALUES (44, 2, 107);
INSERT INTO lao_liikumised (toode_id, tsoon_id, kogus, pohjus) VALUES (44, 2, 107, 'ost');
INSERT INTO laoseis (toode_id, tsoon_id, kogus) VALUES (44, 3, 127);
INSERT INTO lao_liikumised (toode_id, tsoon_id, kogus, pohjus) VALUES (44, 3, -9, 'myyk');
INSERT INTO laoseis (toode_id, tsoon_id, kogus) VALUES (45, 1, 58);
INSERT INTO lao_liikumised (toode_id, tsoon_id, kogus, pohjus) VALUES (45, 1, -5, 'myyk');
INSERT INTO laoseis (toode_id, tsoon_id, kogus) VALUES (45, 2, 127);
INSERT INTO lao_liikumised (toode_id, tsoon_id, kogus, pohjus) VALUES (45, 2, 127, 'ost');
INSERT INTO laoseis (toode_id, tsoon_id, kogus) VALUES (46, 1, 141);
INSERT INTO lao_liikumised (toode_id, tsoon_id, kogus, pohjus) VALUES (46, 1, 141, 'ost');
INSERT INTO laoseis (toode_id, tsoon_id, kogus) VALUES (47, 1, 17);
INSERT INTO lao_liikumised (toode_id, tsoon_id, kogus, pohjus) VALUES (47, 1, 17, 'ost');
INSERT INTO laoseis (toode_id, tsoon_id, kogus) VALUES (47, 2, 176);
INSERT INTO lao_liikumised (toode_id, tsoon_id, kogus, pohjus) VALUES (47, 2, 176, 'ost');
INSERT INTO laoseis (toode_id, tsoon_id, kogus) VALUES (48, 3, 68);
INSERT INTO lao_liikumised (toode_id, tsoon_id, kogus, pohjus) VALUES (48, 3, -3, 'myyk');
INSERT INTO laoseis (toode_id, tsoon_id, kogus) VALUES (49, 1, 162);
INSERT INTO lao_liikumised (toode_id, tsoon_id, kogus, pohjus) VALUES (49, 1, -6, 'myyk');
INSERT INTO laoseis (toode_id, tsoon_id, kogus) VALUES (49, 2, 114);
INSERT INTO lao_liikumised (toode_id, tsoon_id, kogus, pohjus) VALUES (49, 2, -5, 'myyk');
INSERT INTO laoseis (toode_id, tsoon_id, kogus) VALUES (49, 3, 70);
INSERT INTO lao_liikumised (toode_id, tsoon_id, kogus, pohjus) VALUES (49, 3, 70, 'ost');
INSERT INTO laoseis (toode_id, tsoon_id, kogus) VALUES (50, 1, 120);
INSERT INTO lao_liikumised (toode_id, tsoon_id, kogus, pohjus) VALUES (50, 1, 120, 'ost');
INSERT INTO laoseis (toode_id, tsoon_id, kogus) VALUES (51, 1, 196);
INSERT INTO lao_liikumised (toode_id, tsoon_id, kogus, pohjus) VALUES (51, 1, 196, 'ost');
INSERT INTO laoseis (toode_id, tsoon_id, kogus) VALUES (52, 2, 156);
INSERT INTO lao_liikumised (toode_id, tsoon_id, kogus, pohjus) VALUES (52, 2, -8, 'myyk');
INSERT INTO laoseis (toode_id, tsoon_id, kogus) VALUES (53, 1, 163);
INSERT INTO lao_liikumised (toode_id, tsoon_id, kogus, pohjus) VALUES (53, 1, 163, 'ost');
INSERT INTO laoseis (toode_id, tsoon_id, kogus) VALUES (54, 1, 70);
INSERT INTO lao_liikumised (toode_id, tsoon_id, kogus, pohjus) VALUES (54, 1, 70, 'ost');
INSERT INTO laoseis (toode_id, tsoon_id, kogus) VALUES (54, 3, 41);
INSERT INTO lao_liikumised (toode_id, tsoon_id, kogus, pohjus) VALUES (54, 3, 41, 'ost');
INSERT INTO laoseis (toode_id, tsoon_id, kogus) VALUES (55, 2, 131);
INSERT INTO lao_liikumised (toode_id, tsoon_id, kogus, pohjus) VALUES (55, 2, -4, 'myyk');
INSERT INTO laoseis (toode_id, tsoon_id, kogus) VALUES (55, 3, 53);
INSERT INTO lao_liikumised (toode_id, tsoon_id, kogus, pohjus) VALUES (55, 3, 53, 'ost');
INSERT INTO laoseis (toode_id, tsoon_id, kogus) VALUES (56, 1, 126);
INSERT INTO lao_liikumised (toode_id, tsoon_id, kogus, pohjus) VALUES (56, 1, -5, 'myyk');
INSERT INTO laoseis (toode_id, tsoon_id, kogus) VALUES (56, 3, 147);
INSERT INTO lao_liikumised (toode_id, tsoon_id, kogus, pohjus) VALUES (56, 3, -10, 'myyk');
INSERT INTO laoseis (toode_id, tsoon_id, kogus) VALUES (57, 2, 64);
INSERT INTO lao_liikumised (toode_id, tsoon_id, kogus, pohjus) VALUES (57, 2, -5, 'myyk');
INSERT INTO laoseis (toode_id, tsoon_id, kogus) VALUES (57, 3, 199);
INSERT INTO lao_liikumised (toode_id, tsoon_id, kogus, pohjus) VALUES (57, 3, 199, 'ost');
INSERT INTO laoseis (toode_id, tsoon_id, kogus) VALUES (58, 2, 24);
INSERT INTO lao_liikumised (toode_id, tsoon_id, kogus, pohjus) VALUES (58, 2, -9, 'myyk');
INSERT INTO laoseis (toode_id, tsoon_id, kogus) VALUES (58, 3, 132);
INSERT INTO lao_liikumised (toode_id, tsoon_id, kogus, pohjus) VALUES (58, 3, -4, 'myyk');
INSERT INTO laoseis (toode_id, tsoon_id, kogus) VALUES (59, 3, 61);
INSERT INTO lao_liikumised (toode_id, tsoon_id, kogus, pohjus) VALUES (59, 3, 61, 'ost');
INSERT INTO laoseis (toode_id, tsoon_id, kogus) VALUES (60, 1, 75);
INSERT INTO lao_liikumised (toode_id, tsoon_id, kogus, pohjus) VALUES (60, 1, -6, 'myyk');
INSERT INTO laoseis (toode_id, tsoon_id, kogus) VALUES (60, 2, 133);
INSERT INTO lao_liikumised (toode_id, tsoon_id, kogus, pohjus) VALUES (60, 2, 133, 'ost');
INSERT INTO laoseis (toode_id, tsoon_id, kogus) VALUES (60, 3, 102);
INSERT INTO lao_liikumised (toode_id, tsoon_id, kogus, pohjus) VALUES (60, 3, -6, 'myyk');
INSERT INTO laoseis (toode_id, tsoon_id, kogus) VALUES (61, 1, 39);
INSERT INTO lao_liikumised (toode_id, tsoon_id, kogus, pohjus) VALUES (61, 1, 39, 'ost');
INSERT INTO laoseis (toode_id, tsoon_id, kogus) VALUES (61, 2, 101);
INSERT INTO lao_liikumised (toode_id, tsoon_id, kogus, pohjus) VALUES (61, 2, 101, 'ost');
INSERT INTO laoseis (toode_id, tsoon_id, kogus) VALUES (62, 1, 155);
INSERT INTO lao_liikumised (toode_id, tsoon_id, kogus, pohjus) VALUES (62, 1, 155, 'ost');
INSERT INTO laoseis (toode_id, tsoon_id, kogus) VALUES (62, 3, 78);
INSERT INTO lao_liikumised (toode_id, tsoon_id, kogus, pohjus) VALUES (62, 3, -9, 'myyk');
INSERT INTO laoseis (toode_id, tsoon_id, kogus) VALUES (63, 1, 38);
INSERT INTO lao_liikumised (toode_id, tsoon_id, kogus, pohjus) VALUES (63, 1, -5, 'myyk');
INSERT INTO laoseis (toode_id, tsoon_id, kogus) VALUES (63, 3, 51);
INSERT INTO lao_liikumised (toode_id, tsoon_id, kogus, pohjus) VALUES (63, 3, 51, 'ost');
INSERT INTO laoseis (toode_id, tsoon_id, kogus) VALUES (65, 2, 35);
INSERT INTO lao_liikumised (toode_id, tsoon_id, kogus, pohjus) VALUES (65, 2, 35, 'ost');
INSERT INTO laoseis (toode_id, tsoon_id, kogus) VALUES (66, 2, 20);
INSERT INTO lao_liikumised (toode_id, tsoon_id, kogus, pohjus) VALUES (66, 2, -4, 'myyk');
INSERT INTO laoseis (toode_id, tsoon_id, kogus) VALUES (66, 3, 126);
INSERT INTO lao_liikumised (toode_id, tsoon_id, kogus, pohjus) VALUES (66, 3, 126, 'ost');
INSERT INTO laoseis (toode_id, tsoon_id, kogus) VALUES (67, 1, 98);
INSERT INTO lao_liikumised (toode_id, tsoon_id, kogus, pohjus) VALUES (67, 1, -9, 'myyk');
INSERT INTO laoseis (toode_id, tsoon_id, kogus) VALUES (69, 1, 81);
INSERT INTO lao_liikumised (toode_id, tsoon_id, kogus, pohjus) VALUES (69, 1, 81, 'ost');
INSERT INTO laoseis (toode_id, tsoon_id, kogus) VALUES (69, 2, 20);
INSERT INTO lao_liikumised (toode_id, tsoon_id, kogus, pohjus) VALUES (69, 2, -10, 'myyk');
INSERT INTO laoseis (toode_id, tsoon_id, kogus) VALUES (70, 1, 137);
INSERT INTO lao_liikumised (toode_id, tsoon_id, kogus, pohjus) VALUES (70, 1, -5, 'myyk');
INSERT INTO laoseis (toode_id, tsoon_id, kogus) VALUES (71, 3, 133);
INSERT INTO lao_liikumised (toode_id, tsoon_id, kogus, pohjus) VALUES (71, 3, -5, 'myyk');
INSERT INTO laoseis (toode_id, tsoon_id, kogus) VALUES (72, 2, 67);
INSERT INTO lao_liikumised (toode_id, tsoon_id, kogus, pohjus) VALUES (72, 2, -10, 'myyk');
INSERT INTO laoseis (toode_id, tsoon_id, kogus) VALUES (73, 1, 164);
INSERT INTO lao_liikumised (toode_id, tsoon_id, kogus, pohjus) VALUES (73, 1, 164, 'ost');
INSERT INTO laoseis (toode_id, tsoon_id, kogus) VALUES (73, 3, 112);
INSERT INTO lao_liikumised (toode_id, tsoon_id, kogus, pohjus) VALUES (73, 3, 112, 'ost');
INSERT INTO laoseis (toode_id, tsoon_id, kogus) VALUES (74, 1, 12);
INSERT INTO lao_liikumised (toode_id, tsoon_id, kogus, pohjus) VALUES (74, 1, 12, 'ost');
INSERT INTO laoseis (toode_id, tsoon_id, kogus) VALUES (74, 3, 49);
INSERT INTO lao_liikumised (toode_id, tsoon_id, kogus, pohjus) VALUES (74, 3, -5, 'myyk');
INSERT INTO laoseis (toode_id, tsoon_id, kogus) VALUES (75, 3, 176);
INSERT INTO lao_liikumised (toode_id, tsoon_id, kogus, pohjus) VALUES (75, 3, 176, 'ost');
INSERT INTO laoseis (toode_id, tsoon_id, kogus) VALUES (77, 2, 20);
INSERT INTO lao_liikumised (toode_id, tsoon_id, kogus, pohjus) VALUES (77, 2, -4, 'myyk');
INSERT INTO laoseis (toode_id, tsoon_id, kogus) VALUES (77, 3, 40);
INSERT INTO lao_liikumised (toode_id, tsoon_id, kogus, pohjus) VALUES (77, 3, 40, 'ost');
INSERT INTO laoseis (toode_id, tsoon_id, kogus) VALUES (78, 2, 185);
INSERT INTO lao_liikumised (toode_id, tsoon_id, kogus, pohjus) VALUES (78, 2, 185, 'ost');
INSERT INTO laoseis (toode_id, tsoon_id, kogus) VALUES (79, 1, 186);
INSERT INTO lao_liikumised (toode_id, tsoon_id, kogus, pohjus) VALUES (79, 1, -8, 'myyk');
INSERT INTO laoseis (toode_id, tsoon_id, kogus) VALUES (79, 3, 23);
INSERT INTO lao_liikumised (toode_id, tsoon_id, kogus, pohjus) VALUES (79, 3, 23, 'ost');
INSERT INTO laoseis (toode_id, tsoon_id, kogus) VALUES (80, 3, 158);
INSERT INTO lao_liikumised (toode_id, tsoon_id, kogus, pohjus) VALUES (80, 3, 158, 'ost');
INSERT INTO laoseis (toode_id, tsoon_id, kogus) VALUES (81, 1, 152);
INSERT INTO lao_liikumised (toode_id, tsoon_id, kogus, pohjus) VALUES (81, 1, 152, 'ost');
INSERT INTO laoseis (toode_id, tsoon_id, kogus) VALUES (82, 1, 98);
INSERT INTO lao_liikumised (toode_id, tsoon_id, kogus, pohjus) VALUES (82, 1, -10, 'myyk');
INSERT INTO laoseis (toode_id, tsoon_id, kogus) VALUES (82, 2, 59);
INSERT INTO lao_liikumised (toode_id, tsoon_id, kogus, pohjus) VALUES (82, 2, 59, 'ost');
INSERT INTO laoseis (toode_id, tsoon_id, kogus) VALUES (82, 3, 118);
INSERT INTO lao_liikumised (toode_id, tsoon_id, kogus, pohjus) VALUES (82, 3, 118, 'ost');
INSERT INTO laoseis (toode_id, tsoon_id, kogus) VALUES (83, 1, 118);
INSERT INTO lao_liikumised (toode_id, tsoon_id, kogus, pohjus) VALUES (83, 1, 118, 'ost');
INSERT INTO laoseis (toode_id, tsoon_id, kogus) VALUES (83, 2, 177);
INSERT INTO lao_liikumised (toode_id, tsoon_id, kogus, pohjus) VALUES (83, 2, 177, 'ost');
INSERT INTO laoseis (toode_id, tsoon_id, kogus) VALUES (83, 3, 23);
INSERT INTO lao_liikumised (toode_id, tsoon_id, kogus, pohjus) VALUES (83, 3, -6, 'myyk');
INSERT INTO laoseis (toode_id, tsoon_id, kogus) VALUES (84, 3, 187);
INSERT INTO lao_liikumised (toode_id, tsoon_id, kogus, pohjus) VALUES (84, 3, -5, 'myyk');
INSERT INTO laoseis (toode_id, tsoon_id, kogus) VALUES (85, 1, 129);
INSERT INTO lao_liikumised (toode_id, tsoon_id, kogus, pohjus) VALUES (85, 1, -6, 'myyk');
INSERT INTO laoseis (toode_id, tsoon_id, kogus) VALUES (86, 1, 11);
INSERT INTO lao_liikumised (toode_id, tsoon_id, kogus, pohjus) VALUES (86, 1, -5, 'myyk');
INSERT INTO laoseis (toode_id, tsoon_id, kogus) VALUES (86, 2, 111);
INSERT INTO lao_liikumised (toode_id, tsoon_id, kogus, pohjus) VALUES (86, 2, 111, 'ost');
INSERT INTO laoseis (toode_id, tsoon_id, kogus) VALUES (86, 3, 130);
INSERT INTO lao_liikumised (toode_id, tsoon_id, kogus, pohjus) VALUES (86, 3, -2, 'myyk');
INSERT INTO laoseis (toode_id, tsoon_id, kogus) VALUES (87, 1, 127);
INSERT INTO lao_liikumised (toode_id, tsoon_id, kogus, pohjus) VALUES (87, 1, -3, 'myyk');
INSERT INTO laoseis (toode_id, tsoon_id, kogus) VALUES (87, 3, 108);
INSERT INTO lao_liikumised (toode_id, tsoon_id, kogus, pohjus) VALUES (87, 3, 108, 'ost');
INSERT INTO laoseis (toode_id, tsoon_id, kogus) VALUES (88, 1, 74);
INSERT INTO lao_liikumised (toode_id, tsoon_id, kogus, pohjus) VALUES (88, 1, -5, 'myyk');
INSERT INTO laoseis (toode_id, tsoon_id, kogus) VALUES (88, 2, 78);
INSERT INTO lao_liikumised (toode_id, tsoon_id, kogus, pohjus) VALUES (88, 2, -9, 'myyk');
INSERT INTO laoseis (toode_id, tsoon_id, kogus) VALUES (88, 3, 171);
INSERT INTO lao_liikumised (toode_id, tsoon_id, kogus, pohjus) VALUES (88, 3, -9, 'myyk');
INSERT INTO laoseis (toode_id, tsoon_id, kogus) VALUES (89, 1, 149);
INSERT INTO lao_liikumised (toode_id, tsoon_id, kogus, pohjus) VALUES (89, 1, 149, 'ost');
INSERT INTO laoseis (toode_id, tsoon_id, kogus) VALUES (89, 2, 192);
INSERT INTO lao_liikumised (toode_id, tsoon_id, kogus, pohjus) VALUES (89, 2, 192, 'ost');
INSERT INTO laoseis (toode_id, tsoon_id, kogus) VALUES (90, 1, 101);
INSERT INTO lao_liikumised (toode_id, tsoon_id, kogus, pohjus) VALUES (90, 1, -5, 'myyk');
INSERT INTO laoseis (toode_id, tsoon_id, kogus) VALUES (90, 2, 65);
INSERT INTO lao_liikumised (toode_id, tsoon_id, kogus, pohjus) VALUES (90, 2, -7, 'myyk');
INSERT INTO laoseis (toode_id, tsoon_id, kogus) VALUES (90, 3, 189);
INSERT INTO lao_liikumised (toode_id, tsoon_id, kogus, pohjus) VALUES (90, 3, -1, 'myyk');
INSERT INTO laoseis (toode_id, tsoon_id, kogus) VALUES (91, 1, 163);
INSERT INTO lao_liikumised (toode_id, tsoon_id, kogus, pohjus) VALUES (91, 1, -3, 'myyk');
INSERT INTO laoseis (toode_id, tsoon_id, kogus) VALUES (91, 2, 33);
INSERT INTO lao_liikumised (toode_id, tsoon_id, kogus, pohjus) VALUES (91, 2, -10, 'myyk');
INSERT INTO laoseis (toode_id, tsoon_id, kogus) VALUES (91, 3, 156);
INSERT INTO lao_liikumised (toode_id, tsoon_id, kogus, pohjus) VALUES (91, 3, -5, 'myyk');
INSERT INTO laoseis (toode_id, tsoon_id, kogus) VALUES (92, 1, 171);
INSERT INTO lao_liikumised (toode_id, tsoon_id, kogus, pohjus) VALUES (92, 1, -3, 'myyk');
INSERT INTO laoseis (toode_id, tsoon_id, kogus) VALUES (93, 2, 110);
INSERT INTO lao_liikumised (toode_id, tsoon_id, kogus, pohjus) VALUES (93, 2, 110, 'ost');
INSERT INTO laoseis (toode_id, tsoon_id, kogus) VALUES (94, 1, 94);
INSERT INTO lao_liikumised (toode_id, tsoon_id, kogus, pohjus) VALUES (94, 1, 94, 'ost');
INSERT INTO laoseis (toode_id, tsoon_id, kogus) VALUES (94, 2, 42);
INSERT INTO lao_liikumised (toode_id, tsoon_id, kogus, pohjus) VALUES (94, 2, 42, 'ost');
INSERT INTO laoseis (toode_id, tsoon_id, kogus) VALUES (95, 3, 180);
INSERT INTO lao_liikumised (toode_id, tsoon_id, kogus, pohjus) VALUES (95, 3, -8, 'myyk');
INSERT INTO laoseis (toode_id, tsoon_id, kogus) VALUES (96, 3, 21);
INSERT INTO lao_liikumised (toode_id, tsoon_id, kogus, pohjus) VALUES (96, 3, -10, 'myyk');
INSERT INTO laoseis (toode_id, tsoon_id, kogus) VALUES (97, 1, 51);
INSERT INTO lao_liikumised (toode_id, tsoon_id, kogus, pohjus) VALUES (97, 1, -2, 'myyk');
INSERT INTO laoseis (toode_id, tsoon_id, kogus) VALUES (97, 2, 162);
INSERT INTO lao_liikumised (toode_id, tsoon_id, kogus, pohjus) VALUES (97, 2, 162, 'ost');
INSERT INTO laoseis (toode_id, tsoon_id, kogus) VALUES (97, 3, 17);
INSERT INTO lao_liikumised (toode_id, tsoon_id, kogus, pohjus) VALUES (97, 3, 17, 'ost');
INSERT INTO laoseis (toode_id, tsoon_id, kogus) VALUES (98, 3, 166);
INSERT INTO lao_liikumised (toode_id, tsoon_id, kogus, pohjus) VALUES (98, 3, -1, 'myyk');
INSERT INTO laoseis (toode_id, tsoon_id, kogus) VALUES (99, 1, 188);
INSERT INTO lao_liikumised (toode_id, tsoon_id, kogus, pohjus) VALUES (99, 1, -10, 'myyk');
INSERT INTO laoseis (toode_id, tsoon_id, kogus) VALUES (99, 2, 45);
INSERT INTO lao_liikumised (toode_id, tsoon_id, kogus, pohjus) VALUES (99, 2, -3, 'myyk');
INSERT INTO laoseis (toode_id, tsoon_id, kogus) VALUES (99, 3, 155);
INSERT INTO lao_liikumised (toode_id, tsoon_id, kogus, pohjus) VALUES (99, 3, -8, 'myyk');
INSERT INTO laoseis (toode_id, tsoon_id, kogus) VALUES (100, 1, 39);
INSERT INTO lao_liikumised (toode_id, tsoon_id, kogus, pohjus) VALUES (100, 1, -9, 'myyk');
INSERT INTO laoseis (toode_id, tsoon_id, kogus) VALUES (100, 2, 105);
INSERT INTO lao_liikumised (toode_id, tsoon_id, kogus, pohjus) VALUES (100, 2, 105, 'ost');
INSERT INTO laoseis (toode_id, tsoon_id, kogus) VALUES (100, 3, 76);
INSERT INTO lao_liikumised (toode_id, tsoon_id, kogus, pohjus) VALUES (100, 3, 76, 'ost');
INSERT INTO laoseis (toode_id, tsoon_id, kogus) VALUES (101, 1, 27);
INSERT INTO lao_liikumised (toode_id, tsoon_id, kogus, pohjus) VALUES (101, 1, 27, 'ost');
INSERT INTO laoseis (toode_id, tsoon_id, kogus) VALUES (101, 2, 155);
INSERT INTO lao_liikumised (toode_id, tsoon_id, kogus, pohjus) VALUES (101, 2, 155, 'ost');
INSERT INTO laoseis (toode_id, tsoon_id, kogus) VALUES (101, 3, 169);
INSERT INTO lao_liikumised (toode_id, tsoon_id, kogus, pohjus) VALUES (101, 3, -10, 'myyk');
INSERT INTO laoseis (toode_id, tsoon_id, kogus) VALUES (102, 1, 130);
INSERT INTO lao_liikumised (toode_id, tsoon_id, kogus, pohjus) VALUES (102, 1, 130, 'ost');
INSERT INTO laoseis (toode_id, tsoon_id, kogus) VALUES (103, 2, 145);
INSERT INTO lao_liikumised (toode_id, tsoon_id, kogus, pohjus) VALUES (103, 2, 145, 'ost');
INSERT INTO laoseis (toode_id, tsoon_id, kogus) VALUES (103, 3, 198);
INSERT INTO lao_liikumised (toode_id, tsoon_id, kogus, pohjus) VALUES (103, 3, -5, 'myyk');
INSERT INTO laoseis (toode_id, tsoon_id, kogus) VALUES (104, 1, 76);
INSERT INTO lao_liikumised (toode_id, tsoon_id, kogus, pohjus) VALUES (104, 1, -5, 'myyk');
INSERT INTO laoseis (toode_id, tsoon_id, kogus) VALUES (104, 2, 161);
INSERT INTO lao_liikumised (toode_id, tsoon_id, kogus, pohjus) VALUES (104, 2, -10, 'myyk');
INSERT INTO laoseis (toode_id, tsoon_id, kogus) VALUES (104, 3, 51);
INSERT INTO lao_liikumised (toode_id, tsoon_id, kogus, pohjus) VALUES (104, 3, 51, 'ost');
INSERT INTO laoseis (toode_id, tsoon_id, kogus) VALUES (105, 2, 151);
INSERT INTO lao_liikumised (toode_id, tsoon_id, kogus, pohjus) VALUES (105, 2, 151, 'ost');
INSERT INTO laoseis (toode_id, tsoon_id, kogus) VALUES (105, 3, 17);
INSERT INTO lao_liikumised (toode_id, tsoon_id, kogus, pohjus) VALUES (105, 3, 17, 'ost');
INSERT INTO laoseis (toode_id, tsoon_id, kogus) VALUES (106, 1, 25);
INSERT INTO lao_liikumised (toode_id, tsoon_id, kogus, pohjus) VALUES (106, 1, 25, 'ost');
INSERT INTO laoseis (toode_id, tsoon_id, kogus) VALUES (106, 3, 5);
INSERT INTO lao_liikumised (toode_id, tsoon_id, kogus, pohjus) VALUES (106, 3, 5, 'ost');
INSERT INTO laoseis (toode_id, tsoon_id, kogus) VALUES (107, 1, 168);
INSERT INTO lao_liikumised (toode_id, tsoon_id, kogus, pohjus) VALUES (107, 1, -3, 'myyk');
INSERT INTO laoseis (toode_id, tsoon_id, kogus) VALUES (107, 2, 181);
INSERT INTO lao_liikumised (toode_id, tsoon_id, kogus, pohjus) VALUES (107, 2, -7, 'myyk');
INSERT INTO laoseis (toode_id, tsoon_id, kogus) VALUES (108, 1, 121);
INSERT INTO lao_liikumised (toode_id, tsoon_id, kogus, pohjus) VALUES (108, 1, -3, 'myyk');
INSERT INTO laoseis (toode_id, tsoon_id, kogus) VALUES (108, 3, 23);
INSERT INTO lao_liikumised (toode_id, tsoon_id, kogus, pohjus) VALUES (108, 3, 23, 'ost');
INSERT INTO laoseis (toode_id, tsoon_id, kogus) VALUES (109, 2, 103);
INSERT INTO lao_liikumised (toode_id, tsoon_id, kogus, pohjus) VALUES (109, 2, 103, 'ost');
INSERT INTO laoseis (toode_id, tsoon_id, kogus) VALUES (109, 3, 113);
INSERT INTO lao_liikumised (toode_id, tsoon_id, kogus, pohjus) VALUES (109, 3, -4, 'myyk');
INSERT INTO laoseis (toode_id, tsoon_id, kogus) VALUES (110, 3, 152);
INSERT INTO lao_liikumised (toode_id, tsoon_id, kogus, pohjus) VALUES (110, 3, -4, 'myyk');
INSERT INTO laoseis (toode_id, tsoon_id, kogus) VALUES (111, 3, 26);
INSERT INTO lao_liikumised (toode_id, tsoon_id, kogus, pohjus) VALUES (111, 3, -6, 'myyk');
INSERT INTO laoseis (toode_id, tsoon_id, kogus) VALUES (112, 1, 160);
INSERT INTO lao_liikumised (toode_id, tsoon_id, kogus, pohjus) VALUES (112, 1, -6, 'myyk');
INSERT INTO laoseis (toode_id, tsoon_id, kogus) VALUES (112, 3, 9);
INSERT INTO lao_liikumised (toode_id, tsoon_id, kogus, pohjus) VALUES (112, 3, -6, 'myyk');
INSERT INTO laoseis (toode_id, tsoon_id, kogus) VALUES (113, 3, 30);
INSERT INTO lao_liikumised (toode_id, tsoon_id, kogus, pohjus) VALUES (113, 3, 30, 'ost');
INSERT INTO laoseis (toode_id, tsoon_id, kogus) VALUES (114, 2, 42);
INSERT INTO lao_liikumised (toode_id, tsoon_id, kogus, pohjus) VALUES (114, 2, 42, 'ost');
INSERT INTO laoseis (toode_id, tsoon_id, kogus) VALUES (114, 3, 34);
INSERT INTO lao_liikumised (toode_id, tsoon_id, kogus, pohjus) VALUES (114, 3, -2, 'myyk');
INSERT INTO laoseis (toode_id, tsoon_id, kogus) VALUES (115, 2, 59);
INSERT INTO lao_liikumised (toode_id, tsoon_id, kogus, pohjus) VALUES (115, 2, 59, 'ost');
INSERT INTO laoseis (toode_id, tsoon_id, kogus) VALUES (115, 3, 137);
INSERT INTO lao_liikumised (toode_id, tsoon_id, kogus, pohjus) VALUES (115, 3, -9, 'myyk');
INSERT INTO laoseis (toode_id, tsoon_id, kogus) VALUES (116, 1, 82);
INSERT INTO lao_liikumised (toode_id, tsoon_id, kogus, pohjus) VALUES (116, 1, -5, 'myyk');
INSERT INTO laoseis (toode_id, tsoon_id, kogus) VALUES (116, 3, 85);
INSERT INTO lao_liikumised (toode_id, tsoon_id, kogus, pohjus) VALUES (116, 3, 85, 'ost');
INSERT INTO laoseis (toode_id, tsoon_id, kogus) VALUES (117, 1, 16);
INSERT INTO lao_liikumised (toode_id, tsoon_id, kogus, pohjus) VALUES (117, 1, -6, 'myyk');
INSERT INTO laoseis (toode_id, tsoon_id, kogus) VALUES (117, 2, 22);
INSERT INTO lao_liikumised (toode_id, tsoon_id, kogus, pohjus) VALUES (117, 2, 22, 'ost');
INSERT INTO laoseis (toode_id, tsoon_id, kogus) VALUES (118, 2, 16);
INSERT INTO lao_liikumised (toode_id, tsoon_id, kogus, pohjus) VALUES (118, 2, -7, 'myyk');
INSERT INTO laoseis (toode_id, tsoon_id, kogus) VALUES (119, 1, 119);
INSERT INTO lao_liikumised (toode_id, tsoon_id, kogus, pohjus) VALUES (119, 1, -5, 'myyk');
INSERT INTO laoseis (toode_id, tsoon_id, kogus) VALUES (119, 2, 40);
INSERT INTO lao_liikumised (toode_id, tsoon_id, kogus, pohjus) VALUES (119, 2, 40, 'ost');
INSERT INTO laoseis (toode_id, tsoon_id, kogus) VALUES (119, 3, 191);
INSERT INTO lao_liikumised (toode_id, tsoon_id, kogus, pohjus) VALUES (119, 3, 191, 'ost');
INSERT INTO laoseis (toode_id, tsoon_id, kogus) VALUES (120, 1, 169);
INSERT INTO lao_liikumised (toode_id, tsoon_id, kogus, pohjus) VALUES (120, 1, -8, 'myyk');
INSERT INTO laoseis (toode_id, tsoon_id, kogus) VALUES (120, 3, 46);
INSERT INTO lao_liikumised (toode_id, tsoon_id, kogus, pohjus) VALUES (120, 3, 46, 'ost');
INSERT INTO laoseis (toode_id, tsoon_id, kogus) VALUES (121, 1, 186);
INSERT INTO lao_liikumised (toode_id, tsoon_id, kogus, pohjus) VALUES (121, 1, 186, 'ost');
INSERT INTO laoseis (toode_id, tsoon_id, kogus) VALUES (121, 2, 8);
INSERT INTO lao_liikumised (toode_id, tsoon_id, kogus, pohjus) VALUES (121, 2, -8, 'myyk');
INSERT INTO laoseis (toode_id, tsoon_id, kogus) VALUES (122, 1, 195);
INSERT INTO lao_liikumised (toode_id, tsoon_id, kogus, pohjus) VALUES (122, 1, 195, 'ost');
INSERT INTO laoseis (toode_id, tsoon_id, kogus) VALUES (122, 3, 93);
INSERT INTO lao_liikumised (toode_id, tsoon_id, kogus, pohjus) VALUES (122, 3, 93, 'ost');
INSERT INTO laoseis (toode_id, tsoon_id, kogus) VALUES (123, 1, 61);
INSERT INTO lao_liikumised (toode_id, tsoon_id, kogus, pohjus) VALUES (123, 1, -9, 'myyk');
INSERT INTO laoseis (toode_id, tsoon_id, kogus) VALUES (123, 2, 173);
INSERT INTO lao_liikumised (toode_id, tsoon_id, kogus, pohjus) VALUES (123, 2, -4, 'myyk');
INSERT INTO laoseis (toode_id, tsoon_id, kogus) VALUES (123, 3, 143);
INSERT INTO lao_liikumised (toode_id, tsoon_id, kogus, pohjus) VALUES (123, 3, -7, 'myyk');
INSERT INTO laoseis (toode_id, tsoon_id, kogus) VALUES (124, 1, 164);
INSERT INTO lao_liikumised (toode_id, tsoon_id, kogus, pohjus) VALUES (124, 1, 164, 'ost');
INSERT INTO laoseis (toode_id, tsoon_id, kogus) VALUES (124, 2, 124);
INSERT INTO lao_liikumised (toode_id, tsoon_id, kogus, pohjus) VALUES (124, 2, 124, 'ost');
INSERT INTO laoseis (toode_id, tsoon_id, kogus) VALUES (124, 3, 33);
INSERT INTO lao_liikumised (toode_id, tsoon_id, kogus, pohjus) VALUES (124, 3, -1, 'myyk');
INSERT INTO laoseis (toode_id, tsoon_id, kogus) VALUES (125, 1, 50);
INSERT INTO lao_liikumised (toode_id, tsoon_id, kogus, pohjus) VALUES (125, 1, -10, 'myyk');
INSERT INTO laoseis (toode_id, tsoon_id, kogus) VALUES (126, 3, 21);
INSERT INTO lao_liikumised (toode_id, tsoon_id, kogus, pohjus) VALUES (126, 3, 21, 'ost');
INSERT INTO laoseis (toode_id, tsoon_id, kogus) VALUES (127, 1, 181);
INSERT INTO lao_liikumised (toode_id, tsoon_id, kogus, pohjus) VALUES (127, 1, 181, 'ost');
INSERT INTO laoseis (toode_id, tsoon_id, kogus) VALUES (127, 2, 154);
INSERT INTO lao_liikumised (toode_id, tsoon_id, kogus, pohjus) VALUES (127, 2, 154, 'ost');
INSERT INTO laoseis (toode_id, tsoon_id, kogus) VALUES (127, 3, 192);
INSERT INTO lao_liikumised (toode_id, tsoon_id, kogus, pohjus) VALUES (127, 3, -5, 'myyk');
INSERT INTO laoseis (toode_id, tsoon_id, kogus) VALUES (128, 1, 67);
INSERT INTO lao_liikumised (toode_id, tsoon_id, kogus, pohjus) VALUES (128, 1, -2, 'myyk');
INSERT INTO laoseis (toode_id, tsoon_id, kogus) VALUES (128, 2, 39);
INSERT INTO lao_liikumised (toode_id, tsoon_id, kogus, pohjus) VALUES (128, 2, -10, 'myyk');
INSERT INTO laoseis (toode_id, tsoon_id, kogus) VALUES (128, 3, 197);
INSERT INTO lao_liikumised (toode_id, tsoon_id, kogus, pohjus) VALUES (128, 3, -5, 'myyk');
INSERT INTO laoseis (toode_id, tsoon_id, kogus) VALUES (129, 1, 31);
INSERT INTO lao_liikumised (toode_id, tsoon_id, kogus, pohjus) VALUES (129, 1, -6, 'myyk');
INSERT INTO laoseis (toode_id, tsoon_id, kogus) VALUES (130, 1, 180);
INSERT INTO lao_liikumised (toode_id, tsoon_id, kogus, pohjus) VALUES (130, 1, -9, 'myyk');
INSERT INTO laoseis (toode_id, tsoon_id, kogus) VALUES (130, 2, 154);
INSERT INTO lao_liikumised (toode_id, tsoon_id, kogus, pohjus) VALUES (130, 2, -9, 'myyk');
INSERT INTO laoseis (toode_id, tsoon_id, kogus) VALUES (131, 2, 143);
INSERT INTO lao_liikumised (toode_id, tsoon_id, kogus, pohjus) VALUES (131, 2, -6, 'myyk');
INSERT INTO laoseis (toode_id, tsoon_id, kogus) VALUES (131, 3, 22);
INSERT INTO lao_liikumised (toode_id, tsoon_id, kogus, pohjus) VALUES (131, 3, 22, 'ost');
INSERT INTO laoseis (toode_id, tsoon_id, kogus) VALUES (133, 2, 192);
INSERT INTO lao_liikumised (toode_id, tsoon_id, kogus, pohjus) VALUES (133, 2, -4, 'myyk');
INSERT INTO laoseis (toode_id, tsoon_id, kogus) VALUES (133, 3, 70);
INSERT INTO lao_liikumised (toode_id, tsoon_id, kogus, pohjus) VALUES (133, 3, -3, 'myyk');
INSERT INTO laoseis (toode_id, tsoon_id, kogus) VALUES (134, 1, 135);
INSERT INTO lao_liikumised (toode_id, tsoon_id, kogus, pohjus) VALUES (134, 1, -3, 'myyk');
INSERT INTO laoseis (toode_id, tsoon_id, kogus) VALUES (134, 3, 102);
INSERT INTO lao_liikumised (toode_id, tsoon_id, kogus, pohjus) VALUES (134, 3, -5, 'myyk');
INSERT INTO laoseis (toode_id, tsoon_id, kogus) VALUES (135, 1, 148);
INSERT INTO lao_liikumised (toode_id, tsoon_id, kogus, pohjus) VALUES (135, 1, -9, 'myyk');
INSERT INTO laoseis (toode_id, tsoon_id, kogus) VALUES (135, 2, 60);
INSERT INTO lao_liikumised (toode_id, tsoon_id, kogus, pohjus) VALUES (135, 2, -4, 'myyk');
INSERT INTO laoseis (toode_id, tsoon_id, kogus) VALUES (135, 3, 76);
INSERT INTO lao_liikumised (toode_id, tsoon_id, kogus, pohjus) VALUES (135, 3, -10, 'myyk');
INSERT INTO laoseis (toode_id, tsoon_id, kogus) VALUES (136, 1, 148);
INSERT INTO lao_liikumised (toode_id, tsoon_id, kogus, pohjus) VALUES (136, 1, -1, 'myyk');
INSERT INTO laoseis (toode_id, tsoon_id, kogus) VALUES (136, 2, 134);
INSERT INTO lao_liikumised (toode_id, tsoon_id, kogus, pohjus) VALUES (136, 2, -9, 'myyk');
INSERT INTO laoseis (toode_id, tsoon_id, kogus) VALUES (136, 3, 185);
INSERT INTO lao_liikumised (toode_id, tsoon_id, kogus, pohjus) VALUES (136, 3, 185, 'ost');
INSERT INTO laoseis (toode_id, tsoon_id, kogus) VALUES (137, 1, 113);
INSERT INTO lao_liikumised (toode_id, tsoon_id, kogus, pohjus) VALUES (137, 1, -4, 'myyk');
INSERT INTO laoseis (toode_id, tsoon_id, kogus) VALUES (137, 2, 95);
INSERT INTO lao_liikumised (toode_id, tsoon_id, kogus, pohjus) VALUES (137, 2, -4, 'myyk');
INSERT INTO laoseis (toode_id, tsoon_id, kogus) VALUES (137, 3, 139);
INSERT INTO lao_liikumised (toode_id, tsoon_id, kogus, pohjus) VALUES (137, 3, 139, 'ost');
INSERT INTO laoseis (toode_id, tsoon_id, kogus) VALUES (138, 1, 17);
INSERT INTO lao_liikumised (toode_id, tsoon_id, kogus, pohjus) VALUES (138, 1, -3, 'myyk');
INSERT INTO laoseis (toode_id, tsoon_id, kogus) VALUES (138, 2, 14);
INSERT INTO lao_liikumised (toode_id, tsoon_id, kogus, pohjus) VALUES (138, 2, -3, 'myyk');
INSERT INTO laoseis (toode_id, tsoon_id, kogus) VALUES (138, 3, 84);
INSERT INTO lao_liikumised (toode_id, tsoon_id, kogus, pohjus) VALUES (138, 3, 84, 'ost');
INSERT INTO laoseis (toode_id, tsoon_id, kogus) VALUES (139, 1, 43);
INSERT INTO lao_liikumised (toode_id, tsoon_id, kogus, pohjus) VALUES (139, 1, 43, 'ost');
INSERT INTO laoseis (toode_id, tsoon_id, kogus) VALUES (139, 2, 87);
INSERT INTO lao_liikumised (toode_id, tsoon_id, kogus, pohjus) VALUES (139, 2, -8, 'myyk');
INSERT INTO laoseis (toode_id, tsoon_id, kogus) VALUES (140, 3, 139);
INSERT INTO lao_liikumised (toode_id, tsoon_id, kogus, pohjus) VALUES (140, 3, -8, 'myyk');
INSERT INTO laoseis (toode_id, tsoon_id, kogus) VALUES (141, 1, 73);
INSERT INTO lao_liikumised (toode_id, tsoon_id, kogus, pohjus) VALUES (141, 1, -10, 'myyk');
INSERT INTO laoseis (toode_id, tsoon_id, kogus) VALUES (141, 2, 78);
INSERT INTO lao_liikumised (toode_id, tsoon_id, kogus, pohjus) VALUES (141, 2, 78, 'ost');
INSERT INTO laoseis (toode_id, tsoon_id, kogus) VALUES (142, 1, 174);
INSERT INTO lao_liikumised (toode_id, tsoon_id, kogus, pohjus) VALUES (142, 1, -5, 'myyk');
INSERT INTO laoseis (toode_id, tsoon_id, kogus) VALUES (142, 2, 138);
INSERT INTO lao_liikumised (toode_id, tsoon_id, kogus, pohjus) VALUES (142, 2, 138, 'ost');
INSERT INTO laoseis (toode_id, tsoon_id, kogus) VALUES (142, 3, 23);
INSERT INTO lao_liikumised (toode_id, tsoon_id, kogus, pohjus) VALUES (142, 3, 23, 'ost');
INSERT INTO laoseis (toode_id, tsoon_id, kogus) VALUES (143, 1, 192);
INSERT INTO lao_liikumised (toode_id, tsoon_id, kogus, pohjus) VALUES (143, 1, 192, 'ost');
INSERT INTO laoseis (toode_id, tsoon_id, kogus) VALUES (143, 2, 66);
INSERT INTO lao_liikumised (toode_id, tsoon_id, kogus, pohjus) VALUES (143, 2, -3, 'myyk');
INSERT INTO laoseis (toode_id, tsoon_id, kogus) VALUES (144, 1, 63);
INSERT INTO lao_liikumised (toode_id, tsoon_id, kogus, pohjus) VALUES (144, 1, 63, 'ost');
INSERT INTO laoseis (toode_id, tsoon_id, kogus) VALUES (144, 2, 146);
INSERT INTO lao_liikumised (toode_id, tsoon_id, kogus, pohjus) VALUES (144, 2, 146, 'ost');
INSERT INTO laoseis (toode_id, tsoon_id, kogus) VALUES (144, 3, 74);
INSERT INTO lao_liikumised (toode_id, tsoon_id, kogus, pohjus) VALUES (144, 3, -8, 'myyk');
INSERT INTO laoseis (toode_id, tsoon_id, kogus) VALUES (145, 1, 189);
INSERT INTO lao_liikumised (toode_id, tsoon_id, kogus, pohjus) VALUES (145, 1, 189, 'ost');
INSERT INTO laoseis (toode_id, tsoon_id, kogus) VALUES (145, 2, 37);
INSERT INTO lao_liikumised (toode_id, tsoon_id, kogus, pohjus) VALUES (145, 2, 37, 'ost');
INSERT INTO laoseis (toode_id, tsoon_id, kogus) VALUES (147, 2, 187);
INSERT INTO lao_liikumised (toode_id, tsoon_id, kogus, pohjus) VALUES (147, 2, -5, 'myyk');
INSERT INTO laoseis (toode_id, tsoon_id, kogus) VALUES (147, 3, 170);
INSERT INTO lao_liikumised (toode_id, tsoon_id, kogus, pohjus) VALUES (147, 3, -6, 'myyk');
INSERT INTO laoseis (toode_id, tsoon_id, kogus) VALUES (148, 1, 145);
INSERT INTO lao_liikumised (toode_id, tsoon_id, kogus, pohjus) VALUES (148, 1, 145, 'ost');
INSERT INTO laoseis (toode_id, tsoon_id, kogus) VALUES (148, 2, 104);
INSERT INTO lao_liikumised (toode_id, tsoon_id, kogus, pohjus) VALUES (148, 2, 104, 'ost');
INSERT INTO laoseis (toode_id, tsoon_id, kogus) VALUES (149, 1, 176);
INSERT INTO lao_liikumised (toode_id, tsoon_id, kogus, pohjus) VALUES (149, 1, -4, 'myyk');
INSERT INTO laoseis (toode_id, tsoon_id, kogus) VALUES (149, 2, 92);
INSERT INTO lao_liikumised (toode_id, tsoon_id, kogus, pohjus) VALUES (149, 2, 92, 'ost');
INSERT INTO laoseis (toode_id, tsoon_id, kogus) VALUES (150, 1, 136);
INSERT INTO lao_liikumised (toode_id, tsoon_id, kogus, pohjus) VALUES (150, 1, -6, 'myyk');
INSERT INTO laoseis (toode_id, tsoon_id, kogus) VALUES (150, 3, 120);
INSERT INTO lao_liikumised (toode_id, tsoon_id, kogus, pohjus) VALUES (150, 3, 120, 'ost');
INSERT INTO tellimuse_staatused (nimetus) VALUES ('Uus');
INSERT INTO tellimuse_staatused (nimetus) VALUES ('Tellitud');
INSERT INTO tellimuse_staatused (nimetus) VALUES ('Makstud');
INSERT INTO tellimuse_staatused (nimetus) VALUES ('Täidetud');
INSERT INTO tarneviisid (nimetus, baashind) VALUES ('Kuller', 5.9);
INSERT INTO tarneviisid (nimetus, baashind) VALUES ('Pakiautomaat', 2.9);
INSERT INTO tarneviisid (nimetus, baashind) VALUES ('Ise järele', 0.0);
INSERT INTO makseviisid (nimetus) VALUES ('Pangalink');
INSERT INTO makseviisid (nimetus) VALUES ('Sularaha');
INSERT INTO makseviisid (nimetus) VALUES ('Krediitkaart');
INSERT INTO tellimused (klient_id, staatus_id, tarneviis_id, kogusumma) VALUES (23, 2, 3, 0);
INSERT INTO tellimuse_read (tellimus_id, toode_id, kogus, uhikuhind) VALUES (1, 57, 2, 659.85);
INSERT INTO tellimuse_read (tellimus_id, toode_id, kogus, uhikuhind) VALUES (1, 93, 4, 854.37);
UPDATE tellimused SET kogusumma = 4737.18 WHERE id = 1;
INSERT INTO arved (tellimus_id, number, kuupaev, maksetahtaeg, tasutud) VALUES (1, 'ARV-2026-00001', CURRENT_DATE(), CURRENT_DATE(), 0);
INSERT INTO tellimused (klient_id, staatus_id, tarneviis_id, kogusumma) VALUES (486, 3, 2, 0);
INSERT INTO tellimuse_read (tellimus_id, toode_id, kogus, uhikuhind) VALUES (2, 8, 4, 1270.6);
INSERT INTO tellimuse_read (tellimus_id, toode_id, kogus, uhikuhind) VALUES (2, 5, 2, 1281.46);
INSERT INTO tellimuse_read (tellimus_id, toode_id, kogus, uhikuhind) VALUES (2, 32, 4, 84.37);
INSERT INTO tellimuse_read (tellimus_id, toode_id, kogus, uhikuhind) VALUES (2, 43, 4, 549.01);
UPDATE tellimused SET kogusumma = 10181.74 WHERE id = 2;
INSERT INTO arved (tellimus_id, number, kuupaev, maksetahtaeg, tasutud) VALUES (2, 'ARV-2026-00002', CURRENT_DATE(), CURRENT_DATE(), 1);
INSERT INTO maksed (arve_id, makseviis_id, summa) VALUES (2, 3, 10181.74);
INSERT INTO tellimused (klient_id, staatus_id, tarneviis_id, kogusumma) VALUES (407, 1, 2, 0);
INSERT INTO tellimuse_read (tellimus_id, toode_id, kogus, uhikuhind) VALUES (3, 30, 4, 417.38);
UPDATE tellimused SET kogusumma = 1672.42 WHERE id = 3;
INSERT INTO arved (tellimus_id, number, kuupaev, maksetahtaeg, tasutud) VALUES (3, 'ARV-2026-00003', CURRENT_DATE(), CURRENT_DATE(), 0);
INSERT INTO tellimused (klient_id, staatus_id, tarneviis_id, kogusumma) VALUES (68, 3, 1, 0);
INSERT INTO tellimuse_read (tellimus_id, toode_id, kogus, uhikuhind) VALUES (4, 26, 2, 173.68);
INSERT INTO tellimuse_read (tellimus_id, toode_id, kogus, uhikuhind) VALUES (4, 132, 3, 769.72);
INSERT INTO tellimuse_read (tellimus_id, toode_id, kogus, uhikuhind) VALUES (4, 18, 4, 1301.05);
UPDATE tellimused SET kogusumma = 7866.62 WHERE id = 4;
INSERT INTO arved (tellimus_id, number, kuupaev, maksetahtaeg, tasutud) VALUES (4, 'ARV-2026-00004', CURRENT_DATE(), CURRENT_DATE(), 1);
INSERT INTO maksed (arve_id, makseviis_id, summa) VALUES (4, 3, 7866.62);
INSERT INTO tellimused (klient_id, staatus_id, tarneviis_id, kogusumma) VALUES (337, 4, 1, 0);
INSERT INTO tellimuse_read (tellimus_id, toode_id, kogus, uhikuhind) VALUES (5, 25, 4, 1425.3);
INSERT INTO tellimuse_read (tellimus_id, toode_id, kogus, uhikuhind) VALUES (5, 34, 1, 704.2);
UPDATE tellimused SET kogusumma = 6411.3 WHERE id = 5;
INSERT INTO arved (tellimus_id, number, kuupaev, maksetahtaeg, tasutud) VALUES (5, 'ARV-2026-00005', CURRENT_DATE(), CURRENT_DATE(), 1);
INSERT INTO maksed (arve_id, makseviis_id, summa) VALUES (5, 3, 6411.3);
INSERT INTO tellimused (klient_id, staatus_id, tarneviis_id, kogusumma) VALUES (269, 1, 1, 0);
INSERT INTO tellimuse_read (tellimus_id, toode_id, kogus, uhikuhind) VALUES (6, 140, 4, 1441.36);
INSERT INTO tellimuse_read (tellimus_id, toode_id, kogus, uhikuhind) VALUES (6, 86, 1, 1436.12);
UPDATE tellimused SET kogusumma = 7207.46 WHERE id = 6;
INSERT INTO arved (tellimus_id, number, kuupaev, maksetahtaeg, tasutud) VALUES (6, 'ARV-2026-00006', CURRENT_DATE(), CURRENT_DATE(), 0);
INSERT INTO tellimused (klient_id, staatus_id, tarneviis_id, kogusumma) VALUES (482, 4, 1, 0);
INSERT INTO tellimuse_read (tellimus_id, toode_id, kogus, uhikuhind) VALUES (7, 117, 4, 147.71);
INSERT INTO tellimuse_read (tellimus_id, toode_id, kogus, uhikuhind) VALUES (7, 142, 2, 1000.4);
INSERT INTO tellimuse_read (tellimus_id, toode_id, kogus, uhikuhind) VALUES (7, 111, 3, 1205.16);
INSERT INTO tellimuse_read (tellimus_id, toode_id, kogus, uhikuhind) VALUES (7, 45, 3, 1046.82);
INSERT INTO tellimuse_read (tellimus_id, toode_id, kogus, uhikuhind) VALUES (7, 42, 1, 744.92);
UPDATE tellimused SET kogusumma = 10098.4 WHERE id = 7;
INSERT INTO arved (tellimus_id, number, kuupaev, maksetahtaeg, tasutud) VALUES (7, 'ARV-2026-00007', CURRENT_DATE(), CURRENT_DATE(), 1);
INSERT INTO maksed (arve_id, makseviis_id, summa) VALUES (7, 3, 10098.4);
INSERT INTO tellimused (klient_id, staatus_id, tarneviis_id, kogusumma) VALUES (386, 2, 3, 0);
INSERT INTO tellimuse_read (tellimus_id, toode_id, kogus, uhikuhind) VALUES (8, 98, 2, 779.6);
UPDATE tellimused SET kogusumma = 1559.2 WHERE id = 8;
INSERT INTO arved (tellimus_id, number, kuupaev, maksetahtaeg, tasutud) VALUES (8, 'ARV-2026-00008', CURRENT_DATE(), CURRENT_DATE(), 0);
INSERT INTO tellimused (klient_id, staatus_id, tarneviis_id, kogusumma) VALUES (86, 4, 1, 0);
INSERT INTO tellimuse_read (tellimus_id, toode_id, kogus, uhikuhind) VALUES (9, 49, 4, 277.83);
INSERT INTO tellimuse_read (tellimus_id, toode_id, kogus, uhikuhind) VALUES (9, 38, 4, 1049.43);
INSERT INTO tellimuse_read (tellimus_id, toode_id, kogus, uhikuhind) VALUES (9, 131, 1, 486.56);
INSERT INTO tellimuse_read (tellimus_id, toode_id, kogus, uhikuhind) VALUES (9, 67, 1, 997.44);
UPDATE tellimused SET kogusumma = 6798.94 WHERE id = 9;
INSERT INTO arved (tellimus_id, number, kuupaev, maksetahtaeg, tasutud) VALUES (9, 'ARV-2026-00009', CURRENT_DATE(), CURRENT_DATE(), 1);
INSERT INTO maksed (arve_id, makseviis_id, summa) VALUES (9, 3, 6798.94);
INSERT INTO tellimused (klient_id, staatus_id, tarneviis_id, kogusumma) VALUES (170, 2, 1, 0);
INSERT INTO tellimuse_read (tellimus_id, toode_id, kogus, uhikuhind) VALUES (10, 33, 2, 1183.26);
INSERT INTO tellimuse_read (tellimus_id, toode_id, kogus, uhikuhind) VALUES (10, 119, 3, 1267.05);
INSERT INTO tellimuse_read (tellimus_id, toode_id, kogus, uhikuhind) VALUES (10, 69, 3, 785.52);
INSERT INTO tellimuse_read (tellimus_id, toode_id, kogus, uhikuhind) VALUES (10, 60, 4, 433.47);
INSERT INTO tellimuse_read (tellimus_id, toode_id, kogus, uhikuhind) VALUES (10, 84, 1, 1389.02);
UPDATE tellimused SET kogusumma = 11653.03 WHERE id = 10;
INSERT INTO arved (tellimus_id, number, kuupaev, maksetahtaeg, tasutud) VALUES (10, 'ARV-2026-00010', CURRENT_DATE(), CURRENT_DATE(), 0);
INSERT INTO tellimused (klient_id, staatus_id, tarneviis_id, kogusumma) VALUES (447, 3, 3, 0);
INSERT INTO tellimuse_read (tellimus_id, toode_id, kogus, uhikuhind) VALUES (11, 68, 4, 1408.93);
UPDATE tellimused SET kogusumma = 5635.72 WHERE id = 11;
INSERT INTO arved (tellimus_id, number, kuupaev, maksetahtaeg, tasutud) VALUES (11, 'ARV-2026-00011', CURRENT_DATE(), CURRENT_DATE(), 1);
INSERT INTO maksed (arve_id, makseviis_id, summa) VALUES (11, 2, 5635.72);
INSERT INTO tellimused (klient_id, staatus_id, tarneviis_id, kogusumma) VALUES (58, 2, 2, 0);
INSERT INTO tellimuse_read (tellimus_id, toode_id, kogus, uhikuhind) VALUES (12, 105, 2, 1195.5);
INSERT INTO tellimuse_read (tellimus_id, toode_id, kogus, uhikuhind) VALUES (12, 143, 4, 291.2);
INSERT INTO tellimuse_read (tellimus_id, toode_id, kogus, uhikuhind) VALUES (12, 10, 4, 197.52);
UPDATE tellimused SET kogusumma = 4348.78 WHERE id = 12;
INSERT INTO arved (tellimus_id, number, kuupaev, maksetahtaeg, tasutud) VALUES (12, 'ARV-2026-00012', CURRENT_DATE(), CURRENT_DATE(), 0);
INSERT INTO tellimused (klient_id, staatus_id, tarneviis_id, kogusumma) VALUES (300, 3, 1, 0);
INSERT INTO tellimuse_read (tellimus_id, toode_id, kogus, uhikuhind) VALUES (13, 40, 1, 1185.79);
UPDATE tellimused SET kogusumma = 1191.69 WHERE id = 13;
INSERT INTO arved (tellimus_id, number, kuupaev, maksetahtaeg, tasutud) VALUES (13, 'ARV-2026-00013', CURRENT_DATE(), CURRENT_DATE(), 1);
INSERT INTO maksed (arve_id, makseviis_id, summa) VALUES (13, 1, 1191.69);
INSERT INTO tellimused (klient_id, staatus_id, tarneviis_id, kogusumma) VALUES (67, 1, 3, 0);
INSERT INTO tellimuse_read (tellimus_id, toode_id, kogus, uhikuhind) VALUES (14, 81, 4, 764.27);
INSERT INTO tellimuse_read (tellimus_id, toode_id, kogus, uhikuhind) VALUES (14, 18, 4, 1301.05);
INSERT INTO tellimuse_read (tellimus_id, toode_id, kogus, uhikuhind) VALUES (14, 75, 2, 23.4);
UPDATE tellimused SET kogusumma = 8308.08 WHERE id = 14;
INSERT INTO arved (tellimus_id, number, kuupaev, maksetahtaeg, tasutud) VALUES (14, 'ARV-2026-00014', CURRENT_DATE(), CURRENT_DATE(), 0);
INSERT INTO tellimused (klient_id, staatus_id, tarneviis_id, kogusumma) VALUES (204, 3, 3, 0);
INSERT INTO tellimuse_read (tellimus_id, toode_id, kogus, uhikuhind) VALUES (15, 102, 2, 1447.41);
INSERT INTO tellimuse_read (tellimus_id, toode_id, kogus, uhikuhind) VALUES (15, 49, 1, 277.83);
UPDATE tellimused SET kogusumma = 3172.65 WHERE id = 15;
INSERT INTO arved (tellimus_id, number, kuupaev, maksetahtaeg, tasutud) VALUES (15, 'ARV-2026-00015', CURRENT_DATE(), CURRENT_DATE(), 1);
INSERT INTO maksed (arve_id, makseviis_id, summa) VALUES (15, 1, 3172.65);
INSERT INTO tellimused (klient_id, staatus_id, tarneviis_id, kogusumma) VALUES (172, 3, 3, 0);
INSERT INTO tellimuse_read (tellimus_id, toode_id, kogus, uhikuhind) VALUES (16, 94, 3, 1067.21);
INSERT INTO tellimuse_read (tellimus_id, toode_id, kogus, uhikuhind) VALUES (16, 100, 3, 633.82);
UPDATE tellimused SET kogusumma = 5103.09 WHERE id = 16;
INSERT INTO arved (tellimus_id, number, kuupaev, maksetahtaeg, tasutud) VALUES (16, 'ARV-2026-00016', CURRENT_DATE(), CURRENT_DATE(), 1);
INSERT INTO maksed (arve_id, makseviis_id, summa) VALUES (16, 1, 5103.09);
INSERT INTO tellimused (klient_id, staatus_id, tarneviis_id, kogusumma) VALUES (44, 4, 1, 0);
INSERT INTO tellimuse_read (tellimus_id, toode_id, kogus, uhikuhind) VALUES (17, 61, 1, 1173.58);
INSERT INTO tellimuse_read (tellimus_id, toode_id, kogus, uhikuhind) VALUES (17, 123, 2, 840.5);
INSERT INTO tellimuse_read (tellimus_id, toode_id, kogus, uhikuhind) VALUES (17, 5, 4, 1281.46);
UPDATE tellimused SET kogusumma = 7986.32 WHERE id = 17;
INSERT INTO arved (tellimus_id, number, kuupaev, maksetahtaeg, tasutud) VALUES (17, 'ARV-2026-00017', CURRENT_DATE(), CURRENT_DATE(), 1);
INSERT INTO maksed (arve_id, makseviis_id, summa) VALUES (17, 3, 7986.32);
INSERT INTO tellimused (klient_id, staatus_id, tarneviis_id, kogusumma) VALUES (345, 3, 1, 0);
INSERT INTO tellimuse_read (tellimus_id, toode_id, kogus, uhikuhind) VALUES (18, 2, 4, 591.98);
INSERT INTO tellimuse_read (tellimus_id, toode_id, kogus, uhikuhind) VALUES (18, 3, 2, 905.41);
INSERT INTO tellimuse_read (tellimus_id, toode_id, kogus, uhikuhind) VALUES (18, 140, 2, 1441.36);
UPDATE tellimused SET kogusumma = 7067.36 WHERE id = 18;
INSERT INTO arved (tellimus_id, number, kuupaev, maksetahtaeg, tasutud) VALUES (18, 'ARV-2026-00018', CURRENT_DATE(), CURRENT_DATE(), 1);
INSERT INTO maksed (arve_id, makseviis_id, summa) VALUES (18, 2, 7067.36);
INSERT INTO tellimused (klient_id, staatus_id, tarneviis_id, kogusumma) VALUES (113, 3, 2, 0);
INSERT INTO tellimuse_read (tellimus_id, toode_id, kogus, uhikuhind) VALUES (19, 107, 2, 1262.41);
INSERT INTO tellimuse_read (tellimus_id, toode_id, kogus, uhikuhind) VALUES (19, 67, 1, 997.44);
INSERT INTO tellimuse_read (tellimus_id, toode_id, kogus, uhikuhind) VALUES (19, 139, 3, 9.21);
INSERT INTO tellimuse_read (tellimus_id, toode_id, kogus, uhikuhind) VALUES (19, 71, 4, 1393.75);
UPDATE tellimused SET kogusumma = 9127.79 WHERE id = 19;
INSERT INTO arved (tellimus_id, number, kuupaev, maksetahtaeg, tasutud) VALUES (19, 'ARV-2026-00019', CURRENT_DATE(), CURRENT_DATE(), 1);
INSERT INTO maksed (arve_id, makseviis_id, summa) VALUES (19, 3, 9127.79);
INSERT INTO tellimused (klient_id, staatus_id, tarneviis_id, kogusumma) VALUES (304, 4, 1, 0);
INSERT INTO tellimuse_read (tellimus_id, toode_id, kogus, uhikuhind) VALUES (20, 102, 2, 1447.41);
UPDATE tellimused SET kogusumma = 2900.72 WHERE id = 20;
INSERT INTO arved (tellimus_id, number, kuupaev, maksetahtaeg, tasutud) VALUES (20, 'ARV-2026-00020', CURRENT_DATE(), CURRENT_DATE(), 1);
INSERT INTO maksed (arve_id, makseviis_id, summa) VALUES (20, 1, 2900.72);
INSERT INTO tellimused (klient_id, staatus_id, tarneviis_id, kogusumma) VALUES (235, 1, 3, 0);
INSERT INTO tellimuse_read (tellimus_id, toode_id, kogus, uhikuhind) VALUES (21, 25, 1, 1425.3);
UPDATE tellimused SET kogusumma = 1425.3 WHERE id = 21;
INSERT INTO arved (tellimus_id, number, kuupaev, maksetahtaeg, tasutud) VALUES (21, 'ARV-2026-00021', CURRENT_DATE(), CURRENT_DATE(), 0);
INSERT INTO tellimused (klient_id, staatus_id, tarneviis_id, kogusumma) VALUES (262, 4, 3, 0);
INSERT INTO tellimuse_read (tellimus_id, toode_id, kogus, uhikuhind) VALUES (22, 146, 2, 598.89);
UPDATE tellimused SET kogusumma = 1197.78 WHERE id = 22;
INSERT INTO arved (tellimus_id, number, kuupaev, maksetahtaeg, tasutud) VALUES (22, 'ARV-2026-00022', CURRENT_DATE(), CURRENT_DATE(), 1);
INSERT INTO maksed (arve_id, makseviis_id, summa) VALUES (22, 1, 1197.78);
INSERT INTO tellimused (klient_id, staatus_id, tarneviis_id, kogusumma) VALUES (25, 3, 1, 0);
INSERT INTO tellimuse_read (tellimus_id, toode_id, kogus, uhikuhind) VALUES (23, 73, 4, 211.88);
UPDATE tellimused SET kogusumma = 853.42 WHERE id = 23;
INSERT INTO arved (tellimus_id, number, kuupaev, maksetahtaeg, tasutud) VALUES (23, 'ARV-2026-00023', CURRENT_DATE(), CURRENT_DATE(), 1);
INSERT INTO maksed (arve_id, makseviis_id, summa) VALUES (23, 1, 853.42);
INSERT INTO tellimused (klient_id, staatus_id, tarneviis_id, kogusumma) VALUES (228, 2, 3, 0);
INSERT INTO tellimuse_read (tellimus_id, toode_id, kogus, uhikuhind) VALUES (24, 145, 4, 467.91);
UPDATE tellimused SET kogusumma = 1871.64 WHERE id = 24;
INSERT INTO arved (tellimus_id, number, kuupaev, maksetahtaeg, tasutud) VALUES (24, 'ARV-2026-00024', CURRENT_DATE(), CURRENT_DATE(), 0);
INSERT INTO tellimused (klient_id, staatus_id, tarneviis_id, kogusumma) VALUES (117, 3, 1, 0);
INSERT INTO tellimuse_read (tellimus_id, toode_id, kogus, uhikuhind) VALUES (25, 20, 2, 465.78);
UPDATE tellimused SET kogusumma = 937.46 WHERE id = 25;
INSERT INTO arved (tellimus_id, number, kuupaev, maksetahtaeg, tasutud) VALUES (25, 'ARV-2026-00025', CURRENT_DATE(), CURRENT_DATE(), 1);
INSERT INTO maksed (arve_id, makseviis_id, summa) VALUES (25, 3, 937.46);
INSERT INTO tellimused (klient_id, staatus_id, tarneviis_id, kogusumma) VALUES (109, 3, 3, 0);
INSERT INTO tellimuse_read (tellimus_id, toode_id, kogus, uhikuhind) VALUES (26, 5, 2, 1281.46);
INSERT INTO tellimuse_read (tellimus_id, toode_id, kogus, uhikuhind) VALUES (26, 116, 1, 479.92);
INSERT INTO tellimuse_read (tellimus_id, toode_id, kogus, uhikuhind) VALUES (26, 37, 2, 1435.53);
INSERT INTO tellimuse_read (tellimus_id, toode_id, kogus, uhikuhind) VALUES (26, 90, 3, 864.74);
UPDATE tellimused SET kogusumma = 8508.12 WHERE id = 26;
INSERT INTO arved (tellimus_id, number, kuupaev, maksetahtaeg, tasutud) VALUES (26, 'ARV-2026-00026', CURRENT_DATE(), CURRENT_DATE(), 1);
INSERT INTO maksed (arve_id, makseviis_id, summa) VALUES (26, 3, 8508.12);
INSERT INTO tellimused (klient_id, staatus_id, tarneviis_id, kogusumma) VALUES (201, 1, 1, 0);
INSERT INTO tellimuse_read (tellimus_id, toode_id, kogus, uhikuhind) VALUES (27, 139, 2, 9.21);
UPDATE tellimused SET kogusumma = 24.32 WHERE id = 27;
INSERT INTO arved (tellimus_id, number, kuupaev, maksetahtaeg, tasutud) VALUES (27, 'ARV-2026-00027', CURRENT_DATE(), CURRENT_DATE(), 0);
INSERT INTO tellimused (klient_id, staatus_id, tarneviis_id, kogusumma) VALUES (178, 1, 2, 0);
INSERT INTO tellimuse_read (tellimus_id, toode_id, kogus, uhikuhind) VALUES (28, 94, 3, 1067.21);
UPDATE tellimused SET kogusumma = 3204.53 WHERE id = 28;
INSERT INTO arved (tellimus_id, number, kuupaev, maksetahtaeg, tasutud) VALUES (28, 'ARV-2026-00028', CURRENT_DATE(), CURRENT_DATE(), 0);
INSERT INTO tellimused (klient_id, staatus_id, tarneviis_id, kogusumma) VALUES (70, 2, 3, 0);
INSERT INTO tellimuse_read (tellimus_id, toode_id, kogus, uhikuhind) VALUES (29, 110, 2, 940.17);
INSERT INTO tellimuse_read (tellimus_id, toode_id, kogus, uhikuhind) VALUES (29, 141, 2, 190.7);
INSERT INTO tellimuse_read (tellimus_id, toode_id, kogus, uhikuhind) VALUES (29, 88, 2, 904.75);
INSERT INTO tellimuse_read (tellimus_id, toode_id, kogus, uhikuhind) VALUES (29, 129, 2, 869.54);
INSERT INTO tellimuse_read (tellimus_id, toode_id, kogus, uhikuhind) VALUES (29, 74, 1, 392.93);
UPDATE tellimused SET kogusumma = 6203.25 WHERE id = 29;
INSERT INTO arved (tellimus_id, number, kuupaev, maksetahtaeg, tasutud) VALUES (29, 'ARV-2026-00029', CURRENT_DATE(), CURRENT_DATE(), 0);
INSERT INTO tellimused (klient_id, staatus_id, tarneviis_id, kogusumma) VALUES (351, 1, 3, 0);
INSERT INTO tellimuse_read (tellimus_id, toode_id, kogus, uhikuhind) VALUES (30, 2, 3, 591.98);
INSERT INTO tellimuse_read (tellimus_id, toode_id, kogus, uhikuhind) VALUES (30, 47, 1, 1136.92);
INSERT INTO tellimuse_read (tellimus_id, toode_id, kogus, uhikuhind) VALUES (30, 122, 4, 809.39);
INSERT INTO tellimuse_read (tellimus_id, toode_id, kogus, uhikuhind) VALUES (30, 11, 3, 980.79);
INSERT INTO tellimuse_read (tellimus_id, toode_id, kogus, uhikuhind) VALUES (30, 147, 2, 576.36);
UPDATE tellimused SET kogusumma = 10245.51 WHERE id = 30;
INSERT INTO arved (tellimus_id, number, kuupaev, maksetahtaeg, tasutud) VALUES (30, 'ARV-2026-00030', CURRENT_DATE(), CURRENT_DATE(), 0);
INSERT INTO tellimused (klient_id, staatus_id, tarneviis_id, kogusumma) VALUES (239, 3, 3, 0);
INSERT INTO tellimuse_read (tellimus_id, toode_id, kogus, uhikuhind) VALUES (31, 94, 4, 1067.21);
INSERT INTO tellimuse_read (tellimus_id, toode_id, kogus, uhikuhind) VALUES (31, 79, 1, 736.42);
UPDATE tellimused SET kogusumma = 5005.26 WHERE id = 31;
INSERT INTO arved (tellimus_id, number, kuupaev, maksetahtaeg, tasutud) VALUES (31, 'ARV-2026-00031', CURRENT_DATE(), CURRENT_DATE(), 1);
INSERT INTO maksed (arve_id, makseviis_id, summa) VALUES (31, 2, 5005.26);
INSERT INTO tellimused (klient_id, staatus_id, tarneviis_id, kogusumma) VALUES (275, 2, 2, 0);
INSERT INTO tellimuse_read (tellimus_id, toode_id, kogus, uhikuhind) VALUES (32, 84, 2, 1389.02);
UPDATE tellimused SET kogusumma = 2780.94 WHERE id = 32;
INSERT INTO arved (tellimus_id, number, kuupaev, maksetahtaeg, tasutud) VALUES (32, 'ARV-2026-00032', CURRENT_DATE(), CURRENT_DATE(), 0);
INSERT INTO tellimused (klient_id, staatus_id, tarneviis_id, kogusumma) VALUES (474, 2, 1, 0);
INSERT INTO tellimuse_read (tellimus_id, toode_id, kogus, uhikuhind) VALUES (33, 14, 2, 950.37);
INSERT INTO tellimuse_read (tellimus_id, toode_id, kogus, uhikuhind) VALUES (33, 13, 3, 294.29);
UPDATE tellimused SET kogusumma = 2789.51 WHERE id = 33;
INSERT INTO arved (tellimus_id, number, kuupaev, maksetahtaeg, tasutud) VALUES (33, 'ARV-2026-00033', CURRENT_DATE(), CURRENT_DATE(), 0);
INSERT INTO tellimused (klient_id, staatus_id, tarneviis_id, kogusumma) VALUES (23, 4, 1, 0);
INSERT INTO tellimuse_read (tellimus_id, toode_id, kogus, uhikuhind) VALUES (34, 144, 4, 795.84);
INSERT INTO tellimuse_read (tellimus_id, toode_id, kogus, uhikuhind) VALUES (34, 80, 2, 549.38);
INSERT INTO tellimuse_read (tellimus_id, toode_id, kogus, uhikuhind) VALUES (34, 2, 4, 591.98);
INSERT INTO tellimuse_read (tellimus_id, toode_id, kogus, uhikuhind) VALUES (34, 112, 4, 210.21);
UPDATE tellimused SET kogusumma = 7496.78 WHERE id = 34;
INSERT INTO arved (tellimus_id, number, kuupaev, maksetahtaeg, tasutud) VALUES (34, 'ARV-2026-00034', CURRENT_DATE(), CURRENT_DATE(), 1);
INSERT INTO maksed (arve_id, makseviis_id, summa) VALUES (34, 2, 7496.78);
INSERT INTO tellimused (klient_id, staatus_id, tarneviis_id, kogusumma) VALUES (404, 3, 1, 0);
INSERT INTO tellimuse_read (tellimus_id, toode_id, kogus, uhikuhind) VALUES (35, 89, 3, 1357.74);
UPDATE tellimused SET kogusumma = 4079.12 WHERE id = 35;
INSERT INTO arved (tellimus_id, number, kuupaev, maksetahtaeg, tasutud) VALUES (35, 'ARV-2026-00035', CURRENT_DATE(), CURRENT_DATE(), 1);
INSERT INTO maksed (arve_id, makseviis_id, summa) VALUES (35, 1, 4079.12);
INSERT INTO tellimused (klient_id, staatus_id, tarneviis_id, kogusumma) VALUES (91, 2, 3, 0);
INSERT INTO tellimuse_read (tellimus_id, toode_id, kogus, uhikuhind) VALUES (36, 95, 2, 1375.85);
UPDATE tellimused SET kogusumma = 2751.7 WHERE id = 36;
INSERT INTO arved (tellimus_id, number, kuupaev, maksetahtaeg, tasutud) VALUES (36, 'ARV-2026-00036', CURRENT_DATE(), CURRENT_DATE(), 0);
INSERT INTO tellimused (klient_id, staatus_id, tarneviis_id, kogusumma) VALUES (342, 4, 3, 0);
INSERT INTO tellimuse_read (tellimus_id, toode_id, kogus, uhikuhind) VALUES (37, 39, 4, 207.71);
INSERT INTO tellimuse_read (tellimus_id, toode_id, kogus, uhikuhind) VALUES (37, 84, 1, 1389.02);
UPDATE tellimused SET kogusumma = 2219.86 WHERE id = 37;
INSERT INTO arved (tellimus_id, number, kuupaev, maksetahtaeg, tasutud) VALUES (37, 'ARV-2026-00037', CURRENT_DATE(), CURRENT_DATE(), 1);
INSERT INTO maksed (arve_id, makseviis_id, summa) VALUES (37, 1, 2219.86);
INSERT INTO tellimused (klient_id, staatus_id, tarneviis_id, kogusumma) VALUES (317, 1, 3, 0);
INSERT INTO tellimuse_read (tellimus_id, toode_id, kogus, uhikuhind) VALUES (38, 34, 1, 704.2);
INSERT INTO tellimuse_read (tellimus_id, toode_id, kogus, uhikuhind) VALUES (38, 66, 3, 712.62);
INSERT INTO tellimuse_read (tellimus_id, toode_id, kogus, uhikuhind) VALUES (38, 56, 1, 1414.95);
INSERT INTO tellimuse_read (tellimus_id, toode_id, kogus, uhikuhind) VALUES (38, 60, 2, 433.47);
INSERT INTO tellimuse_read (tellimus_id, toode_id, kogus, uhikuhind) VALUES (38, 8, 1, 1270.6);
UPDATE tellimused SET kogusumma = 6394.55 WHERE id = 38;
INSERT INTO arved (tellimus_id, number, kuupaev, maksetahtaeg, tasutud) VALUES (38, 'ARV-2026-00038', CURRENT_DATE(), CURRENT_DATE(), 0);
INSERT INTO tellimused (klient_id, staatus_id, tarneviis_id, kogusumma) VALUES (111, 3, 2, 0);
INSERT INTO tellimuse_read (tellimus_id, toode_id, kogus, uhikuhind) VALUES (39, 71, 2, 1393.75);
INSERT INTO tellimuse_read (tellimus_id, toode_id, kogus, uhikuhind) VALUES (39, 25, 4, 1425.3);
INSERT INTO tellimuse_read (tellimus_id, toode_id, kogus, uhikuhind) VALUES (39, 76, 2, 491.88);
UPDATE tellimused SET kogusumma = 9475.36 WHERE id = 39;
INSERT INTO arved (tellimus_id, number, kuupaev, maksetahtaeg, tasutud) VALUES (39, 'ARV-2026-00039', CURRENT_DATE(), CURRENT_DATE(), 1);
INSERT INTO maksed (arve_id, makseviis_id, summa) VALUES (39, 2, 9475.36);
INSERT INTO tellimused (klient_id, staatus_id, tarneviis_id, kogusumma) VALUES (223, 3, 2, 0);
INSERT INTO tellimuse_read (tellimus_id, toode_id, kogus, uhikuhind) VALUES (40, 48, 2, 650.28);
UPDATE tellimused SET kogusumma = 1303.46 WHERE id = 40;
INSERT INTO arved (tellimus_id, number, kuupaev, maksetahtaeg, tasutud) VALUES (40, 'ARV-2026-00040', CURRENT_DATE(), CURRENT_DATE(), 1);
INSERT INTO maksed (arve_id, makseviis_id, summa) VALUES (40, 3, 1303.46);
INSERT INTO tellimused (klient_id, staatus_id, tarneviis_id, kogusumma) VALUES (17, 3, 1, 0);
INSERT INTO tellimuse_read (tellimus_id, toode_id, kogus, uhikuhind) VALUES (41, 104, 1, 709.29);
INSERT INTO tellimuse_read (tellimus_id, toode_id, kogus, uhikuhind) VALUES (41, 112, 4, 210.21);
INSERT INTO tellimuse_read (tellimus_id, toode_id, kogus, uhikuhind) VALUES (41, 78, 1, 257.32);
INSERT INTO tellimuse_read (tellimus_id, toode_id, kogus, uhikuhind) VALUES (41, 43, 2, 549.01);
UPDATE tellimused SET kogusumma = 2911.37 WHERE id = 41;
INSERT INTO arved (tellimus_id, number, kuupaev, maksetahtaeg, tasutud) VALUES (41, 'ARV-2026-00041', CURRENT_DATE(), CURRENT_DATE(), 1);
INSERT INTO maksed (arve_id, makseviis_id, summa) VALUES (41, 1, 2911.37);
INSERT INTO tellimused (klient_id, staatus_id, tarneviis_id, kogusumma) VALUES (404, 3, 2, 0);
INSERT INTO tellimuse_read (tellimus_id, toode_id, kogus, uhikuhind) VALUES (42, 16, 1, 131.01);
INSERT INTO tellimuse_read (tellimus_id, toode_id, kogus, uhikuhind) VALUES (42, 108, 4, 195.55);
INSERT INTO tellimuse_read (tellimus_id, toode_id, kogus, uhikuhind) VALUES (42, 149, 2, 1250.69);
UPDATE tellimused SET kogusumma = 3417.49 WHERE id = 42;
INSERT INTO arved (tellimus_id, number, kuupaev, maksetahtaeg, tasutud) VALUES (42, 'ARV-2026-00042', CURRENT_DATE(), CURRENT_DATE(), 1);
INSERT INTO maksed (arve_id, makseviis_id, summa) VALUES (42, 2, 3417.49);
INSERT INTO tellimused (klient_id, staatus_id, tarneviis_id, kogusumma) VALUES (105, 4, 1, 0);
INSERT INTO tellimuse_read (tellimus_id, toode_id, kogus, uhikuhind) VALUES (43, 114, 1, 805.9);
INSERT INTO tellimuse_read (tellimus_id, toode_id, kogus, uhikuhind) VALUES (43, 58, 4, 1038.18);
INSERT INTO tellimuse_read (tellimus_id, toode_id, kogus, uhikuhind) VALUES (43, 116, 2, 479.92);
INSERT INTO tellimuse_read (tellimus_id, toode_id, kogus, uhikuhind) VALUES (43, 96, 1, 431.48);
INSERT INTO tellimuse_read (tellimus_id, toode_id, kogus, uhikuhind) VALUES (43, 144, 2, 795.84);
UPDATE tellimused SET kogusumma = 7947.52 WHERE id = 43;
INSERT INTO arved (tellimus_id, number, kuupaev, maksetahtaeg, tasutud) VALUES (43, 'ARV-2026-00043', CURRENT_DATE(), CURRENT_DATE(), 1);
INSERT INTO maksed (arve_id, makseviis_id, summa) VALUES (43, 1, 7947.52);
INSERT INTO tellimused (klient_id, staatus_id, tarneviis_id, kogusumma) VALUES (266, 2, 1, 0);
INSERT INTO tellimuse_read (tellimus_id, toode_id, kogus, uhikuhind) VALUES (44, 12, 4, 51.28);
INSERT INTO tellimuse_read (tellimus_id, toode_id, kogus, uhikuhind) VALUES (44, 103, 1, 1221.75);
INSERT INTO tellimuse_read (tellimus_id, toode_id, kogus, uhikuhind) VALUES (44, 41, 2, 757.66);
INSERT INTO tellimuse_read (tellimus_id, toode_id, kogus, uhikuhind) VALUES (44, 112, 4, 210.21);
INSERT INTO tellimuse_read (tellimus_id, toode_id, kogus, uhikuhind) VALUES (44, 81, 4, 764.27);
UPDATE tellimused SET kogusumma = 6846.01 WHERE id = 44;
INSERT INTO arved (tellimus_id, number, kuupaev, maksetahtaeg, tasutud) VALUES (44, 'ARV-2026-00044', CURRENT_DATE(), CURRENT_DATE(), 0);
INSERT INTO tellimused (klient_id, staatus_id, tarneviis_id, kogusumma) VALUES (152, 3, 3, 0);
INSERT INTO tellimuse_read (tellimus_id, toode_id, kogus, uhikuhind) VALUES (45, 50, 2, 1049.16);
INSERT INTO tellimuse_read (tellimus_id, toode_id, kogus, uhikuhind) VALUES (45, 119, 2, 1267.05);
INSERT INTO tellimuse_read (tellimus_id, toode_id, kogus, uhikuhind) VALUES (45, 119, 3, 1267.05);
INSERT INTO tellimuse_read (tellimus_id, toode_id, kogus, uhikuhind) VALUES (45, 11, 1, 980.79);
UPDATE tellimused SET kogusumma = 9414.36 WHERE id = 45;
INSERT INTO arved (tellimus_id, number, kuupaev, maksetahtaeg, tasutud) VALUES (45, 'ARV-2026-00045', CURRENT_DATE(), CURRENT_DATE(), 1);
INSERT INTO maksed (arve_id, makseviis_id, summa) VALUES (45, 1, 9414.36);
INSERT INTO tellimused (klient_id, staatus_id, tarneviis_id, kogusumma) VALUES (461, 3, 2, 0);
INSERT INTO tellimuse_read (tellimus_id, toode_id, kogus, uhikuhind) VALUES (46, 40, 2, 1185.79);
INSERT INTO tellimuse_read (tellimus_id, toode_id, kogus, uhikuhind) VALUES (46, 87, 4, 91.18);
INSERT INTO tellimuse_read (tellimus_id, toode_id, kogus, uhikuhind) VALUES (46, 48, 4, 650.28);
INSERT INTO tellimuse_read (tellimus_id, toode_id, kogus, uhikuhind) VALUES (46, 2, 4, 591.98);
UPDATE tellimused SET kogusumma = 7708.24 WHERE id = 46;
INSERT INTO arved (tellimus_id, number, kuupaev, maksetahtaeg, tasutud) VALUES (46, 'ARV-2026-00046', CURRENT_DATE(), CURRENT_DATE(), 1);
INSERT INTO maksed (arve_id, makseviis_id, summa) VALUES (46, 3, 7708.24);
INSERT INTO tellimused (klient_id, staatus_id, tarneviis_id, kogusumma) VALUES (423, 3, 2, 0);
INSERT INTO tellimuse_read (tellimus_id, toode_id, kogus, uhikuhind) VALUES (47, 74, 4, 392.93);
UPDATE tellimused SET kogusumma = 1574.62 WHERE id = 47;
INSERT INTO arved (tellimus_id, number, kuupaev, maksetahtaeg, tasutud) VALUES (47, 'ARV-2026-00047', CURRENT_DATE(), CURRENT_DATE(), 1);
INSERT INTO maksed (arve_id, makseviis_id, summa) VALUES (47, 2, 1574.62);
INSERT INTO tellimused (klient_id, staatus_id, tarneviis_id, kogusumma) VALUES (221, 4, 3, 0);
INSERT INTO tellimuse_read (tellimus_id, toode_id, kogus, uhikuhind) VALUES (48, 8, 2, 1270.6);
UPDATE tellimused SET kogusumma = 2541.2 WHERE id = 48;
INSERT INTO arved (tellimus_id, number, kuupaev, maksetahtaeg, tasutud) VALUES (48, 'ARV-2026-00048', CURRENT_DATE(), CURRENT_DATE(), 1);
INSERT INTO maksed (arve_id, makseviis_id, summa) VALUES (48, 1, 2541.2);
INSERT INTO tellimused (klient_id, staatus_id, tarneviis_id, kogusumma) VALUES (164, 1, 2, 0);
INSERT INTO tellimuse_read (tellimus_id, toode_id, kogus, uhikuhind) VALUES (49, 30, 2, 417.38);
INSERT INTO tellimuse_read (tellimus_id, toode_id, kogus, uhikuhind) VALUES (49, 139, 2, 9.21);
INSERT INTO tellimuse_read (tellimus_id, toode_id, kogus, uhikuhind) VALUES (49, 19, 4, 261.3);
INSERT INTO tellimuse_read (tellimus_id, toode_id, kogus, uhikuhind) VALUES (49, 141, 4, 190.7);
INSERT INTO tellimuse_read (tellimus_id, toode_id, kogus, uhikuhind) VALUES (49, 88, 1, 904.75);
UPDATE tellimused SET kogusumma = 3568.83 WHERE id = 49;
INSERT INTO arved (tellimus_id, number, kuupaev, maksetahtaeg, tasutud) VALUES (49, 'ARV-2026-00049', CURRENT_DATE(), CURRENT_DATE(), 0);
INSERT INTO tellimused (klient_id, staatus_id, tarneviis_id, kogusumma) VALUES (161, 1, 2, 0);
INSERT INTO tellimuse_read (tellimus_id, toode_id, kogus, uhikuhind) VALUES (50, 119, 2, 1267.05);
UPDATE tellimused SET kogusumma = 2537.0 WHERE id = 50;
INSERT INTO arved (tellimus_id, number, kuupaev, maksetahtaeg, tasutud) VALUES (50, 'ARV-2026-00050', CURRENT_DATE(), CURRENT_DATE(), 0);
INSERT INTO tellimused (klient_id, staatus_id, tarneviis_id, kogusumma) VALUES (329, 2, 1, 0);
INSERT INTO tellimuse_read (tellimus_id, toode_id, kogus, uhikuhind) VALUES (51, 43, 1, 549.01);
INSERT INTO tellimuse_read (tellimus_id, toode_id, kogus, uhikuhind) VALUES (51, 36, 3, 1394.94);
INSERT INTO tellimuse_read (tellimus_id, toode_id, kogus, uhikuhind) VALUES (51, 92, 2, 707.08);
INSERT INTO tellimuse_read (tellimus_id, toode_id, kogus, uhikuhind) VALUES (51, 91, 1, 238.14);
INSERT INTO tellimuse_read (tellimus_id, toode_id, kogus, uhikuhind) VALUES (51, 126, 4, 1203.18);
UPDATE tellimused SET kogusumma = 11204.75 WHERE id = 51;
INSERT INTO arved (tellimus_id, number, kuupaev, maksetahtaeg, tasutud) VALUES (51, 'ARV-2026-00051', CURRENT_DATE(), CURRENT_DATE(), 0);
INSERT INTO tellimused (klient_id, staatus_id, tarneviis_id, kogusumma) VALUES (459, 4, 1, 0);
INSERT INTO tellimuse_read (tellimus_id, toode_id, kogus, uhikuhind) VALUES (52, 105, 1, 1195.5);
INSERT INTO tellimuse_read (tellimus_id, toode_id, kogus, uhikuhind) VALUES (52, 81, 2, 764.27);
UPDATE tellimused SET kogusumma = 2729.94 WHERE id = 52;
INSERT INTO arved (tellimus_id, number, kuupaev, maksetahtaeg, tasutud) VALUES (52, 'ARV-2026-00052', CURRENT_DATE(), CURRENT_DATE(), 1);
INSERT INTO maksed (arve_id, makseviis_id, summa) VALUES (52, 2, 2729.94);
INSERT INTO tellimused (klient_id, staatus_id, tarneviis_id, kogusumma) VALUES (205, 2, 1, 0);
INSERT INTO tellimuse_read (tellimus_id, toode_id, kogus, uhikuhind) VALUES (53, 115, 3, 471.15);
UPDATE tellimused SET kogusumma = 1419.35 WHERE id = 53;
INSERT INTO arved (tellimus_id, number, kuupaev, maksetahtaeg, tasutud) VALUES (53, 'ARV-2026-00053', CURRENT_DATE(), CURRENT_DATE(), 0);
INSERT INTO tellimused (klient_id, staatus_id, tarneviis_id, kogusumma) VALUES (260, 1, 2, 0);
INSERT INTO tellimuse_read (tellimus_id, toode_id, kogus, uhikuhind) VALUES (54, 111, 3, 1205.16);
UPDATE tellimused SET kogusumma = 3618.38 WHERE id = 54;
INSERT INTO arved (tellimus_id, number, kuupaev, maksetahtaeg, tasutud) VALUES (54, 'ARV-2026-00054', CURRENT_DATE(), CURRENT_DATE(), 0);
INSERT INTO tellimused (klient_id, staatus_id, tarneviis_id, kogusumma) VALUES (100, 3, 1, 0);
INSERT INTO tellimuse_read (tellimus_id, toode_id, kogus, uhikuhind) VALUES (55, 20, 4, 465.78);
INSERT INTO tellimuse_read (tellimus_id, toode_id, kogus, uhikuhind) VALUES (55, 55, 3, 21.4);
INSERT INTO tellimuse_read (tellimus_id, toode_id, kogus, uhikuhind) VALUES (55, 43, 3, 549.01);
INSERT INTO tellimuse_read (tellimus_id, toode_id, kogus, uhikuhind) VALUES (55, 103, 3, 1221.75);
UPDATE tellimused SET kogusumma = 7245.5 WHERE id = 55;
INSERT INTO arved (tellimus_id, number, kuupaev, maksetahtaeg, tasutud) VALUES (55, 'ARV-2026-00055', CURRENT_DATE(), CURRENT_DATE(), 1);
INSERT INTO maksed (arve_id, makseviis_id, summa) VALUES (55, 1, 7245.5);
INSERT INTO tellimused (klient_id, staatus_id, tarneviis_id, kogusumma) VALUES (280, 3, 2, 0);
INSERT INTO tellimuse_read (tellimus_id, toode_id, kogus, uhikuhind) VALUES (56, 122, 1, 809.39);
INSERT INTO tellimuse_read (tellimus_id, toode_id, kogus, uhikuhind) VALUES (56, 112, 4, 210.21);
INSERT INTO tellimuse_read (tellimus_id, toode_id, kogus, uhikuhind) VALUES (56, 10, 1, 197.52);
INSERT INTO tellimuse_read (tellimus_id, toode_id, kogus, uhikuhind) VALUES (56, 110, 4, 940.17);
INSERT INTO tellimuse_read (tellimus_id, toode_id, kogus, uhikuhind) VALUES (56, 66, 4, 712.62);
UPDATE tellimused SET kogusumma = 8461.81 WHERE id = 56;
INSERT INTO arved (tellimus_id, number, kuupaev, maksetahtaeg, tasutud) VALUES (56, 'ARV-2026-00056', CURRENT_DATE(), CURRENT_DATE(), 1);
INSERT INTO maksed (arve_id, makseviis_id, summa) VALUES (56, 3, 8461.81);
INSERT INTO tellimused (klient_id, staatus_id, tarneviis_id, kogusumma) VALUES (35, 1, 3, 0);
INSERT INTO tellimuse_read (tellimus_id, toode_id, kogus, uhikuhind) VALUES (57, 60, 2, 433.47);
INSERT INTO tellimuse_read (tellimus_id, toode_id, kogus, uhikuhind) VALUES (57, 138, 3, 1372.15);
INSERT INTO tellimuse_read (tellimus_id, toode_id, kogus, uhikuhind) VALUES (57, 100, 1, 633.82);
UPDATE tellimused SET kogusumma = 5617.21 WHERE id = 57;
INSERT INTO arved (tellimus_id, number, kuupaev, maksetahtaeg, tasutud) VALUES (57, 'ARV-2026-00057', CURRENT_DATE(), CURRENT_DATE(), 0);
INSERT INTO tellimused (klient_id, staatus_id, tarneviis_id, kogusumma) VALUES (185, 4, 2, 0);
INSERT INTO tellimuse_read (tellimus_id, toode_id, kogus, uhikuhind) VALUES (58, 71, 3, 1393.75);
UPDATE tellimused SET kogusumma = 4184.15 WHERE id = 58;
INSERT INTO arved (tellimus_id, number, kuupaev, maksetahtaeg, tasutud) VALUES (58, 'ARV-2026-00058', CURRENT_DATE(), CURRENT_DATE(), 1);
INSERT INTO maksed (arve_id, makseviis_id, summa) VALUES (58, 1, 4184.15);
INSERT INTO tellimused (klient_id, staatus_id, tarneviis_id, kogusumma) VALUES (363, 1, 2, 0);
INSERT INTO tellimuse_read (tellimus_id, toode_id, kogus, uhikuhind) VALUES (59, 47, 4, 1136.92);
INSERT INTO tellimuse_read (tellimus_id, toode_id, kogus, uhikuhind) VALUES (59, 9, 4, 470.38);
INSERT INTO tellimuse_read (tellimus_id, toode_id, kogus, uhikuhind) VALUES (59, 85, 3, 920.53);
INSERT INTO tellimuse_read (tellimus_id, toode_id, kogus, uhikuhind) VALUES (59, 150, 1, 580.23);
UPDATE tellimused SET kogusumma = 9773.92 WHERE id = 59;
INSERT INTO arved (tellimus_id, number, kuupaev, maksetahtaeg, tasutud) VALUES (59, 'ARV-2026-00059', CURRENT_DATE(), CURRENT_DATE(), 0);
INSERT INTO tellimused (klient_id, staatus_id, tarneviis_id, kogusumma) VALUES (324, 4, 1, 0);
INSERT INTO tellimuse_read (tellimus_id, toode_id, kogus, uhikuhind) VALUES (60, 126, 1, 1203.18);
INSERT INTO tellimuse_read (tellimus_id, toode_id, kogus, uhikuhind) VALUES (60, 33, 3, 1183.26);
INSERT INTO tellimuse_read (tellimus_id, toode_id, kogus, uhikuhind) VALUES (60, 115, 4, 471.15);
INSERT INTO tellimuse_read (tellimus_id, toode_id, kogus, uhikuhind) VALUES (60, 74, 3, 392.93);
UPDATE tellimused SET kogusumma = 7822.25 WHERE id = 60;
INSERT INTO arved (tellimus_id, number, kuupaev, maksetahtaeg, tasutud) VALUES (60, 'ARV-2026-00060', CURRENT_DATE(), CURRENT_DATE(), 1);
INSERT INTO maksed (arve_id, makseviis_id, summa) VALUES (60, 1, 7822.25);
INSERT INTO tellimused (klient_id, staatus_id, tarneviis_id, kogusumma) VALUES (476, 3, 3, 0);
INSERT INTO tellimuse_read (tellimus_id, toode_id, kogus, uhikuhind) VALUES (61, 9, 1, 470.38);
INSERT INTO tellimuse_read (tellimus_id, toode_id, kogus, uhikuhind) VALUES (61, 6, 1, 1448.04);
UPDATE tellimused SET kogusumma = 1918.42 WHERE id = 61;
INSERT INTO arved (tellimus_id, number, kuupaev, maksetahtaeg, tasutud) VALUES (61, 'ARV-2026-00061', CURRENT_DATE(), CURRENT_DATE(), 1);
INSERT INTO maksed (arve_id, makseviis_id, summa) VALUES (61, 1, 1918.42);
INSERT INTO tellimused (klient_id, staatus_id, tarneviis_id, kogusumma) VALUES (253, 2, 2, 0);
INSERT INTO tellimuse_read (tellimus_id, toode_id, kogus, uhikuhind) VALUES (62, 64, 3, 1054.16);
INSERT INTO tellimuse_read (tellimus_id, toode_id, kogus, uhikuhind) VALUES (62, 34, 3, 704.2);
UPDATE tellimused SET kogusumma = 5277.98 WHERE id = 62;
INSERT INTO arved (tellimus_id, number, kuupaev, maksetahtaeg, tasutud) VALUES (62, 'ARV-2026-00062', CURRENT_DATE(), CURRENT_DATE(), 0);
INSERT INTO tellimused (klient_id, staatus_id, tarneviis_id, kogusumma) VALUES (349, 4, 1, 0);
INSERT INTO tellimuse_read (tellimus_id, toode_id, kogus, uhikuhind) VALUES (63, 55, 2, 21.4);
INSERT INTO tellimuse_read (tellimus_id, toode_id, kogus, uhikuhind) VALUES (63, 85, 2, 920.53);
UPDATE tellimused SET kogusumma = 1889.76 WHERE id = 63;
INSERT INTO arved (tellimus_id, number, kuupaev, maksetahtaeg, tasutud) VALUES (63, 'ARV-2026-00063', CURRENT_DATE(), CURRENT_DATE(), 1);
INSERT INTO maksed (arve_id, makseviis_id, summa) VALUES (63, 3, 1889.76);
INSERT INTO tellimused (klient_id, staatus_id, tarneviis_id, kogusumma) VALUES (355, 1, 3, 0);
INSERT INTO tellimuse_read (tellimus_id, toode_id, kogus, uhikuhind) VALUES (64, 6, 2, 1448.04);
INSERT INTO tellimuse_read (tellimus_id, toode_id, kogus, uhikuhind) VALUES (64, 88, 2, 904.75);
INSERT INTO tellimuse_read (tellimus_id, toode_id, kogus, uhikuhind) VALUES (64, 6, 4, 1448.04);
UPDATE tellimused SET kogusumma = 10497.74 WHERE id = 64;
INSERT INTO arved (tellimus_id, number, kuupaev, maksetahtaeg, tasutud) VALUES (64, 'ARV-2026-00064', CURRENT_DATE(), CURRENT_DATE(), 0);
INSERT INTO tellimused (klient_id, staatus_id, tarneviis_id, kogusumma) VALUES (364, 2, 2, 0);
INSERT INTO tellimuse_read (tellimus_id, toode_id, kogus, uhikuhind) VALUES (65, 124, 3, 55.84);
INSERT INTO tellimuse_read (tellimus_id, toode_id, kogus, uhikuhind) VALUES (65, 49, 3, 277.83);
INSERT INTO tellimuse_read (tellimus_id, toode_id, kogus, uhikuhind) VALUES (65, 87, 4, 91.18);
UPDATE tellimused SET kogusumma = 1368.63 WHERE id = 65;
INSERT INTO arved (tellimus_id, number, kuupaev, maksetahtaeg, tasutud) VALUES (65, 'ARV-2026-00065', CURRENT_DATE(), CURRENT_DATE(), 0);
INSERT INTO tellimused (klient_id, staatus_id, tarneviis_id, kogusumma) VALUES (150, 1, 3, 0);
INSERT INTO tellimuse_read (tellimus_id, toode_id, kogus, uhikuhind) VALUES (66, 58, 3, 1038.18);
INSERT INTO tellimuse_read (tellimus_id, toode_id, kogus, uhikuhind) VALUES (66, 131, 3, 486.56);
UPDATE tellimused SET kogusumma = 4574.22 WHERE id = 66;
INSERT INTO arved (tellimus_id, number, kuupaev, maksetahtaeg, tasutud) VALUES (66, 'ARV-2026-00066', CURRENT_DATE(), CURRENT_DATE(), 0);
INSERT INTO tellimused (klient_id, staatus_id, tarneviis_id, kogusumma) VALUES (379, 1, 2, 0);
INSERT INTO tellimuse_read (tellimus_id, toode_id, kogus, uhikuhind) VALUES (67, 135, 1, 101.4);
INSERT INTO tellimuse_read (tellimus_id, toode_id, kogus, uhikuhind) VALUES (67, 117, 3, 147.71);
INSERT INTO tellimuse_read (tellimus_id, toode_id, kogus, uhikuhind) VALUES (67, 79, 1, 736.42);
UPDATE tellimused SET kogusumma = 1283.85 WHERE id = 67;
INSERT INTO arved (tellimus_id, number, kuupaev, maksetahtaeg, tasutud) VALUES (67, 'ARV-2026-00067', CURRENT_DATE(), CURRENT_DATE(), 0);
INSERT INTO tellimused (klient_id, staatus_id, tarneviis_id, kogusumma) VALUES (499, 1, 2, 0);
INSERT INTO tellimuse_read (tellimus_id, toode_id, kogus, uhikuhind) VALUES (68, 86, 4, 1436.12);
INSERT INTO tellimuse_read (tellimus_id, toode_id, kogus, uhikuhind) VALUES (68, 137, 3, 934.56);
INSERT INTO tellimuse_read (tellimus_id, toode_id, kogus, uhikuhind) VALUES (68, 47, 4, 1136.92);
INSERT INTO tellimuse_read (tellimus_id, toode_id, kogus, uhikuhind) VALUES (68, 61, 4, 1173.58);
UPDATE tellimused SET kogusumma = 17793.06 WHERE id = 68;
INSERT INTO arved (tellimus_id, number, kuupaev, maksetahtaeg, tasutud) VALUES (68, 'ARV-2026-00068', CURRENT_DATE(), CURRENT_DATE(), 0);
INSERT INTO tellimused (klient_id, staatus_id, tarneviis_id, kogusumma) VALUES (388, 1, 3, 0);
INSERT INTO tellimuse_read (tellimus_id, toode_id, kogus, uhikuhind) VALUES (69, 48, 3, 650.28);
UPDATE tellimused SET kogusumma = 1950.84 WHERE id = 69;
INSERT INTO arved (tellimus_id, number, kuupaev, maksetahtaeg, tasutud) VALUES (69, 'ARV-2026-00069', CURRENT_DATE(), CURRENT_DATE(), 0);
INSERT INTO tellimused (klient_id, staatus_id, tarneviis_id, kogusumma) VALUES (111, 2, 1, 0);
INSERT INTO tellimuse_read (tellimus_id, toode_id, kogus, uhikuhind) VALUES (70, 59, 2, 634.88);
INSERT INTO tellimuse_read (tellimus_id, toode_id, kogus, uhikuhind) VALUES (70, 109, 3, 151.7);
INSERT INTO tellimuse_read (tellimus_id, toode_id, kogus, uhikuhind) VALUES (70, 39, 2, 207.71);
UPDATE tellimused SET kogusumma = 2146.18 WHERE id = 70;
INSERT INTO arved (tellimus_id, number, kuupaev, maksetahtaeg, tasutud) VALUES (70, 'ARV-2026-00070', CURRENT_DATE(), CURRENT_DATE(), 0);
INSERT INTO tellimused (klient_id, staatus_id, tarneviis_id, kogusumma) VALUES (444, 3, 1, 0);
INSERT INTO tellimuse_read (tellimus_id, toode_id, kogus, uhikuhind) VALUES (71, 44, 2, 226.18);
UPDATE tellimused SET kogusumma = 458.26 WHERE id = 71;
INSERT INTO arved (tellimus_id, number, kuupaev, maksetahtaeg, tasutud) VALUES (71, 'ARV-2026-00071', CURRENT_DATE(), CURRENT_DATE(), 1);
INSERT INTO maksed (arve_id, makseviis_id, summa) VALUES (71, 2, 458.26);
INSERT INTO tellimused (klient_id, staatus_id, tarneviis_id, kogusumma) VALUES (361, 4, 1, 0);
INSERT INTO tellimuse_read (tellimus_id, toode_id, kogus, uhikuhind) VALUES (72, 20, 2, 465.78);
UPDATE tellimused SET kogusumma = 937.46 WHERE id = 72;
INSERT INTO arved (tellimus_id, number, kuupaev, maksetahtaeg, tasutud) VALUES (72, 'ARV-2026-00072', CURRENT_DATE(), CURRENT_DATE(), 1);
INSERT INTO maksed (arve_id, makseviis_id, summa) VALUES (72, 2, 937.46);
INSERT INTO tellimused (klient_id, staatus_id, tarneviis_id, kogusumma) VALUES (192, 3, 1, 0);
INSERT INTO tellimuse_read (tellimus_id, toode_id, kogus, uhikuhind) VALUES (73, 50, 2, 1049.16);
INSERT INTO tellimuse_read (tellimus_id, toode_id, kogus, uhikuhind) VALUES (73, 104, 3, 709.29);
INSERT INTO tellimuse_read (tellimus_id, toode_id, kogus, uhikuhind) VALUES (73, 24, 1, 509.33);
UPDATE tellimused SET kogusumma = 4741.42 WHERE id = 73;
INSERT INTO arved (tellimus_id, number, kuupaev, maksetahtaeg, tasutud) VALUES (73, 'ARV-2026-00073', CURRENT_DATE(), CURRENT_DATE(), 1);
INSERT INTO maksed (arve_id, makseviis_id, summa) VALUES (73, 2, 4741.42);
INSERT INTO tellimused (klient_id, staatus_id, tarneviis_id, kogusumma) VALUES (304, 2, 1, 0);
INSERT INTO tellimuse_read (tellimus_id, toode_id, kogus, uhikuhind) VALUES (74, 23, 2, 1051.56);
UPDATE tellimused SET kogusumma = 2109.02 WHERE id = 74;
INSERT INTO arved (tellimus_id, number, kuupaev, maksetahtaeg, tasutud) VALUES (74, 'ARV-2026-00074', CURRENT_DATE(), CURRENT_DATE(), 0);
INSERT INTO tellimused (klient_id, staatus_id, tarneviis_id, kogusumma) VALUES (303, 1, 1, 0);
INSERT INTO tellimuse_read (tellimus_id, toode_id, kogus, uhikuhind) VALUES (75, 18, 2, 1301.05);
UPDATE tellimused SET kogusumma = 2608.0 WHERE id = 75;
INSERT INTO arved (tellimus_id, number, kuupaev, maksetahtaeg, tasutud) VALUES (75, 'ARV-2026-00075', CURRENT_DATE(), CURRENT_DATE(), 0);
INSERT INTO tellimused (klient_id, staatus_id, tarneviis_id, kogusumma) VALUES (313, 4, 2, 0);
INSERT INTO tellimuse_read (tellimus_id, toode_id, kogus, uhikuhind) VALUES (76, 93, 1, 854.37);
INSERT INTO tellimuse_read (tellimus_id, toode_id, kogus, uhikuhind) VALUES (76, 138, 3, 1372.15);
UPDATE tellimused SET kogusumma = 4973.72 WHERE id = 76;
INSERT INTO arved (tellimus_id, number, kuupaev, maksetahtaeg, tasutud) VALUES (76, 'ARV-2026-00076', CURRENT_DATE(), CURRENT_DATE(), 1);
INSERT INTO maksed (arve_id, makseviis_id, summa) VALUES (76, 1, 4973.72);
INSERT INTO tellimused (klient_id, staatus_id, tarneviis_id, kogusumma) VALUES (153, 3, 1, 0);
INSERT INTO tellimuse_read (tellimus_id, toode_id, kogus, uhikuhind) VALUES (77, 81, 2, 764.27);
INSERT INTO tellimuse_read (tellimus_id, toode_id, kogus, uhikuhind) VALUES (77, 39, 2, 207.71);
UPDATE tellimused SET kogusumma = 1949.86 WHERE id = 77;
INSERT INTO arved (tellimus_id, number, kuupaev, maksetahtaeg, tasutud) VALUES (77, 'ARV-2026-00077', CURRENT_DATE(), CURRENT_DATE(), 1);
INSERT INTO maksed (arve_id, makseviis_id, summa) VALUES (77, 2, 1949.86);
INSERT INTO tellimused (klient_id, staatus_id, tarneviis_id, kogusumma) VALUES (91, 4, 3, 0);
INSERT INTO tellimuse_read (tellimus_id, toode_id, kogus, uhikuhind) VALUES (78, 14, 1, 950.37);
UPDATE tellimused SET kogusumma = 950.37 WHERE id = 78;
INSERT INTO arved (tellimus_id, number, kuupaev, maksetahtaeg, tasutud) VALUES (78, 'ARV-2026-00078', CURRENT_DATE(), CURRENT_DATE(), 1);
INSERT INTO maksed (arve_id, makseviis_id, summa) VALUES (78, 3, 950.37);
INSERT INTO tellimused (klient_id, staatus_id, tarneviis_id, kogusumma) VALUES (145, 3, 1, 0);
INSERT INTO tellimuse_read (tellimus_id, toode_id, kogus, uhikuhind) VALUES (79, 103, 1, 1221.75);
INSERT INTO tellimuse_read (tellimus_id, toode_id, kogus, uhikuhind) VALUES (79, 33, 1, 1183.26);
INSERT INTO tellimuse_read (tellimus_id, toode_id, kogus, uhikuhind) VALUES (79, 91, 3, 238.14);
UPDATE tellimused SET kogusumma = 3125.33 WHERE id = 79;
INSERT INTO arved (tellimus_id, number, kuupaev, maksetahtaeg, tasutud) VALUES (79, 'ARV-2026-00079', CURRENT_DATE(), CURRENT_DATE(), 1);
INSERT INTO maksed (arve_id, makseviis_id, summa) VALUES (79, 1, 3125.33);
INSERT INTO tellimused (klient_id, staatus_id, tarneviis_id, kogusumma) VALUES (479, 2, 3, 0);
INSERT INTO tellimuse_read (tellimus_id, toode_id, kogus, uhikuhind) VALUES (80, 12, 3, 51.28);
INSERT INTO tellimuse_read (tellimus_id, toode_id, kogus, uhikuhind) VALUES (80, 115, 1, 471.15);
INSERT INTO tellimuse_read (tellimus_id, toode_id, kogus, uhikuhind) VALUES (80, 22, 2, 1215.75);
INSERT INTO tellimuse_read (tellimus_id, toode_id, kogus, uhikuhind) VALUES (80, 86, 4, 1436.12);
UPDATE tellimused SET kogusumma = 8800.97 WHERE id = 80;
INSERT INTO arved (tellimus_id, number, kuupaev, maksetahtaeg, tasutud) VALUES (80, 'ARV-2026-00080', CURRENT_DATE(), CURRENT_DATE(), 0);
INSERT INTO tellimused (klient_id, staatus_id, tarneviis_id, kogusumma) VALUES (346, 1, 2, 0);
INSERT INTO tellimuse_read (tellimus_id, toode_id, kogus, uhikuhind) VALUES (81, 10, 1, 197.52);
UPDATE tellimused SET kogusumma = 200.42 WHERE id = 81;
INSERT INTO arved (tellimus_id, number, kuupaev, maksetahtaeg, tasutud) VALUES (81, 'ARV-2026-00081', CURRENT_DATE(), CURRENT_DATE(), 0);
INSERT INTO tellimused (klient_id, staatus_id, tarneviis_id, kogusumma) VALUES (261, 1, 1, 0);
INSERT INTO tellimuse_read (tellimus_id, toode_id, kogus, uhikuhind) VALUES (82, 133, 4, 517.42);
INSERT INTO tellimuse_read (tellimus_id, toode_id, kogus, uhikuhind) VALUES (82, 109, 2, 151.7);
UPDATE tellimused SET kogusumma = 2378.98 WHERE id = 82;
INSERT INTO arved (tellimus_id, number, kuupaev, maksetahtaeg, tasutud) VALUES (82, 'ARV-2026-00082', CURRENT_DATE(), CURRENT_DATE(), 0);
INSERT INTO tellimused (klient_id, staatus_id, tarneviis_id, kogusumma) VALUES (436, 2, 1, 0);
INSERT INTO tellimuse_read (tellimus_id, toode_id, kogus, uhikuhind) VALUES (83, 12, 4, 51.28);
UPDATE tellimused SET kogusumma = 211.02 WHERE id = 83;
INSERT INTO arved (tellimus_id, number, kuupaev, maksetahtaeg, tasutud) VALUES (83, 'ARV-2026-00083', CURRENT_DATE(), CURRENT_DATE(), 0);
INSERT INTO tellimused (klient_id, staatus_id, tarneviis_id, kogusumma) VALUES (427, 1, 3, 0);
INSERT INTO tellimuse_read (tellimus_id, toode_id, kogus, uhikuhind) VALUES (84, 38, 4, 1049.43);
INSERT INTO tellimuse_read (tellimus_id, toode_id, kogus, uhikuhind) VALUES (84, 40, 1, 1185.79);
INSERT INTO tellimuse_read (tellimus_id, toode_id, kogus, uhikuhind) VALUES (84, 121, 3, 537.16);
INSERT INTO tellimuse_read (tellimus_id, toode_id, kogus, uhikuhind) VALUES (84, 11, 4, 980.79);
INSERT INTO tellimuse_read (tellimus_id, toode_id, kogus, uhikuhind) VALUES (84, 53, 2, 112.5);
UPDATE tellimused SET kogusumma = 11143.15 WHERE id = 84;
INSERT INTO arved (tellimus_id, number, kuupaev, maksetahtaeg, tasutud) VALUES (84, 'ARV-2026-00084', CURRENT_DATE(), CURRENT_DATE(), 0);
INSERT INTO tellimused (klient_id, staatus_id, tarneviis_id, kogusumma) VALUES (185, 3, 2, 0);
INSERT INTO tellimuse_read (tellimus_id, toode_id, kogus, uhikuhind) VALUES (85, 9, 4, 470.38);
INSERT INTO tellimuse_read (tellimus_id, toode_id, kogus, uhikuhind) VALUES (85, 140, 4, 1441.36);
INSERT INTO tellimuse_read (tellimus_id, toode_id, kogus, uhikuhind) VALUES (85, 44, 3, 226.18);
UPDATE tellimused SET kogusumma = 8328.4 WHERE id = 85;
INSERT INTO arved (tellimus_id, number, kuupaev, maksetahtaeg, tasutud) VALUES (85, 'ARV-2026-00085', CURRENT_DATE(), CURRENT_DATE(), 1);
INSERT INTO maksed (arve_id, makseviis_id, summa) VALUES (85, 3, 8328.4);
INSERT INTO tellimused (klient_id, staatus_id, tarneviis_id, kogusumma) VALUES (362, 4, 2, 0);
INSERT INTO tellimuse_read (tellimus_id, toode_id, kogus, uhikuhind) VALUES (86, 50, 1, 1049.16);
UPDATE tellimused SET kogusumma = 1052.06 WHERE id = 86;
INSERT INTO arved (tellimus_id, number, kuupaev, maksetahtaeg, tasutud) VALUES (86, 'ARV-2026-00086', CURRENT_DATE(), CURRENT_DATE(), 1);
INSERT INTO maksed (arve_id, makseviis_id, summa) VALUES (86, 2, 1052.06);
INSERT INTO tellimused (klient_id, staatus_id, tarneviis_id, kogusumma) VALUES (226, 1, 3, 0);
INSERT INTO tellimuse_read (tellimus_id, toode_id, kogus, uhikuhind) VALUES (87, 48, 2, 650.28);
INSERT INTO tellimuse_read (tellimus_id, toode_id, kogus, uhikuhind) VALUES (87, 39, 4, 207.71);
INSERT INTO tellimuse_read (tellimus_id, toode_id, kogus, uhikuhind) VALUES (87, 77, 1, 730.23);
INSERT INTO tellimuse_read (tellimus_id, toode_id, kogus, uhikuhind) VALUES (87, 88, 3, 904.75);
UPDATE tellimused SET kogusumma = 5575.88 WHERE id = 87;
INSERT INTO arved (tellimus_id, number, kuupaev, maksetahtaeg, tasutud) VALUES (87, 'ARV-2026-00087', CURRENT_DATE(), CURRENT_DATE(), 0);
INSERT INTO tellimused (klient_id, staatus_id, tarneviis_id, kogusumma) VALUES (171, 2, 3, 0);
INSERT INTO tellimuse_read (tellimus_id, toode_id, kogus, uhikuhind) VALUES (88, 146, 1, 598.89);
INSERT INTO tellimuse_read (tellimus_id, toode_id, kogus, uhikuhind) VALUES (88, 32, 2, 84.37);
UPDATE tellimused SET kogusumma = 767.63 WHERE id = 88;
INSERT INTO arved (tellimus_id, number, kuupaev, maksetahtaeg, tasutud) VALUES (88, 'ARV-2026-00088', CURRENT_DATE(), CURRENT_DATE(), 0);
INSERT INTO tellimused (klient_id, staatus_id, tarneviis_id, kogusumma) VALUES (321, 1, 2, 0);
INSERT INTO tellimuse_read (tellimus_id, toode_id, kogus, uhikuhind) VALUES (89, 147, 2, 576.36);
INSERT INTO tellimuse_read (tellimus_id, toode_id, kogus, uhikuhind) VALUES (89, 46, 1, 1318.99);
INSERT INTO tellimuse_read (tellimus_id, toode_id, kogus, uhikuhind) VALUES (89, 62, 3, 728.03);
INSERT INTO tellimuse_read (tellimus_id, toode_id, kogus, uhikuhind) VALUES (89, 46, 3, 1318.99);
INSERT INTO tellimuse_read (tellimus_id, toode_id, kogus, uhikuhind) VALUES (89, 148, 2, 184.12);
UPDATE tellimused SET kogusumma = 8983.91 WHERE id = 89;
INSERT INTO arved (tellimus_id, number, kuupaev, maksetahtaeg, tasutud) VALUES (89, 'ARV-2026-00089', CURRENT_DATE(), CURRENT_DATE(), 0);
INSERT INTO tellimused (klient_id, staatus_id, tarneviis_id, kogusumma) VALUES (324, 2, 2, 0);
INSERT INTO tellimuse_read (tellimus_id, toode_id, kogus, uhikuhind) VALUES (90, 57, 3, 659.85);
UPDATE tellimused SET kogusumma = 1982.45 WHERE id = 90;
INSERT INTO arved (tellimus_id, number, kuupaev, maksetahtaeg, tasutud) VALUES (90, 'ARV-2026-00090', CURRENT_DATE(), CURRENT_DATE(), 0);
INSERT INTO tellimused (klient_id, staatus_id, tarneviis_id, kogusumma) VALUES (358, 2, 3, 0);
INSERT INTO tellimuse_read (tellimus_id, toode_id, kogus, uhikuhind) VALUES (91, 78, 4, 257.32);
INSERT INTO tellimuse_read (tellimus_id, toode_id, kogus, uhikuhind) VALUES (91, 56, 2, 1414.95);
INSERT INTO tellimuse_read (tellimus_id, toode_id, kogus, uhikuhind) VALUES (91, 95, 2, 1375.85);
INSERT INTO tellimuse_read (tellimus_id, toode_id, kogus, uhikuhind) VALUES (91, 34, 1, 704.2);
UPDATE tellimused SET kogusumma = 7315.08 WHERE id = 91;
INSERT INTO arved (tellimus_id, number, kuupaev, maksetahtaeg, tasutud) VALUES (91, 'ARV-2026-00091', CURRENT_DATE(), CURRENT_DATE(), 0);
INSERT INTO tellimused (klient_id, staatus_id, tarneviis_id, kogusumma) VALUES (188, 4, 1, 0);
INSERT INTO tellimuse_read (tellimus_id, toode_id, kogus, uhikuhind) VALUES (92, 24, 3, 509.33);
INSERT INTO tellimuse_read (tellimus_id, toode_id, kogus, uhikuhind) VALUES (92, 97, 2, 985.9);
UPDATE tellimused SET kogusumma = 3505.69 WHERE id = 92;
INSERT INTO arved (tellimus_id, number, kuupaev, maksetahtaeg, tasutud) VALUES (92, 'ARV-2026-00092', CURRENT_DATE(), CURRENT_DATE(), 1);
INSERT INTO maksed (arve_id, makseviis_id, summa) VALUES (92, 1, 3505.69);
INSERT INTO tellimused (klient_id, staatus_id, tarneviis_id, kogusumma) VALUES (51, 1, 1, 0);
INSERT INTO tellimuse_read (tellimus_id, toode_id, kogus, uhikuhind) VALUES (93, 46, 4, 1318.99);
INSERT INTO tellimuse_read (tellimus_id, toode_id, kogus, uhikuhind) VALUES (93, 86, 1, 1436.12);
UPDATE tellimused SET kogusumma = 6717.98 WHERE id = 93;
INSERT INTO arved (tellimus_id, number, kuupaev, maksetahtaeg, tasutud) VALUES (93, 'ARV-2026-00093', CURRENT_DATE(), CURRENT_DATE(), 0);
INSERT INTO tellimused (klient_id, staatus_id, tarneviis_id, kogusumma) VALUES (372, 1, 2, 0);
INSERT INTO tellimuse_read (tellimus_id, toode_id, kogus, uhikuhind) VALUES (94, 97, 2, 985.9);
INSERT INTO tellimuse_read (tellimus_id, toode_id, kogus, uhikuhind) VALUES (94, 74, 3, 392.93);
INSERT INTO tellimuse_read (tellimus_id, toode_id, kogus, uhikuhind) VALUES (94, 118, 3, 529.61);
INSERT INTO tellimuse_read (tellimus_id, toode_id, kogus, uhikuhind) VALUES (94, 86, 1, 1436.12);
UPDATE tellimused SET kogusumma = 6178.44 WHERE id = 94;
INSERT INTO arved (tellimus_id, number, kuupaev, maksetahtaeg, tasutud) VALUES (94, 'ARV-2026-00094', CURRENT_DATE(), CURRENT_DATE(), 0);
INSERT INTO tellimused (klient_id, staatus_id, tarneviis_id, kogusumma) VALUES (16, 2, 3, 0);
INSERT INTO tellimuse_read (tellimus_id, toode_id, kogus, uhikuhind) VALUES (95, 17, 3, 399.17);
INSERT INTO tellimuse_read (tellimus_id, toode_id, kogus, uhikuhind) VALUES (95, 114, 3, 805.9);
INSERT INTO tellimuse_read (tellimus_id, toode_id, kogus, uhikuhind) VALUES (95, 56, 2, 1414.95);
INSERT INTO tellimuse_read (tellimus_id, toode_id, kogus, uhikuhind) VALUES (95, 35, 3, 1210.41);
INSERT INTO tellimuse_read (tellimus_id, toode_id, kogus, uhikuhind) VALUES (95, 40, 2, 1185.79);
UPDATE tellimused SET kogusumma = 12447.92 WHERE id = 95;
INSERT INTO arved (tellimus_id, number, kuupaev, maksetahtaeg, tasutud) VALUES (95, 'ARV-2026-00095', CURRENT_DATE(), CURRENT_DATE(), 0);
INSERT INTO tellimused (klient_id, staatus_id, tarneviis_id, kogusumma) VALUES (300, 3, 1, 0);
INSERT INTO tellimuse_read (tellimus_id, toode_id, kogus, uhikuhind) VALUES (96, 133, 3, 517.42);
INSERT INTO tellimuse_read (tellimus_id, toode_id, kogus, uhikuhind) VALUES (96, 83, 1, 495.68);
UPDATE tellimused SET kogusumma = 2053.84 WHERE id = 96;
INSERT INTO arved (tellimus_id, number, kuupaev, maksetahtaeg, tasutud) VALUES (96, 'ARV-2026-00096', CURRENT_DATE(), CURRENT_DATE(), 1);
INSERT INTO maksed (arve_id, makseviis_id, summa) VALUES (96, 3, 2053.84);
INSERT INTO tellimused (klient_id, staatus_id, tarneviis_id, kogusumma) VALUES (78, 2, 2, 0);
INSERT INTO tellimuse_read (tellimus_id, toode_id, kogus, uhikuhind) VALUES (97, 86, 1, 1436.12);
INSERT INTO tellimuse_read (tellimus_id, toode_id, kogus, uhikuhind) VALUES (97, 20, 4, 465.78);
INSERT INTO tellimuse_read (tellimus_id, toode_id, kogus, uhikuhind) VALUES (97, 51, 1, 645.54);
INSERT INTO tellimuse_read (tellimus_id, toode_id, kogus, uhikuhind) VALUES (97, 104, 1, 709.29);
INSERT INTO tellimuse_read (tellimus_id, toode_id, kogus, uhikuhind) VALUES (97, 107, 2, 1262.41);
UPDATE tellimused SET kogusumma = 7181.79 WHERE id = 97;
INSERT INTO arved (tellimus_id, number, kuupaev, maksetahtaeg, tasutud) VALUES (97, 'ARV-2026-00097', CURRENT_DATE(), CURRENT_DATE(), 0);
INSERT INTO tellimused (klient_id, staatus_id, tarneviis_id, kogusumma) VALUES (46, 3, 2, 0);
INSERT INTO tellimuse_read (tellimus_id, toode_id, kogus, uhikuhind) VALUES (98, 36, 4, 1394.94);
INSERT INTO tellimuse_read (tellimus_id, toode_id, kogus, uhikuhind) VALUES (98, 126, 3, 1203.18);
UPDATE tellimused SET kogusumma = 9192.2 WHERE id = 98;
INSERT INTO arved (tellimus_id, number, kuupaev, maksetahtaeg, tasutud) VALUES (98, 'ARV-2026-00098', CURRENT_DATE(), CURRENT_DATE(), 1);
INSERT INTO maksed (arve_id, makseviis_id, summa) VALUES (98, 2, 9192.2);
INSERT INTO tellimused (klient_id, staatus_id, tarneviis_id, kogusumma) VALUES (255, 2, 3, 0);
INSERT INTO tellimuse_read (tellimus_id, toode_id, kogus, uhikuhind) VALUES (99, 18, 2, 1301.05);
INSERT INTO tellimuse_read (tellimus_id, toode_id, kogus, uhikuhind) VALUES (99, 105, 2, 1195.5);
INSERT INTO tellimuse_read (tellimus_id, toode_id, kogus, uhikuhind) VALUES (99, 103, 3, 1221.75);
UPDATE tellimused SET kogusumma = 8658.35 WHERE id = 99;
INSERT INTO arved (tellimus_id, number, kuupaev, maksetahtaeg, tasutud) VALUES (99, 'ARV-2026-00099', CURRENT_DATE(), CURRENT_DATE(), 0);
INSERT INTO tellimused (klient_id, staatus_id, tarneviis_id, kogusumma) VALUES (7, 4, 1, 0);
INSERT INTO tellimuse_read (tellimus_id, toode_id, kogus, uhikuhind) VALUES (100, 143, 1, 291.2);
INSERT INTO tellimuse_read (tellimus_id, toode_id, kogus, uhikuhind) VALUES (100, 52, 4, 583.63);
UPDATE tellimused SET kogusumma = 2631.62 WHERE id = 100;
INSERT INTO arved (tellimus_id, number, kuupaev, maksetahtaeg, tasutud) VALUES (100, 'ARV-2026-00100', CURRENT_DATE(), CURRENT_DATE(), 1);
INSERT INTO maksed (arve_id, makseviis_id, summa) VALUES (100, 3, 2631.62);
INSERT INTO tellimused (klient_id, staatus_id, tarneviis_id, kogusumma) VALUES (57, 1, 3, 0);
INSERT INTO tellimuse_read (tellimus_id, toode_id, kogus, uhikuhind) VALUES (101, 122, 4, 809.39);
INSERT INTO tellimuse_read (tellimus_id, toode_id, kogus, uhikuhind) VALUES (101, 68, 4, 1408.93);
INSERT INTO tellimuse_read (tellimus_id, toode_id, kogus, uhikuhind) VALUES (101, 4, 2, 908.2);
UPDATE tellimused SET kogusumma = 10689.68 WHERE id = 101;
INSERT INTO arved (tellimus_id, number, kuupaev, maksetahtaeg, tasutud) VALUES (101, 'ARV-2026-00101', CURRENT_DATE(), CURRENT_DATE(), 0);
INSERT INTO tellimused (klient_id, staatus_id, tarneviis_id, kogusumma) VALUES (416, 4, 3, 0);
INSERT INTO tellimuse_read (tellimus_id, toode_id, kogus, uhikuhind) VALUES (102, 97, 4, 985.9);
INSERT INTO tellimuse_read (tellimus_id, toode_id, kogus, uhikuhind) VALUES (102, 82, 2, 771.06);
UPDATE tellimused SET kogusumma = 5485.72 WHERE id = 102;
INSERT INTO arved (tellimus_id, number, kuupaev, maksetahtaeg, tasutud) VALUES (102, 'ARV-2026-00102', CURRENT_DATE(), CURRENT_DATE(), 1);
INSERT INTO maksed (arve_id, makseviis_id, summa) VALUES (102, 1, 5485.72);
INSERT INTO tellimused (klient_id, staatus_id, tarneviis_id, kogusumma) VALUES (258, 2, 2, 0);
INSERT INTO tellimuse_read (tellimus_id, toode_id, kogus, uhikuhind) VALUES (103, 57, 4, 659.85);
INSERT INTO tellimuse_read (tellimus_id, toode_id, kogus, uhikuhind) VALUES (103, 109, 4, 151.7);
UPDATE tellimused SET kogusumma = 3249.1 WHERE id = 103;
INSERT INTO arved (tellimus_id, number, kuupaev, maksetahtaeg, tasutud) VALUES (103, 'ARV-2026-00103', CURRENT_DATE(), CURRENT_DATE(), 0);
INSERT INTO tellimused (klient_id, staatus_id, tarneviis_id, kogusumma) VALUES (28, 2, 3, 0);
INSERT INTO tellimuse_read (tellimus_id, toode_id, kogus, uhikuhind) VALUES (104, 136, 3, 56.7);
INSERT INTO tellimuse_read (tellimus_id, toode_id, kogus, uhikuhind) VALUES (104, 47, 4, 1136.92);
INSERT INTO tellimuse_read (tellimus_id, toode_id, kogus, uhikuhind) VALUES (104, 12, 4, 51.28);
INSERT INTO tellimuse_read (tellimus_id, toode_id, kogus, uhikuhind) VALUES (104, 46, 4, 1318.99);
INSERT INTO tellimuse_read (tellimus_id, toode_id, kogus, uhikuhind) VALUES (104, 68, 1, 1408.93);
UPDATE tellimused SET kogusumma = 11607.79 WHERE id = 104;
INSERT INTO arved (tellimus_id, number, kuupaev, maksetahtaeg, tasutud) VALUES (104, 'ARV-2026-00104', CURRENT_DATE(), CURRENT_DATE(), 0);
INSERT INTO tellimused (klient_id, staatus_id, tarneviis_id, kogusumma) VALUES (7, 1, 1, 0);
INSERT INTO tellimuse_read (tellimus_id, toode_id, kogus, uhikuhind) VALUES (105, 21, 4, 1321.31);
UPDATE tellimused SET kogusumma = 5291.14 WHERE id = 105;
INSERT INTO arved (tellimus_id, number, kuupaev, maksetahtaeg, tasutud) VALUES (105, 'ARV-2026-00105', CURRENT_DATE(), CURRENT_DATE(), 0);
INSERT INTO tellimused (klient_id, staatus_id, tarneviis_id, kogusumma) VALUES (107, 1, 3, 0);
INSERT INTO tellimuse_read (tellimus_id, toode_id, kogus, uhikuhind) VALUES (106, 43, 4, 549.01);
INSERT INTO tellimuse_read (tellimus_id, toode_id, kogus, uhikuhind) VALUES (106, 135, 2, 101.4);
INSERT INTO tellimuse_read (tellimus_id, toode_id, kogus, uhikuhind) VALUES (106, 114, 2, 805.9);
INSERT INTO tellimuse_read (tellimus_id, toode_id, kogus, uhikuhind) VALUES (106, 32, 1, 84.37);
INSERT INTO tellimuse_read (tellimus_id, toode_id, kogus, uhikuhind) VALUES (106, 72, 1, 52.19);
UPDATE tellimused SET kogusumma = 4147.2 WHERE id = 106;
INSERT INTO arved (tellimus_id, number, kuupaev, maksetahtaeg, tasutud) VALUES (106, 'ARV-2026-00106', CURRENT_DATE(), CURRENT_DATE(), 0);
INSERT INTO tellimused (klient_id, staatus_id, tarneviis_id, kogusumma) VALUES (414, 3, 2, 0);
INSERT INTO tellimuse_read (tellimus_id, toode_id, kogus, uhikuhind) VALUES (107, 18, 3, 1301.05);
INSERT INTO tellimuse_read (tellimus_id, toode_id, kogus, uhikuhind) VALUES (107, 12, 4, 51.28);
INSERT INTO tellimuse_read (tellimus_id, toode_id, kogus, uhikuhind) VALUES (107, 60, 4, 433.47);
UPDATE tellimused SET kogusumma = 5845.05 WHERE id = 107;
INSERT INTO arved (tellimus_id, number, kuupaev, maksetahtaeg, tasutud) VALUES (107, 'ARV-2026-00107', CURRENT_DATE(), CURRENT_DATE(), 1);
INSERT INTO maksed (arve_id, makseviis_id, summa) VALUES (107, 2, 5845.05);
INSERT INTO tellimused (klient_id, staatus_id, tarneviis_id, kogusumma) VALUES (138, 3, 1, 0);
INSERT INTO tellimuse_read (tellimus_id, toode_id, kogus, uhikuhind) VALUES (108, 147, 2, 576.36);
INSERT INTO tellimuse_read (tellimus_id, toode_id, kogus, uhikuhind) VALUES (108, 88, 2, 904.75);
UPDATE tellimused SET kogusumma = 2968.12 WHERE id = 108;
INSERT INTO arved (tellimus_id, number, kuupaev, maksetahtaeg, tasutud) VALUES (108, 'ARV-2026-00108', CURRENT_DATE(), CURRENT_DATE(), 1);
INSERT INTO maksed (arve_id, makseviis_id, summa) VALUES (108, 2, 2968.12);
INSERT INTO tellimused (klient_id, staatus_id, tarneviis_id, kogusumma) VALUES (147, 4, 2, 0);
INSERT INTO tellimuse_read (tellimus_id, toode_id, kogus, uhikuhind) VALUES (109, 45, 1, 1046.82);
INSERT INTO tellimuse_read (tellimus_id, toode_id, kogus, uhikuhind) VALUES (109, 81, 3, 764.27);
INSERT INTO tellimuse_read (tellimus_id, toode_id, kogus, uhikuhind) VALUES (109, 16, 2, 131.01);
INSERT INTO tellimuse_read (tellimus_id, toode_id, kogus, uhikuhind) VALUES (109, 52, 1, 583.63);
INSERT INTO tellimuse_read (tellimus_id, toode_id, kogus, uhikuhind) VALUES (109, 73, 3, 211.88);
UPDATE tellimused SET kogusumma = 4823.82 WHERE id = 109;
INSERT INTO arved (tellimus_id, number, kuupaev, maksetahtaeg, tasutud) VALUES (109, 'ARV-2026-00109', CURRENT_DATE(), CURRENT_DATE(), 1);
INSERT INTO maksed (arve_id, makseviis_id, summa) VALUES (109, 2, 4823.82);
INSERT INTO tellimused (klient_id, staatus_id, tarneviis_id, kogusumma) VALUES (396, 1, 1, 0);
INSERT INTO tellimuse_read (tellimus_id, toode_id, kogus, uhikuhind) VALUES (110, 70, 1, 524.94);
INSERT INTO tellimuse_read (tellimus_id, toode_id, kogus, uhikuhind) VALUES (110, 56, 3, 1414.95);
INSERT INTO tellimuse_read (tellimus_id, toode_id, kogus, uhikuhind) VALUES (110, 44, 1, 226.18);
INSERT INTO tellimuse_read (tellimus_id, toode_id, kogus, uhikuhind) VALUES (110, 69, 4, 785.52);
UPDATE tellimused SET kogusumma = 8143.95 WHERE id = 110;
INSERT INTO arved (tellimus_id, number, kuupaev, maksetahtaeg, tasutud) VALUES (110, 'ARV-2026-00110', CURRENT_DATE(), CURRENT_DATE(), 0);
INSERT INTO tellimused (klient_id, staatus_id, tarneviis_id, kogusumma) VALUES (334, 1, 3, 0);
INSERT INTO tellimuse_read (tellimus_id, toode_id, kogus, uhikuhind) VALUES (111, 41, 1, 757.66);
INSERT INTO tellimuse_read (tellimus_id, toode_id, kogus, uhikuhind) VALUES (111, 30, 1, 417.38);
UPDATE tellimused SET kogusumma = 1175.04 WHERE id = 111;
INSERT INTO arved (tellimus_id, number, kuupaev, maksetahtaeg, tasutud) VALUES (111, 'ARV-2026-00111', CURRENT_DATE(), CURRENT_DATE(), 0);
INSERT INTO tellimused (klient_id, staatus_id, tarneviis_id, kogusumma) VALUES (388, 3, 2, 0);
INSERT INTO tellimuse_read (tellimus_id, toode_id, kogus, uhikuhind) VALUES (112, 126, 3, 1203.18);
INSERT INTO tellimuse_read (tellimus_id, toode_id, kogus, uhikuhind) VALUES (112, 75, 3, 23.4);
INSERT INTO tellimuse_read (tellimus_id, toode_id, kogus, uhikuhind) VALUES (112, 54, 2, 1409.57);
UPDATE tellimused SET kogusumma = 6501.78 WHERE id = 112;
INSERT INTO arved (tellimus_id, number, kuupaev, maksetahtaeg, tasutud) VALUES (112, 'ARV-2026-00112', CURRENT_DATE(), CURRENT_DATE(), 1);
INSERT INTO maksed (arve_id, makseviis_id, summa) VALUES (112, 2, 6501.78);
INSERT INTO tellimused (klient_id, staatus_id, tarneviis_id, kogusumma) VALUES (441, 2, 3, 0);
INSERT INTO tellimuse_read (tellimus_id, toode_id, kogus, uhikuhind) VALUES (113, 106, 1, 852.04);
INSERT INTO tellimuse_read (tellimus_id, toode_id, kogus, uhikuhind) VALUES (113, 131, 1, 486.56);
INSERT INTO tellimuse_read (tellimus_id, toode_id, kogus, uhikuhind) VALUES (113, 21, 4, 1321.31);
UPDATE tellimused SET kogusumma = 6623.84 WHERE id = 113;
INSERT INTO arved (tellimus_id, number, kuupaev, maksetahtaeg, tasutud) VALUES (113, 'ARV-2026-00113', CURRENT_DATE(), CURRENT_DATE(), 0);
INSERT INTO tellimused (klient_id, staatus_id, tarneviis_id, kogusumma) VALUES (109, 2, 3, 0);
INSERT INTO tellimuse_read (tellimus_id, toode_id, kogus, uhikuhind) VALUES (114, 53, 3, 112.5);
INSERT INTO tellimuse_read (tellimus_id, toode_id, kogus, uhikuhind) VALUES (114, 111, 4, 1205.16);
INSERT INTO tellimuse_read (tellimus_id, toode_id, kogus, uhikuhind) VALUES (114, 116, 2, 479.92);
INSERT INTO tellimuse_read (tellimus_id, toode_id, kogus, uhikuhind) VALUES (114, 69, 1, 785.52);
UPDATE tellimused SET kogusumma = 6903.5 WHERE id = 114;
INSERT INTO arved (tellimus_id, number, kuupaev, maksetahtaeg, tasutud) VALUES (114, 'ARV-2026-00114', CURRENT_DATE(), CURRENT_DATE(), 0);
INSERT INTO tellimused (klient_id, staatus_id, tarneviis_id, kogusumma) VALUES (444, 3, 2, 0);
INSERT INTO tellimuse_read (tellimus_id, toode_id, kogus, uhikuhind) VALUES (115, 62, 1, 728.03);
INSERT INTO tellimuse_read (tellimus_id, toode_id, kogus, uhikuhind) VALUES (115, 14, 3, 950.37);
UPDATE tellimused SET kogusumma = 3582.04 WHERE id = 115;
INSERT INTO arved (tellimus_id, number, kuupaev, maksetahtaeg, tasutud) VALUES (115, 'ARV-2026-00115', CURRENT_DATE(), CURRENT_DATE(), 1);
INSERT INTO maksed (arve_id, makseviis_id, summa) VALUES (115, 1, 3582.04);
INSERT INTO tellimused (klient_id, staatus_id, tarneviis_id, kogusumma) VALUES (199, 4, 1, 0);
INSERT INTO tellimuse_read (tellimus_id, toode_id, kogus, uhikuhind) VALUES (116, 56, 2, 1414.95);
INSERT INTO tellimuse_read (tellimus_id, toode_id, kogus, uhikuhind) VALUES (116, 10, 1, 197.52);
UPDATE tellimused SET kogusumma = 3033.32 WHERE id = 116;
INSERT INTO arved (tellimus_id, number, kuupaev, maksetahtaeg, tasutud) VALUES (116, 'ARV-2026-00116', CURRENT_DATE(), CURRENT_DATE(), 1);
INSERT INTO maksed (arve_id, makseviis_id, summa) VALUES (116, 1, 3033.32);
INSERT INTO tellimused (klient_id, staatus_id, tarneviis_id, kogusumma) VALUES (383, 4, 2, 0);
INSERT INTO tellimuse_read (tellimus_id, toode_id, kogus, uhikuhind) VALUES (117, 134, 2, 28.46);
INSERT INTO tellimuse_read (tellimus_id, toode_id, kogus, uhikuhind) VALUES (117, 85, 1, 920.53);
UPDATE tellimused SET kogusumma = 980.35 WHERE id = 117;
INSERT INTO arved (tellimus_id, number, kuupaev, maksetahtaeg, tasutud) VALUES (117, 'ARV-2026-00117', CURRENT_DATE(), CURRENT_DATE(), 1);
INSERT INTO maksed (arve_id, makseviis_id, summa) VALUES (117, 1, 980.35);
INSERT INTO tellimused (klient_id, staatus_id, tarneviis_id, kogusumma) VALUES (10, 3, 1, 0);
INSERT INTO tellimuse_read (tellimus_id, toode_id, kogus, uhikuhind) VALUES (118, 43, 2, 549.01);
INSERT INTO tellimuse_read (tellimus_id, toode_id, kogus, uhikuhind) VALUES (118, 72, 1, 52.19);
INSERT INTO tellimuse_read (tellimus_id, toode_id, kogus, uhikuhind) VALUES (118, 86, 3, 1436.12);
INSERT INTO tellimuse_read (tellimus_id, toode_id, kogus, uhikuhind) VALUES (118, 126, 2, 1203.18);
INSERT INTO tellimuse_read (tellimus_id, toode_id, kogus, uhikuhind) VALUES (118, 131, 2, 486.56);
UPDATE tellimused SET kogusumma = 8843.95 WHERE id = 118;
INSERT INTO arved (tellimus_id, number, kuupaev, maksetahtaeg, tasutud) VALUES (118, 'ARV-2026-00118', CURRENT_DATE(), CURRENT_DATE(), 1);
INSERT INTO maksed (arve_id, makseviis_id, summa) VALUES (118, 1, 8843.95);
INSERT INTO tellimused (klient_id, staatus_id, tarneviis_id, kogusumma) VALUES (112, 4, 3, 0);
INSERT INTO tellimuse_read (tellimus_id, toode_id, kogus, uhikuhind) VALUES (119, 149, 3, 1250.69);
UPDATE tellimused SET kogusumma = 3752.07 WHERE id = 119;
INSERT INTO arved (tellimus_id, number, kuupaev, maksetahtaeg, tasutud) VALUES (119, 'ARV-2026-00119', CURRENT_DATE(), CURRENT_DATE(), 1);
INSERT INTO maksed (arve_id, makseviis_id, summa) VALUES (119, 3, 3752.07);
INSERT INTO tellimused (klient_id, staatus_id, tarneviis_id, kogusumma) VALUES (185, 3, 3, 0);
INSERT INTO tellimuse_read (tellimus_id, toode_id, kogus, uhikuhind) VALUES (120, 119, 3, 1267.05);
INSERT INTO tellimuse_read (tellimus_id, toode_id, kogus, uhikuhind) VALUES (120, 30, 4, 417.38);
INSERT INTO tellimuse_read (tellimus_id, toode_id, kogus, uhikuhind) VALUES (120, 100, 4, 633.82);
INSERT INTO tellimuse_read (tellimus_id, toode_id, kogus, uhikuhind) VALUES (120, 103, 1, 1221.75);
UPDATE tellimused SET kogusumma = 9227.7 WHERE id = 120;
INSERT INTO arved (tellimus_id, number, kuupaev, maksetahtaeg, tasutud) VALUES (120, 'ARV-2026-00120', CURRENT_DATE(), CURRENT_DATE(), 1);
INSERT INTO maksed (arve_id, makseviis_id, summa) VALUES (120, 2, 9227.7);
INSERT INTO tellimused (klient_id, staatus_id, tarneviis_id, kogusumma) VALUES (336, 3, 3, 0);
INSERT INTO tellimuse_read (tellimus_id, toode_id, kogus, uhikuhind) VALUES (121, 122, 3, 809.39);
UPDATE tellimused SET kogusumma = 2428.17 WHERE id = 121;
INSERT INTO arved (tellimus_id, number, kuupaev, maksetahtaeg, tasutud) VALUES (121, 'ARV-2026-00121', CURRENT_DATE(), CURRENT_DATE(), 1);
INSERT INTO maksed (arve_id, makseviis_id, summa) VALUES (121, 1, 2428.17);
INSERT INTO tellimused (klient_id, staatus_id, tarneviis_id, kogusumma) VALUES (206, 1, 3, 0);
INSERT INTO tellimuse_read (tellimus_id, toode_id, kogus, uhikuhind) VALUES (122, 43, 2, 549.01);
UPDATE tellimused SET kogusumma = 1098.02 WHERE id = 122;
INSERT INTO arved (tellimus_id, number, kuupaev, maksetahtaeg, tasutud) VALUES (122, 'ARV-2026-00122', CURRENT_DATE(), CURRENT_DATE(), 0);
INSERT INTO tellimused (klient_id, staatus_id, tarneviis_id, kogusumma) VALUES (27, 2, 1, 0);
INSERT INTO tellimuse_read (tellimus_id, toode_id, kogus, uhikuhind) VALUES (123, 16, 4, 131.01);
INSERT INTO tellimuse_read (tellimus_id, toode_id, kogus, uhikuhind) VALUES (123, 5, 1, 1281.46);
INSERT INTO tellimuse_read (tellimus_id, toode_id, kogus, uhikuhind) VALUES (123, 69, 4, 785.52);
INSERT INTO tellimuse_read (tellimus_id, toode_id, kogus, uhikuhind) VALUES (123, 15, 1, 801.46);
UPDATE tellimused SET kogusumma = 5754.94 WHERE id = 123;
INSERT INTO arved (tellimus_id, number, kuupaev, maksetahtaeg, tasutud) VALUES (123, 'ARV-2026-00123', CURRENT_DATE(), CURRENT_DATE(), 0);
INSERT INTO tellimused (klient_id, staatus_id, tarneviis_id, kogusumma) VALUES (270, 3, 3, 0);
INSERT INTO tellimuse_read (tellimus_id, toode_id, kogus, uhikuhind) VALUES (124, 113, 1, 1051.2);
INSERT INTO tellimuse_read (tellimus_id, toode_id, kogus, uhikuhind) VALUES (124, 111, 2, 1205.16);
UPDATE tellimused SET kogusumma = 3461.52 WHERE id = 124;
INSERT INTO arved (tellimus_id, number, kuupaev, maksetahtaeg, tasutud) VALUES (124, 'ARV-2026-00124', CURRENT_DATE(), CURRENT_DATE(), 1);
INSERT INTO maksed (arve_id, makseviis_id, summa) VALUES (124, 3, 3461.52);
INSERT INTO tellimused (klient_id, staatus_id, tarneviis_id, kogusumma) VALUES (331, 3, 3, 0);
INSERT INTO tellimuse_read (tellimus_id, toode_id, kogus, uhikuhind) VALUES (125, 9, 2, 470.38);
INSERT INTO tellimuse_read (tellimus_id, toode_id, kogus, uhikuhind) VALUES (125, 17, 2, 399.17);
UPDATE tellimused SET kogusumma = 1739.1 WHERE id = 125;
INSERT INTO arved (tellimus_id, number, kuupaev, maksetahtaeg, tasutud) VALUES (125, 'ARV-2026-00125', CURRENT_DATE(), CURRENT_DATE(), 1);
INSERT INTO maksed (arve_id, makseviis_id, summa) VALUES (125, 2, 1739.1);
INSERT INTO tellimused (klient_id, staatus_id, tarneviis_id, kogusumma) VALUES (31, 4, 2, 0);
INSERT INTO tellimuse_read (tellimus_id, toode_id, kogus, uhikuhind) VALUES (126, 140, 1, 1441.36);
INSERT INTO tellimuse_read (tellimus_id, toode_id, kogus, uhikuhind) VALUES (126, 61, 3, 1173.58);
UPDATE tellimused SET kogusumma = 4965.0 WHERE id = 126;
INSERT INTO arved (tellimus_id, number, kuupaev, maksetahtaeg, tasutud) VALUES (126, 'ARV-2026-00126', CURRENT_DATE(), CURRENT_DATE(), 1);
INSERT INTO maksed (arve_id, makseviis_id, summa) VALUES (126, 2, 4965.0);
INSERT INTO tellimused (klient_id, staatus_id, tarneviis_id, kogusumma) VALUES (496, 1, 3, 0);
INSERT INTO tellimuse_read (tellimus_id, toode_id, kogus, uhikuhind) VALUES (127, 74, 1, 392.93);
UPDATE tellimused SET kogusumma = 392.93 WHERE id = 127;
INSERT INTO arved (tellimus_id, number, kuupaev, maksetahtaeg, tasutud) VALUES (127, 'ARV-2026-00127', CURRENT_DATE(), CURRENT_DATE(), 0);
INSERT INTO tellimused (klient_id, staatus_id, tarneviis_id, kogusumma) VALUES (276, 2, 1, 0);
INSERT INTO tellimuse_read (tellimus_id, toode_id, kogus, uhikuhind) VALUES (128, 52, 2, 583.63);
INSERT INTO tellimuse_read (tellimus_id, toode_id, kogus, uhikuhind) VALUES (128, 137, 2, 934.56);
UPDATE tellimused SET kogusumma = 3042.28 WHERE id = 128;
INSERT INTO arved (tellimus_id, number, kuupaev, maksetahtaeg, tasutud) VALUES (128, 'ARV-2026-00128', CURRENT_DATE(), CURRENT_DATE(), 0);
INSERT INTO tellimused (klient_id, staatus_id, tarneviis_id, kogusumma) VALUES (260, 4, 3, 0);
INSERT INTO tellimuse_read (tellimus_id, toode_id, kogus, uhikuhind) VALUES (129, 140, 1, 1441.36);
INSERT INTO tellimuse_read (tellimus_id, toode_id, kogus, uhikuhind) VALUES (129, 4, 1, 908.2);
UPDATE tellimused SET kogusumma = 2349.56 WHERE id = 129;
INSERT INTO arved (tellimus_id, number, kuupaev, maksetahtaeg, tasutud) VALUES (129, 'ARV-2026-00129', CURRENT_DATE(), CURRENT_DATE(), 1);
INSERT INTO maksed (arve_id, makseviis_id, summa) VALUES (129, 1, 2349.56);
INSERT INTO tellimused (klient_id, staatus_id, tarneviis_id, kogusumma) VALUES (24, 2, 3, 0);
INSERT INTO tellimuse_read (tellimus_id, toode_id, kogus, uhikuhind) VALUES (130, 101, 1, 547.73);
UPDATE tellimused SET kogusumma = 547.73 WHERE id = 130;
INSERT INTO arved (tellimus_id, number, kuupaev, maksetahtaeg, tasutud) VALUES (130, 'ARV-2026-00130', CURRENT_DATE(), CURRENT_DATE(), 0);
INSERT INTO tellimused (klient_id, staatus_id, tarneviis_id, kogusumma) VALUES (165, 4, 1, 0);
INSERT INTO tellimuse_read (tellimus_id, toode_id, kogus, uhikuhind) VALUES (131, 49, 3, 277.83);
INSERT INTO tellimuse_read (tellimus_id, toode_id, kogus, uhikuhind) VALUES (131, 33, 1, 1183.26);
INSERT INTO tellimuse_read (tellimus_id, toode_id, kogus, uhikuhind) VALUES (131, 102, 1, 1447.41);
INSERT INTO tellimuse_read (tellimus_id, toode_id, kogus, uhikuhind) VALUES (131, 33, 2, 1183.26);
UPDATE tellimused SET kogusumma = 5836.58 WHERE id = 131;
INSERT INTO arved (tellimus_id, number, kuupaev, maksetahtaeg, tasutud) VALUES (131, 'ARV-2026-00131', CURRENT_DATE(), CURRENT_DATE(), 1);
INSERT INTO maksed (arve_id, makseviis_id, summa) VALUES (131, 3, 5836.58);
INSERT INTO tellimused (klient_id, staatus_id, tarneviis_id, kogusumma) VALUES (158, 3, 3, 0);
INSERT INTO tellimuse_read (tellimus_id, toode_id, kogus, uhikuhind) VALUES (132, 73, 2, 211.88);
INSERT INTO tellimuse_read (tellimus_id, toode_id, kogus, uhikuhind) VALUES (132, 138, 3, 1372.15);
INSERT INTO tellimuse_read (tellimus_id, toode_id, kogus, uhikuhind) VALUES (132, 17, 3, 399.17);
INSERT INTO tellimuse_read (tellimus_id, toode_id, kogus, uhikuhind) VALUES (132, 109, 4, 151.7);
INSERT INTO tellimuse_read (tellimus_id, toode_id, kogus, uhikuhind) VALUES (132, 67, 2, 997.44);
UPDATE tellimused SET kogusumma = 8339.4 WHERE id = 132;
INSERT INTO arved (tellimus_id, number, kuupaev, maksetahtaeg, tasutud) VALUES (132, 'ARV-2026-00132', CURRENT_DATE(), CURRENT_DATE(), 1);
INSERT INTO maksed (arve_id, makseviis_id, summa) VALUES (132, 3, 8339.4);
INSERT INTO tellimused (klient_id, staatus_id, tarneviis_id, kogusumma) VALUES (54, 4, 1, 0);
INSERT INTO tellimuse_read (tellimus_id, toode_id, kogus, uhikuhind) VALUES (133, 137, 4, 934.56);
INSERT INTO tellimuse_read (tellimus_id, toode_id, kogus, uhikuhind) VALUES (133, 47, 2, 1136.92);
INSERT INTO tellimuse_read (tellimus_id, toode_id, kogus, uhikuhind) VALUES (133, 48, 3, 650.28);
UPDATE tellimused SET kogusumma = 7968.82 WHERE id = 133;
INSERT INTO arved (tellimus_id, number, kuupaev, maksetahtaeg, tasutud) VALUES (133, 'ARV-2026-00133', CURRENT_DATE(), CURRENT_DATE(), 1);
INSERT INTO maksed (arve_id, makseviis_id, summa) VALUES (133, 2, 7968.82);
INSERT INTO tellimused (klient_id, staatus_id, tarneviis_id, kogusumma) VALUES (133, 4, 2, 0);
INSERT INTO tellimuse_read (tellimus_id, toode_id, kogus, uhikuhind) VALUES (134, 33, 3, 1183.26);
INSERT INTO tellimuse_read (tellimus_id, toode_id, kogus, uhikuhind) VALUES (134, 43, 4, 549.01);
INSERT INTO tellimuse_read (tellimus_id, toode_id, kogus, uhikuhind) VALUES (134, 47, 3, 1136.92);
INSERT INTO tellimuse_read (tellimus_id, toode_id, kogus, uhikuhind) VALUES (134, 27, 4, 1463.52);
INSERT INTO tellimuse_read (tellimus_id, toode_id, kogus, uhikuhind) VALUES (134, 54, 3, 1409.57);
UPDATE tellimused SET kogusumma = 19242.27 WHERE id = 134;
INSERT INTO arved (tellimus_id, number, kuupaev, maksetahtaeg, tasutud) VALUES (134, 'ARV-2026-00134', CURRENT_DATE(), CURRENT_DATE(), 1);
INSERT INTO maksed (arve_id, makseviis_id, summa) VALUES (134, 3, 19242.27);
INSERT INTO tellimused (klient_id, staatus_id, tarneviis_id, kogusumma) VALUES (444, 1, 3, 0);
INSERT INTO tellimuse_read (tellimus_id, toode_id, kogus, uhikuhind) VALUES (135, 102, 4, 1447.41);
INSERT INTO tellimuse_read (tellimus_id, toode_id, kogus, uhikuhind) VALUES (135, 136, 3, 56.7);
INSERT INTO tellimuse_read (tellimus_id, toode_id, kogus, uhikuhind) VALUES (135, 42, 1, 744.92);
INSERT INTO tellimuse_read (tellimus_id, toode_id, kogus, uhikuhind) VALUES (135, 144, 4, 795.84);
UPDATE tellimused SET kogusumma = 9888.02 WHERE id = 135;
INSERT INTO arved (tellimus_id, number, kuupaev, maksetahtaeg, tasutud) VALUES (135, 'ARV-2026-00135', CURRENT_DATE(), CURRENT_DATE(), 0);
INSERT INTO tellimused (klient_id, staatus_id, tarneviis_id, kogusumma) VALUES (259, 4, 1, 0);
INSERT INTO tellimuse_read (tellimus_id, toode_id, kogus, uhikuhind) VALUES (136, 114, 3, 805.9);
INSERT INTO tellimuse_read (tellimus_id, toode_id, kogus, uhikuhind) VALUES (136, 50, 2, 1049.16);
INSERT INTO tellimuse_read (tellimus_id, toode_id, kogus, uhikuhind) VALUES (136, 81, 2, 764.27);
INSERT INTO tellimuse_read (tellimus_id, toode_id, kogus, uhikuhind) VALUES (136, 78, 1, 257.32);
UPDATE tellimused SET kogusumma = 6307.78 WHERE id = 136;
INSERT INTO arved (tellimus_id, number, kuupaev, maksetahtaeg, tasutud) VALUES (136, 'ARV-2026-00136', CURRENT_DATE(), CURRENT_DATE(), 1);
INSERT INTO maksed (arve_id, makseviis_id, summa) VALUES (136, 1, 6307.78);
INSERT INTO tellimused (klient_id, staatus_id, tarneviis_id, kogusumma) VALUES (231, 3, 2, 0);
INSERT INTO tellimuse_read (tellimus_id, toode_id, kogus, uhikuhind) VALUES (137, 136, 4, 56.7);
INSERT INTO tellimuse_read (tellimus_id, toode_id, kogus, uhikuhind) VALUES (137, 83, 3, 495.68);
INSERT INTO tellimuse_read (tellimus_id, toode_id, kogus, uhikuhind) VALUES (137, 46, 4, 1318.99);
UPDATE tellimused SET kogusumma = 6992.7 WHERE id = 137;
INSERT INTO arved (tellimus_id, number, kuupaev, maksetahtaeg, tasutud) VALUES (137, 'ARV-2026-00137', CURRENT_DATE(), CURRENT_DATE(), 1);
INSERT INTO maksed (arve_id, makseviis_id, summa) VALUES (137, 3, 6992.7);
INSERT INTO tellimused (klient_id, staatus_id, tarneviis_id, kogusumma) VALUES (343, 2, 1, 0);
INSERT INTO tellimuse_read (tellimus_id, toode_id, kogus, uhikuhind) VALUES (138, 124, 2, 55.84);
INSERT INTO tellimuse_read (tellimus_id, toode_id, kogus, uhikuhind) VALUES (138, 68, 1, 1408.93);
INSERT INTO tellimuse_read (tellimus_id, toode_id, kogus, uhikuhind) VALUES (138, 87, 3, 91.18);
INSERT INTO tellimuse_read (tellimus_id, toode_id, kogus, uhikuhind) VALUES (138, 136, 1, 56.7);
INSERT INTO tellimuse_read (tellimus_id, toode_id, kogus, uhikuhind) VALUES (138, 98, 1, 779.6);
UPDATE tellimused SET kogusumma = 2636.35 WHERE id = 138;
INSERT INTO arved (tellimus_id, number, kuupaev, maksetahtaeg, tasutud) VALUES (138, 'ARV-2026-00138', CURRENT_DATE(), CURRENT_DATE(), 0);
INSERT INTO tellimused (klient_id, staatus_id, tarneviis_id, kogusumma) VALUES (44, 3, 1, 0);
INSERT INTO tellimuse_read (tellimus_id, toode_id, kogus, uhikuhind) VALUES (139, 42, 3, 744.92);
INSERT INTO tellimuse_read (tellimus_id, toode_id, kogus, uhikuhind) VALUES (139, 3, 1, 905.41);
INSERT INTO tellimuse_read (tellimus_id, toode_id, kogus, uhikuhind) VALUES (139, 104, 1, 709.29);
UPDATE tellimused SET kogusumma = 3855.36 WHERE id = 139;
INSERT INTO arved (tellimus_id, number, kuupaev, maksetahtaeg, tasutud) VALUES (139, 'ARV-2026-00139', CURRENT_DATE(), CURRENT_DATE(), 1);
INSERT INTO maksed (arve_id, makseviis_id, summa) VALUES (139, 1, 3855.36);
INSERT INTO tellimused (klient_id, staatus_id, tarneviis_id, kogusumma) VALUES (388, 2, 2, 0);
INSERT INTO tellimuse_read (tellimus_id, toode_id, kogus, uhikuhind) VALUES (140, 45, 4, 1046.82);
UPDATE tellimused SET kogusumma = 4190.18 WHERE id = 140;
INSERT INTO arved (tellimus_id, number, kuupaev, maksetahtaeg, tasutud) VALUES (140, 'ARV-2026-00140', CURRENT_DATE(), CURRENT_DATE(), 0);
INSERT INTO tellimused (klient_id, staatus_id, tarneviis_id, kogusumma) VALUES (476, 3, 2, 0);
INSERT INTO tellimuse_read (tellimus_id, toode_id, kogus, uhikuhind) VALUES (141, 57, 3, 659.85);
INSERT INTO tellimuse_read (tellimus_id, toode_id, kogus, uhikuhind) VALUES (141, 142, 2, 1000.4);
INSERT INTO tellimuse_read (tellimus_id, toode_id, kogus, uhikuhind) VALUES (141, 105, 2, 1195.5);
UPDATE tellimused SET kogusumma = 6374.25 WHERE id = 141;
INSERT INTO arved (tellimus_id, number, kuupaev, maksetahtaeg, tasutud) VALUES (141, 'ARV-2026-00141', CURRENT_DATE(), CURRENT_DATE(), 1);
INSERT INTO maksed (arve_id, makseviis_id, summa) VALUES (141, 3, 6374.25);
INSERT INTO tellimused (klient_id, staatus_id, tarneviis_id, kogusumma) VALUES (4, 4, 1, 0);
INSERT INTO tellimuse_read (tellimus_id, toode_id, kogus, uhikuhind) VALUES (142, 78, 1, 257.32);
INSERT INTO tellimuse_read (tellimus_id, toode_id, kogus, uhikuhind) VALUES (142, 70, 4, 524.94);
UPDATE tellimused SET kogusumma = 2362.98 WHERE id = 142;
INSERT INTO arved (tellimus_id, number, kuupaev, maksetahtaeg, tasutud) VALUES (142, 'ARV-2026-00142', CURRENT_DATE(), CURRENT_DATE(), 1);
INSERT INTO maksed (arve_id, makseviis_id, summa) VALUES (142, 2, 2362.98);
INSERT INTO tellimused (klient_id, staatus_id, tarneviis_id, kogusumma) VALUES (261, 4, 1, 0);
INSERT INTO tellimuse_read (tellimus_id, toode_id, kogus, uhikuhind) VALUES (143, 64, 4, 1054.16);
INSERT INTO tellimuse_read (tellimus_id, toode_id, kogus, uhikuhind) VALUES (143, 82, 2, 771.06);
INSERT INTO tellimuse_read (tellimus_id, toode_id, kogus, uhikuhind) VALUES (143, 11, 2, 980.79);
INSERT INTO tellimuse_read (tellimus_id, toode_id, kogus, uhikuhind) VALUES (143, 146, 4, 598.89);
UPDATE tellimused SET kogusumma = 10121.8 WHERE id = 143;
INSERT INTO arved (tellimus_id, number, kuupaev, maksetahtaeg, tasutud) VALUES (143, 'ARV-2026-00143', CURRENT_DATE(), CURRENT_DATE(), 1);
INSERT INTO maksed (arve_id, makseviis_id, summa) VALUES (143, 3, 10121.8);
INSERT INTO tellimused (klient_id, staatus_id, tarneviis_id, kogusumma) VALUES (81, 4, 1, 0);
INSERT INTO tellimuse_read (tellimus_id, toode_id, kogus, uhikuhind) VALUES (144, 86, 1, 1436.12);
INSERT INTO tellimuse_read (tellimus_id, toode_id, kogus, uhikuhind) VALUES (144, 148, 3, 184.12);
INSERT INTO tellimuse_read (tellimus_id, toode_id, kogus, uhikuhind) VALUES (144, 125, 3, 987.42);
UPDATE tellimused SET kogusumma = 4956.64 WHERE id = 144;
INSERT INTO arved (tellimus_id, number, kuupaev, maksetahtaeg, tasutud) VALUES (144, 'ARV-2026-00144', CURRENT_DATE(), CURRENT_DATE(), 1);
INSERT INTO maksed (arve_id, makseviis_id, summa) VALUES (144, 1, 4956.64);
INSERT INTO tellimused (klient_id, staatus_id, tarneviis_id, kogusumma) VALUES (374, 1, 2, 0);
INSERT INTO tellimuse_read (tellimus_id, toode_id, kogus, uhikuhind) VALUES (145, 36, 1, 1394.94);
UPDATE tellimused SET kogusumma = 1397.84 WHERE id = 145;
INSERT INTO arved (tellimus_id, number, kuupaev, maksetahtaeg, tasutud) VALUES (145, 'ARV-2026-00145', CURRENT_DATE(), CURRENT_DATE(), 0);
INSERT INTO tellimused (klient_id, staatus_id, tarneviis_id, kogusumma) VALUES (231, 2, 3, 0);
INSERT INTO tellimuse_read (tellimus_id, toode_id, kogus, uhikuhind) VALUES (146, 6, 3, 1448.04);
UPDATE tellimused SET kogusumma = 4344.12 WHERE id = 146;
INSERT INTO arved (tellimus_id, number, kuupaev, maksetahtaeg, tasutud) VALUES (146, 'ARV-2026-00146', CURRENT_DATE(), CURRENT_DATE(), 0);
INSERT INTO tellimused (klient_id, staatus_id, tarneviis_id, kogusumma) VALUES (311, 4, 1, 0);
INSERT INTO tellimuse_read (tellimus_id, toode_id, kogus, uhikuhind) VALUES (147, 114, 3, 805.9);
INSERT INTO tellimuse_read (tellimus_id, toode_id, kogus, uhikuhind) VALUES (147, 81, 3, 764.27);
INSERT INTO tellimuse_read (tellimus_id, toode_id, kogus, uhikuhind) VALUES (147, 114, 1, 805.9);
INSERT INTO tellimuse_read (tellimus_id, toode_id, kogus, uhikuhind) VALUES (147, 133, 4, 517.42);
INSERT INTO tellimuse_read (tellimus_id, toode_id, kogus, uhikuhind) VALUES (147, 67, 4, 997.44);
UPDATE tellimused SET kogusumma = 11581.75 WHERE id = 147;
INSERT INTO arved (tellimus_id, number, kuupaev, maksetahtaeg, tasutud) VALUES (147, 'ARV-2026-00147', CURRENT_DATE(), CURRENT_DATE(), 1);
INSERT INTO maksed (arve_id, makseviis_id, summa) VALUES (147, 2, 11581.75);
INSERT INTO tellimused (klient_id, staatus_id, tarneviis_id, kogusumma) VALUES (216, 1, 1, 0);
INSERT INTO tellimuse_read (tellimus_id, toode_id, kogus, uhikuhind) VALUES (148, 11, 2, 980.79);
INSERT INTO tellimuse_read (tellimus_id, toode_id, kogus, uhikuhind) VALUES (148, 133, 4, 517.42);
INSERT INTO tellimuse_read (tellimus_id, toode_id, kogus, uhikuhind) VALUES (148, 147, 1, 576.36);
INSERT INTO tellimuse_read (tellimus_id, toode_id, kogus, uhikuhind) VALUES (148, 65, 2, 582.18);
UPDATE tellimused SET kogusumma = 5777.88 WHERE id = 148;
INSERT INTO arved (tellimus_id, number, kuupaev, maksetahtaeg, tasutud) VALUES (148, 'ARV-2026-00148', CURRENT_DATE(), CURRENT_DATE(), 0);
INSERT INTO tellimused (klient_id, staatus_id, tarneviis_id, kogusumma) VALUES (393, 1, 2, 0);
INSERT INTO tellimuse_read (tellimus_id, toode_id, kogus, uhikuhind) VALUES (149, 124, 4, 55.84);
INSERT INTO tellimuse_read (tellimus_id, toode_id, kogus, uhikuhind) VALUES (149, 2, 4, 591.98);
INSERT INTO tellimuse_read (tellimus_id, toode_id, kogus, uhikuhind) VALUES (149, 111, 1, 1205.16);
UPDATE tellimused SET kogusumma = 3799.34 WHERE id = 149;
INSERT INTO arved (tellimus_id, number, kuupaev, maksetahtaeg, tasutud) VALUES (149, 'ARV-2026-00149', CURRENT_DATE(), CURRENT_DATE(), 0);
INSERT INTO tellimused (klient_id, staatus_id, tarneviis_id, kogusumma) VALUES (160, 3, 3, 0);
INSERT INTO tellimuse_read (tellimus_id, toode_id, kogus, uhikuhind) VALUES (150, 5, 3, 1281.46);
INSERT INTO tellimuse_read (tellimus_id, toode_id, kogus, uhikuhind) VALUES (150, 109, 3, 151.7);
INSERT INTO tellimuse_read (tellimus_id, toode_id, kogus, uhikuhind) VALUES (150, 37, 4, 1435.53);
INSERT INTO tellimuse_read (tellimus_id, toode_id, kogus, uhikuhind) VALUES (150, 5, 2, 1281.46);
UPDATE tellimused SET kogusumma = 12604.52 WHERE id = 150;
INSERT INTO arved (tellimus_id, number, kuupaev, maksetahtaeg, tasutud) VALUES (150, 'ARV-2026-00150', CURRENT_DATE(), CURRENT_DATE(), 1);
INSERT INTO maksed (arve_id, makseviis_id, summa) VALUES (150, 2, 12604.52);
INSERT INTO tellimused (klient_id, staatus_id, tarneviis_id, kogusumma) VALUES (476, 2, 2, 0);
INSERT INTO tellimuse_read (tellimus_id, toode_id, kogus, uhikuhind) VALUES (151, 23, 1, 1051.56);
INSERT INTO tellimuse_read (tellimus_id, toode_id, kogus, uhikuhind) VALUES (151, 80, 4, 549.38);
INSERT INTO tellimuse_read (tellimus_id, toode_id, kogus, uhikuhind) VALUES (151, 103, 1, 1221.75);
UPDATE tellimused SET kogusumma = 4473.73 WHERE id = 151;
INSERT INTO arved (tellimus_id, number, kuupaev, maksetahtaeg, tasutud) VALUES (151, 'ARV-2026-00151', CURRENT_DATE(), CURRENT_DATE(), 0);
INSERT INTO tellimused (klient_id, staatus_id, tarneviis_id, kogusumma) VALUES (415, 3, 2, 0);
INSERT INTO tellimuse_read (tellimus_id, toode_id, kogus, uhikuhind) VALUES (152, 42, 3, 744.92);
INSERT INTO tellimuse_read (tellimus_id, toode_id, kogus, uhikuhind) VALUES (152, 40, 1, 1185.79);
INSERT INTO tellimuse_read (tellimus_id, toode_id, kogus, uhikuhind) VALUES (152, 82, 2, 771.06);
INSERT INTO tellimuse_read (tellimus_id, toode_id, kogus, uhikuhind) VALUES (152, 100, 1, 633.82);
UPDATE tellimused SET kogusumma = 5599.39 WHERE id = 152;
INSERT INTO arved (tellimus_id, number, kuupaev, maksetahtaeg, tasutud) VALUES (152, 'ARV-2026-00152', CURRENT_DATE(), CURRENT_DATE(), 1);
INSERT INTO maksed (arve_id, makseviis_id, summa) VALUES (152, 2, 5599.39);
INSERT INTO tellimused (klient_id, staatus_id, tarneviis_id, kogusumma) VALUES (397, 1, 1, 0);
INSERT INTO tellimuse_read (tellimus_id, toode_id, kogus, uhikuhind) VALUES (153, 43, 2, 549.01);
INSERT INTO tellimuse_read (tellimus_id, toode_id, kogus, uhikuhind) VALUES (153, 139, 2, 9.21);
INSERT INTO tellimuse_read (tellimus_id, toode_id, kogus, uhikuhind) VALUES (153, 66, 1, 712.62);
INSERT INTO tellimuse_read (tellimus_id, toode_id, kogus, uhikuhind) VALUES (153, 128, 2, 189.11);
UPDATE tellimused SET kogusumma = 2213.18 WHERE id = 153;
INSERT INTO arved (tellimus_id, number, kuupaev, maksetahtaeg, tasutud) VALUES (153, 'ARV-2026-00153', CURRENT_DATE(), CURRENT_DATE(), 0);
INSERT INTO tellimused (klient_id, staatus_id, tarneviis_id, kogusumma) VALUES (88, 2, 1, 0);
INSERT INTO tellimuse_read (tellimus_id, toode_id, kogus, uhikuhind) VALUES (154, 98, 4, 779.6);
INSERT INTO tellimuse_read (tellimus_id, toode_id, kogus, uhikuhind) VALUES (154, 117, 3, 147.71);
INSERT INTO tellimuse_read (tellimus_id, toode_id, kogus, uhikuhind) VALUES (154, 93, 1, 854.37);
INSERT INTO tellimuse_read (tellimus_id, toode_id, kogus, uhikuhind) VALUES (154, 142, 2, 1000.4);
UPDATE tellimused SET kogusumma = 6422.6 WHERE id = 154;
INSERT INTO arved (tellimus_id, number, kuupaev, maksetahtaeg, tasutud) VALUES (154, 'ARV-2026-00154', CURRENT_DATE(), CURRENT_DATE(), 0);
INSERT INTO tellimused (klient_id, staatus_id, tarneviis_id, kogusumma) VALUES (345, 4, 2, 0);
INSERT INTO tellimuse_read (tellimus_id, toode_id, kogus, uhikuhind) VALUES (155, 107, 4, 1262.41);
INSERT INTO tellimuse_read (tellimus_id, toode_id, kogus, uhikuhind) VALUES (155, 21, 3, 1321.31);
INSERT INTO tellimuse_read (tellimus_id, toode_id, kogus, uhikuhind) VALUES (155, 133, 2, 517.42);
INSERT INTO tellimuse_read (tellimus_id, toode_id, kogus, uhikuhind) VALUES (155, 41, 4, 757.66);
UPDATE tellimused SET kogusumma = 13081.95 WHERE id = 155;
INSERT INTO arved (tellimus_id, number, kuupaev, maksetahtaeg, tasutud) VALUES (155, 'ARV-2026-00155', CURRENT_DATE(), CURRENT_DATE(), 1);
INSERT INTO maksed (arve_id, makseviis_id, summa) VALUES (155, 1, 13081.95);
INSERT INTO tellimused (klient_id, staatus_id, tarneviis_id, kogusumma) VALUES (427, 3, 2, 0);
INSERT INTO tellimuse_read (tellimus_id, toode_id, kogus, uhikuhind) VALUES (156, 106, 4, 852.04);
INSERT INTO tellimuse_read (tellimus_id, toode_id, kogus, uhikuhind) VALUES (156, 33, 1, 1183.26);
INSERT INTO tellimuse_read (tellimus_id, toode_id, kogus, uhikuhind) VALUES (156, 35, 4, 1210.41);
UPDATE tellimused SET kogusumma = 9435.96 WHERE id = 156;
INSERT INTO arved (tellimus_id, number, kuupaev, maksetahtaeg, tasutud) VALUES (156, 'ARV-2026-00156', CURRENT_DATE(), CURRENT_DATE(), 1);
INSERT INTO maksed (arve_id, makseviis_id, summa) VALUES (156, 1, 9435.96);
INSERT INTO tellimused (klient_id, staatus_id, tarneviis_id, kogusumma) VALUES (392, 1, 1, 0);
INSERT INTO tellimuse_read (tellimus_id, toode_id, kogus, uhikuhind) VALUES (157, 111, 1, 1205.16);
INSERT INTO tellimuse_read (tellimus_id, toode_id, kogus, uhikuhind) VALUES (157, 7, 1, 260.98);
INSERT INTO tellimuse_read (tellimus_id, toode_id, kogus, uhikuhind) VALUES (157, 38, 4, 1049.43);
INSERT INTO tellimuse_read (tellimus_id, toode_id, kogus, uhikuhind) VALUES (157, 17, 4, 399.17);
UPDATE tellimused SET kogusumma = 7266.44 WHERE id = 157;
INSERT INTO arved (tellimus_id, number, kuupaev, maksetahtaeg, tasutud) VALUES (157, 'ARV-2026-00157', CURRENT_DATE(), CURRENT_DATE(), 0);
INSERT INTO tellimused (klient_id, staatus_id, tarneviis_id, kogusumma) VALUES (63, 3, 2, 0);
INSERT INTO tellimuse_read (tellimus_id, toode_id, kogus, uhikuhind) VALUES (158, 1, 3, 284.93);
UPDATE tellimused SET kogusumma = 857.69 WHERE id = 158;
INSERT INTO arved (tellimus_id, number, kuupaev, maksetahtaeg, tasutud) VALUES (158, 'ARV-2026-00158', CURRENT_DATE(), CURRENT_DATE(), 1);
INSERT INTO maksed (arve_id, makseviis_id, summa) VALUES (158, 2, 857.69);
INSERT INTO tellimused (klient_id, staatus_id, tarneviis_id, kogusumma) VALUES (445, 1, 3, 0);
INSERT INTO tellimuse_read (tellimus_id, toode_id, kogus, uhikuhind) VALUES (159, 10, 3, 197.52);
UPDATE tellimused SET kogusumma = 592.56 WHERE id = 159;
INSERT INTO arved (tellimus_id, number, kuupaev, maksetahtaeg, tasutud) VALUES (159, 'ARV-2026-00159', CURRENT_DATE(), CURRENT_DATE(), 0);
INSERT INTO tellimused (klient_id, staatus_id, tarneviis_id, kogusumma) VALUES (301, 4, 2, 0);
INSERT INTO tellimuse_read (tellimus_id, toode_id, kogus, uhikuhind) VALUES (160, 17, 4, 399.17);
INSERT INTO tellimuse_read (tellimus_id, toode_id, kogus, uhikuhind) VALUES (160, 54, 2, 1409.57);
INSERT INTO tellimuse_read (tellimus_id, toode_id, kogus, uhikuhind) VALUES (160, 46, 1, 1318.99);
UPDATE tellimused SET kogusumma = 5737.71 WHERE id = 160;
INSERT INTO arved (tellimus_id, number, kuupaev, maksetahtaeg, tasutud) VALUES (160, 'ARV-2026-00160', CURRENT_DATE(), CURRENT_DATE(), 1);
INSERT INTO maksed (arve_id, makseviis_id, summa) VALUES (160, 3, 5737.71);
INSERT INTO tellimused (klient_id, staatus_id, tarneviis_id, kogusumma) VALUES (486, 3, 2, 0);
INSERT INTO tellimuse_read (tellimus_id, toode_id, kogus, uhikuhind) VALUES (161, 150, 2, 580.23);
INSERT INTO tellimuse_read (tellimus_id, toode_id, kogus, uhikuhind) VALUES (161, 57, 3, 659.85);
INSERT INTO tellimuse_read (tellimus_id, toode_id, kogus, uhikuhind) VALUES (161, 49, 1, 277.83);
INSERT INTO tellimuse_read (tellimus_id, toode_id, kogus, uhikuhind) VALUES (161, 140, 3, 1441.36);
INSERT INTO tellimuse_read (tellimus_id, toode_id, kogus, uhikuhind) VALUES (161, 67, 4, 997.44);
UPDATE tellimused SET kogusumma = 11734.58 WHERE id = 161;
INSERT INTO arved (tellimus_id, number, kuupaev, maksetahtaeg, tasutud) VALUES (161, 'ARV-2026-00161', CURRENT_DATE(), CURRENT_DATE(), 1);
INSERT INTO maksed (arve_id, makseviis_id, summa) VALUES (161, 2, 11734.58);
INSERT INTO tellimused (klient_id, staatus_id, tarneviis_id, kogusumma) VALUES (302, 3, 1, 0);
INSERT INTO tellimuse_read (tellimus_id, toode_id, kogus, uhikuhind) VALUES (162, 104, 1, 709.29);
INSERT INTO tellimuse_read (tellimus_id, toode_id, kogus, uhikuhind) VALUES (162, 81, 3, 764.27);
INSERT INTO tellimuse_read (tellimus_id, toode_id, kogus, uhikuhind) VALUES (162, 96, 1, 431.48);
UPDATE tellimused SET kogusumma = 3439.48 WHERE id = 162;
INSERT INTO arved (tellimus_id, number, kuupaev, maksetahtaeg, tasutud) VALUES (162, 'ARV-2026-00162', CURRENT_DATE(), CURRENT_DATE(), 1);
INSERT INTO maksed (arve_id, makseviis_id, summa) VALUES (162, 2, 3439.48);
INSERT INTO tellimused (klient_id, staatus_id, tarneviis_id, kogusumma) VALUES (152, 1, 3, 0);
INSERT INTO tellimuse_read (tellimus_id, toode_id, kogus, uhikuhind) VALUES (163, 74, 2, 392.93);
INSERT INTO tellimuse_read (tellimus_id, toode_id, kogus, uhikuhind) VALUES (163, 56, 4, 1414.95);
INSERT INTO tellimuse_read (tellimus_id, toode_id, kogus, uhikuhind) VALUES (163, 82, 2, 771.06);
INSERT INTO tellimuse_read (tellimus_id, toode_id, kogus, uhikuhind) VALUES (163, 137, 4, 934.56);
INSERT INTO tellimuse_read (tellimus_id, toode_id, kogus, uhikuhind) VALUES (163, 145, 1, 467.91);
UPDATE tellimused SET kogusumma = 12193.93 WHERE id = 163;
INSERT INTO arved (tellimus_id, number, kuupaev, maksetahtaeg, tasutud) VALUES (163, 'ARV-2026-00163', CURRENT_DATE(), CURRENT_DATE(), 0);
INSERT INTO tellimused (klient_id, staatus_id, tarneviis_id, kogusumma) VALUES (28, 1, 3, 0);
INSERT INTO tellimuse_read (tellimus_id, toode_id, kogus, uhikuhind) VALUES (164, 13, 3, 294.29);
UPDATE tellimused SET kogusumma = 882.87 WHERE id = 164;
INSERT INTO arved (tellimus_id, number, kuupaev, maksetahtaeg, tasutud) VALUES (164, 'ARV-2026-00164', CURRENT_DATE(), CURRENT_DATE(), 0);
INSERT INTO tellimused (klient_id, staatus_id, tarneviis_id, kogusumma) VALUES (23, 3, 1, 0);
INSERT INTO tellimuse_read (tellimus_id, toode_id, kogus, uhikuhind) VALUES (165, 54, 3, 1409.57);
UPDATE tellimused SET kogusumma = 4234.61 WHERE id = 165;
INSERT INTO arved (tellimus_id, number, kuupaev, maksetahtaeg, tasutud) VALUES (165, 'ARV-2026-00165', CURRENT_DATE(), CURRENT_DATE(), 1);
INSERT INTO maksed (arve_id, makseviis_id, summa) VALUES (165, 1, 4234.61);
INSERT INTO tellimused (klient_id, staatus_id, tarneviis_id, kogusumma) VALUES (234, 2, 2, 0);
INSERT INTO tellimuse_read (tellimus_id, toode_id, kogus, uhikuhind) VALUES (166, 127, 3, 133.59);
INSERT INTO tellimuse_read (tellimus_id, toode_id, kogus, uhikuhind) VALUES (166, 43, 1, 549.01);
INSERT INTO tellimuse_read (tellimus_id, toode_id, kogus, uhikuhind) VALUES (166, 48, 3, 650.28);
INSERT INTO tellimuse_read (tellimus_id, toode_id, kogus, uhikuhind) VALUES (166, 57, 4, 659.85);
UPDATE tellimused SET kogusumma = 5542.92 WHERE id = 166;
INSERT INTO arved (tellimus_id, number, kuupaev, maksetahtaeg, tasutud) VALUES (166, 'ARV-2026-00166', CURRENT_DATE(), CURRENT_DATE(), 0);
INSERT INTO tellimused (klient_id, staatus_id, tarneviis_id, kogusumma) VALUES (144, 3, 2, 0);
INSERT INTO tellimuse_read (tellimus_id, toode_id, kogus, uhikuhind) VALUES (167, 85, 3, 920.53);
INSERT INTO tellimuse_read (tellimus_id, toode_id, kogus, uhikuhind) VALUES (167, 40, 2, 1185.79);
UPDATE tellimused SET kogusumma = 5136.07 WHERE id = 167;
INSERT INTO arved (tellimus_id, number, kuupaev, maksetahtaeg, tasutud) VALUES (167, 'ARV-2026-00167', CURRENT_DATE(), CURRENT_DATE(), 1);
INSERT INTO maksed (arve_id, makseviis_id, summa) VALUES (167, 2, 5136.07);
INSERT INTO tellimused (klient_id, staatus_id, tarneviis_id, kogusumma) VALUES (98, 3, 1, 0);
INSERT INTO tellimuse_read (tellimus_id, toode_id, kogus, uhikuhind) VALUES (168, 129, 2, 869.54);
INSERT INTO tellimuse_read (tellimus_id, toode_id, kogus, uhikuhind) VALUES (168, 148, 3, 184.12);
INSERT INTO tellimuse_read (tellimus_id, toode_id, kogus, uhikuhind) VALUES (168, 4, 4, 908.2);
INSERT INTO tellimuse_read (tellimus_id, toode_id, kogus, uhikuhind) VALUES (168, 70, 4, 524.94);
INSERT INTO tellimuse_read (tellimus_id, toode_id, kogus, uhikuhind) VALUES (168, 26, 3, 173.68);
UPDATE tellimused SET kogusumma = 8550.94 WHERE id = 168;
INSERT INTO arved (tellimus_id, number, kuupaev, maksetahtaeg, tasutud) VALUES (168, 'ARV-2026-00168', CURRENT_DATE(), CURRENT_DATE(), 1);
INSERT INTO maksed (arve_id, makseviis_id, summa) VALUES (168, 2, 8550.94);
INSERT INTO tellimused (klient_id, staatus_id, tarneviis_id, kogusumma) VALUES (453, 2, 3, 0);
INSERT INTO tellimuse_read (tellimus_id, toode_id, kogus, uhikuhind) VALUES (169, 121, 4, 537.16);
UPDATE tellimused SET kogusumma = 2148.64 WHERE id = 169;
INSERT INTO arved (tellimus_id, number, kuupaev, maksetahtaeg, tasutud) VALUES (169, 'ARV-2026-00169', CURRENT_DATE(), CURRENT_DATE(), 0);
INSERT INTO tellimused (klient_id, staatus_id, tarneviis_id, kogusumma) VALUES (231, 3, 1, 0);
INSERT INTO tellimuse_read (tellimus_id, toode_id, kogus, uhikuhind) VALUES (170, 1, 3, 284.93);
INSERT INTO tellimuse_read (tellimus_id, toode_id, kogus, uhikuhind) VALUES (170, 33, 2, 1183.26);
INSERT INTO tellimuse_read (tellimus_id, toode_id, kogus, uhikuhind) VALUES (170, 36, 3, 1394.94);
UPDATE tellimused SET kogusumma = 7412.03 WHERE id = 170;
INSERT INTO arved (tellimus_id, number, kuupaev, maksetahtaeg, tasutud) VALUES (170, 'ARV-2026-00170', CURRENT_DATE(), CURRENT_DATE(), 1);
INSERT INTO maksed (arve_id, makseviis_id, summa) VALUES (170, 3, 7412.03);
INSERT INTO tellimused (klient_id, staatus_id, tarneviis_id, kogusumma) VALUES (399, 2, 2, 0);
INSERT INTO tellimuse_read (tellimus_id, toode_id, kogus, uhikuhind) VALUES (171, 98, 2, 779.6);
INSERT INTO tellimuse_read (tellimus_id, toode_id, kogus, uhikuhind) VALUES (171, 106, 3, 852.04);
INSERT INTO tellimuse_read (tellimus_id, toode_id, kogus, uhikuhind) VALUES (171, 149, 4, 1250.69);
INSERT INTO tellimuse_read (tellimus_id, toode_id, kogus, uhikuhind) VALUES (171, 28, 3, 989.04);
UPDATE tellimused SET kogusumma = 12088.1 WHERE id = 171;
INSERT INTO arved (tellimus_id, number, kuupaev, maksetahtaeg, tasutud) VALUES (171, 'ARV-2026-00171', CURRENT_DATE(), CURRENT_DATE(), 0);
INSERT INTO tellimused (klient_id, staatus_id, tarneviis_id, kogusumma) VALUES (131, 4, 3, 0);
INSERT INTO tellimuse_read (tellimus_id, toode_id, kogus, uhikuhind) VALUES (172, 98, 3, 779.6);
INSERT INTO tellimuse_read (tellimus_id, toode_id, kogus, uhikuhind) VALUES (172, 121, 2, 537.16);
UPDATE tellimused SET kogusumma = 3413.12 WHERE id = 172;
INSERT INTO arved (tellimus_id, number, kuupaev, maksetahtaeg, tasutud) VALUES (172, 'ARV-2026-00172', CURRENT_DATE(), CURRENT_DATE(), 1);
INSERT INTO maksed (arve_id, makseviis_id, summa) VALUES (172, 2, 3413.12);
INSERT INTO tellimused (klient_id, staatus_id, tarneviis_id, kogusumma) VALUES (217, 1, 3, 0);
INSERT INTO tellimuse_read (tellimus_id, toode_id, kogus, uhikuhind) VALUES (173, 4, 2, 908.2);
INSERT INTO tellimuse_read (tellimus_id, toode_id, kogus, uhikuhind) VALUES (173, 14, 1, 950.37);
INSERT INTO tellimuse_read (tellimus_id, toode_id, kogus, uhikuhind) VALUES (173, 48, 3, 650.28);
INSERT INTO tellimuse_read (tellimus_id, toode_id, kogus, uhikuhind) VALUES (173, 75, 1, 23.4);
UPDATE tellimused SET kogusumma = 4741.01 WHERE id = 173;
INSERT INTO arved (tellimus_id, number, kuupaev, maksetahtaeg, tasutud) VALUES (173, 'ARV-2026-00173', CURRENT_DATE(), CURRENT_DATE(), 0);
INSERT INTO tellimused (klient_id, staatus_id, tarneviis_id, kogusumma) VALUES (360, 2, 2, 0);
INSERT INTO tellimuse_read (tellimus_id, toode_id, kogus, uhikuhind) VALUES (174, 107, 3, 1262.41);
INSERT INTO tellimuse_read (tellimus_id, toode_id, kogus, uhikuhind) VALUES (174, 13, 1, 294.29);
INSERT INTO tellimuse_read (tellimus_id, toode_id, kogus, uhikuhind) VALUES (174, 78, 3, 257.32);
INSERT INTO tellimuse_read (tellimus_id, toode_id, kogus, uhikuhind) VALUES (174, 70, 3, 524.94);
UPDATE tellimused SET kogusumma = 6431.2 WHERE id = 174;
INSERT INTO arved (tellimus_id, number, kuupaev, maksetahtaeg, tasutud) VALUES (174, 'ARV-2026-00174', CURRENT_DATE(), CURRENT_DATE(), 0);
INSERT INTO tellimused (klient_id, staatus_id, tarneviis_id, kogusumma) VALUES (207, 1, 3, 0);
INSERT INTO tellimuse_read (tellimus_id, toode_id, kogus, uhikuhind) VALUES (175, 133, 1, 517.42);
INSERT INTO tellimuse_read (tellimus_id, toode_id, kogus, uhikuhind) VALUES (175, 100, 1, 633.82);
INSERT INTO tellimuse_read (tellimus_id, toode_id, kogus, uhikuhind) VALUES (175, 40, 1, 1185.79);
INSERT INTO tellimuse_read (tellimus_id, toode_id, kogus, uhikuhind) VALUES (175, 47, 3, 1136.92);
INSERT INTO tellimuse_read (tellimus_id, toode_id, kogus, uhikuhind) VALUES (175, 100, 4, 633.82);
UPDATE tellimused SET kogusumma = 8283.07 WHERE id = 175;
INSERT INTO arved (tellimus_id, number, kuupaev, maksetahtaeg, tasutud) VALUES (175, 'ARV-2026-00175', CURRENT_DATE(), CURRENT_DATE(), 0);
INSERT INTO tellimused (klient_id, staatus_id, tarneviis_id, kogusumma) VALUES (73, 2, 3, 0);
INSERT INTO tellimuse_read (tellimus_id, toode_id, kogus, uhikuhind) VALUES (176, 52, 3, 583.63);
INSERT INTO tellimuse_read (tellimus_id, toode_id, kogus, uhikuhind) VALUES (176, 149, 2, 1250.69);
INSERT INTO tellimuse_read (tellimus_id, toode_id, kogus, uhikuhind) VALUES (176, 82, 3, 771.06);
INSERT INTO tellimuse_read (tellimus_id, toode_id, kogus, uhikuhind) VALUES (176, 42, 3, 744.92);
UPDATE tellimused SET kogusumma = 8800.21 WHERE id = 176;
INSERT INTO arved (tellimus_id, number, kuupaev, maksetahtaeg, tasutud) VALUES (176, 'ARV-2026-00176', CURRENT_DATE(), CURRENT_DATE(), 0);
INSERT INTO tellimused (klient_id, staatus_id, tarneviis_id, kogusumma) VALUES (342, 4, 1, 0);
INSERT INTO tellimuse_read (tellimus_id, toode_id, kogus, uhikuhind) VALUES (177, 65, 2, 582.18);
INSERT INTO tellimuse_read (tellimus_id, toode_id, kogus, uhikuhind) VALUES (177, 89, 2, 1357.74);
UPDATE tellimused SET kogusumma = 3885.74 WHERE id = 177;
INSERT INTO arved (tellimus_id, number, kuupaev, maksetahtaeg, tasutud) VALUES (177, 'ARV-2026-00177', CURRENT_DATE(), CURRENT_DATE(), 1);
INSERT INTO maksed (arve_id, makseviis_id, summa) VALUES (177, 1, 3885.74);
INSERT INTO tellimused (klient_id, staatus_id, tarneviis_id, kogusumma) VALUES (441, 4, 1, 0);
INSERT INTO tellimuse_read (tellimus_id, toode_id, kogus, uhikuhind) VALUES (178, 135, 2, 101.4);
INSERT INTO tellimuse_read (tellimus_id, toode_id, kogus, uhikuhind) VALUES (178, 12, 1, 51.28);
UPDATE tellimused SET kogusumma = 259.98 WHERE id = 178;
INSERT INTO arved (tellimus_id, number, kuupaev, maksetahtaeg, tasutud) VALUES (178, 'ARV-2026-00178', CURRENT_DATE(), CURRENT_DATE(), 1);
INSERT INTO maksed (arve_id, makseviis_id, summa) VALUES (178, 1, 259.98);
INSERT INTO tellimused (klient_id, staatus_id, tarneviis_id, kogusumma) VALUES (437, 2, 3, 0);
INSERT INTO tellimuse_read (tellimus_id, toode_id, kogus, uhikuhind) VALUES (179, 32, 2, 84.37);
UPDATE tellimused SET kogusumma = 168.74 WHERE id = 179;
INSERT INTO arved (tellimus_id, number, kuupaev, maksetahtaeg, tasutud) VALUES (179, 'ARV-2026-00179', CURRENT_DATE(), CURRENT_DATE(), 0);
INSERT INTO tellimused (klient_id, staatus_id, tarneviis_id, kogusumma) VALUES (128, 4, 3, 0);
INSERT INTO tellimuse_read (tellimus_id, toode_id, kogus, uhikuhind) VALUES (180, 111, 4, 1205.16);
INSERT INTO tellimuse_read (tellimus_id, toode_id, kogus, uhikuhind) VALUES (180, 146, 4, 598.89);
INSERT INTO tellimuse_read (tellimus_id, toode_id, kogus, uhikuhind) VALUES (180, 24, 3, 509.33);
INSERT INTO tellimuse_read (tellimus_id, toode_id, kogus, uhikuhind) VALUES (180, 54, 4, 1409.57);
INSERT INTO tellimuse_read (tellimus_id, toode_id, kogus, uhikuhind) VALUES (180, 95, 2, 1375.85);
UPDATE tellimused SET kogusumma = 17134.17 WHERE id = 180;
INSERT INTO arved (tellimus_id, number, kuupaev, maksetahtaeg, tasutud) VALUES (180, 'ARV-2026-00180', CURRENT_DATE(), CURRENT_DATE(), 1);
INSERT INTO maksed (arve_id, makseviis_id, summa) VALUES (180, 3, 17134.17);
INSERT INTO tellimused (klient_id, staatus_id, tarneviis_id, kogusumma) VALUES (288, 3, 2, 0);
INSERT INTO tellimuse_read (tellimus_id, toode_id, kogus, uhikuhind) VALUES (181, 144, 4, 795.84);
INSERT INTO tellimuse_read (tellimus_id, toode_id, kogus, uhikuhind) VALUES (181, 108, 4, 195.55);
INSERT INTO tellimuse_read (tellimus_id, toode_id, kogus, uhikuhind) VALUES (181, 33, 4, 1183.26);
INSERT INTO tellimuse_read (tellimus_id, toode_id, kogus, uhikuhind) VALUES (181, 114, 4, 805.9);
UPDATE tellimused SET kogusumma = 11925.1 WHERE id = 181;
INSERT INTO arved (tellimus_id, number, kuupaev, maksetahtaeg, tasutud) VALUES (181, 'ARV-2026-00181', CURRENT_DATE(), CURRENT_DATE(), 1);
INSERT INTO maksed (arve_id, makseviis_id, summa) VALUES (181, 1, 11925.1);
INSERT INTO tellimused (klient_id, staatus_id, tarneviis_id, kogusumma) VALUES (360, 3, 3, 0);
INSERT INTO tellimuse_read (tellimus_id, toode_id, kogus, uhikuhind) VALUES (182, 128, 1, 189.11);
INSERT INTO tellimuse_read (tellimus_id, toode_id, kogus, uhikuhind) VALUES (182, 22, 3, 1215.75);
INSERT INTO tellimuse_read (tellimus_id, toode_id, kogus, uhikuhind) VALUES (182, 38, 4, 1049.43);
UPDATE tellimused SET kogusumma = 8034.08 WHERE id = 182;
INSERT INTO arved (tellimus_id, number, kuupaev, maksetahtaeg, tasutud) VALUES (182, 'ARV-2026-00182', CURRENT_DATE(), CURRENT_DATE(), 1);
INSERT INTO maksed (arve_id, makseviis_id, summa) VALUES (182, 1, 8034.08);
INSERT INTO tellimused (klient_id, staatus_id, tarneviis_id, kogusumma) VALUES (26, 2, 2, 0);
INSERT INTO tellimuse_read (tellimus_id, toode_id, kogus, uhikuhind) VALUES (183, 139, 1, 9.21);
INSERT INTO tellimuse_read (tellimus_id, toode_id, kogus, uhikuhind) VALUES (183, 58, 2, 1038.18);
INSERT INTO tellimuse_read (tellimus_id, toode_id, kogus, uhikuhind) VALUES (183, 36, 4, 1394.94);
INSERT INTO tellimuse_read (tellimus_id, toode_id, kogus, uhikuhind) VALUES (183, 72, 3, 52.19);
UPDATE tellimused SET kogusumma = 7824.8 WHERE id = 183;
INSERT INTO arved (tellimus_id, number, kuupaev, maksetahtaeg, tasutud) VALUES (183, 'ARV-2026-00183', CURRENT_DATE(), CURRENT_DATE(), 0);
INSERT INTO tellimused (klient_id, staatus_id, tarneviis_id, kogusumma) VALUES (126, 1, 3, 0);
INSERT INTO tellimuse_read (tellimus_id, toode_id, kogus, uhikuhind) VALUES (184, 139, 3, 9.21);
INSERT INTO tellimuse_read (tellimus_id, toode_id, kogus, uhikuhind) VALUES (184, 9, 1, 470.38);
INSERT INTO tellimuse_read (tellimus_id, toode_id, kogus, uhikuhind) VALUES (184, 136, 4, 56.7);
INSERT INTO tellimuse_read (tellimus_id, toode_id, kogus, uhikuhind) VALUES (184, 63, 3, 739.53);
INSERT INTO tellimuse_read (tellimus_id, toode_id, kogus, uhikuhind) VALUES (184, 107, 2, 1262.41);
UPDATE tellimused SET kogusumma = 5468.22 WHERE id = 184;
INSERT INTO arved (tellimus_id, number, kuupaev, maksetahtaeg, tasutud) VALUES (184, 'ARV-2026-00184', CURRENT_DATE(), CURRENT_DATE(), 0);
INSERT INTO tellimused (klient_id, staatus_id, tarneviis_id, kogusumma) VALUES (151, 3, 3, 0);
INSERT INTO tellimuse_read (tellimus_id, toode_id, kogus, uhikuhind) VALUES (185, 113, 3, 1051.2);
INSERT INTO tellimuse_read (tellimus_id, toode_id, kogus, uhikuhind) VALUES (185, 94, 4, 1067.21);
INSERT INTO tellimuse_read (tellimus_id, toode_id, kogus, uhikuhind) VALUES (185, 18, 2, 1301.05);
INSERT INTO tellimuse_read (tellimus_id, toode_id, kogus, uhikuhind) VALUES (185, 48, 4, 650.28);
INSERT INTO tellimuse_read (tellimus_id, toode_id, kogus, uhikuhind) VALUES (185, 34, 2, 704.2);
UPDATE tellimused SET kogusumma = 14034.06 WHERE id = 185;
INSERT INTO arved (tellimus_id, number, kuupaev, maksetahtaeg, tasutud) VALUES (185, 'ARV-2026-00185', CURRENT_DATE(), CURRENT_DATE(), 1);
INSERT INTO maksed (arve_id, makseviis_id, summa) VALUES (185, 2, 14034.06);
INSERT INTO tellimused (klient_id, staatus_id, tarneviis_id, kogusumma) VALUES (430, 4, 1, 0);
INSERT INTO tellimuse_read (tellimus_id, toode_id, kogus, uhikuhind) VALUES (186, 42, 4, 744.92);
INSERT INTO tellimuse_read (tellimus_id, toode_id, kogus, uhikuhind) VALUES (186, 23, 1, 1051.56);
INSERT INTO tellimuse_read (tellimus_id, toode_id, kogus, uhikuhind) VALUES (186, 78, 3, 257.32);
INSERT INTO tellimuse_read (tellimus_id, toode_id, kogus, uhikuhind) VALUES (186, 8, 2, 1270.6);
INSERT INTO tellimuse_read (tellimus_id, toode_id, kogus, uhikuhind) VALUES (186, 80, 4, 549.38);
UPDATE tellimused SET kogusumma = 9547.82 WHERE id = 186;
INSERT INTO arved (tellimus_id, number, kuupaev, maksetahtaeg, tasutud) VALUES (186, 'ARV-2026-00186', CURRENT_DATE(), CURRENT_DATE(), 1);
INSERT INTO maksed (arve_id, makseviis_id, summa) VALUES (186, 2, 9547.82);
INSERT INTO tellimused (klient_id, staatus_id, tarneviis_id, kogusumma) VALUES (190, 3, 2, 0);
INSERT INTO tellimuse_read (tellimus_id, toode_id, kogus, uhikuhind) VALUES (187, 133, 2, 517.42);
INSERT INTO tellimuse_read (tellimus_id, toode_id, kogus, uhikuhind) VALUES (187, 110, 1, 940.17);
INSERT INTO tellimuse_read (tellimus_id, toode_id, kogus, uhikuhind) VALUES (187, 121, 1, 537.16);
INSERT INTO tellimuse_read (tellimus_id, toode_id, kogus, uhikuhind) VALUES (187, 12, 4, 51.28);
INSERT INTO tellimuse_read (tellimus_id, toode_id, kogus, uhikuhind) VALUES (187, 65, 2, 582.18);
UPDATE tellimused SET kogusumma = 3884.55 WHERE id = 187;
INSERT INTO arved (tellimus_id, number, kuupaev, maksetahtaeg, tasutud) VALUES (187, 'ARV-2026-00187', CURRENT_DATE(), CURRENT_DATE(), 1);
INSERT INTO maksed (arve_id, makseviis_id, summa) VALUES (187, 3, 3884.55);
INSERT INTO tellimused (klient_id, staatus_id, tarneviis_id, kogusumma) VALUES (469, 4, 2, 0);
INSERT INTO tellimuse_read (tellimus_id, toode_id, kogus, uhikuhind) VALUES (188, 105, 4, 1195.5);
INSERT INTO tellimuse_read (tellimus_id, toode_id, kogus, uhikuhind) VALUES (188, 135, 4, 101.4);
UPDATE tellimused SET kogusumma = 5190.5 WHERE id = 188;
INSERT INTO arved (tellimus_id, number, kuupaev, maksetahtaeg, tasutud) VALUES (188, 'ARV-2026-00188', CURRENT_DATE(), CURRENT_DATE(), 1);
INSERT INTO maksed (arve_id, makseviis_id, summa) VALUES (188, 2, 5190.5);
INSERT INTO tellimused (klient_id, staatus_id, tarneviis_id, kogusumma) VALUES (452, 4, 1, 0);
INSERT INTO tellimuse_read (tellimus_id, toode_id, kogus, uhikuhind) VALUES (189, 38, 3, 1049.43);
UPDATE tellimused SET kogusumma = 3154.19 WHERE id = 189;
INSERT INTO arved (tellimus_id, number, kuupaev, maksetahtaeg, tasutud) VALUES (189, 'ARV-2026-00189', CURRENT_DATE(), CURRENT_DATE(), 1);
INSERT INTO maksed (arve_id, makseviis_id, summa) VALUES (189, 3, 3154.19);
INSERT INTO tellimused (klient_id, staatus_id, tarneviis_id, kogusumma) VALUES (392, 2, 2, 0);
INSERT INTO tellimuse_read (tellimus_id, toode_id, kogus, uhikuhind) VALUES (190, 17, 2, 399.17);
INSERT INTO tellimuse_read (tellimus_id, toode_id, kogus, uhikuhind) VALUES (190, 44, 2, 226.18);
INSERT INTO tellimuse_read (tellimus_id, toode_id, kogus, uhikuhind) VALUES (190, 79, 3, 736.42);
UPDATE tellimused SET kogusumma = 3462.86 WHERE id = 190;
INSERT INTO arved (tellimus_id, number, kuupaev, maksetahtaeg, tasutud) VALUES (190, 'ARV-2026-00190', CURRENT_DATE(), CURRENT_DATE(), 0);
INSERT INTO tellimused (klient_id, staatus_id, tarneviis_id, kogusumma) VALUES (450, 2, 1, 0);
INSERT INTO tellimuse_read (tellimus_id, toode_id, kogus, uhikuhind) VALUES (191, 60, 1, 433.47);
INSERT INTO tellimuse_read (tellimus_id, toode_id, kogus, uhikuhind) VALUES (191, 96, 2, 431.48);
UPDATE tellimused SET kogusumma = 1302.33 WHERE id = 191;
INSERT INTO arved (tellimus_id, number, kuupaev, maksetahtaeg, tasutud) VALUES (191, 'ARV-2026-00191', CURRENT_DATE(), CURRENT_DATE(), 0);
INSERT INTO tellimused (klient_id, staatus_id, tarneviis_id, kogusumma) VALUES (62, 2, 2, 0);
INSERT INTO tellimuse_read (tellimus_id, toode_id, kogus, uhikuhind) VALUES (192, 114, 3, 805.9);
UPDATE tellimused SET kogusumma = 2420.6 WHERE id = 192;
INSERT INTO arved (tellimus_id, number, kuupaev, maksetahtaeg, tasutud) VALUES (192, 'ARV-2026-00192', CURRENT_DATE(), CURRENT_DATE(), 0);
INSERT INTO tellimused (klient_id, staatus_id, tarneviis_id, kogusumma) VALUES (378, 3, 1, 0);
INSERT INTO tellimuse_read (tellimus_id, toode_id, kogus, uhikuhind) VALUES (193, 62, 2, 728.03);
INSERT INTO tellimuse_read (tellimus_id, toode_id, kogus, uhikuhind) VALUES (193, 117, 2, 147.71);
INSERT INTO tellimuse_read (tellimus_id, toode_id, kogus, uhikuhind) VALUES (193, 26, 1, 173.68);
UPDATE tellimused SET kogusumma = 1931.06 WHERE id = 193;
INSERT INTO arved (tellimus_id, number, kuupaev, maksetahtaeg, tasutud) VALUES (193, 'ARV-2026-00193', CURRENT_DATE(), CURRENT_DATE(), 1);
INSERT INTO maksed (arve_id, makseviis_id, summa) VALUES (193, 2, 1931.06);
INSERT INTO tellimused (klient_id, staatus_id, tarneviis_id, kogusumma) VALUES (312, 1, 1, 0);
INSERT INTO tellimuse_read (tellimus_id, toode_id, kogus, uhikuhind) VALUES (194, 32, 1, 84.37);
INSERT INTO tellimuse_read (tellimus_id, toode_id, kogus, uhikuhind) VALUES (194, 111, 4, 1205.16);
INSERT INTO tellimuse_read (tellimus_id, toode_id, kogus, uhikuhind) VALUES (194, 70, 3, 524.94);
INSERT INTO tellimuse_read (tellimus_id, toode_id, kogus, uhikuhind) VALUES (194, 64, 2, 1054.16);
UPDATE tellimused SET kogusumma = 8594.05 WHERE id = 194;
INSERT INTO arved (tellimus_id, number, kuupaev, maksetahtaeg, tasutud) VALUES (194, 'ARV-2026-00194', CURRENT_DATE(), CURRENT_DATE(), 0);
INSERT INTO tellimused (klient_id, staatus_id, tarneviis_id, kogusumma) VALUES (299, 2, 1, 0);
INSERT INTO tellimuse_read (tellimus_id, toode_id, kogus, uhikuhind) VALUES (195, 105, 3, 1195.5);
INSERT INTO tellimuse_read (tellimus_id, toode_id, kogus, uhikuhind) VALUES (195, 89, 3, 1357.74);
INSERT INTO tellimuse_read (tellimus_id, toode_id, kogus, uhikuhind) VALUES (195, 28, 4, 989.04);
INSERT INTO tellimuse_read (tellimus_id, toode_id, kogus, uhikuhind) VALUES (195, 27, 1, 1463.52);
UPDATE tellimused SET kogusumma = 13085.3 WHERE id = 195;
INSERT INTO arved (tellimus_id, number, kuupaev, maksetahtaeg, tasutud) VALUES (195, 'ARV-2026-00195', CURRENT_DATE(), CURRENT_DATE(), 0);
INSERT INTO tellimused (klient_id, staatus_id, tarneviis_id, kogusumma) VALUES (462, 3, 1, 0);
INSERT INTO tellimuse_read (tellimus_id, toode_id, kogus, uhikuhind) VALUES (196, 12, 1, 51.28);
INSERT INTO tellimuse_read (tellimus_id, toode_id, kogus, uhikuhind) VALUES (196, 141, 2, 190.7);
UPDATE tellimused SET kogusumma = 438.58 WHERE id = 196;
INSERT INTO arved (tellimus_id, number, kuupaev, maksetahtaeg, tasutud) VALUES (196, 'ARV-2026-00196', CURRENT_DATE(), CURRENT_DATE(), 1);
INSERT INTO maksed (arve_id, makseviis_id, summa) VALUES (196, 3, 438.58);
INSERT INTO tellimused (klient_id, staatus_id, tarneviis_id, kogusumma) VALUES (377, 2, 3, 0);
INSERT INTO tellimuse_read (tellimus_id, toode_id, kogus, uhikuhind) VALUES (197, 69, 1, 785.52);
INSERT INTO tellimuse_read (tellimus_id, toode_id, kogus, uhikuhind) VALUES (197, 96, 1, 431.48);
UPDATE tellimused SET kogusumma = 1217.0 WHERE id = 197;
INSERT INTO arved (tellimus_id, number, kuupaev, maksetahtaeg, tasutud) VALUES (197, 'ARV-2026-00197', CURRENT_DATE(), CURRENT_DATE(), 0);
INSERT INTO tellimused (klient_id, staatus_id, tarneviis_id, kogusumma) VALUES (260, 2, 2, 0);
INSERT INTO tellimuse_read (tellimus_id, toode_id, kogus, uhikuhind) VALUES (198, 1, 1, 284.93);
UPDATE tellimused SET kogusumma = 287.83 WHERE id = 198;
INSERT INTO arved (tellimus_id, number, kuupaev, maksetahtaeg, tasutud) VALUES (198, 'ARV-2026-00198', CURRENT_DATE(), CURRENT_DATE(), 0);
INSERT INTO tellimused (klient_id, staatus_id, tarneviis_id, kogusumma) VALUES (411, 3, 3, 0);
INSERT INTO tellimuse_read (tellimus_id, toode_id, kogus, uhikuhind) VALUES (199, 121, 4, 537.16);
INSERT INTO tellimuse_read (tellimus_id, toode_id, kogus, uhikuhind) VALUES (199, 98, 3, 779.6);
INSERT INTO tellimuse_read (tellimus_id, toode_id, kogus, uhikuhind) VALUES (199, 112, 1, 210.21);
INSERT INTO tellimuse_read (tellimus_id, toode_id, kogus, uhikuhind) VALUES (199, 52, 3, 583.63);
INSERT INTO tellimuse_read (tellimus_id, toode_id, kogus, uhikuhind) VALUES (199, 72, 3, 52.19);
UPDATE tellimused SET kogusumma = 6605.11 WHERE id = 199;
INSERT INTO arved (tellimus_id, number, kuupaev, maksetahtaeg, tasutud) VALUES (199, 'ARV-2026-00199', CURRENT_DATE(), CURRENT_DATE(), 1);
INSERT INTO maksed (arve_id, makseviis_id, summa) VALUES (199, 2, 6605.11);
INSERT INTO tellimused (klient_id, staatus_id, tarneviis_id, kogusumma) VALUES (320, 1, 1, 0);
INSERT INTO tellimuse_read (tellimus_id, toode_id, kogus, uhikuhind) VALUES (200, 48, 3, 650.28);
INSERT INTO tellimuse_read (tellimus_id, toode_id, kogus, uhikuhind) VALUES (200, 43, 3, 549.01);
INSERT INTO tellimuse_read (tellimus_id, toode_id, kogus, uhikuhind) VALUES (200, 93, 1, 854.37);
UPDATE tellimused SET kogusumma = 4458.14 WHERE id = 200;
INSERT INTO arved (tellimus_id, number, kuupaev, maksetahtaeg, tasutud) VALUES (200, 'ARV-2026-00200', CURRENT_DATE(), CURRENT_DATE(), 0);
INSERT INTO tellimused (klient_id, staatus_id, tarneviis_id, kogusumma) VALUES (120, 2, 2, 0);
INSERT INTO tellimuse_read (tellimus_id, toode_id, kogus, uhikuhind) VALUES (201, 44, 2, 226.18);
INSERT INTO tellimuse_read (tellimus_id, toode_id, kogus, uhikuhind) VALUES (201, 83, 2, 495.68);
INSERT INTO tellimuse_read (tellimus_id, toode_id, kogus, uhikuhind) VALUES (201, 136, 2, 56.7);
INSERT INTO tellimuse_read (tellimus_id, toode_id, kogus, uhikuhind) VALUES (201, 4, 3, 908.2);
INSERT INTO tellimuse_read (tellimus_id, toode_id, kogus, uhikuhind) VALUES (201, 16, 4, 131.01);
UPDATE tellimused SET kogusumma = 4808.66 WHERE id = 201;
INSERT INTO arved (tellimus_id, number, kuupaev, maksetahtaeg, tasutud) VALUES (201, 'ARV-2026-00201', CURRENT_DATE(), CURRENT_DATE(), 0);
INSERT INTO tellimused (klient_id, staatus_id, tarneviis_id, kogusumma) VALUES (85, 4, 1, 0);
INSERT INTO tellimuse_read (tellimus_id, toode_id, kogus, uhikuhind) VALUES (202, 56, 1, 1414.95);
INSERT INTO tellimuse_read (tellimus_id, toode_id, kogus, uhikuhind) VALUES (202, 67, 1, 997.44);
INSERT INTO tellimuse_read (tellimus_id, toode_id, kogus, uhikuhind) VALUES (202, 112, 3, 210.21);
INSERT INTO tellimuse_read (tellimus_id, toode_id, kogus, uhikuhind) VALUES (202, 110, 1, 940.17);
UPDATE tellimused SET kogusumma = 3989.09 WHERE id = 202;
INSERT INTO arved (tellimus_id, number, kuupaev, maksetahtaeg, tasutud) VALUES (202, 'ARV-2026-00202', CURRENT_DATE(), CURRENT_DATE(), 1);
INSERT INTO maksed (arve_id, makseviis_id, summa) VALUES (202, 2, 3989.09);
INSERT INTO tellimused (klient_id, staatus_id, tarneviis_id, kogusumma) VALUES (347, 3, 1, 0);
INSERT INTO tellimuse_read (tellimus_id, toode_id, kogus, uhikuhind) VALUES (203, 1, 3, 284.93);
INSERT INTO tellimuse_read (tellimus_id, toode_id, kogus, uhikuhind) VALUES (203, 77, 2, 730.23);
UPDATE tellimused SET kogusumma = 2321.15 WHERE id = 203;
INSERT INTO arved (tellimus_id, number, kuupaev, maksetahtaeg, tasutud) VALUES (203, 'ARV-2026-00203', CURRENT_DATE(), CURRENT_DATE(), 1);
INSERT INTO maksed (arve_id, makseviis_id, summa) VALUES (203, 2, 2321.15);
INSERT INTO tellimused (klient_id, staatus_id, tarneviis_id, kogusumma) VALUES (82, 4, 1, 0);
INSERT INTO tellimuse_read (tellimus_id, toode_id, kogus, uhikuhind) VALUES (204, 7, 1, 260.98);
INSERT INTO tellimuse_read (tellimus_id, toode_id, kogus, uhikuhind) VALUES (204, 74, 3, 392.93);
INSERT INTO tellimuse_read (tellimus_id, toode_id, kogus, uhikuhind) VALUES (204, 136, 4, 56.7);
INSERT INTO tellimuse_read (tellimus_id, toode_id, kogus, uhikuhind) VALUES (204, 139, 2, 9.21);
UPDATE tellimused SET kogusumma = 1690.89 WHERE id = 204;
INSERT INTO arved (tellimus_id, number, kuupaev, maksetahtaeg, tasutud) VALUES (204, 'ARV-2026-00204', CURRENT_DATE(), CURRENT_DATE(), 1);
INSERT INTO maksed (arve_id, makseviis_id, summa) VALUES (204, 3, 1690.89);
INSERT INTO tellimused (klient_id, staatus_id, tarneviis_id, kogusumma) VALUES (381, 2, 1, 0);
INSERT INTO tellimuse_read (tellimus_id, toode_id, kogus, uhikuhind) VALUES (205, 96, 4, 431.48);
INSERT INTO tellimuse_read (tellimus_id, toode_id, kogus, uhikuhind) VALUES (205, 126, 2, 1203.18);
INSERT INTO tellimuse_read (tellimus_id, toode_id, kogus, uhikuhind) VALUES (205, 17, 4, 399.17);
INSERT INTO tellimuse_read (tellimus_id, toode_id, kogus, uhikuhind) VALUES (205, 71, 2, 1393.75);
INSERT INTO tellimuse_read (tellimus_id, toode_id, kogus, uhikuhind) VALUES (205, 103, 4, 1221.75);
UPDATE tellimused SET kogusumma = 13409.36 WHERE id = 205;
INSERT INTO arved (tellimus_id, number, kuupaev, maksetahtaeg, tasutud) VALUES (205, 'ARV-2026-00205', CURRENT_DATE(), CURRENT_DATE(), 0);
INSERT INTO tellimused (klient_id, staatus_id, tarneviis_id, kogusumma) VALUES (267, 2, 2, 0);
INSERT INTO tellimuse_read (tellimus_id, toode_id, kogus, uhikuhind) VALUES (206, 137, 3, 934.56);
INSERT INTO tellimuse_read (tellimus_id, toode_id, kogus, uhikuhind) VALUES (206, 139, 4, 9.21);
INSERT INTO tellimuse_read (tellimus_id, toode_id, kogus, uhikuhind) VALUES (206, 18, 4, 1301.05);
INSERT INTO tellimuse_read (tellimus_id, toode_id, kogus, uhikuhind) VALUES (206, 57, 3, 659.85);
INSERT INTO tellimuse_read (tellimus_id, toode_id, kogus, uhikuhind) VALUES (206, 117, 4, 147.71);
UPDATE tellimused SET kogusumma = 10618.01 WHERE id = 206;
INSERT INTO arved (tellimus_id, number, kuupaev, maksetahtaeg, tasutud) VALUES (206, 'ARV-2026-00206', CURRENT_DATE(), CURRENT_DATE(), 0);
INSERT INTO tellimused (klient_id, staatus_id, tarneviis_id, kogusumma) VALUES (169, 1, 1, 0);
INSERT INTO tellimuse_read (tellimus_id, toode_id, kogus, uhikuhind) VALUES (207, 135, 2, 101.4);
INSERT INTO tellimuse_read (tellimus_id, toode_id, kogus, uhikuhind) VALUES (207, 28, 2, 989.04);
UPDATE tellimused SET kogusumma = 2186.78 WHERE id = 207;
INSERT INTO arved (tellimus_id, number, kuupaev, maksetahtaeg, tasutud) VALUES (207, 'ARV-2026-00207', CURRENT_DATE(), CURRENT_DATE(), 0);
INSERT INTO tellimused (klient_id, staatus_id, tarneviis_id, kogusumma) VALUES (263, 1, 2, 0);
INSERT INTO tellimuse_read (tellimus_id, toode_id, kogus, uhikuhind) VALUES (208, 135, 3, 101.4);
UPDATE tellimused SET kogusumma = 307.1 WHERE id = 208;
INSERT INTO arved (tellimus_id, number, kuupaev, maksetahtaeg, tasutud) VALUES (208, 'ARV-2026-00208', CURRENT_DATE(), CURRENT_DATE(), 0);
INSERT INTO tellimused (klient_id, staatus_id, tarneviis_id, kogusumma) VALUES (228, 2, 2, 0);
INSERT INTO tellimuse_read (tellimus_id, toode_id, kogus, uhikuhind) VALUES (209, 68, 3, 1408.93);
INSERT INTO tellimuse_read (tellimus_id, toode_id, kogus, uhikuhind) VALUES (209, 65, 2, 582.18);
UPDATE tellimused SET kogusumma = 5394.05 WHERE id = 209;
INSERT INTO arved (tellimus_id, number, kuupaev, maksetahtaeg, tasutud) VALUES (209, 'ARV-2026-00209', CURRENT_DATE(), CURRENT_DATE(), 0);
INSERT INTO tellimused (klient_id, staatus_id, tarneviis_id, kogusumma) VALUES (440, 2, 3, 0);
INSERT INTO tellimuse_read (tellimus_id, toode_id, kogus, uhikuhind) VALUES (210, 122, 3, 809.39);
INSERT INTO tellimuse_read (tellimus_id, toode_id, kogus, uhikuhind) VALUES (210, 5, 1, 1281.46);
UPDATE tellimused SET kogusumma = 3709.63 WHERE id = 210;
INSERT INTO arved (tellimus_id, number, kuupaev, maksetahtaeg, tasutud) VALUES (210, 'ARV-2026-00210', CURRENT_DATE(), CURRENT_DATE(), 0);
INSERT INTO tellimused (klient_id, staatus_id, tarneviis_id, kogusumma) VALUES (66, 3, 1, 0);
INSERT INTO tellimuse_read (tellimus_id, toode_id, kogus, uhikuhind) VALUES (211, 126, 1, 1203.18);
INSERT INTO tellimuse_read (tellimus_id, toode_id, kogus, uhikuhind) VALUES (211, 118, 1, 529.61);
UPDATE tellimused SET kogusumma = 1738.69 WHERE id = 211;
INSERT INTO arved (tellimus_id, number, kuupaev, maksetahtaeg, tasutud) VALUES (211, 'ARV-2026-00211', CURRENT_DATE(), CURRENT_DATE(), 1);
INSERT INTO maksed (arve_id, makseviis_id, summa) VALUES (211, 3, 1738.69);
INSERT INTO tellimused (klient_id, staatus_id, tarneviis_id, kogusumma) VALUES (445, 3, 1, 0);
INSERT INTO tellimuse_read (tellimus_id, toode_id, kogus, uhikuhind) VALUES (212, 120, 1, 1026.9);
INSERT INTO tellimuse_read (tellimus_id, toode_id, kogus, uhikuhind) VALUES (212, 66, 1, 712.62);
INSERT INTO tellimuse_read (tellimus_id, toode_id, kogus, uhikuhind) VALUES (212, 84, 2, 1389.02);
INSERT INTO tellimuse_read (tellimus_id, toode_id, kogus, uhikuhind) VALUES (212, 90, 3, 864.74);
INSERT INTO tellimuse_read (tellimus_id, toode_id, kogus, uhikuhind) VALUES (212, 50, 3, 1049.16);
UPDATE tellimused SET kogusumma = 10265.16 WHERE id = 212;
INSERT INTO arved (tellimus_id, number, kuupaev, maksetahtaeg, tasutud) VALUES (212, 'ARV-2026-00212', CURRENT_DATE(), CURRENT_DATE(), 1);
INSERT INTO maksed (arve_id, makseviis_id, summa) VALUES (212, 1, 10265.16);
INSERT INTO tellimused (klient_id, staatus_id, tarneviis_id, kogusumma) VALUES (17, 2, 3, 0);
INSERT INTO tellimuse_read (tellimus_id, toode_id, kogus, uhikuhind) VALUES (213, 27, 2, 1463.52);
INSERT INTO tellimuse_read (tellimus_id, toode_id, kogus, uhikuhind) VALUES (213, 97, 3, 985.9);
INSERT INTO tellimuse_read (tellimus_id, toode_id, kogus, uhikuhind) VALUES (213, 120, 2, 1026.9);
INSERT INTO tellimuse_read (tellimus_id, toode_id, kogus, uhikuhind) VALUES (213, 17, 4, 399.17);
INSERT INTO tellimuse_read (tellimus_id, toode_id, kogus, uhikuhind) VALUES (213, 98, 4, 779.6);
UPDATE tellimused SET kogusumma = 12653.62 WHERE id = 213;
INSERT INTO arved (tellimus_id, number, kuupaev, maksetahtaeg, tasutud) VALUES (213, 'ARV-2026-00213', CURRENT_DATE(), CURRENT_DATE(), 0);
INSERT INTO tellimused (klient_id, staatus_id, tarneviis_id, kogusumma) VALUES (317, 3, 3, 0);
INSERT INTO tellimuse_read (tellimus_id, toode_id, kogus, uhikuhind) VALUES (214, 121, 3, 537.16);
INSERT INTO tellimuse_read (tellimus_id, toode_id, kogus, uhikuhind) VALUES (214, 147, 4, 576.36);
INSERT INTO tellimuse_read (tellimus_id, toode_id, kogus, uhikuhind) VALUES (214, 44, 3, 226.18);
INSERT INTO tellimuse_read (tellimus_id, toode_id, kogus, uhikuhind) VALUES (214, 88, 4, 904.75);
INSERT INTO tellimuse_read (tellimus_id, toode_id, kogus, uhikuhind) VALUES (214, 28, 1, 989.04);
UPDATE tellimused SET kogusumma = 9203.5 WHERE id = 214;
INSERT INTO arved (tellimus_id, number, kuupaev, maksetahtaeg, tasutud) VALUES (214, 'ARV-2026-00214', CURRENT_DATE(), CURRENT_DATE(), 1);
INSERT INTO maksed (arve_id, makseviis_id, summa) VALUES (214, 2, 9203.5);
INSERT INTO tellimused (klient_id, staatus_id, tarneviis_id, kogusumma) VALUES (163, 1, 3, 0);
INSERT INTO tellimuse_read (tellimus_id, toode_id, kogus, uhikuhind) VALUES (215, 119, 2, 1267.05);
INSERT INTO tellimuse_read (tellimus_id, toode_id, kogus, uhikuhind) VALUES (215, 94, 2, 1067.21);
INSERT INTO tellimuse_read (tellimus_id, toode_id, kogus, uhikuhind) VALUES (215, 118, 2, 529.61);
UPDATE tellimused SET kogusumma = 5727.74 WHERE id = 215;
INSERT INTO arved (tellimus_id, number, kuupaev, maksetahtaeg, tasutud) VALUES (215, 'ARV-2026-00215', CURRENT_DATE(), CURRENT_DATE(), 0);
INSERT INTO tellimused (klient_id, staatus_id, tarneviis_id, kogusumma) VALUES (285, 2, 1, 0);
INSERT INTO tellimuse_read (tellimus_id, toode_id, kogus, uhikuhind) VALUES (216, 111, 1, 1205.16);
INSERT INTO tellimuse_read (tellimus_id, toode_id, kogus, uhikuhind) VALUES (216, 74, 4, 392.93);
INSERT INTO tellimuse_read (tellimus_id, toode_id, kogus, uhikuhind) VALUES (216, 62, 3, 728.03);
INSERT INTO tellimuse_read (tellimus_id, toode_id, kogus, uhikuhind) VALUES (216, 3, 1, 905.41);
UPDATE tellimused SET kogusumma = 5872.28 WHERE id = 216;
INSERT INTO arved (tellimus_id, number, kuupaev, maksetahtaeg, tasutud) VALUES (216, 'ARV-2026-00216', CURRENT_DATE(), CURRENT_DATE(), 0);
INSERT INTO tellimused (klient_id, staatus_id, tarneviis_id, kogusumma) VALUES (14, 4, 3, 0);
INSERT INTO tellimuse_read (tellimus_id, toode_id, kogus, uhikuhind) VALUES (217, 86, 3, 1436.12);
INSERT INTO tellimuse_read (tellimus_id, toode_id, kogus, uhikuhind) VALUES (217, 27, 2, 1463.52);
INSERT INTO tellimuse_read (tellimus_id, toode_id, kogus, uhikuhind) VALUES (217, 67, 3, 997.44);
UPDATE tellimused SET kogusumma = 10227.72 WHERE id = 217;
INSERT INTO arved (tellimus_id, number, kuupaev, maksetahtaeg, tasutud) VALUES (217, 'ARV-2026-00217', CURRENT_DATE(), CURRENT_DATE(), 1);
INSERT INTO maksed (arve_id, makseviis_id, summa) VALUES (217, 2, 10227.72);
INSERT INTO tellimused (klient_id, staatus_id, tarneviis_id, kogusumma) VALUES (332, 3, 3, 0);
INSERT INTO tellimuse_read (tellimus_id, toode_id, kogus, uhikuhind) VALUES (218, 4, 4, 908.2);
UPDATE tellimused SET kogusumma = 3632.8 WHERE id = 218;
INSERT INTO arved (tellimus_id, number, kuupaev, maksetahtaeg, tasutud) VALUES (218, 'ARV-2026-00218', CURRENT_DATE(), CURRENT_DATE(), 1);
INSERT INTO maksed (arve_id, makseviis_id, summa) VALUES (218, 1, 3632.8);
INSERT INTO tellimused (klient_id, staatus_id, tarneviis_id, kogusumma) VALUES (126, 1, 3, 0);
INSERT INTO tellimuse_read (tellimus_id, toode_id, kogus, uhikuhind) VALUES (219, 147, 1, 576.36);
INSERT INTO tellimuse_read (tellimus_id, toode_id, kogus, uhikuhind) VALUES (219, 72, 2, 52.19);
INSERT INTO tellimuse_read (tellimus_id, toode_id, kogus, uhikuhind) VALUES (219, 58, 1, 1038.18);
INSERT INTO tellimuse_read (tellimus_id, toode_id, kogus, uhikuhind) VALUES (219, 116, 4, 479.92);
UPDATE tellimused SET kogusumma = 3638.6 WHERE id = 219;
INSERT INTO arved (tellimus_id, number, kuupaev, maksetahtaeg, tasutud) VALUES (219, 'ARV-2026-00219', CURRENT_DATE(), CURRENT_DATE(), 0);
INSERT INTO tellimused (klient_id, staatus_id, tarneviis_id, kogusumma) VALUES (271, 2, 3, 0);
INSERT INTO tellimuse_read (tellimus_id, toode_id, kogus, uhikuhind) VALUES (220, 110, 4, 940.17);
INSERT INTO tellimuse_read (tellimus_id, toode_id, kogus, uhikuhind) VALUES (220, 43, 4, 549.01);
INSERT INTO tellimuse_read (tellimus_id, toode_id, kogus, uhikuhind) VALUES (220, 86, 4, 1436.12);
INSERT INTO tellimuse_read (tellimus_id, toode_id, kogus, uhikuhind) VALUES (220, 78, 4, 257.32);
UPDATE tellimused SET kogusumma = 12730.48 WHERE id = 220;
INSERT INTO arved (tellimus_id, number, kuupaev, maksetahtaeg, tasutud) VALUES (220, 'ARV-2026-00220', CURRENT_DATE(), CURRENT_DATE(), 0);
INSERT INTO tellimused (klient_id, staatus_id, tarneviis_id, kogusumma) VALUES (419, 4, 1, 0);
INSERT INTO tellimuse_read (tellimus_id, toode_id, kogus, uhikuhind) VALUES (221, 70, 1, 524.94);
UPDATE tellimused SET kogusumma = 530.84 WHERE id = 221;
INSERT INTO arved (tellimus_id, number, kuupaev, maksetahtaeg, tasutud) VALUES (221, 'ARV-2026-00221', CURRENT_DATE(), CURRENT_DATE(), 1);
INSERT INTO maksed (arve_id, makseviis_id, summa) VALUES (221, 1, 530.84);
INSERT INTO tellimused (klient_id, staatus_id, tarneviis_id, kogusumma) VALUES (24, 3, 2, 0);
INSERT INTO tellimuse_read (tellimus_id, toode_id, kogus, uhikuhind) VALUES (222, 115, 4, 471.15);
INSERT INTO tellimuse_read (tellimus_id, toode_id, kogus, uhikuhind) VALUES (222, 35, 1, 1210.41);
INSERT INTO tellimuse_read (tellimus_id, toode_id, kogus, uhikuhind) VALUES (222, 16, 2, 131.01);
INSERT INTO tellimuse_read (tellimus_id, toode_id, kogus, uhikuhind) VALUES (222, 24, 1, 509.33);
UPDATE tellimused SET kogusumma = 3869.26 WHERE id = 222;
INSERT INTO arved (tellimus_id, number, kuupaev, maksetahtaeg, tasutud) VALUES (222, 'ARV-2026-00222', CURRENT_DATE(), CURRENT_DATE(), 1);
INSERT INTO maksed (arve_id, makseviis_id, summa) VALUES (222, 1, 3869.26);
INSERT INTO tellimused (klient_id, staatus_id, tarneviis_id, kogusumma) VALUES (430, 3, 1, 0);
INSERT INTO tellimuse_read (tellimus_id, toode_id, kogus, uhikuhind) VALUES (223, 145, 2, 467.91);
UPDATE tellimused SET kogusumma = 941.72 WHERE id = 223;
INSERT INTO arved (tellimus_id, number, kuupaev, maksetahtaeg, tasutud) VALUES (223, 'ARV-2026-00223', CURRENT_DATE(), CURRENT_DATE(), 1);
INSERT INTO maksed (arve_id, makseviis_id, summa) VALUES (223, 2, 941.72);
INSERT INTO tellimused (klient_id, staatus_id, tarneviis_id, kogusumma) VALUES (29, 2, 3, 0);
INSERT INTO tellimuse_read (tellimus_id, toode_id, kogus, uhikuhind) VALUES (224, 121, 4, 537.16);
INSERT INTO tellimuse_read (tellimus_id, toode_id, kogus, uhikuhind) VALUES (224, 67, 4, 997.44);
INSERT INTO tellimuse_read (tellimus_id, toode_id, kogus, uhikuhind) VALUES (224, 98, 1, 779.6);
INSERT INTO tellimuse_read (tellimus_id, toode_id, kogus, uhikuhind) VALUES (224, 8, 1, 1270.6);
INSERT INTO tellimuse_read (tellimus_id, toode_id, kogus, uhikuhind) VALUES (224, 143, 3, 291.2);
UPDATE tellimused SET kogusumma = 9062.2 WHERE id = 224;
INSERT INTO arved (tellimus_id, number, kuupaev, maksetahtaeg, tasutud) VALUES (224, 'ARV-2026-00224', CURRENT_DATE(), CURRENT_DATE(), 0);
INSERT INTO tellimused (klient_id, staatus_id, tarneviis_id, kogusumma) VALUES (244, 1, 1, 0);
INSERT INTO tellimuse_read (tellimus_id, toode_id, kogus, uhikuhind) VALUES (225, 34, 3, 704.2);
INSERT INTO tellimuse_read (tellimus_id, toode_id, kogus, uhikuhind) VALUES (225, 133, 2, 517.42);
INSERT INTO tellimuse_read (tellimus_id, toode_id, kogus, uhikuhind) VALUES (225, 139, 4, 9.21);
INSERT INTO tellimuse_read (tellimus_id, toode_id, kogus, uhikuhind) VALUES (225, 17, 1, 399.17);
UPDATE tellimused SET kogusumma = 3589.35 WHERE id = 225;
INSERT INTO arved (tellimus_id, number, kuupaev, maksetahtaeg, tasutud) VALUES (225, 'ARV-2026-00225', CURRENT_DATE(), CURRENT_DATE(), 0);
INSERT INTO tellimused (klient_id, staatus_id, tarneviis_id, kogusumma) VALUES (241, 1, 3, 0);
INSERT INTO tellimuse_read (tellimus_id, toode_id, kogus, uhikuhind) VALUES (226, 144, 1, 795.84);
INSERT INTO tellimuse_read (tellimus_id, toode_id, kogus, uhikuhind) VALUES (226, 67, 2, 997.44);
INSERT INTO tellimuse_read (tellimus_id, toode_id, kogus, uhikuhind) VALUES (226, 46, 2, 1318.99);
INSERT INTO tellimuse_read (tellimus_id, toode_id, kogus, uhikuhind) VALUES (226, 65, 4, 582.18);
INSERT INTO tellimuse_read (tellimus_id, toode_id, kogus, uhikuhind) VALUES (226, 42, 4, 744.92);
UPDATE tellimused SET kogusumma = 10737.1 WHERE id = 226;
INSERT INTO arved (tellimus_id, number, kuupaev, maksetahtaeg, tasutud) VALUES (226, 'ARV-2026-00226', CURRENT_DATE(), CURRENT_DATE(), 0);
INSERT INTO tellimused (klient_id, staatus_id, tarneviis_id, kogusumma) VALUES (381, 2, 3, 0);
INSERT INTO tellimuse_read (tellimus_id, toode_id, kogus, uhikuhind) VALUES (227, 123, 2, 840.5);
INSERT INTO tellimuse_read (tellimus_id, toode_id, kogus, uhikuhind) VALUES (227, 85, 2, 920.53);
INSERT INTO tellimuse_read (tellimus_id, toode_id, kogus, uhikuhind) VALUES (227, 124, 1, 55.84);
INSERT INTO tellimuse_read (tellimus_id, toode_id, kogus, uhikuhind) VALUES (227, 124, 3, 55.84);
UPDATE tellimused SET kogusumma = 3745.42 WHERE id = 227;
INSERT INTO arved (tellimus_id, number, kuupaev, maksetahtaeg, tasutud) VALUES (227, 'ARV-2026-00227', CURRENT_DATE(), CURRENT_DATE(), 0);
INSERT INTO tellimused (klient_id, staatus_id, tarneviis_id, kogusumma) VALUES (409, 1, 2, 0);
INSERT INTO tellimuse_read (tellimus_id, toode_id, kogus, uhikuhind) VALUES (228, 15, 4, 801.46);
INSERT INTO tellimuse_read (tellimus_id, toode_id, kogus, uhikuhind) VALUES (228, 2, 4, 591.98);
INSERT INTO tellimuse_read (tellimus_id, toode_id, kogus, uhikuhind) VALUES (228, 111, 4, 1205.16);
UPDATE tellimused SET kogusumma = 10397.3 WHERE id = 228;
INSERT INTO arved (tellimus_id, number, kuupaev, maksetahtaeg, tasutud) VALUES (228, 'ARV-2026-00228', CURRENT_DATE(), CURRENT_DATE(), 0);
INSERT INTO tellimused (klient_id, staatus_id, tarneviis_id, kogusumma) VALUES (171, 2, 3, 0);
INSERT INTO tellimuse_read (tellimus_id, toode_id, kogus, uhikuhind) VALUES (229, 34, 3, 704.2);
INSERT INTO tellimuse_read (tellimus_id, toode_id, kogus, uhikuhind) VALUES (229, 2, 2, 591.98);
INSERT INTO tellimuse_read (tellimus_id, toode_id, kogus, uhikuhind) VALUES (229, 74, 3, 392.93);
INSERT INTO tellimuse_read (tellimus_id, toode_id, kogus, uhikuhind) VALUES (229, 29, 2, 1404.27);
UPDATE tellimused SET kogusumma = 7283.89 WHERE id = 229;
INSERT INTO arved (tellimus_id, number, kuupaev, maksetahtaeg, tasutud) VALUES (229, 'ARV-2026-00229', CURRENT_DATE(), CURRENT_DATE(), 0);
INSERT INTO tellimused (klient_id, staatus_id, tarneviis_id, kogusumma) VALUES (272, 3, 1, 0);
INSERT INTO tellimuse_read (tellimus_id, toode_id, kogus, uhikuhind) VALUES (230, 30, 1, 417.38);
UPDATE tellimused SET kogusumma = 423.28 WHERE id = 230;
INSERT INTO arved (tellimus_id, number, kuupaev, maksetahtaeg, tasutud) VALUES (230, 'ARV-2026-00230', CURRENT_DATE(), CURRENT_DATE(), 1);
INSERT INTO maksed (arve_id, makseviis_id, summa) VALUES (230, 3, 423.28);
INSERT INTO tellimused (klient_id, staatus_id, tarneviis_id, kogusumma) VALUES (34, 2, 3, 0);
INSERT INTO tellimuse_read (tellimus_id, toode_id, kogus, uhikuhind) VALUES (231, 83, 1, 495.68);
INSERT INTO tellimuse_read (tellimus_id, toode_id, kogus, uhikuhind) VALUES (231, 149, 4, 1250.69);
INSERT INTO tellimuse_read (tellimus_id, toode_id, kogus, uhikuhind) VALUES (231, 131, 2, 486.56);
INSERT INTO tellimuse_read (tellimus_id, toode_id, kogus, uhikuhind) VALUES (231, 149, 2, 1250.69);
UPDATE tellimused SET kogusumma = 8972.94 WHERE id = 231;
INSERT INTO arved (tellimus_id, number, kuupaev, maksetahtaeg, tasutud) VALUES (231, 'ARV-2026-00231', CURRENT_DATE(), CURRENT_DATE(), 0);
INSERT INTO tellimused (klient_id, staatus_id, tarneviis_id, kogusumma) VALUES (279, 3, 2, 0);
INSERT INTO tellimuse_read (tellimus_id, toode_id, kogus, uhikuhind) VALUES (232, 101, 2, 547.73);
INSERT INTO tellimuse_read (tellimus_id, toode_id, kogus, uhikuhind) VALUES (232, 127, 2, 133.59);
UPDATE tellimused SET kogusumma = 1365.54 WHERE id = 232;
INSERT INTO arved (tellimus_id, number, kuupaev, maksetahtaeg, tasutud) VALUES (232, 'ARV-2026-00232', CURRENT_DATE(), CURRENT_DATE(), 1);
INSERT INTO maksed (arve_id, makseviis_id, summa) VALUES (232, 2, 1365.54);
INSERT INTO tellimused (klient_id, staatus_id, tarneviis_id, kogusumma) VALUES (365, 1, 1, 0);
INSERT INTO tellimuse_read (tellimus_id, toode_id, kogus, uhikuhind) VALUES (233, 40, 4, 1185.79);
INSERT INTO tellimuse_read (tellimus_id, toode_id, kogus, uhikuhind) VALUES (233, 92, 3, 707.08);
UPDATE tellimused SET kogusumma = 6870.3 WHERE id = 233;
INSERT INTO arved (tellimus_id, number, kuupaev, maksetahtaeg, tasutud) VALUES (233, 'ARV-2026-00233', CURRENT_DATE(), CURRENT_DATE(), 0);
INSERT INTO tellimused (klient_id, staatus_id, tarneviis_id, kogusumma) VALUES (391, 4, 3, 0);
INSERT INTO tellimuse_read (tellimus_id, toode_id, kogus, uhikuhind) VALUES (234, 125, 2, 987.42);
INSERT INTO tellimuse_read (tellimus_id, toode_id, kogus, uhikuhind) VALUES (234, 141, 2, 190.7);
INSERT INTO tellimuse_read (tellimus_id, toode_id, kogus, uhikuhind) VALUES (234, 5, 3, 1281.46);
INSERT INTO tellimuse_read (tellimus_id, toode_id, kogus, uhikuhind) VALUES (234, 150, 2, 580.23);
UPDATE tellimused SET kogusumma = 7361.08 WHERE id = 234;
INSERT INTO arved (tellimus_id, number, kuupaev, maksetahtaeg, tasutud) VALUES (234, 'ARV-2026-00234', CURRENT_DATE(), CURRENT_DATE(), 1);
INSERT INTO maksed (arve_id, makseviis_id, summa) VALUES (234, 2, 7361.08);
INSERT INTO tellimused (klient_id, staatus_id, tarneviis_id, kogusumma) VALUES (352, 2, 2, 0);
INSERT INTO tellimuse_read (tellimus_id, toode_id, kogus, uhikuhind) VALUES (235, 3, 1, 905.41);
INSERT INTO tellimuse_read (tellimus_id, toode_id, kogus, uhikuhind) VALUES (235, 77, 2, 730.23);
INSERT INTO tellimuse_read (tellimus_id, toode_id, kogus, uhikuhind) VALUES (235, 89, 2, 1357.74);
INSERT INTO tellimuse_read (tellimus_id, toode_id, kogus, uhikuhind) VALUES (235, 145, 4, 467.91);
UPDATE tellimused SET kogusumma = 6955.89 WHERE id = 235;
INSERT INTO arved (tellimus_id, number, kuupaev, maksetahtaeg, tasutud) VALUES (235, 'ARV-2026-00235', CURRENT_DATE(), CURRENT_DATE(), 0);
INSERT INTO tellimused (klient_id, staatus_id, tarneviis_id, kogusumma) VALUES (323, 1, 1, 0);
INSERT INTO tellimuse_read (tellimus_id, toode_id, kogus, uhikuhind) VALUES (236, 122, 4, 809.39);
INSERT INTO tellimuse_read (tellimus_id, toode_id, kogus, uhikuhind) VALUES (236, 18, 4, 1301.05);
INSERT INTO tellimuse_read (tellimus_id, toode_id, kogus, uhikuhind) VALUES (236, 138, 4, 1372.15);
INSERT INTO tellimuse_read (tellimus_id, toode_id, kogus, uhikuhind) VALUES (236, 4, 2, 908.2);
UPDATE tellimused SET kogusumma = 15752.66 WHERE id = 236;
INSERT INTO arved (tellimus_id, number, kuupaev, maksetahtaeg, tasutud) VALUES (236, 'ARV-2026-00236', CURRENT_DATE(), CURRENT_DATE(), 0);
INSERT INTO tellimused (klient_id, staatus_id, tarneviis_id, kogusumma) VALUES (467, 4, 2, 0);
INSERT INTO tellimuse_read (tellimus_id, toode_id, kogus, uhikuhind) VALUES (237, 65, 1, 582.18);
INSERT INTO tellimuse_read (tellimus_id, toode_id, kogus, uhikuhind) VALUES (237, 107, 4, 1262.41);
INSERT INTO tellimuse_read (tellimus_id, toode_id, kogus, uhikuhind) VALUES (237, 50, 3, 1049.16);
INSERT INTO tellimuse_read (tellimus_id, toode_id, kogus, uhikuhind) VALUES (237, 67, 1, 997.44);
UPDATE tellimused SET kogusumma = 9779.64 WHERE id = 237;
INSERT INTO arved (tellimus_id, number, kuupaev, maksetahtaeg, tasutud) VALUES (237, 'ARV-2026-00237', CURRENT_DATE(), CURRENT_DATE(), 1);
INSERT INTO maksed (arve_id, makseviis_id, summa) VALUES (237, 2, 9779.64);
INSERT INTO tellimused (klient_id, staatus_id, tarneviis_id, kogusumma) VALUES (445, 4, 1, 0);
INSERT INTO tellimuse_read (tellimus_id, toode_id, kogus, uhikuhind) VALUES (238, 40, 1, 1185.79);
UPDATE tellimused SET kogusumma = 1191.69 WHERE id = 238;
INSERT INTO arved (tellimus_id, number, kuupaev, maksetahtaeg, tasutud) VALUES (238, 'ARV-2026-00238', CURRENT_DATE(), CURRENT_DATE(), 1);
INSERT INTO maksed (arve_id, makseviis_id, summa) VALUES (238, 2, 1191.69);
INSERT INTO tellimused (klient_id, staatus_id, tarneviis_id, kogusumma) VALUES (374, 3, 2, 0);
INSERT INTO tellimuse_read (tellimus_id, toode_id, kogus, uhikuhind) VALUES (239, 127, 4, 133.59);
INSERT INTO tellimuse_read (tellimus_id, toode_id, kogus, uhikuhind) VALUES (239, 132, 1, 769.72);
INSERT INTO tellimuse_read (tellimus_id, toode_id, kogus, uhikuhind) VALUES (239, 12, 3, 51.28);
INSERT INTO tellimuse_read (tellimus_id, toode_id, kogus, uhikuhind) VALUES (239, 19, 1, 261.3);
UPDATE tellimused SET kogusumma = 1722.12 WHERE id = 239;
INSERT INTO arved (tellimus_id, number, kuupaev, maksetahtaeg, tasutud) VALUES (239, 'ARV-2026-00239', CURRENT_DATE(), CURRENT_DATE(), 1);
INSERT INTO maksed (arve_id, makseviis_id, summa) VALUES (239, 3, 1722.12);
INSERT INTO tellimused (klient_id, staatus_id, tarneviis_id, kogusumma) VALUES (459, 4, 2, 0);
INSERT INTO tellimuse_read (tellimus_id, toode_id, kogus, uhikuhind) VALUES (240, 66, 4, 712.62);
INSERT INTO tellimuse_read (tellimus_id, toode_id, kogus, uhikuhind) VALUES (240, 109, 4, 151.7);
INSERT INTO tellimuse_read (tellimus_id, toode_id, kogus, uhikuhind) VALUES (240, 7, 3, 260.98);
INSERT INTO tellimuse_read (tellimus_id, toode_id, kogus, uhikuhind) VALUES (240, 31, 3, 1083.57);
INSERT INTO tellimuse_read (tellimus_id, toode_id, kogus, uhikuhind) VALUES (240, 124, 1, 55.84);
UPDATE tellimused SET kogusumma = 7549.67 WHERE id = 240;
INSERT INTO arved (tellimus_id, number, kuupaev, maksetahtaeg, tasutud) VALUES (240, 'ARV-2026-00240', CURRENT_DATE(), CURRENT_DATE(), 1);
INSERT INTO maksed (arve_id, makseviis_id, summa) VALUES (240, 2, 7549.67);
INSERT INTO tellimused (klient_id, staatus_id, tarneviis_id, kogusumma) VALUES (231, 1, 3, 0);
INSERT INTO tellimuse_read (tellimus_id, toode_id, kogus, uhikuhind) VALUES (241, 82, 1, 771.06);
INSERT INTO tellimuse_read (tellimus_id, toode_id, kogus, uhikuhind) VALUES (241, 127, 4, 133.59);
UPDATE tellimused SET kogusumma = 1305.42 WHERE id = 241;
INSERT INTO arved (tellimus_id, number, kuupaev, maksetahtaeg, tasutud) VALUES (241, 'ARV-2026-00241', CURRENT_DATE(), CURRENT_DATE(), 0);
INSERT INTO tellimused (klient_id, staatus_id, tarneviis_id, kogusumma) VALUES (200, 4, 2, 0);
INSERT INTO tellimuse_read (tellimus_id, toode_id, kogus, uhikuhind) VALUES (242, 38, 3, 1049.43);
INSERT INTO tellimuse_read (tellimus_id, toode_id, kogus, uhikuhind) VALUES (242, 98, 2, 779.6);
INSERT INTO tellimuse_read (tellimus_id, toode_id, kogus, uhikuhind) VALUES (242, 53, 3, 112.5);
INSERT INTO tellimuse_read (tellimus_id, toode_id, kogus, uhikuhind) VALUES (242, 94, 2, 1067.21);
UPDATE tellimused SET kogusumma = 7182.31 WHERE id = 242;
INSERT INTO arved (tellimus_id, number, kuupaev, maksetahtaeg, tasutud) VALUES (242, 'ARV-2026-00242', CURRENT_DATE(), CURRENT_DATE(), 1);
INSERT INTO maksed (arve_id, makseviis_id, summa) VALUES (242, 2, 7182.31);
INSERT INTO tellimused (klient_id, staatus_id, tarneviis_id, kogusumma) VALUES (151, 1, 1, 0);
INSERT INTO tellimuse_read (tellimus_id, toode_id, kogus, uhikuhind) VALUES (243, 31, 1, 1083.57);
UPDATE tellimused SET kogusumma = 1089.47 WHERE id = 243;
INSERT INTO arved (tellimus_id, number, kuupaev, maksetahtaeg, tasutud) VALUES (243, 'ARV-2026-00243', CURRENT_DATE(), CURRENT_DATE(), 0);
INSERT INTO tellimused (klient_id, staatus_id, tarneviis_id, kogusumma) VALUES (419, 1, 1, 0);
INSERT INTO tellimuse_read (tellimus_id, toode_id, kogus, uhikuhind) VALUES (244, 126, 3, 1203.18);
INSERT INTO tellimuse_read (tellimus_id, toode_id, kogus, uhikuhind) VALUES (244, 150, 3, 580.23);
INSERT INTO tellimuse_read (tellimus_id, toode_id, kogus, uhikuhind) VALUES (244, 128, 2, 189.11);
INSERT INTO tellimuse_read (tellimus_id, toode_id, kogus, uhikuhind) VALUES (244, 140, 2, 1441.36);
INSERT INTO tellimuse_read (tellimus_id, toode_id, kogus, uhikuhind) VALUES (244, 25, 3, 1425.3);
UPDATE tellimused SET kogusumma = 12892.97 WHERE id = 244;
INSERT INTO arved (tellimus_id, number, kuupaev, maksetahtaeg, tasutud) VALUES (244, 'ARV-2026-00244', CURRENT_DATE(), CURRENT_DATE(), 0);
INSERT INTO tellimused (klient_id, staatus_id, tarneviis_id, kogusumma) VALUES (351, 3, 3, 0);
INSERT INTO tellimuse_read (tellimus_id, toode_id, kogus, uhikuhind) VALUES (245, 63, 3, 739.53);
INSERT INTO tellimuse_read (tellimus_id, toode_id, kogus, uhikuhind) VALUES (245, 86, 2, 1436.12);
INSERT INTO tellimuse_read (tellimus_id, toode_id, kogus, uhikuhind) VALUES (245, 86, 4, 1436.12);
UPDATE tellimused SET kogusumma = 10835.31 WHERE id = 245;
INSERT INTO arved (tellimus_id, number, kuupaev, maksetahtaeg, tasutud) VALUES (245, 'ARV-2026-00245', CURRENT_DATE(), CURRENT_DATE(), 1);
INSERT INTO maksed (arve_id, makseviis_id, summa) VALUES (245, 3, 10835.31);
INSERT INTO tellimused (klient_id, staatus_id, tarneviis_id, kogusumma) VALUES (284, 1, 3, 0);
INSERT INTO tellimuse_read (tellimus_id, toode_id, kogus, uhikuhind) VALUES (246, 117, 1, 147.71);
INSERT INTO tellimuse_read (tellimus_id, toode_id, kogus, uhikuhind) VALUES (246, 18, 3, 1301.05);
UPDATE tellimused SET kogusumma = 4050.86 WHERE id = 246;
INSERT INTO arved (tellimus_id, number, kuupaev, maksetahtaeg, tasutud) VALUES (246, 'ARV-2026-00246', CURRENT_DATE(), CURRENT_DATE(), 0);
INSERT INTO tellimused (klient_id, staatus_id, tarneviis_id, kogusumma) VALUES (162, 3, 2, 0);
INSERT INTO tellimuse_read (tellimus_id, toode_id, kogus, uhikuhind) VALUES (247, 6, 3, 1448.04);
UPDATE tellimused SET kogusumma = 4347.02 WHERE id = 247;
INSERT INTO arved (tellimus_id, number, kuupaev, maksetahtaeg, tasutud) VALUES (247, 'ARV-2026-00247', CURRENT_DATE(), CURRENT_DATE(), 1);
INSERT INTO maksed (arve_id, makseviis_id, summa) VALUES (247, 3, 4347.02);
INSERT INTO tellimused (klient_id, staatus_id, tarneviis_id, kogusumma) VALUES (354, 3, 3, 0);
INSERT INTO tellimuse_read (tellimus_id, toode_id, kogus, uhikuhind) VALUES (248, 140, 1, 1441.36);
INSERT INTO tellimuse_read (tellimus_id, toode_id, kogus, uhikuhind) VALUES (248, 53, 3, 112.5);
INSERT INTO tellimuse_read (tellimus_id, toode_id, kogus, uhikuhind) VALUES (248, 10, 2, 197.52);
UPDATE tellimused SET kogusumma = 2173.9 WHERE id = 248;
INSERT INTO arved (tellimus_id, number, kuupaev, maksetahtaeg, tasutud) VALUES (248, 'ARV-2026-00248', CURRENT_DATE(), CURRENT_DATE(), 1);
INSERT INTO maksed (arve_id, makseviis_id, summa) VALUES (248, 1, 2173.9);
INSERT INTO tellimused (klient_id, staatus_id, tarneviis_id, kogusumma) VALUES (486, 4, 1, 0);
INSERT INTO tellimuse_read (tellimus_id, toode_id, kogus, uhikuhind) VALUES (249, 99, 2, 617.97);
INSERT INTO tellimuse_read (tellimus_id, toode_id, kogus, uhikuhind) VALUES (249, 33, 2, 1183.26);
UPDATE tellimused SET kogusumma = 3608.36 WHERE id = 249;
INSERT INTO arved (tellimus_id, number, kuupaev, maksetahtaeg, tasutud) VALUES (249, 'ARV-2026-00249', CURRENT_DATE(), CURRENT_DATE(), 1);
INSERT INTO maksed (arve_id, makseviis_id, summa) VALUES (249, 2, 3608.36);
INSERT INTO tellimused (klient_id, staatus_id, tarneviis_id, kogusumma) VALUES (241, 4, 2, 0);
INSERT INTO tellimuse_read (tellimus_id, toode_id, kogus, uhikuhind) VALUES (250, 86, 1, 1436.12);
INSERT INTO tellimuse_read (tellimus_id, toode_id, kogus, uhikuhind) VALUES (250, 12, 4, 51.28);
INSERT INTO tellimuse_read (tellimus_id, toode_id, kogus, uhikuhind) VALUES (250, 80, 1, 549.38);
INSERT INTO tellimuse_read (tellimus_id, toode_id, kogus, uhikuhind) VALUES (250, 41, 1, 757.66);
INSERT INTO tellimuse_read (tellimus_id, toode_id, kogus, uhikuhind) VALUES (250, 38, 3, 1049.43);
UPDATE tellimused SET kogusumma = 6099.47 WHERE id = 250;
INSERT INTO arved (tellimus_id, number, kuupaev, maksetahtaeg, tasutud) VALUES (250, 'ARV-2026-00250', CURRENT_DATE(), CURRENT_DATE(), 1);
INSERT INTO maksed (arve_id, makseviis_id, summa) VALUES (250, 3, 6099.47);
INSERT INTO tellimused (klient_id, staatus_id, tarneviis_id, kogusumma) VALUES (134, 3, 2, 0);
INSERT INTO tellimuse_read (tellimus_id, toode_id, kogus, uhikuhind) VALUES (251, 22, 3, 1215.75);
INSERT INTO tellimuse_read (tellimus_id, toode_id, kogus, uhikuhind) VALUES (251, 82, 3, 771.06);
INSERT INTO tellimuse_read (tellimus_id, toode_id, kogus, uhikuhind) VALUES (251, 21, 4, 1321.31);
INSERT INTO tellimuse_read (tellimus_id, toode_id, kogus, uhikuhind) VALUES (251, 5, 4, 1281.46);
INSERT INTO tellimuse_read (tellimus_id, toode_id, kogus, uhikuhind) VALUES (251, 109, 4, 151.7);
UPDATE tellimused SET kogusumma = 16981.21 WHERE id = 251;
INSERT INTO arved (tellimus_id, number, kuupaev, maksetahtaeg, tasutud) VALUES (251, 'ARV-2026-00251', CURRENT_DATE(), CURRENT_DATE(), 1);
INSERT INTO maksed (arve_id, makseviis_id, summa) VALUES (251, 2, 16981.21);
INSERT INTO tellimused (klient_id, staatus_id, tarneviis_id, kogusumma) VALUES (412, 1, 3, 0);
INSERT INTO tellimuse_read (tellimus_id, toode_id, kogus, uhikuhind) VALUES (252, 2, 4, 591.98);
INSERT INTO tellimuse_read (tellimus_id, toode_id, kogus, uhikuhind) VALUES (252, 105, 1, 1195.5);
UPDATE tellimused SET kogusumma = 3563.42 WHERE id = 252;
INSERT INTO arved (tellimus_id, number, kuupaev, maksetahtaeg, tasutud) VALUES (252, 'ARV-2026-00252', CURRENT_DATE(), CURRENT_DATE(), 0);
INSERT INTO tellimused (klient_id, staatus_id, tarneviis_id, kogusumma) VALUES (383, 1, 1, 0);
INSERT INTO tellimuse_read (tellimus_id, toode_id, kogus, uhikuhind) VALUES (253, 99, 3, 617.97);
INSERT INTO tellimuse_read (tellimus_id, toode_id, kogus, uhikuhind) VALUES (253, 115, 2, 471.15);
INSERT INTO tellimuse_read (tellimus_id, toode_id, kogus, uhikuhind) VALUES (253, 82, 2, 771.06);
UPDATE tellimused SET kogusumma = 4344.23 WHERE id = 253;
INSERT INTO arved (tellimus_id, number, kuupaev, maksetahtaeg, tasutud) VALUES (253, 'ARV-2026-00253', CURRENT_DATE(), CURRENT_DATE(), 0);
INSERT INTO tellimused (klient_id, staatus_id, tarneviis_id, kogusumma) VALUES (6, 3, 2, 0);
INSERT INTO tellimuse_read (tellimus_id, toode_id, kogus, uhikuhind) VALUES (254, 32, 2, 84.37);
INSERT INTO tellimuse_read (tellimus_id, toode_id, kogus, uhikuhind) VALUES (254, 87, 1, 91.18);
INSERT INTO tellimuse_read (tellimus_id, toode_id, kogus, uhikuhind) VALUES (254, 105, 4, 1195.5);
UPDATE tellimused SET kogusumma = 5044.82 WHERE id = 254;
INSERT INTO arved (tellimus_id, number, kuupaev, maksetahtaeg, tasutud) VALUES (254, 'ARV-2026-00254', CURRENT_DATE(), CURRENT_DATE(), 1);
INSERT INTO maksed (arve_id, makseviis_id, summa) VALUES (254, 2, 5044.82);
INSERT INTO tellimused (klient_id, staatus_id, tarneviis_id, kogusumma) VALUES (115, 2, 1, 0);
INSERT INTO tellimuse_read (tellimus_id, toode_id, kogus, uhikuhind) VALUES (255, 46, 2, 1318.99);
INSERT INTO tellimuse_read (tellimus_id, toode_id, kogus, uhikuhind) VALUES (255, 93, 2, 854.37);
INSERT INTO tellimuse_read (tellimus_id, toode_id, kogus, uhikuhind) VALUES (255, 10, 4, 197.52);
INSERT INTO tellimuse_read (tellimus_id, toode_id, kogus, uhikuhind) VALUES (255, 125, 1, 987.42);
INSERT INTO tellimuse_read (tellimus_id, toode_id, kogus, uhikuhind) VALUES (255, 80, 1, 549.38);
UPDATE tellimused SET kogusumma = 6679.5 WHERE id = 255;
INSERT INTO arved (tellimus_id, number, kuupaev, maksetahtaeg, tasutud) VALUES (255, 'ARV-2026-00255', CURRENT_DATE(), CURRENT_DATE(), 0);
INSERT INTO tellimused (klient_id, staatus_id, tarneviis_id, kogusumma) VALUES (374, 1, 1, 0);
INSERT INTO tellimuse_read (tellimus_id, toode_id, kogus, uhikuhind) VALUES (256, 13, 3, 294.29);
INSERT INTO tellimuse_read (tellimus_id, toode_id, kogus, uhikuhind) VALUES (256, 89, 3, 1357.74);
INSERT INTO tellimuse_read (tellimus_id, toode_id, kogus, uhikuhind) VALUES (256, 53, 1, 112.5);
UPDATE tellimused SET kogusumma = 5074.49 WHERE id = 256;
INSERT INTO arved (tellimus_id, number, kuupaev, maksetahtaeg, tasutud) VALUES (256, 'ARV-2026-00256', CURRENT_DATE(), CURRENT_DATE(), 0);
INSERT INTO tellimused (klient_id, staatus_id, tarneviis_id, kogusumma) VALUES (433, 2, 3, 0);
INSERT INTO tellimuse_read (tellimus_id, toode_id, kogus, uhikuhind) VALUES (257, 82, 1, 771.06);
INSERT INTO tellimuse_read (tellimus_id, toode_id, kogus, uhikuhind) VALUES (257, 77, 1, 730.23);
INSERT INTO tellimuse_read (tellimus_id, toode_id, kogus, uhikuhind) VALUES (257, 117, 2, 147.71);
INSERT INTO tellimuse_read (tellimus_id, toode_id, kogus, uhikuhind) VALUES (257, 121, 3, 537.16);
INSERT INTO tellimuse_read (tellimus_id, toode_id, kogus, uhikuhind) VALUES (257, 18, 1, 1301.05);
UPDATE tellimused SET kogusumma = 4709.24 WHERE id = 257;
INSERT INTO arved (tellimus_id, number, kuupaev, maksetahtaeg, tasutud) VALUES (257, 'ARV-2026-00257', CURRENT_DATE(), CURRENT_DATE(), 0);
INSERT INTO tellimused (klient_id, staatus_id, tarneviis_id, kogusumma) VALUES (136, 1, 2, 0);
INSERT INTO tellimuse_read (tellimus_id, toode_id, kogus, uhikuhind) VALUES (258, 145, 1, 467.91);
INSERT INTO tellimuse_read (tellimus_id, toode_id, kogus, uhikuhind) VALUES (258, 93, 4, 854.37);
UPDATE tellimused SET kogusumma = 3888.29 WHERE id = 258;
INSERT INTO arved (tellimus_id, number, kuupaev, maksetahtaeg, tasutud) VALUES (258, 'ARV-2026-00258', CURRENT_DATE(), CURRENT_DATE(), 0);
INSERT INTO tellimused (klient_id, staatus_id, tarneviis_id, kogusumma) VALUES (269, 4, 2, 0);
INSERT INTO tellimuse_read (tellimus_id, toode_id, kogus, uhikuhind) VALUES (259, 122, 1, 809.39);
INSERT INTO tellimuse_read (tellimus_id, toode_id, kogus, uhikuhind) VALUES (259, 38, 4, 1049.43);
INSERT INTO tellimuse_read (tellimus_id, toode_id, kogus, uhikuhind) VALUES (259, 53, 1, 112.5);
UPDATE tellimused SET kogusumma = 5122.51 WHERE id = 259;
INSERT INTO arved (tellimus_id, number, kuupaev, maksetahtaeg, tasutud) VALUES (259, 'ARV-2026-00259', CURRENT_DATE(), CURRENT_DATE(), 1);
INSERT INTO maksed (arve_id, makseviis_id, summa) VALUES (259, 1, 5122.51);
INSERT INTO tellimused (klient_id, staatus_id, tarneviis_id, kogusumma) VALUES (490, 4, 3, 0);
INSERT INTO tellimuse_read (tellimus_id, toode_id, kogus, uhikuhind) VALUES (260, 22, 1, 1215.75);
INSERT INTO tellimuse_read (tellimus_id, toode_id, kogus, uhikuhind) VALUES (260, 79, 1, 736.42);
INSERT INTO tellimuse_read (tellimus_id, toode_id, kogus, uhikuhind) VALUES (260, 139, 3, 9.21);
INSERT INTO tellimuse_read (tellimus_id, toode_id, kogus, uhikuhind) VALUES (260, 80, 4, 549.38);
INSERT INTO tellimuse_read (tellimus_id, toode_id, kogus, uhikuhind) VALUES (260, 120, 3, 1026.9);
UPDATE tellimused SET kogusumma = 7258.02 WHERE id = 260;
INSERT INTO arved (tellimus_id, number, kuupaev, maksetahtaeg, tasutud) VALUES (260, 'ARV-2026-00260', CURRENT_DATE(), CURRENT_DATE(), 1);
INSERT INTO maksed (arve_id, makseviis_id, summa) VALUES (260, 1, 7258.02);
INSERT INTO tellimused (klient_id, staatus_id, tarneviis_id, kogusumma) VALUES (114, 2, 2, 0);
INSERT INTO tellimuse_read (tellimus_id, toode_id, kogus, uhikuhind) VALUES (261, 87, 1, 91.18);
INSERT INTO tellimuse_read (tellimus_id, toode_id, kogus, uhikuhind) VALUES (261, 17, 4, 399.17);
UPDATE tellimused SET kogusumma = 1690.76 WHERE id = 261;
INSERT INTO arved (tellimus_id, number, kuupaev, maksetahtaeg, tasutud) VALUES (261, 'ARV-2026-00261', CURRENT_DATE(), CURRENT_DATE(), 0);
INSERT INTO tellimused (klient_id, staatus_id, tarneviis_id, kogusumma) VALUES (355, 1, 1, 0);
INSERT INTO tellimuse_read (tellimus_id, toode_id, kogus, uhikuhind) VALUES (262, 49, 1, 277.83);
INSERT INTO tellimuse_read (tellimus_id, toode_id, kogus, uhikuhind) VALUES (262, 83, 3, 495.68);
INSERT INTO tellimuse_read (tellimus_id, toode_id, kogus, uhikuhind) VALUES (262, 80, 1, 549.38);
INSERT INTO tellimuse_read (tellimus_id, toode_id, kogus, uhikuhind) VALUES (262, 143, 2, 291.2);
INSERT INTO tellimuse_read (tellimus_id, toode_id, kogus, uhikuhind) VALUES (262, 99, 2, 617.97);
UPDATE tellimused SET kogusumma = 4138.49 WHERE id = 262;
INSERT INTO arved (tellimus_id, number, kuupaev, maksetahtaeg, tasutud) VALUES (262, 'ARV-2026-00262', CURRENT_DATE(), CURRENT_DATE(), 0);
INSERT INTO tellimused (klient_id, staatus_id, tarneviis_id, kogusumma) VALUES (251, 1, 2, 0);
INSERT INTO tellimuse_read (tellimus_id, toode_id, kogus, uhikuhind) VALUES (263, 89, 3, 1357.74);
UPDATE tellimused SET kogusumma = 4076.12 WHERE id = 263;
INSERT INTO arved (tellimus_id, number, kuupaev, maksetahtaeg, tasutud) VALUES (263, 'ARV-2026-00263', CURRENT_DATE(), CURRENT_DATE(), 0);
INSERT INTO tellimused (klient_id, staatus_id, tarneviis_id, kogusumma) VALUES (103, 3, 3, 0);
INSERT INTO tellimuse_read (tellimus_id, toode_id, kogus, uhikuhind) VALUES (264, 40, 4, 1185.79);
INSERT INTO tellimuse_read (tellimus_id, toode_id, kogus, uhikuhind) VALUES (264, 144, 1, 795.84);
INSERT INTO tellimuse_read (tellimus_id, toode_id, kogus, uhikuhind) VALUES (264, 30, 2, 417.38);
INSERT INTO tellimuse_read (tellimus_id, toode_id, kogus, uhikuhind) VALUES (264, 140, 4, 1441.36);
INSERT INTO tellimuse_read (tellimus_id, toode_id, kogus, uhikuhind) VALUES (264, 111, 1, 1205.16);
UPDATE tellimused SET kogusumma = 13344.36 WHERE id = 264;
INSERT INTO arved (tellimus_id, number, kuupaev, maksetahtaeg, tasutud) VALUES (264, 'ARV-2026-00264', CURRENT_DATE(), CURRENT_DATE(), 1);
INSERT INTO maksed (arve_id, makseviis_id, summa) VALUES (264, 2, 13344.36);
INSERT INTO tellimused (klient_id, staatus_id, tarneviis_id, kogusumma) VALUES (484, 4, 3, 0);
INSERT INTO tellimuse_read (tellimus_id, toode_id, kogus, uhikuhind) VALUES (265, 118, 3, 529.61);
INSERT INTO tellimuse_read (tellimus_id, toode_id, kogus, uhikuhind) VALUES (265, 34, 2, 704.2);
UPDATE tellimused SET kogusumma = 2997.23 WHERE id = 265;
INSERT INTO arved (tellimus_id, number, kuupaev, maksetahtaeg, tasutud) VALUES (265, 'ARV-2026-00265', CURRENT_DATE(), CURRENT_DATE(), 1);
INSERT INTO maksed (arve_id, makseviis_id, summa) VALUES (265, 3, 2997.23);
INSERT INTO tellimused (klient_id, staatus_id, tarneviis_id, kogusumma) VALUES (11, 3, 2, 0);
INSERT INTO tellimuse_read (tellimus_id, toode_id, kogus, uhikuhind) VALUES (266, 81, 3, 764.27);
INSERT INTO tellimuse_read (tellimus_id, toode_id, kogus, uhikuhind) VALUES (266, 51, 4, 645.54);
UPDATE tellimused SET kogusumma = 4877.87 WHERE id = 266;
INSERT INTO arved (tellimus_id, number, kuupaev, maksetahtaeg, tasutud) VALUES (266, 'ARV-2026-00266', CURRENT_DATE(), CURRENT_DATE(), 1);
INSERT INTO maksed (arve_id, makseviis_id, summa) VALUES (266, 2, 4877.87);
INSERT INTO tellimused (klient_id, staatus_id, tarneviis_id, kogusumma) VALUES (14, 3, 1, 0);
INSERT INTO tellimuse_read (tellimus_id, toode_id, kogus, uhikuhind) VALUES (267, 19, 3, 261.3);
UPDATE tellimused SET kogusumma = 789.8 WHERE id = 267;
INSERT INTO arved (tellimus_id, number, kuupaev, maksetahtaeg, tasutud) VALUES (267, 'ARV-2026-00267', CURRENT_DATE(), CURRENT_DATE(), 1);
INSERT INTO maksed (arve_id, makseviis_id, summa) VALUES (267, 1, 789.8);
INSERT INTO tellimused (klient_id, staatus_id, tarneviis_id, kogusumma) VALUES (37, 3, 2, 0);
INSERT INTO tellimuse_read (tellimus_id, toode_id, kogus, uhikuhind) VALUES (268, 100, 4, 633.82);
UPDATE tellimused SET kogusumma = 2538.18 WHERE id = 268;
INSERT INTO arved (tellimus_id, number, kuupaev, maksetahtaeg, tasutud) VALUES (268, 'ARV-2026-00268', CURRENT_DATE(), CURRENT_DATE(), 1);
INSERT INTO maksed (arve_id, makseviis_id, summa) VALUES (268, 1, 2538.18);
INSERT INTO tellimused (klient_id, staatus_id, tarneviis_id, kogusumma) VALUES (493, 4, 2, 0);
INSERT INTO tellimuse_read (tellimus_id, toode_id, kogus, uhikuhind) VALUES (269, 97, 4, 985.9);
INSERT INTO tellimuse_read (tellimus_id, toode_id, kogus, uhikuhind) VALUES (269, 76, 1, 491.88);
INSERT INTO tellimuse_read (tellimus_id, toode_id, kogus, uhikuhind) VALUES (269, 123, 1, 840.5);
UPDATE tellimused SET kogusumma = 5278.88 WHERE id = 269;
INSERT INTO arved (tellimus_id, number, kuupaev, maksetahtaeg, tasutud) VALUES (269, 'ARV-2026-00269', CURRENT_DATE(), CURRENT_DATE(), 1);
INSERT INTO maksed (arve_id, makseviis_id, summa) VALUES (269, 2, 5278.88);
INSERT INTO tellimused (klient_id, staatus_id, tarneviis_id, kogusumma) VALUES (221, 4, 3, 0);
INSERT INTO tellimuse_read (tellimus_id, toode_id, kogus, uhikuhind) VALUES (270, 88, 1, 904.75);
INSERT INTO tellimuse_read (tellimus_id, toode_id, kogus, uhikuhind) VALUES (270, 104, 4, 709.29);
INSERT INTO tellimuse_read (tellimus_id, toode_id, kogus, uhikuhind) VALUES (270, 118, 3, 529.61);
INSERT INTO tellimuse_read (tellimus_id, toode_id, kogus, uhikuhind) VALUES (270, 118, 4, 529.61);
INSERT INTO tellimuse_read (tellimus_id, toode_id, kogus, uhikuhind) VALUES (270, 16, 4, 131.01);
UPDATE tellimused SET kogusumma = 7973.22 WHERE id = 270;
INSERT INTO arved (tellimus_id, number, kuupaev, maksetahtaeg, tasutud) VALUES (270, 'ARV-2026-00270', CURRENT_DATE(), CURRENT_DATE(), 1);
INSERT INTO maksed (arve_id, makseviis_id, summa) VALUES (270, 2, 7973.22);
INSERT INTO tellimused (klient_id, staatus_id, tarneviis_id, kogusumma) VALUES (252, 2, 3, 0);
INSERT INTO tellimuse_read (tellimus_id, toode_id, kogus, uhikuhind) VALUES (271, 96, 2, 431.48);
INSERT INTO tellimuse_read (tellimus_id, toode_id, kogus, uhikuhind) VALUES (271, 111, 2, 1205.16);
INSERT INTO tellimuse_read (tellimus_id, toode_id, kogus, uhikuhind) VALUES (271, 3, 1, 905.41);
UPDATE tellimused SET kogusumma = 4178.69 WHERE id = 271;
INSERT INTO arved (tellimus_id, number, kuupaev, maksetahtaeg, tasutud) VALUES (271, 'ARV-2026-00271', CURRENT_DATE(), CURRENT_DATE(), 0);
INSERT INTO tellimused (klient_id, staatus_id, tarneviis_id, kogusumma) VALUES (315, 1, 1, 0);
INSERT INTO tellimuse_read (tellimus_id, toode_id, kogus, uhikuhind) VALUES (272, 101, 4, 547.73);
INSERT INTO tellimuse_read (tellimus_id, toode_id, kogus, uhikuhind) VALUES (272, 58, 4, 1038.18);
INSERT INTO tellimuse_read (tellimus_id, toode_id, kogus, uhikuhind) VALUES (272, 101, 2, 547.73);
INSERT INTO tellimuse_read (tellimus_id, toode_id, kogus, uhikuhind) VALUES (272, 81, 1, 764.27);
INSERT INTO tellimuse_read (tellimus_id, toode_id, kogus, uhikuhind) VALUES (272, 64, 3, 1054.16);
UPDATE tellimused SET kogusumma = 11371.75 WHERE id = 272;
INSERT INTO arved (tellimus_id, number, kuupaev, maksetahtaeg, tasutud) VALUES (272, 'ARV-2026-00272', CURRENT_DATE(), CURRENT_DATE(), 0);
INSERT INTO tellimused (klient_id, staatus_id, tarneviis_id, kogusumma) VALUES (84, 4, 1, 0);
INSERT INTO tellimuse_read (tellimus_id, toode_id, kogus, uhikuhind) VALUES (273, 40, 1, 1185.79);
INSERT INTO tellimuse_read (tellimus_id, toode_id, kogus, uhikuhind) VALUES (273, 20, 1, 465.78);
UPDATE tellimused SET kogusumma = 1657.47 WHERE id = 273;
INSERT INTO arved (tellimus_id, number, kuupaev, maksetahtaeg, tasutud) VALUES (273, 'ARV-2026-00273', CURRENT_DATE(), CURRENT_DATE(), 1);
INSERT INTO maksed (arve_id, makseviis_id, summa) VALUES (273, 1, 1657.47);
INSERT INTO tellimused (klient_id, staatus_id, tarneviis_id, kogusumma) VALUES (377, 1, 2, 0);
INSERT INTO tellimuse_read (tellimus_id, toode_id, kogus, uhikuhind) VALUES (274, 148, 3, 184.12);
INSERT INTO tellimuse_read (tellimus_id, toode_id, kogus, uhikuhind) VALUES (274, 66, 3, 712.62);
INSERT INTO tellimuse_read (tellimus_id, toode_id, kogus, uhikuhind) VALUES (274, 150, 2, 580.23);
INSERT INTO tellimuse_read (tellimus_id, toode_id, kogus, uhikuhind) VALUES (274, 65, 1, 582.18);
UPDATE tellimused SET kogusumma = 4435.76 WHERE id = 274;
INSERT INTO arved (tellimus_id, number, kuupaev, maksetahtaeg, tasutud) VALUES (274, 'ARV-2026-00274', CURRENT_DATE(), CURRENT_DATE(), 0);
INSERT INTO tellimused (klient_id, staatus_id, tarneviis_id, kogusumma) VALUES (319, 3, 2, 0);
INSERT INTO tellimuse_read (tellimus_id, toode_id, kogus, uhikuhind) VALUES (275, 59, 2, 634.88);
INSERT INTO tellimuse_read (tellimus_id, toode_id, kogus, uhikuhind) VALUES (275, 66, 2, 712.62);
UPDATE tellimused SET kogusumma = 2697.9 WHERE id = 275;
INSERT INTO arved (tellimus_id, number, kuupaev, maksetahtaeg, tasutud) VALUES (275, 'ARV-2026-00275', CURRENT_DATE(), CURRENT_DATE(), 1);
INSERT INTO maksed (arve_id, makseviis_id, summa) VALUES (275, 1, 2697.9);
INSERT INTO tellimused (klient_id, staatus_id, tarneviis_id, kogusumma) VALUES (210, 4, 2, 0);
INSERT INTO tellimuse_read (tellimus_id, toode_id, kogus, uhikuhind) VALUES (276, 130, 3, 1034.54);
INSERT INTO tellimuse_read (tellimus_id, toode_id, kogus, uhikuhind) VALUES (276, 145, 1, 467.91);
INSERT INTO tellimuse_read (tellimus_id, toode_id, kogus, uhikuhind) VALUES (276, 143, 4, 291.2);
UPDATE tellimused SET kogusumma = 4739.23 WHERE id = 276;
INSERT INTO arved (tellimus_id, number, kuupaev, maksetahtaeg, tasutud) VALUES (276, 'ARV-2026-00276', CURRENT_DATE(), CURRENT_DATE(), 1);
INSERT INTO maksed (arve_id, makseviis_id, summa) VALUES (276, 2, 4739.23);
INSERT INTO tellimused (klient_id, staatus_id, tarneviis_id, kogusumma) VALUES (478, 4, 3, 0);
INSERT INTO tellimuse_read (tellimus_id, toode_id, kogus, uhikuhind) VALUES (277, 38, 1, 1049.43);
UPDATE tellimused SET kogusumma = 1049.43 WHERE id = 277;
INSERT INTO arved (tellimus_id, number, kuupaev, maksetahtaeg, tasutud) VALUES (277, 'ARV-2026-00277', CURRENT_DATE(), CURRENT_DATE(), 1);
INSERT INTO maksed (arve_id, makseviis_id, summa) VALUES (277, 2, 1049.43);
INSERT INTO tellimused (klient_id, staatus_id, tarneviis_id, kogusumma) VALUES (498, 1, 2, 0);
INSERT INTO tellimuse_read (tellimus_id, toode_id, kogus, uhikuhind) VALUES (278, 37, 4, 1435.53);
INSERT INTO tellimuse_read (tellimus_id, toode_id, kogus, uhikuhind) VALUES (278, 11, 1, 980.79);
INSERT INTO tellimuse_read (tellimus_id, toode_id, kogus, uhikuhind) VALUES (278, 115, 4, 471.15);
INSERT INTO tellimuse_read (tellimus_id, toode_id, kogus, uhikuhind) VALUES (278, 78, 3, 257.32);
INSERT INTO tellimuse_read (tellimus_id, toode_id, kogus, uhikuhind) VALUES (278, 123, 3, 840.5);
UPDATE tellimused SET kogusumma = 11903.87 WHERE id = 278;
INSERT INTO arved (tellimus_id, number, kuupaev, maksetahtaeg, tasutud) VALUES (278, 'ARV-2026-00278', CURRENT_DATE(), CURRENT_DATE(), 0);
INSERT INTO tellimused (klient_id, staatus_id, tarneviis_id, kogusumma) VALUES (86, 2, 2, 0);
INSERT INTO tellimuse_read (tellimus_id, toode_id, kogus, uhikuhind) VALUES (279, 130, 2, 1034.54);
INSERT INTO tellimuse_read (tellimus_id, toode_id, kogus, uhikuhind) VALUES (279, 148, 1, 184.12);
UPDATE tellimused SET kogusumma = 2256.1 WHERE id = 279;
INSERT INTO arved (tellimus_id, number, kuupaev, maksetahtaeg, tasutud) VALUES (279, 'ARV-2026-00279', CURRENT_DATE(), CURRENT_DATE(), 0);
INSERT INTO tellimused (klient_id, staatus_id, tarneviis_id, kogusumma) VALUES (20, 1, 2, 0);
INSERT INTO tellimuse_read (tellimus_id, toode_id, kogus, uhikuhind) VALUES (280, 37, 4, 1435.53);
INSERT INTO tellimuse_read (tellimus_id, toode_id, kogus, uhikuhind) VALUES (280, 97, 4, 985.9);
INSERT INTO tellimuse_read (tellimus_id, toode_id, kogus, uhikuhind) VALUES (280, 7, 2, 260.98);
INSERT INTO tellimuse_read (tellimus_id, toode_id, kogus, uhikuhind) VALUES (280, 142, 2, 1000.4);
INSERT INTO tellimuse_read (tellimus_id, toode_id, kogus, uhikuhind) VALUES (280, 113, 2, 1051.2);
UPDATE tellimused SET kogusumma = 14313.78 WHERE id = 280;
INSERT INTO arved (tellimus_id, number, kuupaev, maksetahtaeg, tasutud) VALUES (280, 'ARV-2026-00280', CURRENT_DATE(), CURRENT_DATE(), 0);
INSERT INTO tellimused (klient_id, staatus_id, tarneviis_id, kogusumma) VALUES (81, 1, 3, 0);
INSERT INTO tellimuse_read (tellimus_id, toode_id, kogus, uhikuhind) VALUES (281, 103, 3, 1221.75);
INSERT INTO tellimuse_read (tellimus_id, toode_id, kogus, uhikuhind) VALUES (281, 15, 1, 801.46);
UPDATE tellimused SET kogusumma = 4466.71 WHERE id = 281;
INSERT INTO arved (tellimus_id, number, kuupaev, maksetahtaeg, tasutud) VALUES (281, 'ARV-2026-00281', CURRENT_DATE(), CURRENT_DATE(), 0);
INSERT INTO tellimused (klient_id, staatus_id, tarneviis_id, kogusumma) VALUES (20, 2, 2, 0);
INSERT INTO tellimuse_read (tellimus_id, toode_id, kogus, uhikuhind) VALUES (282, 17, 2, 399.17);
INSERT INTO tellimuse_read (tellimus_id, toode_id, kogus, uhikuhind) VALUES (282, 144, 4, 795.84);
INSERT INTO tellimuse_read (tellimus_id, toode_id, kogus, uhikuhind) VALUES (282, 34, 3, 704.2);
UPDATE tellimused SET kogusumma = 6097.2 WHERE id = 282;
INSERT INTO arved (tellimus_id, number, kuupaev, maksetahtaeg, tasutud) VALUES (282, 'ARV-2026-00282', CURRENT_DATE(), CURRENT_DATE(), 0);
INSERT INTO tellimused (klient_id, staatus_id, tarneviis_id, kogusumma) VALUES (338, 2, 3, 0);
INSERT INTO tellimuse_read (tellimus_id, toode_id, kogus, uhikuhind) VALUES (283, 74, 2, 392.93);
INSERT INTO tellimuse_read (tellimus_id, toode_id, kogus, uhikuhind) VALUES (283, 67, 4, 997.44);
INSERT INTO tellimuse_read (tellimus_id, toode_id, kogus, uhikuhind) VALUES (283, 131, 4, 486.56);
UPDATE tellimused SET kogusumma = 6721.86 WHERE id = 283;
INSERT INTO arved (tellimus_id, number, kuupaev, maksetahtaeg, tasutud) VALUES (283, 'ARV-2026-00283', CURRENT_DATE(), CURRENT_DATE(), 0);
INSERT INTO tellimused (klient_id, staatus_id, tarneviis_id, kogusumma) VALUES (178, 2, 2, 0);
INSERT INTO tellimuse_read (tellimus_id, toode_id, kogus, uhikuhind) VALUES (284, 64, 1, 1054.16);
UPDATE tellimused SET kogusumma = 1057.06 WHERE id = 284;
INSERT INTO arved (tellimus_id, number, kuupaev, maksetahtaeg, tasutud) VALUES (284, 'ARV-2026-00284', CURRENT_DATE(), CURRENT_DATE(), 0);
INSERT INTO tellimused (klient_id, staatus_id, tarneviis_id, kogusumma) VALUES (342, 3, 2, 0);
INSERT INTO tellimuse_read (tellimus_id, toode_id, kogus, uhikuhind) VALUES (285, 134, 1, 28.46);
INSERT INTO tellimuse_read (tellimus_id, toode_id, kogus, uhikuhind) VALUES (285, 43, 1, 549.01);
INSERT INTO tellimuse_read (tellimus_id, toode_id, kogus, uhikuhind) VALUES (285, 56, 1, 1414.95);
UPDATE tellimused SET kogusumma = 1995.32 WHERE id = 285;
INSERT INTO arved (tellimus_id, number, kuupaev, maksetahtaeg, tasutud) VALUES (285, 'ARV-2026-00285', CURRENT_DATE(), CURRENT_DATE(), 1);
INSERT INTO maksed (arve_id, makseviis_id, summa) VALUES (285, 2, 1995.32);
INSERT INTO tellimused (klient_id, staatus_id, tarneviis_id, kogusumma) VALUES (404, 3, 3, 0);
INSERT INTO tellimuse_read (tellimus_id, toode_id, kogus, uhikuhind) VALUES (286, 29, 2, 1404.27);
UPDATE tellimused SET kogusumma = 2808.54 WHERE id = 286;
INSERT INTO arved (tellimus_id, number, kuupaev, maksetahtaeg, tasutud) VALUES (286, 'ARV-2026-00286', CURRENT_DATE(), CURRENT_DATE(), 1);
INSERT INTO maksed (arve_id, makseviis_id, summa) VALUES (286, 2, 2808.54);
INSERT INTO tellimused (klient_id, staatus_id, tarneviis_id, kogusumma) VALUES (204, 2, 1, 0);
INSERT INTO tellimuse_read (tellimus_id, toode_id, kogus, uhikuhind) VALUES (287, 148, 3, 184.12);
UPDATE tellimused SET kogusumma = 558.26 WHERE id = 287;
INSERT INTO arved (tellimus_id, number, kuupaev, maksetahtaeg, tasutud) VALUES (287, 'ARV-2026-00287', CURRENT_DATE(), CURRENT_DATE(), 0);
INSERT INTO tellimused (klient_id, staatus_id, tarneviis_id, kogusumma) VALUES (249, 1, 2, 0);
INSERT INTO tellimuse_read (tellimus_id, toode_id, kogus, uhikuhind) VALUES (288, 127, 2, 133.59);
INSERT INTO tellimuse_read (tellimus_id, toode_id, kogus, uhikuhind) VALUES (288, 73, 2, 211.88);
INSERT INTO tellimuse_read (tellimus_id, toode_id, kogus, uhikuhind) VALUES (288, 150, 2, 580.23);
INSERT INTO tellimuse_read (tellimus_id, toode_id, kogus, uhikuhind) VALUES (288, 138, 3, 1372.15);
UPDATE tellimused SET kogusumma = 5970.75 WHERE id = 288;
INSERT INTO arved (tellimus_id, number, kuupaev, maksetahtaeg, tasutud) VALUES (288, 'ARV-2026-00288', CURRENT_DATE(), CURRENT_DATE(), 0);
INSERT INTO tellimused (klient_id, staatus_id, tarneviis_id, kogusumma) VALUES (39, 2, 2, 0);
INSERT INTO tellimuse_read (tellimus_id, toode_id, kogus, uhikuhind) VALUES (289, 147, 4, 576.36);
UPDATE tellimused SET kogusumma = 2308.34 WHERE id = 289;
INSERT INTO arved (tellimus_id, number, kuupaev, maksetahtaeg, tasutud) VALUES (289, 'ARV-2026-00289', CURRENT_DATE(), CURRENT_DATE(), 0);
INSERT INTO tellimused (klient_id, staatus_id, tarneviis_id, kogusumma) VALUES (205, 2, 1, 0);
INSERT INTO tellimuse_read (tellimus_id, toode_id, kogus, uhikuhind) VALUES (290, 1, 1, 284.93);
INSERT INTO tellimuse_read (tellimus_id, toode_id, kogus, uhikuhind) VALUES (290, 16, 2, 131.01);
INSERT INTO tellimuse_read (tellimus_id, toode_id, kogus, uhikuhind) VALUES (290, 41, 2, 757.66);
INSERT INTO tellimuse_read (tellimus_id, toode_id, kogus, uhikuhind) VALUES (290, 125, 4, 987.42);
INSERT INTO tellimuse_read (tellimus_id, toode_id, kogus, uhikuhind) VALUES (290, 107, 3, 1262.41);
UPDATE tellimused SET kogusumma = 9805.08 WHERE id = 290;
INSERT INTO arved (tellimus_id, number, kuupaev, maksetahtaeg, tasutud) VALUES (290, 'ARV-2026-00290', CURRENT_DATE(), CURRENT_DATE(), 0);
INSERT INTO tellimused (klient_id, staatus_id, tarneviis_id, kogusumma) VALUES (44, 4, 3, 0);
INSERT INTO tellimuse_read (tellimus_id, toode_id, kogus, uhikuhind) VALUES (291, 22, 1, 1215.75);
UPDATE tellimused SET kogusumma = 1215.75 WHERE id = 291;
INSERT INTO arved (tellimus_id, number, kuupaev, maksetahtaeg, tasutud) VALUES (291, 'ARV-2026-00291', CURRENT_DATE(), CURRENT_DATE(), 1);
INSERT INTO maksed (arve_id, makseviis_id, summa) VALUES (291, 2, 1215.75);
INSERT INTO tellimused (klient_id, staatus_id, tarneviis_id, kogusumma) VALUES (125, 3, 1, 0);
INSERT INTO tellimuse_read (tellimus_id, toode_id, kogus, uhikuhind) VALUES (292, 76, 1, 491.88);
INSERT INTO tellimuse_read (tellimus_id, toode_id, kogus, uhikuhind) VALUES (292, 76, 4, 491.88);
INSERT INTO tellimuse_read (tellimus_id, toode_id, kogus, uhikuhind) VALUES (292, 68, 1, 1408.93);
UPDATE tellimused SET kogusumma = 3874.23 WHERE id = 292;
INSERT INTO arved (tellimus_id, number, kuupaev, maksetahtaeg, tasutud) VALUES (292, 'ARV-2026-00292', CURRENT_DATE(), CURRENT_DATE(), 1);
INSERT INTO maksed (arve_id, makseviis_id, summa) VALUES (292, 2, 3874.23);
INSERT INTO tellimused (klient_id, staatus_id, tarneviis_id, kogusumma) VALUES (95, 1, 3, 0);
INSERT INTO tellimuse_read (tellimus_id, toode_id, kogus, uhikuhind) VALUES (293, 132, 3, 769.72);
INSERT INTO tellimuse_read (tellimus_id, toode_id, kogus, uhikuhind) VALUES (293, 138, 4, 1372.15);
INSERT INTO tellimuse_read (tellimus_id, toode_id, kogus, uhikuhind) VALUES (293, 3, 1, 905.41);
INSERT INTO tellimuse_read (tellimus_id, toode_id, kogus, uhikuhind) VALUES (293, 32, 4, 84.37);
INSERT INTO tellimuse_read (tellimus_id, toode_id, kogus, uhikuhind) VALUES (293, 81, 2, 764.27);
UPDATE tellimused SET kogusumma = 10569.19 WHERE id = 293;
INSERT INTO arved (tellimus_id, number, kuupaev, maksetahtaeg, tasutud) VALUES (293, 'ARV-2026-00293', CURRENT_DATE(), CURRENT_DATE(), 0);
INSERT INTO tellimused (klient_id, staatus_id, tarneviis_id, kogusumma) VALUES (222, 4, 1, 0);
INSERT INTO tellimuse_read (tellimus_id, toode_id, kogus, uhikuhind) VALUES (294, 2, 2, 591.98);
INSERT INTO tellimuse_read (tellimus_id, toode_id, kogus, uhikuhind) VALUES (294, 118, 4, 529.61);
INSERT INTO tellimuse_read (tellimus_id, toode_id, kogus, uhikuhind) VALUES (294, 41, 2, 757.66);
INSERT INTO tellimuse_read (tellimus_id, toode_id, kogus, uhikuhind) VALUES (294, 46, 4, 1318.99);
UPDATE tellimused SET kogusumma = 10099.58 WHERE id = 294;
INSERT INTO arved (tellimus_id, number, kuupaev, maksetahtaeg, tasutud) VALUES (294, 'ARV-2026-00294', CURRENT_DATE(), CURRENT_DATE(), 1);
INSERT INTO maksed (arve_id, makseviis_id, summa) VALUES (294, 2, 10099.58);
INSERT INTO tellimused (klient_id, staatus_id, tarneviis_id, kogusumma) VALUES (432, 1, 1, 0);
INSERT INTO tellimuse_read (tellimus_id, toode_id, kogus, uhikuhind) VALUES (295, 110, 2, 940.17);
INSERT INTO tellimuse_read (tellimus_id, toode_id, kogus, uhikuhind) VALUES (295, 105, 2, 1195.5);
UPDATE tellimused SET kogusumma = 4277.24 WHERE id = 295;
INSERT INTO arved (tellimus_id, number, kuupaev, maksetahtaeg, tasutud) VALUES (295, 'ARV-2026-00295', CURRENT_DATE(), CURRENT_DATE(), 0);
INSERT INTO tellimused (klient_id, staatus_id, tarneviis_id, kogusumma) VALUES (101, 3, 1, 0);
INSERT INTO tellimuse_read (tellimus_id, toode_id, kogus, uhikuhind) VALUES (296, 17, 4, 399.17);
INSERT INTO tellimuse_read (tellimus_id, toode_id, kogus, uhikuhind) VALUES (296, 57, 1, 659.85);
UPDATE tellimused SET kogusumma = 2262.43 WHERE id = 296;
INSERT INTO arved (tellimus_id, number, kuupaev, maksetahtaeg, tasutud) VALUES (296, 'ARV-2026-00296', CURRENT_DATE(), CURRENT_DATE(), 1);
INSERT INTO maksed (arve_id, makseviis_id, summa) VALUES (296, 1, 2262.43);
INSERT INTO tellimused (klient_id, staatus_id, tarneviis_id, kogusumma) VALUES (355, 1, 1, 0);
INSERT INTO tellimuse_read (tellimus_id, toode_id, kogus, uhikuhind) VALUES (297, 6, 4, 1448.04);
INSERT INTO tellimuse_read (tellimus_id, toode_id, kogus, uhikuhind) VALUES (297, 23, 4, 1051.56);
UPDATE tellimused SET kogusumma = 10004.3 WHERE id = 297;
INSERT INTO arved (tellimus_id, number, kuupaev, maksetahtaeg, tasutud) VALUES (297, 'ARV-2026-00297', CURRENT_DATE(), CURRENT_DATE(), 0);
INSERT INTO tellimused (klient_id, staatus_id, tarneviis_id, kogusumma) VALUES (231, 2, 1, 0);
INSERT INTO tellimuse_read (tellimus_id, toode_id, kogus, uhikuhind) VALUES (298, 58, 3, 1038.18);
INSERT INTO tellimuse_read (tellimus_id, toode_id, kogus, uhikuhind) VALUES (298, 129, 4, 869.54);
INSERT INTO tellimuse_read (tellimus_id, toode_id, kogus, uhikuhind) VALUES (298, 47, 2, 1136.92);
UPDATE tellimused SET kogusumma = 8872.44 WHERE id = 298;
INSERT INTO arved (tellimus_id, number, kuupaev, maksetahtaeg, tasutud) VALUES (298, 'ARV-2026-00298', CURRENT_DATE(), CURRENT_DATE(), 0);
INSERT INTO tellimused (klient_id, staatus_id, tarneviis_id, kogusumma) VALUES (465, 3, 3, 0);
INSERT INTO tellimuse_read (tellimus_id, toode_id, kogus, uhikuhind) VALUES (299, 62, 3, 728.03);
INSERT INTO tellimuse_read (tellimus_id, toode_id, kogus, uhikuhind) VALUES (299, 91, 4, 238.14);
INSERT INTO tellimuse_read (tellimus_id, toode_id, kogus, uhikuhind) VALUES (299, 92, 3, 707.08);
UPDATE tellimused SET kogusumma = 5257.89 WHERE id = 299;
INSERT INTO arved (tellimus_id, number, kuupaev, maksetahtaeg, tasutud) VALUES (299, 'ARV-2026-00299', CURRENT_DATE(), CURRENT_DATE(), 1);
INSERT INTO maksed (arve_id, makseviis_id, summa) VALUES (299, 3, 5257.89);
INSERT INTO tellimused (klient_id, staatus_id, tarneviis_id, kogusumma) VALUES (62, 2, 2, 0);
INSERT INTO tellimuse_read (tellimus_id, toode_id, kogus, uhikuhind) VALUES (300, 42, 1, 744.92);
INSERT INTO tellimuse_read (tellimus_id, toode_id, kogus, uhikuhind) VALUES (300, 69, 3, 785.52);
INSERT INTO tellimuse_read (tellimus_id, toode_id, kogus, uhikuhind) VALUES (300, 137, 4, 934.56);
INSERT INTO tellimuse_read (tellimus_id, toode_id, kogus, uhikuhind) VALUES (300, 63, 1, 739.53);
UPDATE tellimused SET kogusumma = 7582.15 WHERE id = 300;
INSERT INTO arved (tellimus_id, number, kuupaev, maksetahtaeg, tasutud) VALUES (300, 'ARV-2026-00300', CURRENT_DATE(), CURRENT_DATE(), 0);
INSERT INTO tellimused (klient_id, staatus_id, tarneviis_id, kogusumma) VALUES (391, 1, 3, 0);
INSERT INTO tellimuse_read (tellimus_id, toode_id, kogus, uhikuhind) VALUES (301, 29, 2, 1404.27);
INSERT INTO tellimuse_read (tellimus_id, toode_id, kogus, uhikuhind) VALUES (301, 30, 1, 417.38);
INSERT INTO tellimuse_read (tellimus_id, toode_id, kogus, uhikuhind) VALUES (301, 84, 4, 1389.02);
INSERT INTO tellimuse_read (tellimus_id, toode_id, kogus, uhikuhind) VALUES (301, 7, 4, 260.98);
INSERT INTO tellimuse_read (tellimus_id, toode_id, kogus, uhikuhind) VALUES (301, 14, 1, 950.37);
UPDATE tellimused SET kogusumma = 10776.29 WHERE id = 301;
INSERT INTO arved (tellimus_id, number, kuupaev, maksetahtaeg, tasutud) VALUES (301, 'ARV-2026-00301', CURRENT_DATE(), CURRENT_DATE(), 0);
INSERT INTO tellimused (klient_id, staatus_id, tarneviis_id, kogusumma) VALUES (360, 2, 2, 0);
INSERT INTO tellimuse_read (tellimus_id, toode_id, kogus, uhikuhind) VALUES (302, 11, 3, 980.79);
INSERT INTO tellimuse_read (tellimus_id, toode_id, kogus, uhikuhind) VALUES (302, 91, 1, 238.14);
UPDATE tellimused SET kogusumma = 3183.41 WHERE id = 302;
INSERT INTO arved (tellimus_id, number, kuupaev, maksetahtaeg, tasutud) VALUES (302, 'ARV-2026-00302', CURRENT_DATE(), CURRENT_DATE(), 0);
INSERT INTO tellimused (klient_id, staatus_id, tarneviis_id, kogusumma) VALUES (356, 2, 2, 0);
INSERT INTO tellimuse_read (tellimus_id, toode_id, kogus, uhikuhind) VALUES (303, 91, 3, 238.14);
UPDATE tellimused SET kogusumma = 717.32 WHERE id = 303;
INSERT INTO arved (tellimus_id, number, kuupaev, maksetahtaeg, tasutud) VALUES (303, 'ARV-2026-00303', CURRENT_DATE(), CURRENT_DATE(), 0);
INSERT INTO tellimused (klient_id, staatus_id, tarneviis_id, kogusumma) VALUES (486, 4, 3, 0);
INSERT INTO tellimuse_read (tellimus_id, toode_id, kogus, uhikuhind) VALUES (304, 142, 3, 1000.4);
INSERT INTO tellimuse_read (tellimus_id, toode_id, kogus, uhikuhind) VALUES (304, 132, 3, 769.72);
INSERT INTO tellimuse_read (tellimus_id, toode_id, kogus, uhikuhind) VALUES (304, 62, 2, 728.03);
INSERT INTO tellimuse_read (tellimus_id, toode_id, kogus, uhikuhind) VALUES (304, 149, 2, 1250.69);
UPDATE tellimused SET kogusumma = 9267.8 WHERE id = 304;
INSERT INTO arved (tellimus_id, number, kuupaev, maksetahtaeg, tasutud) VALUES (304, 'ARV-2026-00304', CURRENT_DATE(), CURRENT_DATE(), 1);
INSERT INTO maksed (arve_id, makseviis_id, summa) VALUES (304, 3, 9267.8);
INSERT INTO tellimused (klient_id, staatus_id, tarneviis_id, kogusumma) VALUES (297, 4, 1, 0);
INSERT INTO tellimuse_read (tellimus_id, toode_id, kogus, uhikuhind) VALUES (305, 112, 3, 210.21);
UPDATE tellimused SET kogusumma = 636.53 WHERE id = 305;
INSERT INTO arved (tellimus_id, number, kuupaev, maksetahtaeg, tasutud) VALUES (305, 'ARV-2026-00305', CURRENT_DATE(), CURRENT_DATE(), 1);
INSERT INTO maksed (arve_id, makseviis_id, summa) VALUES (305, 1, 636.53);
INSERT INTO tellimused (klient_id, staatus_id, tarneviis_id, kogusumma) VALUES (342, 3, 3, 0);
INSERT INTO tellimuse_read (tellimus_id, toode_id, kogus, uhikuhind) VALUES (306, 130, 4, 1034.54);
INSERT INTO tellimuse_read (tellimus_id, toode_id, kogus, uhikuhind) VALUES (306, 43, 1, 549.01);
INSERT INTO tellimuse_read (tellimus_id, toode_id, kogus, uhikuhind) VALUES (306, 19, 4, 261.3);
UPDATE tellimused SET kogusumma = 5732.37 WHERE id = 306;
INSERT INTO arved (tellimus_id, number, kuupaev, maksetahtaeg, tasutud) VALUES (306, 'ARV-2026-00306', CURRENT_DATE(), CURRENT_DATE(), 1);
INSERT INTO maksed (arve_id, makseviis_id, summa) VALUES (306, 3, 5732.37);
INSERT INTO tellimused (klient_id, staatus_id, tarneviis_id, kogusumma) VALUES (147, 1, 3, 0);
INSERT INTO tellimuse_read (tellimus_id, toode_id, kogus, uhikuhind) VALUES (307, 116, 4, 479.92);
INSERT INTO tellimuse_read (tellimus_id, toode_id, kogus, uhikuhind) VALUES (307, 76, 1, 491.88);
UPDATE tellimused SET kogusumma = 2411.56 WHERE id = 307;
INSERT INTO arved (tellimus_id, number, kuupaev, maksetahtaeg, tasutud) VALUES (307, 'ARV-2026-00307', CURRENT_DATE(), CURRENT_DATE(), 0);
INSERT INTO tellimused (klient_id, staatus_id, tarneviis_id, kogusumma) VALUES (284, 4, 3, 0);
INSERT INTO tellimuse_read (tellimus_id, toode_id, kogus, uhikuhind) VALUES (308, 31, 3, 1083.57);
INSERT INTO tellimuse_read (tellimus_id, toode_id, kogus, uhikuhind) VALUES (308, 52, 1, 583.63);
INSERT INTO tellimuse_read (tellimus_id, toode_id, kogus, uhikuhind) VALUES (308, 121, 1, 537.16);
INSERT INTO tellimuse_read (tellimus_id, toode_id, kogus, uhikuhind) VALUES (308, 124, 4, 55.84);
INSERT INTO tellimuse_read (tellimus_id, toode_id, kogus, uhikuhind) VALUES (308, 138, 4, 1372.15);
UPDATE tellimused SET kogusumma = 10083.46 WHERE id = 308;
INSERT INTO arved (tellimus_id, number, kuupaev, maksetahtaeg, tasutud) VALUES (308, 'ARV-2026-00308', CURRENT_DATE(), CURRENT_DATE(), 1);
INSERT INTO maksed (arve_id, makseviis_id, summa) VALUES (308, 1, 10083.46);
INSERT INTO tellimused (klient_id, staatus_id, tarneviis_id, kogusumma) VALUES (259, 4, 3, 0);
INSERT INTO tellimuse_read (tellimus_id, toode_id, kogus, uhikuhind) VALUES (309, 122, 1, 809.39);
INSERT INTO tellimuse_read (tellimus_id, toode_id, kogus, uhikuhind) VALUES (309, 35, 4, 1210.41);
INSERT INTO tellimuse_read (tellimus_id, toode_id, kogus, uhikuhind) VALUES (309, 5, 2, 1281.46);
INSERT INTO tellimuse_read (tellimus_id, toode_id, kogus, uhikuhind) VALUES (309, 59, 2, 634.88);
INSERT INTO tellimuse_read (tellimus_id, toode_id, kogus, uhikuhind) VALUES (309, 77, 4, 730.23);
UPDATE tellimused SET kogusumma = 12404.63 WHERE id = 309;
INSERT INTO arved (tellimus_id, number, kuupaev, maksetahtaeg, tasutud) VALUES (309, 'ARV-2026-00309', CURRENT_DATE(), CURRENT_DATE(), 1);
INSERT INTO maksed (arve_id, makseviis_id, summa) VALUES (309, 3, 12404.63);
INSERT INTO tellimused (klient_id, staatus_id, tarneviis_id, kogusumma) VALUES (315, 3, 2, 0);
INSERT INTO tellimuse_read (tellimus_id, toode_id, kogus, uhikuhind) VALUES (310, 144, 4, 795.84);
INSERT INTO tellimuse_read (tellimus_id, toode_id, kogus, uhikuhind) VALUES (310, 86, 1, 1436.12);
INSERT INTO tellimuse_read (tellimus_id, toode_id, kogus, uhikuhind) VALUES (310, 50, 4, 1049.16);
UPDATE tellimused SET kogusumma = 8819.02 WHERE id = 310;
INSERT INTO arved (tellimus_id, number, kuupaev, maksetahtaeg, tasutud) VALUES (310, 'ARV-2026-00310', CURRENT_DATE(), CURRENT_DATE(), 1);
INSERT INTO maksed (arve_id, makseviis_id, summa) VALUES (310, 1, 8819.02);
INSERT INTO tellimused (klient_id, staatus_id, tarneviis_id, kogusumma) VALUES (473, 1, 1, 0);
INSERT INTO tellimuse_read (tellimus_id, toode_id, kogus, uhikuhind) VALUES (311, 127, 1, 133.59);
INSERT INTO tellimuse_read (tellimus_id, toode_id, kogus, uhikuhind) VALUES (311, 30, 3, 417.38);
INSERT INTO tellimuse_read (tellimus_id, toode_id, kogus, uhikuhind) VALUES (311, 88, 2, 904.75);
INSERT INTO tellimuse_read (tellimus_id, toode_id, kogus, uhikuhind) VALUES (311, 131, 2, 486.56);
INSERT INTO tellimuse_read (tellimus_id, toode_id, kogus, uhikuhind) VALUES (311, 115, 4, 471.15);
UPDATE tellimused SET kogusumma = 6058.85 WHERE id = 311;
INSERT INTO arved (tellimus_id, number, kuupaev, maksetahtaeg, tasutud) VALUES (311, 'ARV-2026-00311', CURRENT_DATE(), CURRENT_DATE(), 0);
INSERT INTO tellimused (klient_id, staatus_id, tarneviis_id, kogusumma) VALUES (358, 4, 2, 0);
INSERT INTO tellimuse_read (tellimus_id, toode_id, kogus, uhikuhind) VALUES (312, 116, 2, 479.92);
INSERT INTO tellimuse_read (tellimus_id, toode_id, kogus, uhikuhind) VALUES (312, 29, 4, 1404.27);
INSERT INTO tellimuse_read (tellimus_id, toode_id, kogus, uhikuhind) VALUES (312, 64, 1, 1054.16);
UPDATE tellimused SET kogusumma = 7633.98 WHERE id = 312;
INSERT INTO arved (tellimus_id, number, kuupaev, maksetahtaeg, tasutud) VALUES (312, 'ARV-2026-00312', CURRENT_DATE(), CURRENT_DATE(), 1);
INSERT INTO maksed (arve_id, makseviis_id, summa) VALUES (312, 2, 7633.98);
INSERT INTO tellimused (klient_id, staatus_id, tarneviis_id, kogusumma) VALUES (293, 4, 3, 0);
INSERT INTO tellimuse_read (tellimus_id, toode_id, kogus, uhikuhind) VALUES (313, 90, 2, 864.74);
INSERT INTO tellimuse_read (tellimus_id, toode_id, kogus, uhikuhind) VALUES (313, 30, 3, 417.38);
INSERT INTO tellimuse_read (tellimus_id, toode_id, kogus, uhikuhind) VALUES (313, 141, 3, 190.7);
UPDATE tellimused SET kogusumma = 3553.72 WHERE id = 313;
INSERT INTO arved (tellimus_id, number, kuupaev, maksetahtaeg, tasutud) VALUES (313, 'ARV-2026-00313', CURRENT_DATE(), CURRENT_DATE(), 1);
INSERT INTO maksed (arve_id, makseviis_id, summa) VALUES (313, 2, 3553.72);
INSERT INTO tellimused (klient_id, staatus_id, tarneviis_id, kogusumma) VALUES (464, 4, 2, 0);
INSERT INTO tellimuse_read (tellimus_id, toode_id, kogus, uhikuhind) VALUES (314, 117, 1, 147.71);
INSERT INTO tellimuse_read (tellimus_id, toode_id, kogus, uhikuhind) VALUES (314, 78, 3, 257.32);
INSERT INTO tellimuse_read (tellimus_id, toode_id, kogus, uhikuhind) VALUES (314, 108, 2, 195.55);
UPDATE tellimused SET kogusumma = 1313.67 WHERE id = 314;
INSERT INTO arved (tellimus_id, number, kuupaev, maksetahtaeg, tasutud) VALUES (314, 'ARV-2026-00314', CURRENT_DATE(), CURRENT_DATE(), 1);
INSERT INTO maksed (arve_id, makseviis_id, summa) VALUES (314, 1, 1313.67);
INSERT INTO tellimused (klient_id, staatus_id, tarneviis_id, kogusumma) VALUES (61, 1, 3, 0);
INSERT INTO tellimuse_read (tellimus_id, toode_id, kogus, uhikuhind) VALUES (315, 44, 3, 226.18);
UPDATE tellimused SET kogusumma = 678.54 WHERE id = 315;
INSERT INTO arved (tellimus_id, number, kuupaev, maksetahtaeg, tasutud) VALUES (315, 'ARV-2026-00315', CURRENT_DATE(), CURRENT_DATE(), 0);
INSERT INTO tellimused (klient_id, staatus_id, tarneviis_id, kogusumma) VALUES (217, 2, 2, 0);
INSERT INTO tellimuse_read (tellimus_id, toode_id, kogus, uhikuhind) VALUES (316, 22, 4, 1215.75);
INSERT INTO tellimuse_read (tellimus_id, toode_id, kogus, uhikuhind) VALUES (316, 126, 3, 1203.18);
INSERT INTO tellimuse_read (tellimus_id, toode_id, kogus, uhikuhind) VALUES (316, 71, 2, 1393.75);
INSERT INTO tellimuse_read (tellimus_id, toode_id, kogus, uhikuhind) VALUES (316, 112, 1, 210.21);
UPDATE tellimused SET kogusumma = 11473.15 WHERE id = 316;
INSERT INTO arved (tellimus_id, number, kuupaev, maksetahtaeg, tasutud) VALUES (316, 'ARV-2026-00316', CURRENT_DATE(), CURRENT_DATE(), 0);
INSERT INTO tellimused (klient_id, staatus_id, tarneviis_id, kogusumma) VALUES (164, 2, 3, 0);
INSERT INTO tellimuse_read (tellimus_id, toode_id, kogus, uhikuhind) VALUES (317, 135, 2, 101.4);
INSERT INTO tellimuse_read (tellimus_id, toode_id, kogus, uhikuhind) VALUES (317, 92, 1, 707.08);
INSERT INTO tellimuse_read (tellimus_id, toode_id, kogus, uhikuhind) VALUES (317, 111, 2, 1205.16);
INSERT INTO tellimuse_read (tellimus_id, toode_id, kogus, uhikuhind) VALUES (317, 55, 4, 21.4);
INSERT INTO tellimuse_read (tellimus_id, toode_id, kogus, uhikuhind) VALUES (317, 7, 2, 260.98);
UPDATE tellimused SET kogusumma = 3927.76 WHERE id = 317;
INSERT INTO arved (tellimus_id, number, kuupaev, maksetahtaeg, tasutud) VALUES (317, 'ARV-2026-00317', CURRENT_DATE(), CURRENT_DATE(), 0);
INSERT INTO tellimused (klient_id, staatus_id, tarneviis_id, kogusumma) VALUES (14, 3, 1, 0);
INSERT INTO tellimuse_read (tellimus_id, toode_id, kogus, uhikuhind) VALUES (318, 66, 1, 712.62);
UPDATE tellimused SET kogusumma = 718.52 WHERE id = 318;
INSERT INTO arved (tellimus_id, number, kuupaev, maksetahtaeg, tasutud) VALUES (318, 'ARV-2026-00318', CURRENT_DATE(), CURRENT_DATE(), 1);
INSERT INTO maksed (arve_id, makseviis_id, summa) VALUES (318, 3, 718.52);
INSERT INTO tellimused (klient_id, staatus_id, tarneviis_id, kogusumma) VALUES (243, 1, 1, 0);
INSERT INTO tellimuse_read (tellimus_id, toode_id, kogus, uhikuhind) VALUES (319, 144, 1, 795.84);
UPDATE tellimused SET kogusumma = 801.74 WHERE id = 319;
INSERT INTO arved (tellimus_id, number, kuupaev, maksetahtaeg, tasutud) VALUES (319, 'ARV-2026-00319', CURRENT_DATE(), CURRENT_DATE(), 0);
INSERT INTO tellimused (klient_id, staatus_id, tarneviis_id, kogusumma) VALUES (15, 2, 2, 0);
INSERT INTO tellimuse_read (tellimus_id, toode_id, kogus, uhikuhind) VALUES (320, 106, 3, 852.04);
UPDATE tellimused SET kogusumma = 2559.02 WHERE id = 320;
INSERT INTO arved (tellimus_id, number, kuupaev, maksetahtaeg, tasutud) VALUES (320, 'ARV-2026-00320', CURRENT_DATE(), CURRENT_DATE(), 0);
INSERT INTO tellimused (klient_id, staatus_id, tarneviis_id, kogusumma) VALUES (102, 4, 3, 0);
INSERT INTO tellimuse_read (tellimus_id, toode_id, kogus, uhikuhind) VALUES (321, 1, 4, 284.93);
INSERT INTO tellimuse_read (tellimus_id, toode_id, kogus, uhikuhind) VALUES (321, 3, 4, 905.41);
INSERT INTO tellimuse_read (tellimus_id, toode_id, kogus, uhikuhind) VALUES (321, 12, 3, 51.28);
INSERT INTO tellimuse_read (tellimus_id, toode_id, kogus, uhikuhind) VALUES (321, 104, 4, 709.29);
UPDATE tellimused SET kogusumma = 7752.36 WHERE id = 321;
INSERT INTO arved (tellimus_id, number, kuupaev, maksetahtaeg, tasutud) VALUES (321, 'ARV-2026-00321', CURRENT_DATE(), CURRENT_DATE(), 1);
INSERT INTO maksed (arve_id, makseviis_id, summa) VALUES (321, 1, 7752.36);
INSERT INTO tellimused (klient_id, staatus_id, tarneviis_id, kogusumma) VALUES (215, 4, 3, 0);
INSERT INTO tellimuse_read (tellimus_id, toode_id, kogus, uhikuhind) VALUES (322, 48, 2, 650.28);
UPDATE tellimused SET kogusumma = 1300.56 WHERE id = 322;
INSERT INTO arved (tellimus_id, number, kuupaev, maksetahtaeg, tasutud) VALUES (322, 'ARV-2026-00322', CURRENT_DATE(), CURRENT_DATE(), 1);
INSERT INTO maksed (arve_id, makseviis_id, summa) VALUES (322, 3, 1300.56);
INSERT INTO tellimused (klient_id, staatus_id, tarneviis_id, kogusumma) VALUES (215, 1, 2, 0);
INSERT INTO tellimuse_read (tellimus_id, toode_id, kogus, uhikuhind) VALUES (323, 56, 1, 1414.95);
INSERT INTO tellimuse_read (tellimus_id, toode_id, kogus, uhikuhind) VALUES (323, 110, 4, 940.17);
INSERT INTO tellimuse_read (tellimus_id, toode_id, kogus, uhikuhind) VALUES (323, 86, 1, 1436.12);
UPDATE tellimused SET kogusumma = 6614.65 WHERE id = 323;
INSERT INTO arved (tellimus_id, number, kuupaev, maksetahtaeg, tasutud) VALUES (323, 'ARV-2026-00323', CURRENT_DATE(), CURRENT_DATE(), 0);
INSERT INTO tellimused (klient_id, staatus_id, tarneviis_id, kogusumma) VALUES (166, 4, 2, 0);
INSERT INTO tellimuse_read (tellimus_id, toode_id, kogus, uhikuhind) VALUES (324, 109, 1, 151.7);
INSERT INTO tellimuse_read (tellimus_id, toode_id, kogus, uhikuhind) VALUES (324, 55, 2, 21.4);
INSERT INTO tellimuse_read (tellimus_id, toode_id, kogus, uhikuhind) VALUES (324, 78, 2, 257.32);
INSERT INTO tellimuse_read (tellimus_id, toode_id, kogus, uhikuhind) VALUES (324, 8, 3, 1270.6);
UPDATE tellimused SET kogusumma = 4523.84 WHERE id = 324;
INSERT INTO arved (tellimus_id, number, kuupaev, maksetahtaeg, tasutud) VALUES (324, 'ARV-2026-00324', CURRENT_DATE(), CURRENT_DATE(), 1);
INSERT INTO maksed (arve_id, makseviis_id, summa) VALUES (324, 1, 4523.84);
INSERT INTO tellimused (klient_id, staatus_id, tarneviis_id, kogusumma) VALUES (240, 2, 3, 0);
INSERT INTO tellimuse_read (tellimus_id, toode_id, kogus, uhikuhind) VALUES (325, 131, 2, 486.56);
INSERT INTO tellimuse_read (tellimus_id, toode_id, kogus, uhikuhind) VALUES (325, 4, 2, 908.2);
INSERT INTO tellimuse_read (tellimus_id, toode_id, kogus, uhikuhind) VALUES (325, 88, 2, 904.75);
INSERT INTO tellimuse_read (tellimus_id, toode_id, kogus, uhikuhind) VALUES (325, 71, 2, 1393.75);
UPDATE tellimused SET kogusumma = 7386.52 WHERE id = 325;
INSERT INTO arved (tellimus_id, number, kuupaev, maksetahtaeg, tasutud) VALUES (325, 'ARV-2026-00325', CURRENT_DATE(), CURRENT_DATE(), 0);
INSERT INTO tellimused (klient_id, staatus_id, tarneviis_id, kogusumma) VALUES (380, 4, 2, 0);
INSERT INTO tellimuse_read (tellimus_id, toode_id, kogus, uhikuhind) VALUES (326, 22, 1, 1215.75);
INSERT INTO tellimuse_read (tellimus_id, toode_id, kogus, uhikuhind) VALUES (326, 95, 4, 1375.85);
UPDATE tellimused SET kogusumma = 6722.05 WHERE id = 326;
INSERT INTO arved (tellimus_id, number, kuupaev, maksetahtaeg, tasutud) VALUES (326, 'ARV-2026-00326', CURRENT_DATE(), CURRENT_DATE(), 1);
INSERT INTO maksed (arve_id, makseviis_id, summa) VALUES (326, 1, 6722.05);
INSERT INTO tellimused (klient_id, staatus_id, tarneviis_id, kogusumma) VALUES (256, 4, 2, 0);
INSERT INTO tellimuse_read (tellimus_id, toode_id, kogus, uhikuhind) VALUES (327, 108, 1, 195.55);
INSERT INTO tellimuse_read (tellimus_id, toode_id, kogus, uhikuhind) VALUES (327, 114, 4, 805.9);
INSERT INTO tellimuse_read (tellimus_id, toode_id, kogus, uhikuhind) VALUES (327, 104, 1, 709.29);
INSERT INTO tellimuse_read (tellimus_id, toode_id, kogus, uhikuhind) VALUES (327, 150, 1, 580.23);
INSERT INTO tellimuse_read (tellimus_id, toode_id, kogus, uhikuhind) VALUES (327, 15, 3, 801.46);
UPDATE tellimused SET kogusumma = 7115.95 WHERE id = 327;
INSERT INTO arved (tellimus_id, number, kuupaev, maksetahtaeg, tasutud) VALUES (327, 'ARV-2026-00327', CURRENT_DATE(), CURRENT_DATE(), 1);
INSERT INTO maksed (arve_id, makseviis_id, summa) VALUES (327, 3, 7115.95);
INSERT INTO tellimused (klient_id, staatus_id, tarneviis_id, kogusumma) VALUES (426, 2, 2, 0);
INSERT INTO tellimuse_read (tellimus_id, toode_id, kogus, uhikuhind) VALUES (328, 100, 2, 633.82);
INSERT INTO tellimuse_read (tellimus_id, toode_id, kogus, uhikuhind) VALUES (328, 100, 3, 633.82);
INSERT INTO tellimuse_read (tellimus_id, toode_id, kogus, uhikuhind) VALUES (328, 31, 4, 1083.57);
INSERT INTO tellimuse_read (tellimus_id, toode_id, kogus, uhikuhind) VALUES (328, 88, 4, 904.75);
UPDATE tellimused SET kogusumma = 11125.28 WHERE id = 328;
INSERT INTO arved (tellimus_id, number, kuupaev, maksetahtaeg, tasutud) VALUES (328, 'ARV-2026-00328', CURRENT_DATE(), CURRENT_DATE(), 0);
INSERT INTO tellimused (klient_id, staatus_id, tarneviis_id, kogusumma) VALUES (325, 1, 2, 0);
INSERT INTO tellimuse_read (tellimus_id, toode_id, kogus, uhikuhind) VALUES (329, 11, 4, 980.79);
INSERT INTO tellimuse_read (tellimus_id, toode_id, kogus, uhikuhind) VALUES (329, 84, 3, 1389.02);
INSERT INTO tellimuse_read (tellimus_id, toode_id, kogus, uhikuhind) VALUES (329, 138, 1, 1372.15);
UPDATE tellimused SET kogusumma = 9465.27 WHERE id = 329;
INSERT INTO arved (tellimus_id, number, kuupaev, maksetahtaeg, tasutud) VALUES (329, 'ARV-2026-00329', CURRENT_DATE(), CURRENT_DATE(), 0);
INSERT INTO tellimused (klient_id, staatus_id, tarneviis_id, kogusumma) VALUES (314, 1, 3, 0);
INSERT INTO tellimuse_read (tellimus_id, toode_id, kogus, uhikuhind) VALUES (330, 143, 4, 291.2);
INSERT INTO tellimuse_read (tellimus_id, toode_id, kogus, uhikuhind) VALUES (330, 60, 4, 433.47);
INSERT INTO tellimuse_read (tellimus_id, toode_id, kogus, uhikuhind) VALUES (330, 74, 1, 392.93);
INSERT INTO tellimuse_read (tellimus_id, toode_id, kogus, uhikuhind) VALUES (330, 103, 2, 1221.75);
UPDATE tellimused SET kogusumma = 5735.11 WHERE id = 330;
INSERT INTO arved (tellimus_id, number, kuupaev, maksetahtaeg, tasutud) VALUES (330, 'ARV-2026-00330', CURRENT_DATE(), CURRENT_DATE(), 0);
INSERT INTO tellimused (klient_id, staatus_id, tarneviis_id, kogusumma) VALUES (432, 3, 2, 0);
INSERT INTO tellimuse_read (tellimus_id, toode_id, kogus, uhikuhind) VALUES (331, 142, 4, 1000.4);
INSERT INTO tellimuse_read (tellimus_id, toode_id, kogus, uhikuhind) VALUES (331, 48, 1, 650.28);
INSERT INTO tellimuse_read (tellimus_id, toode_id, kogus, uhikuhind) VALUES (331, 90, 4, 864.74);
INSERT INTO tellimuse_read (tellimus_id, toode_id, kogus, uhikuhind) VALUES (331, 77, 1, 730.23);
INSERT INTO tellimuse_read (tellimus_id, toode_id, kogus, uhikuhind) VALUES (331, 18, 2, 1301.05);
UPDATE tellimused SET kogusumma = 11446.07 WHERE id = 331;
INSERT INTO arved (tellimus_id, number, kuupaev, maksetahtaeg, tasutud) VALUES (331, 'ARV-2026-00331', CURRENT_DATE(), CURRENT_DATE(), 1);
INSERT INTO maksed (arve_id, makseviis_id, summa) VALUES (331, 3, 11446.07);
INSERT INTO tellimused (klient_id, staatus_id, tarneviis_id, kogusumma) VALUES (438, 1, 2, 0);
INSERT INTO tellimuse_read (tellimus_id, toode_id, kogus, uhikuhind) VALUES (332, 81, 3, 764.27);
INSERT INTO tellimuse_read (tellimus_id, toode_id, kogus, uhikuhind) VALUES (332, 105, 4, 1195.5);
INSERT INTO tellimuse_read (tellimus_id, toode_id, kogus, uhikuhind) VALUES (332, 3, 3, 905.41);
INSERT INTO tellimuse_read (tellimus_id, toode_id, kogus, uhikuhind) VALUES (332, 102, 4, 1447.41);
INSERT INTO tellimuse_read (tellimus_id, toode_id, kogus, uhikuhind) VALUES (332, 125, 3, 987.42);
UPDATE tellimused SET kogusumma = 18545.84 WHERE id = 332;
INSERT INTO arved (tellimus_id, number, kuupaev, maksetahtaeg, tasutud) VALUES (332, 'ARV-2026-00332', CURRENT_DATE(), CURRENT_DATE(), 0);
INSERT INTO tellimused (klient_id, staatus_id, tarneviis_id, kogusumma) VALUES (172, 4, 3, 0);
INSERT INTO tellimuse_read (tellimus_id, toode_id, kogus, uhikuhind) VALUES (333, 124, 3, 55.84);
INSERT INTO tellimuse_read (tellimus_id, toode_id, kogus, uhikuhind) VALUES (333, 107, 1, 1262.41);
INSERT INTO tellimuse_read (tellimus_id, toode_id, kogus, uhikuhind) VALUES (333, 42, 2, 744.92);
INSERT INTO tellimuse_read (tellimus_id, toode_id, kogus, uhikuhind) VALUES (333, 74, 4, 392.93);
UPDATE tellimused SET kogusumma = 4491.49 WHERE id = 333;
INSERT INTO arved (tellimus_id, number, kuupaev, maksetahtaeg, tasutud) VALUES (333, 'ARV-2026-00333', CURRENT_DATE(), CURRENT_DATE(), 1);
INSERT INTO maksed (arve_id, makseviis_id, summa) VALUES (333, 2, 4491.49);
INSERT INTO tellimused (klient_id, staatus_id, tarneviis_id, kogusumma) VALUES (192, 4, 2, 0);
INSERT INTO tellimuse_read (tellimus_id, toode_id, kogus, uhikuhind) VALUES (334, 92, 4, 707.08);
UPDATE tellimused SET kogusumma = 2831.22 WHERE id = 334;
INSERT INTO arved (tellimus_id, number, kuupaev, maksetahtaeg, tasutud) VALUES (334, 'ARV-2026-00334', CURRENT_DATE(), CURRENT_DATE(), 1);
INSERT INTO maksed (arve_id, makseviis_id, summa) VALUES (334, 1, 2831.22);
INSERT INTO tellimused (klient_id, staatus_id, tarneviis_id, kogusumma) VALUES (33, 2, 3, 0);
INSERT INTO tellimuse_read (tellimus_id, toode_id, kogus, uhikuhind) VALUES (335, 117, 2, 147.71);
INSERT INTO tellimuse_read (tellimus_id, toode_id, kogus, uhikuhind) VALUES (335, 39, 1, 207.71);
INSERT INTO tellimuse_read (tellimus_id, toode_id, kogus, uhikuhind) VALUES (335, 36, 2, 1394.94);
INSERT INTO tellimuse_read (tellimus_id, toode_id, kogus, uhikuhind) VALUES (335, 2, 1, 591.98);
UPDATE tellimused SET kogusumma = 3884.99 WHERE id = 335;
INSERT INTO arved (tellimus_id, number, kuupaev, maksetahtaeg, tasutud) VALUES (335, 'ARV-2026-00335', CURRENT_DATE(), CURRENT_DATE(), 0);
INSERT INTO tellimused (klient_id, staatus_id, tarneviis_id, kogusumma) VALUES (490, 3, 3, 0);
INSERT INTO tellimuse_read (tellimus_id, toode_id, kogus, uhikuhind) VALUES (336, 94, 2, 1067.21);
INSERT INTO tellimuse_read (tellimus_id, toode_id, kogus, uhikuhind) VALUES (336, 117, 1, 147.71);
INSERT INTO tellimuse_read (tellimus_id, toode_id, kogus, uhikuhind) VALUES (336, 126, 2, 1203.18);
INSERT INTO tellimuse_read (tellimus_id, toode_id, kogus, uhikuhind) VALUES (336, 131, 2, 486.56);
INSERT INTO tellimuse_read (tellimus_id, toode_id, kogus, uhikuhind) VALUES (336, 121, 4, 537.16);
UPDATE tellimused SET kogusumma = 7810.25 WHERE id = 336;
INSERT INTO arved (tellimus_id, number, kuupaev, maksetahtaeg, tasutud) VALUES (336, 'ARV-2026-00336', CURRENT_DATE(), CURRENT_DATE(), 1);
INSERT INTO maksed (arve_id, makseviis_id, summa) VALUES (336, 3, 7810.25);
INSERT INTO tellimused (klient_id, staatus_id, tarneviis_id, kogusumma) VALUES (44, 2, 2, 0);
INSERT INTO tellimuse_read (tellimus_id, toode_id, kogus, uhikuhind) VALUES (337, 115, 3, 471.15);
INSERT INTO tellimuse_read (tellimus_id, toode_id, kogus, uhikuhind) VALUES (337, 100, 3, 633.82);
INSERT INTO tellimuse_read (tellimus_id, toode_id, kogus, uhikuhind) VALUES (337, 146, 2, 598.89);
INSERT INTO tellimuse_read (tellimus_id, toode_id, kogus, uhikuhind) VALUES (337, 83, 2, 495.68);
UPDATE tellimused SET kogusumma = 5506.95 WHERE id = 337;
INSERT INTO arved (tellimus_id, number, kuupaev, maksetahtaeg, tasutud) VALUES (337, 'ARV-2026-00337', CURRENT_DATE(), CURRENT_DATE(), 0);
INSERT INTO tellimused (klient_id, staatus_id, tarneviis_id, kogusumma) VALUES (431, 1, 3, 0);
INSERT INTO tellimuse_read (tellimus_id, toode_id, kogus, uhikuhind) VALUES (338, 50, 1, 1049.16);
INSERT INTO tellimuse_read (tellimus_id, toode_id, kogus, uhikuhind) VALUES (338, 129, 1, 869.54);
UPDATE tellimused SET kogusumma = 1918.7 WHERE id = 338;
INSERT INTO arved (tellimus_id, number, kuupaev, maksetahtaeg, tasutud) VALUES (338, 'ARV-2026-00338', CURRENT_DATE(), CURRENT_DATE(), 0);
INSERT INTO tellimused (klient_id, staatus_id, tarneviis_id, kogusumma) VALUES (309, 1, 1, 0);
INSERT INTO tellimuse_read (tellimus_id, toode_id, kogus, uhikuhind) VALUES (339, 79, 2, 736.42);
UPDATE tellimused SET kogusumma = 1478.74 WHERE id = 339;
INSERT INTO arved (tellimus_id, number, kuupaev, maksetahtaeg, tasutud) VALUES (339, 'ARV-2026-00339', CURRENT_DATE(), CURRENT_DATE(), 0);
INSERT INTO tellimused (klient_id, staatus_id, tarneviis_id, kogusumma) VALUES (180, 4, 1, 0);
INSERT INTO tellimuse_read (tellimus_id, toode_id, kogus, uhikuhind) VALUES (340, 126, 2, 1203.18);
INSERT INTO tellimuse_read (tellimus_id, toode_id, kogus, uhikuhind) VALUES (340, 117, 3, 147.71);
INSERT INTO tellimuse_read (tellimus_id, toode_id, kogus, uhikuhind) VALUES (340, 63, 3, 739.53);
INSERT INTO tellimuse_read (tellimus_id, toode_id, kogus, uhikuhind) VALUES (340, 53, 1, 112.5);
UPDATE tellimused SET kogusumma = 5186.48 WHERE id = 340;
INSERT INTO arved (tellimus_id, number, kuupaev, maksetahtaeg, tasutud) VALUES (340, 'ARV-2026-00340', CURRENT_DATE(), CURRENT_DATE(), 1);
INSERT INTO maksed (arve_id, makseviis_id, summa) VALUES (340, 1, 5186.48);
INSERT INTO tellimused (klient_id, staatus_id, tarneviis_id, kogusumma) VALUES (457, 4, 3, 0);
INSERT INTO tellimuse_read (tellimus_id, toode_id, kogus, uhikuhind) VALUES (341, 132, 4, 769.72);
INSERT INTO tellimuse_read (tellimus_id, toode_id, kogus, uhikuhind) VALUES (341, 83, 4, 495.68);
UPDATE tellimused SET kogusumma = 5061.6 WHERE id = 341;
INSERT INTO arved (tellimus_id, number, kuupaev, maksetahtaeg, tasutud) VALUES (341, 'ARV-2026-00341', CURRENT_DATE(), CURRENT_DATE(), 1);
INSERT INTO maksed (arve_id, makseviis_id, summa) VALUES (341, 2, 5061.6);
INSERT INTO tellimused (klient_id, staatus_id, tarneviis_id, kogusumma) VALUES (423, 4, 1, 0);
INSERT INTO tellimuse_read (tellimus_id, toode_id, kogus, uhikuhind) VALUES (342, 94, 2, 1067.21);
INSERT INTO tellimuse_read (tellimus_id, toode_id, kogus, uhikuhind) VALUES (342, 132, 1, 769.72);
INSERT INTO tellimuse_read (tellimus_id, toode_id, kogus, uhikuhind) VALUES (342, 36, 4, 1394.94);
UPDATE tellimused SET kogusumma = 8489.8 WHERE id = 342;
INSERT INTO arved (tellimus_id, number, kuupaev, maksetahtaeg, tasutud) VALUES (342, 'ARV-2026-00342', CURRENT_DATE(), CURRENT_DATE(), 1);
INSERT INTO maksed (arve_id, makseviis_id, summa) VALUES (342, 2, 8489.8);
INSERT INTO tellimused (klient_id, staatus_id, tarneviis_id, kogusumma) VALUES (384, 4, 3, 0);
INSERT INTO tellimuse_read (tellimus_id, toode_id, kogus, uhikuhind) VALUES (343, 145, 3, 467.91);
INSERT INTO tellimuse_read (tellimus_id, toode_id, kogus, uhikuhind) VALUES (343, 18, 4, 1301.05);
INSERT INTO tellimuse_read (tellimus_id, toode_id, kogus, uhikuhind) VALUES (343, 36, 2, 1394.94);
INSERT INTO tellimuse_read (tellimus_id, toode_id, kogus, uhikuhind) VALUES (343, 6, 4, 1448.04);
INSERT INTO tellimuse_read (tellimus_id, toode_id, kogus, uhikuhind) VALUES (343, 22, 1, 1215.75);
UPDATE tellimused SET kogusumma = 16405.72 WHERE id = 343;
INSERT INTO arved (tellimus_id, number, kuupaev, maksetahtaeg, tasutud) VALUES (343, 'ARV-2026-00343', CURRENT_DATE(), CURRENT_DATE(), 1);
INSERT INTO maksed (arve_id, makseviis_id, summa) VALUES (343, 3, 16405.72);
INSERT INTO tellimused (klient_id, staatus_id, tarneviis_id, kogusumma) VALUES (349, 3, 2, 0);
INSERT INTO tellimuse_read (tellimus_id, toode_id, kogus, uhikuhind) VALUES (344, 149, 1, 1250.69);
INSERT INTO tellimuse_read (tellimus_id, toode_id, kogus, uhikuhind) VALUES (344, 121, 4, 537.16);
INSERT INTO tellimuse_read (tellimus_id, toode_id, kogus, uhikuhind) VALUES (344, 13, 1, 294.29);
INSERT INTO tellimuse_read (tellimus_id, toode_id, kogus, uhikuhind) VALUES (344, 91, 2, 238.14);
UPDATE tellimused SET kogusumma = 4172.8 WHERE id = 344;
INSERT INTO arved (tellimus_id, number, kuupaev, maksetahtaeg, tasutud) VALUES (344, 'ARV-2026-00344', CURRENT_DATE(), CURRENT_DATE(), 1);
INSERT INTO maksed (arve_id, makseviis_id, summa) VALUES (344, 1, 4172.8);
INSERT INTO tellimused (klient_id, staatus_id, tarneviis_id, kogusumma) VALUES (472, 4, 2, 0);
INSERT INTO tellimuse_read (tellimus_id, toode_id, kogus, uhikuhind) VALUES (345, 150, 2, 580.23);
INSERT INTO tellimuse_read (tellimus_id, toode_id, kogus, uhikuhind) VALUES (345, 31, 4, 1083.57);
UPDATE tellimused SET kogusumma = 5497.64 WHERE id = 345;
INSERT INTO arved (tellimus_id, number, kuupaev, maksetahtaeg, tasutud) VALUES (345, 'ARV-2026-00345', CURRENT_DATE(), CURRENT_DATE(), 1);
INSERT INTO maksed (arve_id, makseviis_id, summa) VALUES (345, 1, 5497.64);
INSERT INTO tellimused (klient_id, staatus_id, tarneviis_id, kogusumma) VALUES (493, 2, 3, 0);
INSERT INTO tellimuse_read (tellimus_id, toode_id, kogus, uhikuhind) VALUES (346, 56, 4, 1414.95);
UPDATE tellimused SET kogusumma = 5659.8 WHERE id = 346;
INSERT INTO arved (tellimus_id, number, kuupaev, maksetahtaeg, tasutud) VALUES (346, 'ARV-2026-00346', CURRENT_DATE(), CURRENT_DATE(), 0);
INSERT INTO tellimused (klient_id, staatus_id, tarneviis_id, kogusumma) VALUES (76, 4, 3, 0);
INSERT INTO tellimuse_read (tellimus_id, toode_id, kogus, uhikuhind) VALUES (347, 11, 1, 980.79);
UPDATE tellimused SET kogusumma = 980.79 WHERE id = 347;
INSERT INTO arved (tellimus_id, number, kuupaev, maksetahtaeg, tasutud) VALUES (347, 'ARV-2026-00347', CURRENT_DATE(), CURRENT_DATE(), 1);
INSERT INTO maksed (arve_id, makseviis_id, summa) VALUES (347, 1, 980.79);
INSERT INTO tellimused (klient_id, staatus_id, tarneviis_id, kogusumma) VALUES (319, 4, 2, 0);
INSERT INTO tellimuse_read (tellimus_id, toode_id, kogus, uhikuhind) VALUES (348, 71, 2, 1393.75);
INSERT INTO tellimuse_read (tellimus_id, toode_id, kogus, uhikuhind) VALUES (348, 48, 1, 650.28);
INSERT INTO tellimuse_read (tellimus_id, toode_id, kogus, uhikuhind) VALUES (348, 38, 4, 1049.43);
INSERT INTO tellimuse_read (tellimus_id, toode_id, kogus, uhikuhind) VALUES (348, 11, 1, 980.79);
INSERT INTO tellimuse_read (tellimus_id, toode_id, kogus, uhikuhind) VALUES (348, 132, 2, 769.72);
UPDATE tellimused SET kogusumma = 10158.63 WHERE id = 348;
INSERT INTO arved (tellimus_id, number, kuupaev, maksetahtaeg, tasutud) VALUES (348, 'ARV-2026-00348', CURRENT_DATE(), CURRENT_DATE(), 1);
INSERT INTO maksed (arve_id, makseviis_id, summa) VALUES (348, 2, 10158.63);
INSERT INTO tellimused (klient_id, staatus_id, tarneviis_id, kogusumma) VALUES (391, 3, 2, 0);
INSERT INTO tellimuse_read (tellimus_id, toode_id, kogus, uhikuhind) VALUES (349, 86, 4, 1436.12);
INSERT INTO tellimuse_read (tellimus_id, toode_id, kogus, uhikuhind) VALUES (349, 124, 1, 55.84);
INSERT INTO tellimuse_read (tellimus_id, toode_id, kogus, uhikuhind) VALUES (349, 112, 4, 210.21);
UPDATE tellimused SET kogusumma = 6644.06 WHERE id = 349;
INSERT INTO arved (tellimus_id, number, kuupaev, maksetahtaeg, tasutud) VALUES (349, 'ARV-2026-00349', CURRENT_DATE(), CURRENT_DATE(), 1);
INSERT INTO maksed (arve_id, makseviis_id, summa) VALUES (349, 1, 6644.06);
INSERT INTO tellimused (klient_id, staatus_id, tarneviis_id, kogusumma) VALUES (439, 3, 3, 0);
INSERT INTO tellimuse_read (tellimus_id, toode_id, kogus, uhikuhind) VALUES (350, 17, 2, 399.17);
INSERT INTO tellimuse_read (tellimus_id, toode_id, kogus, uhikuhind) VALUES (350, 102, 3, 1447.41);
INSERT INTO tellimuse_read (tellimus_id, toode_id, kogus, uhikuhind) VALUES (350, 79, 3, 736.42);
UPDATE tellimused SET kogusumma = 7349.83 WHERE id = 350;
INSERT INTO arved (tellimus_id, number, kuupaev, maksetahtaeg, tasutud) VALUES (350, 'ARV-2026-00350', CURRENT_DATE(), CURRENT_DATE(), 1);
INSERT INTO maksed (arve_id, makseviis_id, summa) VALUES (350, 3, 7349.83);
INSERT INTO tellimused (klient_id, staatus_id, tarneviis_id, kogusumma) VALUES (310, 4, 2, 0);
INSERT INTO tellimuse_read (tellimus_id, toode_id, kogus, uhikuhind) VALUES (351, 38, 1, 1049.43);
INSERT INTO tellimuse_read (tellimus_id, toode_id, kogus, uhikuhind) VALUES (351, 138, 3, 1372.15);
UPDATE tellimused SET kogusumma = 5168.78 WHERE id = 351;
INSERT INTO arved (tellimus_id, number, kuupaev, maksetahtaeg, tasutud) VALUES (351, 'ARV-2026-00351', CURRENT_DATE(), CURRENT_DATE(), 1);
INSERT INTO maksed (arve_id, makseviis_id, summa) VALUES (351, 3, 5168.78);
INSERT INTO tellimused (klient_id, staatus_id, tarneviis_id, kogusumma) VALUES (387, 1, 3, 0);
INSERT INTO tellimuse_read (tellimus_id, toode_id, kogus, uhikuhind) VALUES (352, 24, 3, 509.33);
INSERT INTO tellimuse_read (tellimus_id, toode_id, kogus, uhikuhind) VALUES (352, 119, 4, 1267.05);
INSERT INTO tellimuse_read (tellimus_id, toode_id, kogus, uhikuhind) VALUES (352, 83, 2, 495.68);
UPDATE tellimused SET kogusumma = 7587.55 WHERE id = 352;
INSERT INTO arved (tellimus_id, number, kuupaev, maksetahtaeg, tasutud) VALUES (352, 'ARV-2026-00352', CURRENT_DATE(), CURRENT_DATE(), 0);
INSERT INTO tellimused (klient_id, staatus_id, tarneviis_id, kogusumma) VALUES (196, 1, 1, 0);
INSERT INTO tellimuse_read (tellimus_id, toode_id, kogus, uhikuhind) VALUES (353, 74, 4, 392.93);
INSERT INTO tellimuse_read (tellimus_id, toode_id, kogus, uhikuhind) VALUES (353, 26, 3, 173.68);
INSERT INTO tellimuse_read (tellimus_id, toode_id, kogus, uhikuhind) VALUES (353, 47, 2, 1136.92);
INSERT INTO tellimuse_read (tellimus_id, toode_id, kogus, uhikuhind) VALUES (353, 63, 4, 739.53);
INSERT INTO tellimuse_read (tellimus_id, toode_id, kogus, uhikuhind) VALUES (353, 20, 2, 465.78);
UPDATE tellimused SET kogusumma = 8262.18 WHERE id = 353;
INSERT INTO arved (tellimus_id, number, kuupaev, maksetahtaeg, tasutud) VALUES (353, 'ARV-2026-00353', CURRENT_DATE(), CURRENT_DATE(), 0);
INSERT INTO tellimused (klient_id, staatus_id, tarneviis_id, kogusumma) VALUES (433, 1, 2, 0);
INSERT INTO tellimuse_read (tellimus_id, toode_id, kogus, uhikuhind) VALUES (354, 33, 2, 1183.26);
INSERT INTO tellimuse_read (tellimus_id, toode_id, kogus, uhikuhind) VALUES (354, 4, 3, 908.2);
INSERT INTO tellimuse_read (tellimus_id, toode_id, kogus, uhikuhind) VALUES (354, 4, 1, 908.2);
INSERT INTO tellimuse_read (tellimus_id, toode_id, kogus, uhikuhind) VALUES (354, 73, 4, 211.88);
INSERT INTO tellimuse_read (tellimus_id, toode_id, kogus, uhikuhind) VALUES (354, 123, 3, 840.5);
UPDATE tellimused SET kogusumma = 9371.24 WHERE id = 354;
INSERT INTO arved (tellimus_id, number, kuupaev, maksetahtaeg, tasutud) VALUES (354, 'ARV-2026-00354', CURRENT_DATE(), CURRENT_DATE(), 0);
INSERT INTO tellimused (klient_id, staatus_id, tarneviis_id, kogusumma) VALUES (462, 4, 2, 0);
INSERT INTO tellimuse_read (tellimus_id, toode_id, kogus, uhikuhind) VALUES (355, 118, 4, 529.61);
INSERT INTO tellimuse_read (tellimus_id, toode_id, kogus, uhikuhind) VALUES (355, 43, 1, 549.01);
UPDATE tellimused SET kogusumma = 2670.35 WHERE id = 355;
INSERT INTO arved (tellimus_id, number, kuupaev, maksetahtaeg, tasutud) VALUES (355, 'ARV-2026-00355', CURRENT_DATE(), CURRENT_DATE(), 1);
INSERT INTO maksed (arve_id, makseviis_id, summa) VALUES (355, 3, 2670.35);
INSERT INTO tellimused (klient_id, staatus_id, tarneviis_id, kogusumma) VALUES (227, 2, 2, 0);
INSERT INTO tellimuse_read (tellimus_id, toode_id, kogus, uhikuhind) VALUES (356, 9, 1, 470.38);
UPDATE tellimused SET kogusumma = 473.28 WHERE id = 356;
INSERT INTO arved (tellimus_id, number, kuupaev, maksetahtaeg, tasutud) VALUES (356, 'ARV-2026-00356', CURRENT_DATE(), CURRENT_DATE(), 0);
INSERT INTO tellimused (klient_id, staatus_id, tarneviis_id, kogusumma) VALUES (150, 2, 1, 0);
INSERT INTO tellimuse_read (tellimus_id, toode_id, kogus, uhikuhind) VALUES (357, 26, 3, 173.68);
INSERT INTO tellimuse_read (tellimus_id, toode_id, kogus, uhikuhind) VALUES (357, 91, 3, 238.14);
INSERT INTO tellimuse_read (tellimus_id, toode_id, kogus, uhikuhind) VALUES (357, 6, 1, 1448.04);
INSERT INTO tellimuse_read (tellimus_id, toode_id, kogus, uhikuhind) VALUES (357, 115, 1, 471.15);
UPDATE tellimused SET kogusumma = 3160.55 WHERE id = 357;
INSERT INTO arved (tellimus_id, number, kuupaev, maksetahtaeg, tasutud) VALUES (357, 'ARV-2026-00357', CURRENT_DATE(), CURRENT_DATE(), 0);
INSERT INTO tellimused (klient_id, staatus_id, tarneviis_id, kogusumma) VALUES (360, 4, 2, 0);
INSERT INTO tellimuse_read (tellimus_id, toode_id, kogus, uhikuhind) VALUES (358, 73, 1, 211.88);
UPDATE tellimused SET kogusumma = 214.78 WHERE id = 358;
INSERT INTO arved (tellimus_id, number, kuupaev, maksetahtaeg, tasutud) VALUES (358, 'ARV-2026-00358', CURRENT_DATE(), CURRENT_DATE(), 1);
INSERT INTO maksed (arve_id, makseviis_id, summa) VALUES (358, 1, 214.78);
INSERT INTO tellimused (klient_id, staatus_id, tarneviis_id, kogusumma) VALUES (201, 1, 1, 0);
INSERT INTO tellimuse_read (tellimus_id, toode_id, kogus, uhikuhind) VALUES (359, 7, 3, 260.98);
INSERT INTO tellimuse_read (tellimus_id, toode_id, kogus, uhikuhind) VALUES (359, 40, 3, 1185.79);
INSERT INTO tellimuse_read (tellimus_id, toode_id, kogus, uhikuhind) VALUES (359, 21, 3, 1321.31);
INSERT INTO tellimuse_read (tellimus_id, toode_id, kogus, uhikuhind) VALUES (359, 8, 1, 1270.6);
INSERT INTO tellimuse_read (tellimus_id, toode_id, kogus, uhikuhind) VALUES (359, 27, 1, 1463.52);
UPDATE tellimused SET kogusumma = 11044.26 WHERE id = 359;
INSERT INTO arved (tellimus_id, number, kuupaev, maksetahtaeg, tasutud) VALUES (359, 'ARV-2026-00359', CURRENT_DATE(), CURRENT_DATE(), 0);
INSERT INTO tellimused (klient_id, staatus_id, tarneviis_id, kogusumma) VALUES (93, 2, 3, 0);
INSERT INTO tellimuse_read (tellimus_id, toode_id, kogus, uhikuhind) VALUES (360, 113, 4, 1051.2);
INSERT INTO tellimuse_read (tellimus_id, toode_id, kogus, uhikuhind) VALUES (360, 64, 1, 1054.16);
INSERT INTO tellimuse_read (tellimus_id, toode_id, kogus, uhikuhind) VALUES (360, 139, 1, 9.21);
UPDATE tellimused SET kogusumma = 5268.17 WHERE id = 360;
INSERT INTO arved (tellimus_id, number, kuupaev, maksetahtaeg, tasutud) VALUES (360, 'ARV-2026-00360', CURRENT_DATE(), CURRENT_DATE(), 0);
INSERT INTO tellimused (klient_id, staatus_id, tarneviis_id, kogusumma) VALUES (333, 3, 2, 0);
INSERT INTO tellimuse_read (tellimus_id, toode_id, kogus, uhikuhind) VALUES (361, 53, 2, 112.5);
INSERT INTO tellimuse_read (tellimus_id, toode_id, kogus, uhikuhind) VALUES (361, 47, 2, 1136.92);
INSERT INTO tellimuse_read (tellimus_id, toode_id, kogus, uhikuhind) VALUES (361, 8, 2, 1270.6);
INSERT INTO tellimuse_read (tellimus_id, toode_id, kogus, uhikuhind) VALUES (361, 43, 4, 549.01);
UPDATE tellimused SET kogusumma = 7238.98 WHERE id = 361;
INSERT INTO arved (tellimus_id, number, kuupaev, maksetahtaeg, tasutud) VALUES (361, 'ARV-2026-00361', CURRENT_DATE(), CURRENT_DATE(), 1);
INSERT INTO maksed (arve_id, makseviis_id, summa) VALUES (361, 2, 7238.98);
INSERT INTO tellimused (klient_id, staatus_id, tarneviis_id, kogusumma) VALUES (16, 2, 1, 0);
INSERT INTO tellimuse_read (tellimus_id, toode_id, kogus, uhikuhind) VALUES (362, 45, 4, 1046.82);
INSERT INTO tellimuse_read (tellimus_id, toode_id, kogus, uhikuhind) VALUES (362, 121, 2, 537.16);
INSERT INTO tellimuse_read (tellimus_id, toode_id, kogus, uhikuhind) VALUES (362, 32, 3, 84.37);
UPDATE tellimused SET kogusumma = 5520.61 WHERE id = 362;
INSERT INTO arved (tellimus_id, number, kuupaev, maksetahtaeg, tasutud) VALUES (362, 'ARV-2026-00362', CURRENT_DATE(), CURRENT_DATE(), 0);
INSERT INTO tellimused (klient_id, staatus_id, tarneviis_id, kogusumma) VALUES (181, 1, 3, 0);
INSERT INTO tellimuse_read (tellimus_id, toode_id, kogus, uhikuhind) VALUES (363, 69, 2, 785.52);
INSERT INTO tellimuse_read (tellimus_id, toode_id, kogus, uhikuhind) VALUES (363, 54, 1, 1409.57);
INSERT INTO tellimuse_read (tellimus_id, toode_id, kogus, uhikuhind) VALUES (363, 12, 4, 51.28);
INSERT INTO tellimuse_read (tellimus_id, toode_id, kogus, uhikuhind) VALUES (363, 73, 1, 211.88);
UPDATE tellimused SET kogusumma = 3397.61 WHERE id = 363;
INSERT INTO arved (tellimus_id, number, kuupaev, maksetahtaeg, tasutud) VALUES (363, 'ARV-2026-00363', CURRENT_DATE(), CURRENT_DATE(), 0);
INSERT INTO tellimused (klient_id, staatus_id, tarneviis_id, kogusumma) VALUES (304, 1, 1, 0);
INSERT INTO tellimuse_read (tellimus_id, toode_id, kogus, uhikuhind) VALUES (364, 52, 1, 583.63);
INSERT INTO tellimuse_read (tellimus_id, toode_id, kogus, uhikuhind) VALUES (364, 1, 1, 284.93);
INSERT INTO tellimuse_read (tellimus_id, toode_id, kogus, uhikuhind) VALUES (364, 55, 3, 21.4);
INSERT INTO tellimuse_read (tellimus_id, toode_id, kogus, uhikuhind) VALUES (364, 89, 2, 1357.74);
INSERT INTO tellimuse_read (tellimus_id, toode_id, kogus, uhikuhind) VALUES (364, 34, 1, 704.2);
UPDATE tellimused SET kogusumma = 4358.34 WHERE id = 364;
INSERT INTO arved (tellimus_id, number, kuupaev, maksetahtaeg, tasutud) VALUES (364, 'ARV-2026-00364', CURRENT_DATE(), CURRENT_DATE(), 0);
INSERT INTO tellimused (klient_id, staatus_id, tarneviis_id, kogusumma) VALUES (83, 1, 1, 0);
INSERT INTO tellimuse_read (tellimus_id, toode_id, kogus, uhikuhind) VALUES (365, 78, 1, 257.32);
UPDATE tellimused SET kogusumma = 263.22 WHERE id = 365;
INSERT INTO arved (tellimus_id, number, kuupaev, maksetahtaeg, tasutud) VALUES (365, 'ARV-2026-00365', CURRENT_DATE(), CURRENT_DATE(), 0);
INSERT INTO tellimused (klient_id, staatus_id, tarneviis_id, kogusumma) VALUES (189, 4, 2, 0);
INSERT INTO tellimuse_read (tellimus_id, toode_id, kogus, uhikuhind) VALUES (366, 64, 4, 1054.16);
INSERT INTO tellimuse_read (tellimus_id, toode_id, kogus, uhikuhind) VALUES (366, 91, 2, 238.14);
INSERT INTO tellimuse_read (tellimus_id, toode_id, kogus, uhikuhind) VALUES (366, 87, 2, 91.18);
UPDATE tellimused SET kogusumma = 4878.18 WHERE id = 366;
INSERT INTO arved (tellimus_id, number, kuupaev, maksetahtaeg, tasutud) VALUES (366, 'ARV-2026-00366', CURRENT_DATE(), CURRENT_DATE(), 1);
INSERT INTO maksed (arve_id, makseviis_id, summa) VALUES (366, 1, 4878.18);
INSERT INTO tellimused (klient_id, staatus_id, tarneviis_id, kogusumma) VALUES (13, 3, 2, 0);
INSERT INTO tellimuse_read (tellimus_id, toode_id, kogus, uhikuhind) VALUES (367, 97, 2, 985.9);
INSERT INTO tellimuse_read (tellimus_id, toode_id, kogus, uhikuhind) VALUES (367, 93, 3, 854.37);
INSERT INTO tellimuse_read (tellimus_id, toode_id, kogus, uhikuhind) VALUES (367, 16, 2, 131.01);
UPDATE tellimused SET kogusumma = 4799.83 WHERE id = 367;
INSERT INTO arved (tellimus_id, number, kuupaev, maksetahtaeg, tasutud) VALUES (367, 'ARV-2026-00367', CURRENT_DATE(), CURRENT_DATE(), 1);
INSERT INTO maksed (arve_id, makseviis_id, summa) VALUES (367, 2, 4799.83);
INSERT INTO tellimused (klient_id, staatus_id, tarneviis_id, kogusumma) VALUES (417, 1, 2, 0);
INSERT INTO tellimuse_read (tellimus_id, toode_id, kogus, uhikuhind) VALUES (368, 51, 1, 645.54);
INSERT INTO tellimuse_read (tellimus_id, toode_id, kogus, uhikuhind) VALUES (368, 150, 1, 580.23);
INSERT INTO tellimuse_read (tellimus_id, toode_id, kogus, uhikuhind) VALUES (368, 59, 3, 634.88);
INSERT INTO tellimuse_read (tellimus_id, toode_id, kogus, uhikuhind) VALUES (368, 144, 4, 795.84);
INSERT INTO tellimuse_read (tellimus_id, toode_id, kogus, uhikuhind) VALUES (368, 30, 2, 417.38);
UPDATE tellimused SET kogusumma = 7151.43 WHERE id = 368;
INSERT INTO arved (tellimus_id, number, kuupaev, maksetahtaeg, tasutud) VALUES (368, 'ARV-2026-00368', CURRENT_DATE(), CURRENT_DATE(), 0);
INSERT INTO tellimused (klient_id, staatus_id, tarneviis_id, kogusumma) VALUES (226, 2, 2, 0);
INSERT INTO tellimuse_read (tellimus_id, toode_id, kogus, uhikuhind) VALUES (369, 14, 2, 950.37);
INSERT INTO tellimuse_read (tellimus_id, toode_id, kogus, uhikuhind) VALUES (369, 14, 2, 950.37);
INSERT INTO tellimuse_read (tellimus_id, toode_id, kogus, uhikuhind) VALUES (369, 61, 4, 1173.58);
INSERT INTO tellimuse_read (tellimus_id, toode_id, kogus, uhikuhind) VALUES (369, 56, 2, 1414.95);
INSERT INTO tellimuse_read (tellimus_id, toode_id, kogus, uhikuhind) VALUES (369, 32, 1, 84.37);
UPDATE tellimused SET kogusumma = 11412.97 WHERE id = 369;
INSERT INTO arved (tellimus_id, number, kuupaev, maksetahtaeg, tasutud) VALUES (369, 'ARV-2026-00369', CURRENT_DATE(), CURRENT_DATE(), 0);
INSERT INTO tellimused (klient_id, staatus_id, tarneviis_id, kogusumma) VALUES (213, 4, 3, 0);
INSERT INTO tellimuse_read (tellimus_id, toode_id, kogus, uhikuhind) VALUES (370, 130, 2, 1034.54);
INSERT INTO tellimuse_read (tellimus_id, toode_id, kogus, uhikuhind) VALUES (370, 131, 2, 486.56);
UPDATE tellimused SET kogusumma = 3042.2 WHERE id = 370;
INSERT INTO arved (tellimus_id, number, kuupaev, maksetahtaeg, tasutud) VALUES (370, 'ARV-2026-00370', CURRENT_DATE(), CURRENT_DATE(), 1);
INSERT INTO maksed (arve_id, makseviis_id, summa) VALUES (370, 1, 3042.2);
INSERT INTO tellimused (klient_id, staatus_id, tarneviis_id, kogusumma) VALUES (230, 2, 2, 0);
INSERT INTO tellimuse_read (tellimus_id, toode_id, kogus, uhikuhind) VALUES (371, 103, 4, 1221.75);
INSERT INTO tellimuse_read (tellimus_id, toode_id, kogus, uhikuhind) VALUES (371, 79, 4, 736.42);
INSERT INTO tellimuse_read (tellimus_id, toode_id, kogus, uhikuhind) VALUES (371, 20, 2, 465.78);
INSERT INTO tellimuse_read (tellimus_id, toode_id, kogus, uhikuhind) VALUES (371, 9, 3, 470.38);
INSERT INTO tellimuse_read (tellimus_id, toode_id, kogus, uhikuhind) VALUES (371, 149, 3, 1250.69);
UPDATE tellimused SET kogusumma = 13930.35 WHERE id = 371;
INSERT INTO arved (tellimus_id, number, kuupaev, maksetahtaeg, tasutud) VALUES (371, 'ARV-2026-00371', CURRENT_DATE(), CURRENT_DATE(), 0);
INSERT INTO tellimused (klient_id, staatus_id, tarneviis_id, kogusumma) VALUES (336, 2, 1, 0);
INSERT INTO tellimuse_read (tellimus_id, toode_id, kogus, uhikuhind) VALUES (372, 9, 2, 470.38);
INSERT INTO tellimuse_read (tellimus_id, toode_id, kogus, uhikuhind) VALUES (372, 118, 2, 529.61);
INSERT INTO tellimuse_read (tellimus_id, toode_id, kogus, uhikuhind) VALUES (372, 134, 2, 28.46);
INSERT INTO tellimuse_read (tellimus_id, toode_id, kogus, uhikuhind) VALUES (372, 101, 3, 547.73);
UPDATE tellimused SET kogusumma = 3705.99 WHERE id = 372;
INSERT INTO arved (tellimus_id, number, kuupaev, maksetahtaeg, tasutud) VALUES (372, 'ARV-2026-00372', CURRENT_DATE(), CURRENT_DATE(), 0);
INSERT INTO tellimused (klient_id, staatus_id, tarneviis_id, kogusumma) VALUES (78, 1, 3, 0);
INSERT INTO tellimuse_read (tellimus_id, toode_id, kogus, uhikuhind) VALUES (373, 63, 2, 739.53);
INSERT INTO tellimuse_read (tellimus_id, toode_id, kogus, uhikuhind) VALUES (373, 115, 3, 471.15);
INSERT INTO tellimuse_read (tellimus_id, toode_id, kogus, uhikuhind) VALUES (373, 129, 2, 869.54);
INSERT INTO tellimuse_read (tellimus_id, toode_id, kogus, uhikuhind) VALUES (373, 141, 4, 190.7);
INSERT INTO tellimuse_read (tellimus_id, toode_id, kogus, uhikuhind) VALUES (373, 78, 2, 257.32);
UPDATE tellimused SET kogusumma = 5909.03 WHERE id = 373;
INSERT INTO arved (tellimus_id, number, kuupaev, maksetahtaeg, tasutud) VALUES (373, 'ARV-2026-00373', CURRENT_DATE(), CURRENT_DATE(), 0);
INSERT INTO tellimused (klient_id, staatus_id, tarneviis_id, kogusumma) VALUES (126, 2, 2, 0);
INSERT INTO tellimuse_read (tellimus_id, toode_id, kogus, uhikuhind) VALUES (374, 17, 4, 399.17);
INSERT INTO tellimuse_read (tellimus_id, toode_id, kogus, uhikuhind) VALUES (374, 64, 3, 1054.16);
INSERT INTO tellimuse_read (tellimus_id, toode_id, kogus, uhikuhind) VALUES (374, 117, 2, 147.71);
UPDATE tellimused SET kogusumma = 5057.48 WHERE id = 374;
INSERT INTO arved (tellimus_id, number, kuupaev, maksetahtaeg, tasutud) VALUES (374, 'ARV-2026-00374', CURRENT_DATE(), CURRENT_DATE(), 0);
INSERT INTO tellimused (klient_id, staatus_id, tarneviis_id, kogusumma) VALUES (431, 4, 2, 0);
INSERT INTO tellimuse_read (tellimus_id, toode_id, kogus, uhikuhind) VALUES (375, 55, 3, 21.4);
INSERT INTO tellimuse_read (tellimus_id, toode_id, kogus, uhikuhind) VALUES (375, 21, 4, 1321.31);
INSERT INTO tellimuse_read (tellimus_id, toode_id, kogus, uhikuhind) VALUES (375, 76, 3, 491.88);
INSERT INTO tellimuse_read (tellimus_id, toode_id, kogus, uhikuhind) VALUES (375, 142, 3, 1000.4);
UPDATE tellimused SET kogusumma = 9829.18 WHERE id = 375;
INSERT INTO arved (tellimus_id, number, kuupaev, maksetahtaeg, tasutud) VALUES (375, 'ARV-2026-00375', CURRENT_DATE(), CURRENT_DATE(), 1);
INSERT INTO maksed (arve_id, makseviis_id, summa) VALUES (375, 3, 9829.18);
INSERT INTO tellimused (klient_id, staatus_id, tarneviis_id, kogusumma) VALUES (51, 1, 1, 0);
INSERT INTO tellimuse_read (tellimus_id, toode_id, kogus, uhikuhind) VALUES (376, 147, 3, 576.36);
INSERT INTO tellimuse_read (tellimus_id, toode_id, kogus, uhikuhind) VALUES (376, 36, 3, 1394.94);
INSERT INTO tellimuse_read (tellimus_id, toode_id, kogus, uhikuhind) VALUES (376, 100, 2, 633.82);
INSERT INTO tellimuse_read (tellimus_id, toode_id, kogus, uhikuhind) VALUES (376, 51, 3, 645.54);
INSERT INTO tellimuse_read (tellimus_id, toode_id, kogus, uhikuhind) VALUES (376, 50, 4, 1049.16);
UPDATE tellimused SET kogusumma = 13320.7 WHERE id = 376;
INSERT INTO arved (tellimus_id, number, kuupaev, maksetahtaeg, tasutud) VALUES (376, 'ARV-2026-00376', CURRENT_DATE(), CURRENT_DATE(), 0);
INSERT INTO tellimused (klient_id, staatus_id, tarneviis_id, kogusumma) VALUES (83, 4, 1, 0);
INSERT INTO tellimuse_read (tellimus_id, toode_id, kogus, uhikuhind) VALUES (377, 64, 1, 1054.16);
INSERT INTO tellimuse_read (tellimus_id, toode_id, kogus, uhikuhind) VALUES (377, 58, 2, 1038.18);
INSERT INTO tellimuse_read (tellimus_id, toode_id, kogus, uhikuhind) VALUES (377, 42, 4, 744.92);
INSERT INTO tellimuse_read (tellimus_id, toode_id, kogus, uhikuhind) VALUES (377, 28, 2, 989.04);
UPDATE tellimused SET kogusumma = 8094.18 WHERE id = 377;
INSERT INTO arved (tellimus_id, number, kuupaev, maksetahtaeg, tasutud) VALUES (377, 'ARV-2026-00377', CURRENT_DATE(), CURRENT_DATE(), 1);
INSERT INTO maksed (arve_id, makseviis_id, summa) VALUES (377, 2, 8094.18);
INSERT INTO tellimused (klient_id, staatus_id, tarneviis_id, kogusumma) VALUES (103, 3, 2, 0);
INSERT INTO tellimuse_read (tellimus_id, toode_id, kogus, uhikuhind) VALUES (378, 93, 3, 854.37);
UPDATE tellimused SET kogusumma = 2566.01 WHERE id = 378;
INSERT INTO arved (tellimus_id, number, kuupaev, maksetahtaeg, tasutud) VALUES (378, 'ARV-2026-00378', CURRENT_DATE(), CURRENT_DATE(), 1);
INSERT INTO maksed (arve_id, makseviis_id, summa) VALUES (378, 1, 2566.01);
INSERT INTO tellimused (klient_id, staatus_id, tarneviis_id, kogusumma) VALUES (215, 3, 2, 0);
INSERT INTO tellimuse_read (tellimus_id, toode_id, kogus, uhikuhind) VALUES (379, 81, 1, 764.27);
UPDATE tellimused SET kogusumma = 767.17 WHERE id = 379;
INSERT INTO arved (tellimus_id, number, kuupaev, maksetahtaeg, tasutud) VALUES (379, 'ARV-2026-00379', CURRENT_DATE(), CURRENT_DATE(), 1);
INSERT INTO maksed (arve_id, makseviis_id, summa) VALUES (379, 2, 767.17);
INSERT INTO tellimused (klient_id, staatus_id, tarneviis_id, kogusumma) VALUES (62, 1, 1, 0);
INSERT INTO tellimuse_read (tellimus_id, toode_id, kogus, uhikuhind) VALUES (380, 27, 3, 1463.52);
INSERT INTO tellimuse_read (tellimus_id, toode_id, kogus, uhikuhind) VALUES (380, 94, 2, 1067.21);
INSERT INTO tellimuse_read (tellimus_id, toode_id, kogus, uhikuhind) VALUES (380, 35, 4, 1210.41);
INSERT INTO tellimuse_read (tellimus_id, toode_id, kogus, uhikuhind) VALUES (380, 39, 4, 207.71);
INSERT INTO tellimuse_read (tellimus_id, toode_id, kogus, uhikuhind) VALUES (380, 5, 1, 1281.46);
UPDATE tellimused SET kogusumma = 13484.82 WHERE id = 380;
INSERT INTO arved (tellimus_id, number, kuupaev, maksetahtaeg, tasutud) VALUES (380, 'ARV-2026-00380', CURRENT_DATE(), CURRENT_DATE(), 0);
INSERT INTO tellimused (klient_id, staatus_id, tarneviis_id, kogusumma) VALUES (437, 3, 1, 0);
INSERT INTO tellimuse_read (tellimus_id, toode_id, kogus, uhikuhind) VALUES (381, 120, 2, 1026.9);
INSERT INTO tellimuse_read (tellimus_id, toode_id, kogus, uhikuhind) VALUES (381, 31, 4, 1083.57);
INSERT INTO tellimuse_read (tellimus_id, toode_id, kogus, uhikuhind) VALUES (381, 108, 2, 195.55);
INSERT INTO tellimuse_read (tellimus_id, toode_id, kogus, uhikuhind) VALUES (381, 120, 3, 1026.9);
UPDATE tellimused SET kogusumma = 9865.78 WHERE id = 381;
INSERT INTO arved (tellimus_id, number, kuupaev, maksetahtaeg, tasutud) VALUES (381, 'ARV-2026-00381', CURRENT_DATE(), CURRENT_DATE(), 1);
INSERT INTO maksed (arve_id, makseviis_id, summa) VALUES (381, 3, 9865.78);
INSERT INTO tellimused (klient_id, staatus_id, tarneviis_id, kogusumma) VALUES (49, 4, 2, 0);
INSERT INTO tellimuse_read (tellimus_id, toode_id, kogus, uhikuhind) VALUES (382, 62, 3, 728.03);
INSERT INTO tellimuse_read (tellimus_id, toode_id, kogus, uhikuhind) VALUES (382, 51, 1, 645.54);
INSERT INTO tellimuse_read (tellimus_id, toode_id, kogus, uhikuhind) VALUES (382, 88, 4, 904.75);
UPDATE tellimused SET kogusumma = 6451.53 WHERE id = 382;
INSERT INTO arved (tellimus_id, number, kuupaev, maksetahtaeg, tasutud) VALUES (382, 'ARV-2026-00382', CURRENT_DATE(), CURRENT_DATE(), 1);
INSERT INTO maksed (arve_id, makseviis_id, summa) VALUES (382, 1, 6451.53);
INSERT INTO tellimused (klient_id, staatus_id, tarneviis_id, kogusumma) VALUES (317, 2, 2, 0);
INSERT INTO tellimuse_read (tellimus_id, toode_id, kogus, uhikuhind) VALUES (383, 124, 2, 55.84);
UPDATE tellimused SET kogusumma = 114.58 WHERE id = 383;
INSERT INTO arved (tellimus_id, number, kuupaev, maksetahtaeg, tasutud) VALUES (383, 'ARV-2026-00383', CURRENT_DATE(), CURRENT_DATE(), 0);
INSERT INTO tellimused (klient_id, staatus_id, tarneviis_id, kogusumma) VALUES (98, 1, 1, 0);
INSERT INTO tellimuse_read (tellimus_id, toode_id, kogus, uhikuhind) VALUES (384, 63, 4, 739.53);
INSERT INTO tellimuse_read (tellimus_id, toode_id, kogus, uhikuhind) VALUES (384, 91, 3, 238.14);
INSERT INTO tellimuse_read (tellimus_id, toode_id, kogus, uhikuhind) VALUES (384, 51, 2, 645.54);
INSERT INTO tellimuse_read (tellimus_id, toode_id, kogus, uhikuhind) VALUES (384, 149, 1, 1250.69);
UPDATE tellimused SET kogusumma = 6220.21 WHERE id = 384;
INSERT INTO arved (tellimus_id, number, kuupaev, maksetahtaeg, tasutud) VALUES (384, 'ARV-2026-00384', CURRENT_DATE(), CURRENT_DATE(), 0);
INSERT INTO tellimused (klient_id, staatus_id, tarneviis_id, kogusumma) VALUES (357, 4, 3, 0);
INSERT INTO tellimuse_read (tellimus_id, toode_id, kogus, uhikuhind) VALUES (385, 38, 1, 1049.43);
UPDATE tellimused SET kogusumma = 1049.43 WHERE id = 385;
INSERT INTO arved (tellimus_id, number, kuupaev, maksetahtaeg, tasutud) VALUES (385, 'ARV-2026-00385', CURRENT_DATE(), CURRENT_DATE(), 1);
INSERT INTO maksed (arve_id, makseviis_id, summa) VALUES (385, 2, 1049.43);
INSERT INTO tellimused (klient_id, staatus_id, tarneviis_id, kogusumma) VALUES (275, 4, 3, 0);
INSERT INTO tellimuse_read (tellimus_id, toode_id, kogus, uhikuhind) VALUES (386, 65, 2, 582.18);
INSERT INTO tellimuse_read (tellimus_id, toode_id, kogus, uhikuhind) VALUES (386, 68, 4, 1408.93);
INSERT INTO tellimuse_read (tellimus_id, toode_id, kogus, uhikuhind) VALUES (386, 50, 3, 1049.16);
INSERT INTO tellimuse_read (tellimus_id, toode_id, kogus, uhikuhind) VALUES (386, 150, 4, 580.23);
UPDATE tellimused SET kogusumma = 12268.48 WHERE id = 386;
INSERT INTO arved (tellimus_id, number, kuupaev, maksetahtaeg, tasutud) VALUES (386, 'ARV-2026-00386', CURRENT_DATE(), CURRENT_DATE(), 1);
INSERT INTO maksed (arve_id, makseviis_id, summa) VALUES (386, 1, 12268.48);
INSERT INTO tellimused (klient_id, staatus_id, tarneviis_id, kogusumma) VALUES (500, 3, 2, 0);
INSERT INTO tellimuse_read (tellimus_id, toode_id, kogus, uhikuhind) VALUES (387, 4, 1, 908.2);
INSERT INTO tellimuse_read (tellimus_id, toode_id, kogus, uhikuhind) VALUES (387, 63, 1, 739.53);
UPDATE tellimused SET kogusumma = 1650.63 WHERE id = 387;
INSERT INTO arved (tellimus_id, number, kuupaev, maksetahtaeg, tasutud) VALUES (387, 'ARV-2026-00387', CURRENT_DATE(), CURRENT_DATE(), 1);
INSERT INTO maksed (arve_id, makseviis_id, summa) VALUES (387, 3, 1650.63);
INSERT INTO tellimused (klient_id, staatus_id, tarneviis_id, kogusumma) VALUES (262, 4, 3, 0);
INSERT INTO tellimuse_read (tellimus_id, toode_id, kogus, uhikuhind) VALUES (388, 134, 4, 28.46);
INSERT INTO tellimuse_read (tellimus_id, toode_id, kogus, uhikuhind) VALUES (388, 14, 2, 950.37);
UPDATE tellimused SET kogusumma = 2014.58 WHERE id = 388;
INSERT INTO arved (tellimus_id, number, kuupaev, maksetahtaeg, tasutud) VALUES (388, 'ARV-2026-00388', CURRENT_DATE(), CURRENT_DATE(), 1);
INSERT INTO maksed (arve_id, makseviis_id, summa) VALUES (388, 2, 2014.58);
INSERT INTO tellimused (klient_id, staatus_id, tarneviis_id, kogusumma) VALUES (338, 4, 1, 0);
INSERT INTO tellimuse_read (tellimus_id, toode_id, kogus, uhikuhind) VALUES (389, 79, 3, 736.42);
INSERT INTO tellimuse_read (tellimus_id, toode_id, kogus, uhikuhind) VALUES (389, 102, 4, 1447.41);
UPDATE tellimused SET kogusumma = 8004.8 WHERE id = 389;
INSERT INTO arved (tellimus_id, number, kuupaev, maksetahtaeg, tasutud) VALUES (389, 'ARV-2026-00389', CURRENT_DATE(), CURRENT_DATE(), 1);
INSERT INTO maksed (arve_id, makseviis_id, summa) VALUES (389, 1, 8004.8);
INSERT INTO tellimused (klient_id, staatus_id, tarneviis_id, kogusumma) VALUES (269, 1, 2, 0);
INSERT INTO tellimuse_read (tellimus_id, toode_id, kogus, uhikuhind) VALUES (390, 146, 2, 598.89);
UPDATE tellimused SET kogusumma = 1200.68 WHERE id = 390;
INSERT INTO arved (tellimus_id, number, kuupaev, maksetahtaeg, tasutud) VALUES (390, 'ARV-2026-00390', CURRENT_DATE(), CURRENT_DATE(), 0);
INSERT INTO tellimused (klient_id, staatus_id, tarneviis_id, kogusumma) VALUES (214, 4, 3, 0);
INSERT INTO tellimuse_read (tellimus_id, toode_id, kogus, uhikuhind) VALUES (391, 136, 1, 56.7);
INSERT INTO tellimuse_read (tellimus_id, toode_id, kogus, uhikuhind) VALUES (391, 74, 2, 392.93);
UPDATE tellimused SET kogusumma = 842.56 WHERE id = 391;
INSERT INTO arved (tellimus_id, number, kuupaev, maksetahtaeg, tasutud) VALUES (391, 'ARV-2026-00391', CURRENT_DATE(), CURRENT_DATE(), 1);
INSERT INTO maksed (arve_id, makseviis_id, summa) VALUES (391, 2, 842.56);
INSERT INTO tellimused (klient_id, staatus_id, tarneviis_id, kogusumma) VALUES (406, 4, 3, 0);
INSERT INTO tellimuse_read (tellimus_id, toode_id, kogus, uhikuhind) VALUES (392, 55, 1, 21.4);
INSERT INTO tellimuse_read (tellimus_id, toode_id, kogus, uhikuhind) VALUES (392, 146, 1, 598.89);
UPDATE tellimused SET kogusumma = 620.29 WHERE id = 392;
INSERT INTO arved (tellimus_id, number, kuupaev, maksetahtaeg, tasutud) VALUES (392, 'ARV-2026-00392', CURRENT_DATE(), CURRENT_DATE(), 1);
INSERT INTO maksed (arve_id, makseviis_id, summa) VALUES (392, 1, 620.29);
INSERT INTO tellimused (klient_id, staatus_id, tarneviis_id, kogusumma) VALUES (208, 2, 2, 0);
INSERT INTO tellimuse_read (tellimus_id, toode_id, kogus, uhikuhind) VALUES (393, 62, 3, 728.03);
INSERT INTO tellimuse_read (tellimus_id, toode_id, kogus, uhikuhind) VALUES (393, 116, 4, 479.92);
INSERT INTO tellimuse_read (tellimus_id, toode_id, kogus, uhikuhind) VALUES (393, 81, 4, 764.27);
INSERT INTO tellimuse_read (tellimus_id, toode_id, kogus, uhikuhind) VALUES (393, 55, 3, 21.4);
INSERT INTO tellimuse_read (tellimus_id, toode_id, kogus, uhikuhind) VALUES (393, 23, 2, 1051.56);
UPDATE tellimused SET kogusumma = 9331.07 WHERE id = 393;
INSERT INTO arved (tellimus_id, number, kuupaev, maksetahtaeg, tasutud) VALUES (393, 'ARV-2026-00393', CURRENT_DATE(), CURRENT_DATE(), 0);
INSERT INTO tellimused (klient_id, staatus_id, tarneviis_id, kogusumma) VALUES (66, 2, 3, 0);
INSERT INTO tellimuse_read (tellimus_id, toode_id, kogus, uhikuhind) VALUES (394, 117, 3, 147.71);
INSERT INTO tellimuse_read (tellimus_id, toode_id, kogus, uhikuhind) VALUES (394, 5, 2, 1281.46);
UPDATE tellimused SET kogusumma = 3006.05 WHERE id = 394;
INSERT INTO arved (tellimus_id, number, kuupaev, maksetahtaeg, tasutud) VALUES (394, 'ARV-2026-00394', CURRENT_DATE(), CURRENT_DATE(), 0);
INSERT INTO tellimused (klient_id, staatus_id, tarneviis_id, kogusumma) VALUES (137, 3, 3, 0);
INSERT INTO tellimuse_read (tellimus_id, toode_id, kogus, uhikuhind) VALUES (395, 120, 2, 1026.9);
INSERT INTO tellimuse_read (tellimus_id, toode_id, kogus, uhikuhind) VALUES (395, 51, 3, 645.54);
UPDATE tellimused SET kogusumma = 3990.42 WHERE id = 395;
INSERT INTO arved (tellimus_id, number, kuupaev, maksetahtaeg, tasutud) VALUES (395, 'ARV-2026-00395', CURRENT_DATE(), CURRENT_DATE(), 1);
INSERT INTO maksed (arve_id, makseviis_id, summa) VALUES (395, 2, 3990.42);
INSERT INTO tellimused (klient_id, staatus_id, tarneviis_id, kogusumma) VALUES (367, 3, 3, 0);
INSERT INTO tellimuse_read (tellimus_id, toode_id, kogus, uhikuhind) VALUES (396, 124, 1, 55.84);
UPDATE tellimused SET kogusumma = 55.84 WHERE id = 396;
INSERT INTO arved (tellimus_id, number, kuupaev, maksetahtaeg, tasutud) VALUES (396, 'ARV-2026-00396', CURRENT_DATE(), CURRENT_DATE(), 1);
INSERT INTO maksed (arve_id, makseviis_id, summa) VALUES (396, 1, 55.84);
INSERT INTO tellimused (klient_id, staatus_id, tarneviis_id, kogusumma) VALUES (403, 3, 2, 0);
INSERT INTO tellimuse_read (tellimus_id, toode_id, kogus, uhikuhind) VALUES (397, 120, 1, 1026.9);
INSERT INTO tellimuse_read (tellimus_id, toode_id, kogus, uhikuhind) VALUES (397, 140, 4, 1441.36);
INSERT INTO tellimuse_read (tellimus_id, toode_id, kogus, uhikuhind) VALUES (397, 43, 2, 549.01);
UPDATE tellimused SET kogusumma = 7893.26 WHERE id = 397;
INSERT INTO arved (tellimus_id, number, kuupaev, maksetahtaeg, tasutud) VALUES (397, 'ARV-2026-00397', CURRENT_DATE(), CURRENT_DATE(), 1);
INSERT INTO maksed (arve_id, makseviis_id, summa) VALUES (397, 2, 7893.26);
INSERT INTO tellimused (klient_id, staatus_id, tarneviis_id, kogusumma) VALUES (145, 2, 3, 0);
INSERT INTO tellimuse_read (tellimus_id, toode_id, kogus, uhikuhind) VALUES (398, 141, 3, 190.7);
UPDATE tellimused SET kogusumma = 572.1 WHERE id = 398;
INSERT INTO arved (tellimus_id, number, kuupaev, maksetahtaeg, tasutud) VALUES (398, 'ARV-2026-00398', CURRENT_DATE(), CURRENT_DATE(), 0);
INSERT INTO tellimused (klient_id, staatus_id, tarneviis_id, kogusumma) VALUES (259, 1, 3, 0);
INSERT INTO tellimuse_read (tellimus_id, toode_id, kogus, uhikuhind) VALUES (399, 104, 2, 709.29);
UPDATE tellimused SET kogusumma = 1418.58 WHERE id = 399;
INSERT INTO arved (tellimus_id, number, kuupaev, maksetahtaeg, tasutud) VALUES (399, 'ARV-2026-00399', CURRENT_DATE(), CURRENT_DATE(), 0);
INSERT INTO tellimused (klient_id, staatus_id, tarneviis_id, kogusumma) VALUES (418, 3, 2, 0);
INSERT INTO tellimuse_read (tellimus_id, toode_id, kogus, uhikuhind) VALUES (400, 94, 2, 1067.21);
INSERT INTO tellimuse_read (tellimus_id, toode_id, kogus, uhikuhind) VALUES (400, 93, 4, 854.37);
UPDATE tellimused SET kogusumma = 5554.8 WHERE id = 400;
INSERT INTO arved (tellimus_id, number, kuupaev, maksetahtaeg, tasutud) VALUES (400, 'ARV-2026-00400', CURRENT_DATE(), CURRENT_DATE(), 1);
INSERT INTO maksed (arve_id, makseviis_id, summa) VALUES (400, 3, 5554.8);
INSERT INTO tellimused (klient_id, staatus_id, tarneviis_id, kogusumma) VALUES (243, 1, 3, 0);
INSERT INTO tellimuse_read (tellimus_id, toode_id, kogus, uhikuhind) VALUES (401, 36, 4, 1394.94);
INSERT INTO tellimuse_read (tellimus_id, toode_id, kogus, uhikuhind) VALUES (401, 64, 4, 1054.16);
INSERT INTO tellimuse_read (tellimus_id, toode_id, kogus, uhikuhind) VALUES (401, 137, 3, 934.56);
INSERT INTO tellimuse_read (tellimus_id, toode_id, kogus, uhikuhind) VALUES (401, 121, 3, 537.16);
UPDATE tellimused SET kogusumma = 14211.56 WHERE id = 401;
INSERT INTO arved (tellimus_id, number, kuupaev, maksetahtaeg, tasutud) VALUES (401, 'ARV-2026-00401', CURRENT_DATE(), CURRENT_DATE(), 0);
INSERT INTO tellimused (klient_id, staatus_id, tarneviis_id, kogusumma) VALUES (292, 1, 3, 0);
INSERT INTO tellimuse_read (tellimus_id, toode_id, kogus, uhikuhind) VALUES (402, 74, 1, 392.93);
UPDATE tellimused SET kogusumma = 392.93 WHERE id = 402;
INSERT INTO arved (tellimus_id, number, kuupaev, maksetahtaeg, tasutud) VALUES (402, 'ARV-2026-00402', CURRENT_DATE(), CURRENT_DATE(), 0);
INSERT INTO tellimused (klient_id, staatus_id, tarneviis_id, kogusumma) VALUES (383, 2, 3, 0);
INSERT INTO tellimuse_read (tellimus_id, toode_id, kogus, uhikuhind) VALUES (403, 19, 3, 261.3);
UPDATE tellimused SET kogusumma = 783.9 WHERE id = 403;
INSERT INTO arved (tellimus_id, number, kuupaev, maksetahtaeg, tasutud) VALUES (403, 'ARV-2026-00403', CURRENT_DATE(), CURRENT_DATE(), 0);
INSERT INTO tellimused (klient_id, staatus_id, tarneviis_id, kogusumma) VALUES (362, 4, 3, 0);
INSERT INTO tellimuse_read (tellimus_id, toode_id, kogus, uhikuhind) VALUES (404, 34, 1, 704.2);
INSERT INTO tellimuse_read (tellimus_id, toode_id, kogus, uhikuhind) VALUES (404, 118, 4, 529.61);
INSERT INTO tellimuse_read (tellimus_id, toode_id, kogus, uhikuhind) VALUES (404, 87, 3, 91.18);
INSERT INTO tellimuse_read (tellimus_id, toode_id, kogus, uhikuhind) VALUES (404, 2, 1, 591.98);
UPDATE tellimused SET kogusumma = 3688.16 WHERE id = 404;
INSERT INTO arved (tellimus_id, number, kuupaev, maksetahtaeg, tasutud) VALUES (404, 'ARV-2026-00404', CURRENT_DATE(), CURRENT_DATE(), 1);
INSERT INTO maksed (arve_id, makseviis_id, summa) VALUES (404, 3, 3688.16);
INSERT INTO tellimused (klient_id, staatus_id, tarneviis_id, kogusumma) VALUES (347, 1, 1, 0);
INSERT INTO tellimuse_read (tellimus_id, toode_id, kogus, uhikuhind) VALUES (405, 29, 1, 1404.27);
INSERT INTO tellimuse_read (tellimus_id, toode_id, kogus, uhikuhind) VALUES (405, 130, 3, 1034.54);
UPDATE tellimused SET kogusumma = 4513.79 WHERE id = 405;
INSERT INTO arved (tellimus_id, number, kuupaev, maksetahtaeg, tasutud) VALUES (405, 'ARV-2026-00405', CURRENT_DATE(), CURRENT_DATE(), 0);
INSERT INTO tellimused (klient_id, staatus_id, tarneviis_id, kogusumma) VALUES (162, 4, 1, 0);
INSERT INTO tellimuse_read (tellimus_id, toode_id, kogus, uhikuhind) VALUES (406, 67, 3, 997.44);
INSERT INTO tellimuse_read (tellimus_id, toode_id, kogus, uhikuhind) VALUES (406, 81, 1, 764.27);
INSERT INTO tellimuse_read (tellimus_id, toode_id, kogus, uhikuhind) VALUES (406, 116, 2, 479.92);
INSERT INTO tellimuse_read (tellimus_id, toode_id, kogus, uhikuhind) VALUES (406, 145, 2, 467.91);
INSERT INTO tellimuse_read (tellimus_id, toode_id, kogus, uhikuhind) VALUES (406, 125, 4, 987.42);
UPDATE tellimused SET kogusumma = 9607.83 WHERE id = 406;
INSERT INTO arved (tellimus_id, number, kuupaev, maksetahtaeg, tasutud) VALUES (406, 'ARV-2026-00406', CURRENT_DATE(), CURRENT_DATE(), 1);
INSERT INTO maksed (arve_id, makseviis_id, summa) VALUES (406, 1, 9607.83);
INSERT INTO tellimused (klient_id, staatus_id, tarneviis_id, kogusumma) VALUES (223, 3, 2, 0);
INSERT INTO tellimuse_read (tellimus_id, toode_id, kogus, uhikuhind) VALUES (407, 1, 2, 284.93);
UPDATE tellimused SET kogusumma = 572.76 WHERE id = 407;
INSERT INTO arved (tellimus_id, number, kuupaev, maksetahtaeg, tasutud) VALUES (407, 'ARV-2026-00407', CURRENT_DATE(), CURRENT_DATE(), 1);
INSERT INTO maksed (arve_id, makseviis_id, summa) VALUES (407, 3, 572.76);
INSERT INTO tellimused (klient_id, staatus_id, tarneviis_id, kogusumma) VALUES (455, 4, 2, 0);
INSERT INTO tellimuse_read (tellimus_id, toode_id, kogus, uhikuhind) VALUES (408, 115, 1, 471.15);
INSERT INTO tellimuse_read (tellimus_id, toode_id, kogus, uhikuhind) VALUES (408, 32, 3, 84.37);
INSERT INTO tellimuse_read (tellimus_id, toode_id, kogus, uhikuhind) VALUES (408, 128, 4, 189.11);
INSERT INTO tellimuse_read (tellimus_id, toode_id, kogus, uhikuhind) VALUES (408, 138, 3, 1372.15);
UPDATE tellimused SET kogusumma = 5600.05 WHERE id = 408;
INSERT INTO arved (tellimus_id, number, kuupaev, maksetahtaeg, tasutud) VALUES (408, 'ARV-2026-00408', CURRENT_DATE(), CURRENT_DATE(), 1);
INSERT INTO maksed (arve_id, makseviis_id, summa) VALUES (408, 2, 5600.05);
INSERT INTO tellimused (klient_id, staatus_id, tarneviis_id, kogusumma) VALUES (407, 3, 2, 0);
INSERT INTO tellimuse_read (tellimus_id, toode_id, kogus, uhikuhind) VALUES (409, 99, 2, 617.97);
INSERT INTO tellimuse_read (tellimus_id, toode_id, kogus, uhikuhind) VALUES (409, 131, 1, 486.56);
UPDATE tellimused SET kogusumma = 1725.4 WHERE id = 409;
INSERT INTO arved (tellimus_id, number, kuupaev, maksetahtaeg, tasutud) VALUES (409, 'ARV-2026-00409', CURRENT_DATE(), CURRENT_DATE(), 1);
INSERT INTO maksed (arve_id, makseviis_id, summa) VALUES (409, 3, 1725.4);
INSERT INTO tellimused (klient_id, staatus_id, tarneviis_id, kogusumma) VALUES (148, 4, 2, 0);
INSERT INTO tellimuse_read (tellimus_id, toode_id, kogus, uhikuhind) VALUES (410, 92, 3, 707.08);
INSERT INTO tellimuse_read (tellimus_id, toode_id, kogus, uhikuhind) VALUES (410, 30, 3, 417.38);
INSERT INTO tellimuse_read (tellimus_id, toode_id, kogus, uhikuhind) VALUES (410, 33, 3, 1183.26);
UPDATE tellimused SET kogusumma = 6926.06 WHERE id = 410;
INSERT INTO arved (tellimus_id, number, kuupaev, maksetahtaeg, tasutud) VALUES (410, 'ARV-2026-00410', CURRENT_DATE(), CURRENT_DATE(), 1);
INSERT INTO maksed (arve_id, makseviis_id, summa) VALUES (410, 2, 6926.06);
INSERT INTO tellimused (klient_id, staatus_id, tarneviis_id, kogusumma) VALUES (35, 4, 1, 0);
INSERT INTO tellimuse_read (tellimus_id, toode_id, kogus, uhikuhind) VALUES (411, 75, 3, 23.4);
INSERT INTO tellimuse_read (tellimus_id, toode_id, kogus, uhikuhind) VALUES (411, 136, 4, 56.7);
INSERT INTO tellimuse_read (tellimus_id, toode_id, kogus, uhikuhind) VALUES (411, 22, 3, 1215.75);
INSERT INTO tellimuse_read (tellimus_id, toode_id, kogus, uhikuhind) VALUES (411, 7, 4, 260.98);
INSERT INTO tellimuse_read (tellimus_id, toode_id, kogus, uhikuhind) VALUES (411, 75, 4, 23.4);
UPDATE tellimused SET kogusumma = 5087.67 WHERE id = 411;
INSERT INTO arved (tellimus_id, number, kuupaev, maksetahtaeg, tasutud) VALUES (411, 'ARV-2026-00411', CURRENT_DATE(), CURRENT_DATE(), 1);
INSERT INTO maksed (arve_id, makseviis_id, summa) VALUES (411, 2, 5087.67);
INSERT INTO tellimused (klient_id, staatus_id, tarneviis_id, kogusumma) VALUES (214, 2, 3, 0);
INSERT INTO tellimuse_read (tellimus_id, toode_id, kogus, uhikuhind) VALUES (412, 150, 1, 580.23);
UPDATE tellimused SET kogusumma = 580.23 WHERE id = 412;
INSERT INTO arved (tellimus_id, number, kuupaev, maksetahtaeg, tasutud) VALUES (412, 'ARV-2026-00412', CURRENT_DATE(), CURRENT_DATE(), 0);
INSERT INTO tellimused (klient_id, staatus_id, tarneviis_id, kogusumma) VALUES (168, 2, 2, 0);
INSERT INTO tellimuse_read (tellimus_id, toode_id, kogus, uhikuhind) VALUES (413, 29, 4, 1404.27);
INSERT INTO tellimuse_read (tellimus_id, toode_id, kogus, uhikuhind) VALUES (413, 127, 1, 133.59);
INSERT INTO tellimuse_read (tellimus_id, toode_id, kogus, uhikuhind) VALUES (413, 2, 4, 591.98);
INSERT INTO tellimuse_read (tellimus_id, toode_id, kogus, uhikuhind) VALUES (413, 71, 3, 1393.75);
UPDATE tellimused SET kogusumma = 12302.74 WHERE id = 413;
INSERT INTO arved (tellimus_id, number, kuupaev, maksetahtaeg, tasutud) VALUES (413, 'ARV-2026-00413', CURRENT_DATE(), CURRENT_DATE(), 0);
INSERT INTO tellimused (klient_id, staatus_id, tarneviis_id, kogusumma) VALUES (477, 3, 1, 0);
INSERT INTO tellimuse_read (tellimus_id, toode_id, kogus, uhikuhind) VALUES (414, 122, 1, 809.39);
INSERT INTO tellimuse_read (tellimus_id, toode_id, kogus, uhikuhind) VALUES (414, 13, 3, 294.29);
UPDATE tellimused SET kogusumma = 1698.16 WHERE id = 414;
INSERT INTO arved (tellimus_id, number, kuupaev, maksetahtaeg, tasutud) VALUES (414, 'ARV-2026-00414', CURRENT_DATE(), CURRENT_DATE(), 1);
INSERT INTO maksed (arve_id, makseviis_id, summa) VALUES (414, 3, 1698.16);
INSERT INTO tellimused (klient_id, staatus_id, tarneviis_id, kogusumma) VALUES (59, 1, 3, 0);
INSERT INTO tellimuse_read (tellimus_id, toode_id, kogus, uhikuhind) VALUES (415, 1, 2, 284.93);
INSERT INTO tellimuse_read (tellimus_id, toode_id, kogus, uhikuhind) VALUES (415, 146, 1, 598.89);
INSERT INTO tellimuse_read (tellimus_id, toode_id, kogus, uhikuhind) VALUES (415, 116, 3, 479.92);
UPDATE tellimused SET kogusumma = 2608.51 WHERE id = 415;
INSERT INTO arved (tellimus_id, number, kuupaev, maksetahtaeg, tasutud) VALUES (415, 'ARV-2026-00415', CURRENT_DATE(), CURRENT_DATE(), 0);
INSERT INTO tellimused (klient_id, staatus_id, tarneviis_id, kogusumma) VALUES (10, 3, 2, 0);
INSERT INTO tellimuse_read (tellimus_id, toode_id, kogus, uhikuhind) VALUES (416, 64, 2, 1054.16);
INSERT INTO tellimuse_read (tellimus_id, toode_id, kogus, uhikuhind) VALUES (416, 99, 2, 617.97);
UPDATE tellimused SET kogusumma = 3347.16 WHERE id = 416;
INSERT INTO arved (tellimus_id, number, kuupaev, maksetahtaeg, tasutud) VALUES (416, 'ARV-2026-00416', CURRENT_DATE(), CURRENT_DATE(), 1);
INSERT INTO maksed (arve_id, makseviis_id, summa) VALUES (416, 2, 3347.16);
INSERT INTO tellimused (klient_id, staatus_id, tarneviis_id, kogusumma) VALUES (403, 2, 1, 0);
INSERT INTO tellimuse_read (tellimus_id, toode_id, kogus, uhikuhind) VALUES (417, 100, 4, 633.82);
UPDATE tellimused SET kogusumma = 2541.18 WHERE id = 417;
INSERT INTO arved (tellimus_id, number, kuupaev, maksetahtaeg, tasutud) VALUES (417, 'ARV-2026-00417', CURRENT_DATE(), CURRENT_DATE(), 0);
INSERT INTO tellimused (klient_id, staatus_id, tarneviis_id, kogusumma) VALUES (345, 4, 2, 0);
INSERT INTO tellimuse_read (tellimus_id, toode_id, kogus, uhikuhind) VALUES (418, 124, 2, 55.84);
INSERT INTO tellimuse_read (tellimus_id, toode_id, kogus, uhikuhind) VALUES (418, 84, 1, 1389.02);
INSERT INTO tellimuse_read (tellimus_id, toode_id, kogus, uhikuhind) VALUES (418, 131, 1, 486.56);
INSERT INTO tellimuse_read (tellimus_id, toode_id, kogus, uhikuhind) VALUES (418, 120, 2, 1026.9);
UPDATE tellimused SET kogusumma = 4043.96 WHERE id = 418;
INSERT INTO arved (tellimus_id, number, kuupaev, maksetahtaeg, tasutud) VALUES (418, 'ARV-2026-00418', CURRENT_DATE(), CURRENT_DATE(), 1);
INSERT INTO maksed (arve_id, makseviis_id, summa) VALUES (418, 3, 4043.96);
INSERT INTO tellimused (klient_id, staatus_id, tarneviis_id, kogusumma) VALUES (77, 4, 1, 0);
INSERT INTO tellimuse_read (tellimus_id, toode_id, kogus, uhikuhind) VALUES (419, 59, 2, 634.88);
INSERT INTO tellimuse_read (tellimus_id, toode_id, kogus, uhikuhind) VALUES (419, 143, 1, 291.2);
INSERT INTO tellimuse_read (tellimus_id, toode_id, kogus, uhikuhind) VALUES (419, 52, 3, 583.63);
INSERT INTO tellimuse_read (tellimus_id, toode_id, kogus, uhikuhind) VALUES (419, 40, 3, 1185.79);
INSERT INTO tellimuse_read (tellimus_id, toode_id, kogus, uhikuhind) VALUES (419, 133, 4, 517.42);
UPDATE tellimused SET kogusumma = 8944.8 WHERE id = 419;
INSERT INTO arved (tellimus_id, number, kuupaev, maksetahtaeg, tasutud) VALUES (419, 'ARV-2026-00419', CURRENT_DATE(), CURRENT_DATE(), 1);
INSERT INTO maksed (arve_id, makseviis_id, summa) VALUES (419, 1, 8944.8);
INSERT INTO tellimused (klient_id, staatus_id, tarneviis_id, kogusumma) VALUES (193, 3, 2, 0);
INSERT INTO tellimuse_read (tellimus_id, toode_id, kogus, uhikuhind) VALUES (420, 131, 1, 486.56);
INSERT INTO tellimuse_read (tellimus_id, toode_id, kogus, uhikuhind) VALUES (420, 26, 4, 173.68);
INSERT INTO tellimuse_read (tellimus_id, toode_id, kogus, uhikuhind) VALUES (420, 64, 3, 1054.16);
UPDATE tellimused SET kogusumma = 4346.66 WHERE id = 420;
INSERT INTO arved (tellimus_id, number, kuupaev, maksetahtaeg, tasutud) VALUES (420, 'ARV-2026-00420', CURRENT_DATE(), CURRENT_DATE(), 1);
INSERT INTO maksed (arve_id, makseviis_id, summa) VALUES (420, 1, 4346.66);
INSERT INTO tellimused (klient_id, staatus_id, tarneviis_id, kogusumma) VALUES (377, 1, 1, 0);
INSERT INTO tellimuse_read (tellimus_id, toode_id, kogus, uhikuhind) VALUES (421, 109, 4, 151.7);
INSERT INTO tellimuse_read (tellimus_id, toode_id, kogus, uhikuhind) VALUES (421, 21, 4, 1321.31);
INSERT INTO tellimuse_read (tellimus_id, toode_id, kogus, uhikuhind) VALUES (421, 70, 4, 524.94);
UPDATE tellimused SET kogusumma = 7997.7 WHERE id = 421;
INSERT INTO arved (tellimus_id, number, kuupaev, maksetahtaeg, tasutud) VALUES (421, 'ARV-2026-00421', CURRENT_DATE(), CURRENT_DATE(), 0);
INSERT INTO tellimused (klient_id, staatus_id, tarneviis_id, kogusumma) VALUES (127, 4, 1, 0);
INSERT INTO tellimuse_read (tellimus_id, toode_id, kogus, uhikuhind) VALUES (422, 95, 1, 1375.85);
INSERT INTO tellimuse_read (tellimus_id, toode_id, kogus, uhikuhind) VALUES (422, 103, 3, 1221.75);
INSERT INTO tellimuse_read (tellimus_id, toode_id, kogus, uhikuhind) VALUES (422, 84, 1, 1389.02);
UPDATE tellimused SET kogusumma = 6436.02 WHERE id = 422;
INSERT INTO arved (tellimus_id, number, kuupaev, maksetahtaeg, tasutud) VALUES (422, 'ARV-2026-00422', CURRENT_DATE(), CURRENT_DATE(), 1);
INSERT INTO maksed (arve_id, makseviis_id, summa) VALUES (422, 3, 6436.02);
INSERT INTO tellimused (klient_id, staatus_id, tarneviis_id, kogusumma) VALUES (135, 1, 1, 0);
INSERT INTO tellimuse_read (tellimus_id, toode_id, kogus, uhikuhind) VALUES (423, 37, 4, 1435.53);
INSERT INTO tellimuse_read (tellimus_id, toode_id, kogus, uhikuhind) VALUES (423, 44, 2, 226.18);
INSERT INTO tellimuse_read (tellimus_id, toode_id, kogus, uhikuhind) VALUES (423, 147, 2, 576.36);
UPDATE tellimused SET kogusumma = 7353.1 WHERE id = 423;
INSERT INTO arved (tellimus_id, number, kuupaev, maksetahtaeg, tasutud) VALUES (423, 'ARV-2026-00423', CURRENT_DATE(), CURRENT_DATE(), 0);
INSERT INTO tellimused (klient_id, staatus_id, tarneviis_id, kogusumma) VALUES (20, 2, 2, 0);
INSERT INTO tellimuse_read (tellimus_id, toode_id, kogus, uhikuhind) VALUES (424, 78, 1, 257.32);
INSERT INTO tellimuse_read (tellimus_id, toode_id, kogus, uhikuhind) VALUES (424, 76, 3, 491.88);
INSERT INTO tellimuse_read (tellimus_id, toode_id, kogus, uhikuhind) VALUES (424, 45, 3, 1046.82);
INSERT INTO tellimuse_read (tellimus_id, toode_id, kogus, uhikuhind) VALUES (424, 144, 1, 795.84);
INSERT INTO tellimuse_read (tellimus_id, toode_id, kogus, uhikuhind) VALUES (424, 1, 3, 284.93);
UPDATE tellimused SET kogusumma = 6526.95 WHERE id = 424;
INSERT INTO arved (tellimus_id, number, kuupaev, maksetahtaeg, tasutud) VALUES (424, 'ARV-2026-00424', CURRENT_DATE(), CURRENT_DATE(), 0);
INSERT INTO tellimused (klient_id, staatus_id, tarneviis_id, kogusumma) VALUES (52, 4, 3, 0);
INSERT INTO tellimuse_read (tellimus_id, toode_id, kogus, uhikuhind) VALUES (425, 92, 1, 707.08);
INSERT INTO tellimuse_read (tellimus_id, toode_id, kogus, uhikuhind) VALUES (425, 42, 3, 744.92);
UPDATE tellimused SET kogusumma = 2941.84 WHERE id = 425;
INSERT INTO arved (tellimus_id, number, kuupaev, maksetahtaeg, tasutud) VALUES (425, 'ARV-2026-00425', CURRENT_DATE(), CURRENT_DATE(), 1);
INSERT INTO maksed (arve_id, makseviis_id, summa) VALUES (425, 3, 2941.84);
INSERT INTO tellimused (klient_id, staatus_id, tarneviis_id, kogusumma) VALUES (287, 2, 3, 0);
INSERT INTO tellimuse_read (tellimus_id, toode_id, kogus, uhikuhind) VALUES (426, 69, 4, 785.52);
INSERT INTO tellimuse_read (tellimus_id, toode_id, kogus, uhikuhind) VALUES (426, 66, 2, 712.62);
INSERT INTO tellimuse_read (tellimus_id, toode_id, kogus, uhikuhind) VALUES (426, 109, 1, 151.7);
INSERT INTO tellimuse_read (tellimus_id, toode_id, kogus, uhikuhind) VALUES (426, 17, 4, 399.17);
UPDATE tellimused SET kogusumma = 6315.7 WHERE id = 426;
INSERT INTO arved (tellimus_id, number, kuupaev, maksetahtaeg, tasutud) VALUES (426, 'ARV-2026-00426', CURRENT_DATE(), CURRENT_DATE(), 0);
INSERT INTO tellimused (klient_id, staatus_id, tarneviis_id, kogusumma) VALUES (63, 2, 1, 0);
INSERT INTO tellimuse_read (tellimus_id, toode_id, kogus, uhikuhind) VALUES (427, 57, 4, 659.85);
INSERT INTO tellimuse_read (tellimus_id, toode_id, kogus, uhikuhind) VALUES (427, 148, 1, 184.12);
INSERT INTO tellimuse_read (tellimus_id, toode_id, kogus, uhikuhind) VALUES (427, 78, 1, 257.32);
INSERT INTO tellimuse_read (tellimus_id, toode_id, kogus, uhikuhind) VALUES (427, 55, 1, 21.4);
INSERT INTO tellimuse_read (tellimus_id, toode_id, kogus, uhikuhind) VALUES (427, 80, 2, 549.38);
UPDATE tellimused SET kogusumma = 4206.9 WHERE id = 427;
INSERT INTO arved (tellimus_id, number, kuupaev, maksetahtaeg, tasutud) VALUES (427, 'ARV-2026-00427', CURRENT_DATE(), CURRENT_DATE(), 0);
INSERT INTO tellimused (klient_id, staatus_id, tarneviis_id, kogusumma) VALUES (325, 3, 2, 0);
INSERT INTO tellimuse_read (tellimus_id, toode_id, kogus, uhikuhind) VALUES (428, 96, 3, 431.48);
INSERT INTO tellimuse_read (tellimus_id, toode_id, kogus, uhikuhind) VALUES (428, 144, 3, 795.84);
UPDATE tellimused SET kogusumma = 3684.86 WHERE id = 428;
INSERT INTO arved (tellimus_id, number, kuupaev, maksetahtaeg, tasutud) VALUES (428, 'ARV-2026-00428', CURRENT_DATE(), CURRENT_DATE(), 1);
INSERT INTO maksed (arve_id, makseviis_id, summa) VALUES (428, 3, 3684.86);
INSERT INTO tellimused (klient_id, staatus_id, tarneviis_id, kogusumma) VALUES (473, 2, 3, 0);
INSERT INTO tellimuse_read (tellimus_id, toode_id, kogus, uhikuhind) VALUES (429, 106, 1, 852.04);
INSERT INTO tellimuse_read (tellimus_id, toode_id, kogus, uhikuhind) VALUES (429, 22, 4, 1215.75);
INSERT INTO tellimuse_read (tellimus_id, toode_id, kogus, uhikuhind) VALUES (429, 29, 4, 1404.27);
INSERT INTO tellimuse_read (tellimus_id, toode_id, kogus, uhikuhind) VALUES (429, 107, 4, 1262.41);
UPDATE tellimused SET kogusumma = 16381.76 WHERE id = 429;
INSERT INTO arved (tellimus_id, number, kuupaev, maksetahtaeg, tasutud) VALUES (429, 'ARV-2026-00429', CURRENT_DATE(), CURRENT_DATE(), 0);
INSERT INTO tellimused (klient_id, staatus_id, tarneviis_id, kogusumma) VALUES (85, 1, 1, 0);
INSERT INTO tellimuse_read (tellimus_id, toode_id, kogus, uhikuhind) VALUES (430, 54, 2, 1409.57);
INSERT INTO tellimuse_read (tellimus_id, toode_id, kogus, uhikuhind) VALUES (430, 6, 3, 1448.04);
INSERT INTO tellimuse_read (tellimus_id, toode_id, kogus, uhikuhind) VALUES (430, 5, 4, 1281.46);
INSERT INTO tellimuse_read (tellimus_id, toode_id, kogus, uhikuhind) VALUES (430, 26, 1, 173.68);
INSERT INTO tellimuse_read (tellimus_id, toode_id, kogus, uhikuhind) VALUES (430, 91, 2, 238.14);
UPDATE tellimused SET kogusumma = 12944.96 WHERE id = 430;
INSERT INTO arved (tellimus_id, number, kuupaev, maksetahtaeg, tasutud) VALUES (430, 'ARV-2026-00430', CURRENT_DATE(), CURRENT_DATE(), 0);
INSERT INTO tellimused (klient_id, staatus_id, tarneviis_id, kogusumma) VALUES (249, 4, 2, 0);
INSERT INTO tellimuse_read (tellimus_id, toode_id, kogus, uhikuhind) VALUES (431, 95, 4, 1375.85);
INSERT INTO tellimuse_read (tellimus_id, toode_id, kogus, uhikuhind) VALUES (431, 76, 4, 491.88);
INSERT INTO tellimuse_read (tellimus_id, toode_id, kogus, uhikuhind) VALUES (431, 139, 1, 9.21);
UPDATE tellimused SET kogusumma = 7483.03 WHERE id = 431;
INSERT INTO arved (tellimus_id, number, kuupaev, maksetahtaeg, tasutud) VALUES (431, 'ARV-2026-00431', CURRENT_DATE(), CURRENT_DATE(), 1);
INSERT INTO maksed (arve_id, makseviis_id, summa) VALUES (431, 2, 7483.03);
INSERT INTO tellimused (klient_id, staatus_id, tarneviis_id, kogusumma) VALUES (324, 1, 3, 0);
INSERT INTO tellimuse_read (tellimus_id, toode_id, kogus, uhikuhind) VALUES (432, 149, 4, 1250.69);
INSERT INTO tellimuse_read (tellimus_id, toode_id, kogus, uhikuhind) VALUES (432, 149, 4, 1250.69);
INSERT INTO tellimuse_read (tellimus_id, toode_id, kogus, uhikuhind) VALUES (432, 106, 4, 852.04);
INSERT INTO tellimuse_read (tellimus_id, toode_id, kogus, uhikuhind) VALUES (432, 86, 2, 1436.12);
UPDATE tellimused SET kogusumma = 16285.92 WHERE id = 432;
INSERT INTO arved (tellimus_id, number, kuupaev, maksetahtaeg, tasutud) VALUES (432, 'ARV-2026-00432', CURRENT_DATE(), CURRENT_DATE(), 0);
INSERT INTO tellimused (klient_id, staatus_id, tarneviis_id, kogusumma) VALUES (76, 3, 2, 0);
INSERT INTO tellimuse_read (tellimus_id, toode_id, kogus, uhikuhind) VALUES (433, 3, 1, 905.41);
INSERT INTO tellimuse_read (tellimus_id, toode_id, kogus, uhikuhind) VALUES (433, 75, 2, 23.4);
INSERT INTO tellimuse_read (tellimus_id, toode_id, kogus, uhikuhind) VALUES (433, 19, 3, 261.3);
INSERT INTO tellimuse_read (tellimus_id, toode_id, kogus, uhikuhind) VALUES (433, 39, 3, 207.71);
INSERT INTO tellimuse_read (tellimus_id, toode_id, kogus, uhikuhind) VALUES (433, 106, 4, 852.04);
UPDATE tellimused SET kogusumma = 5770.3 WHERE id = 433;
INSERT INTO arved (tellimus_id, number, kuupaev, maksetahtaeg, tasutud) VALUES (433, 'ARV-2026-00433', CURRENT_DATE(), CURRENT_DATE(), 1);
INSERT INTO maksed (arve_id, makseviis_id, summa) VALUES (433, 1, 5770.3);
INSERT INTO tellimused (klient_id, staatus_id, tarneviis_id, kogusumma) VALUES (459, 3, 1, 0);
INSERT INTO tellimuse_read (tellimus_id, toode_id, kogus, uhikuhind) VALUES (434, 85, 4, 920.53);
INSERT INTO tellimuse_read (tellimus_id, toode_id, kogus, uhikuhind) VALUES (434, 107, 1, 1262.41);
INSERT INTO tellimuse_read (tellimus_id, toode_id, kogus, uhikuhind) VALUES (434, 75, 2, 23.4);
INSERT INTO tellimuse_read (tellimus_id, toode_id, kogus, uhikuhind) VALUES (434, 21, 1, 1321.31);
INSERT INTO tellimuse_read (tellimus_id, toode_id, kogus, uhikuhind) VALUES (434, 72, 1, 52.19);
UPDATE tellimused SET kogusumma = 6370.73 WHERE id = 434;
INSERT INTO arved (tellimus_id, number, kuupaev, maksetahtaeg, tasutud) VALUES (434, 'ARV-2026-00434', CURRENT_DATE(), CURRENT_DATE(), 1);
INSERT INTO maksed (arve_id, makseviis_id, summa) VALUES (434, 1, 6370.73);
INSERT INTO tellimused (klient_id, staatus_id, tarneviis_id, kogusumma) VALUES (77, 2, 1, 0);
INSERT INTO tellimuse_read (tellimus_id, toode_id, kogus, uhikuhind) VALUES (435, 58, 2, 1038.18);
INSERT INTO tellimuse_read (tellimus_id, toode_id, kogus, uhikuhind) VALUES (435, 48, 3, 650.28);
UPDATE tellimused SET kogusumma = 4033.1 WHERE id = 435;
INSERT INTO arved (tellimus_id, number, kuupaev, maksetahtaeg, tasutud) VALUES (435, 'ARV-2026-00435', CURRENT_DATE(), CURRENT_DATE(), 0);
INSERT INTO tellimused (klient_id, staatus_id, tarneviis_id, kogusumma) VALUES (50, 1, 3, 0);
INSERT INTO tellimuse_read (tellimus_id, toode_id, kogus, uhikuhind) VALUES (436, 113, 4, 1051.2);
UPDATE tellimused SET kogusumma = 4204.8 WHERE id = 436;
INSERT INTO arved (tellimus_id, number, kuupaev, maksetahtaeg, tasutud) VALUES (436, 'ARV-2026-00436', CURRENT_DATE(), CURRENT_DATE(), 0);
INSERT INTO tellimused (klient_id, staatus_id, tarneviis_id, kogusumma) VALUES (278, 2, 2, 0);
INSERT INTO tellimuse_read (tellimus_id, toode_id, kogus, uhikuhind) VALUES (437, 97, 4, 985.9);
INSERT INTO tellimuse_read (tellimus_id, toode_id, kogus, uhikuhind) VALUES (437, 149, 3, 1250.69);
INSERT INTO tellimuse_read (tellimus_id, toode_id, kogus, uhikuhind) VALUES (437, 150, 2, 580.23);
UPDATE tellimused SET kogusumma = 8859.03 WHERE id = 437;
INSERT INTO arved (tellimus_id, number, kuupaev, maksetahtaeg, tasutud) VALUES (437, 'ARV-2026-00437', CURRENT_DATE(), CURRENT_DATE(), 0);
INSERT INTO tellimused (klient_id, staatus_id, tarneviis_id, kogusumma) VALUES (339, 4, 1, 0);
INSERT INTO tellimuse_read (tellimus_id, toode_id, kogus, uhikuhind) VALUES (438, 51, 3, 645.54);
UPDATE tellimused SET kogusumma = 1942.52 WHERE id = 438;
INSERT INTO arved (tellimus_id, number, kuupaev, maksetahtaeg, tasutud) VALUES (438, 'ARV-2026-00438', CURRENT_DATE(), CURRENT_DATE(), 1);
INSERT INTO maksed (arve_id, makseviis_id, summa) VALUES (438, 3, 1942.52);
INSERT INTO tellimused (klient_id, staatus_id, tarneviis_id, kogusumma) VALUES (445, 4, 2, 0);
INSERT INTO tellimuse_read (tellimus_id, toode_id, kogus, uhikuhind) VALUES (439, 88, 2, 904.75);
INSERT INTO tellimuse_read (tellimus_id, toode_id, kogus, uhikuhind) VALUES (439, 95, 2, 1375.85);
UPDATE tellimused SET kogusumma = 4564.1 WHERE id = 439;
INSERT INTO arved (tellimus_id, number, kuupaev, maksetahtaeg, tasutud) VALUES (439, 'ARV-2026-00439', CURRENT_DATE(), CURRENT_DATE(), 1);
INSERT INTO maksed (arve_id, makseviis_id, summa) VALUES (439, 2, 4564.1);
INSERT INTO tellimused (klient_id, staatus_id, tarneviis_id, kogusumma) VALUES (23, 2, 1, 0);
INSERT INTO tellimuse_read (tellimus_id, toode_id, kogus, uhikuhind) VALUES (440, 115, 3, 471.15);
UPDATE tellimused SET kogusumma = 1419.35 WHERE id = 440;
INSERT INTO arved (tellimus_id, number, kuupaev, maksetahtaeg, tasutud) VALUES (440, 'ARV-2026-00440', CURRENT_DATE(), CURRENT_DATE(), 0);
INSERT INTO tellimused (klient_id, staatus_id, tarneviis_id, kogusumma) VALUES (117, 2, 1, 0);
INSERT INTO tellimuse_read (tellimus_id, toode_id, kogus, uhikuhind) VALUES (441, 83, 4, 495.68);
UPDATE tellimused SET kogusumma = 1988.62 WHERE id = 441;
INSERT INTO arved (tellimus_id, number, kuupaev, maksetahtaeg, tasutud) VALUES (441, 'ARV-2026-00441', CURRENT_DATE(), CURRENT_DATE(), 0);
INSERT INTO tellimused (klient_id, staatus_id, tarneviis_id, kogusumma) VALUES (270, 4, 1, 0);
INSERT INTO tellimuse_read (tellimus_id, toode_id, kogus, uhikuhind) VALUES (442, 94, 1, 1067.21);
UPDATE tellimused SET kogusumma = 1073.11 WHERE id = 442;
INSERT INTO arved (tellimus_id, number, kuupaev, maksetahtaeg, tasutud) VALUES (442, 'ARV-2026-00442', CURRENT_DATE(), CURRENT_DATE(), 1);
INSERT INTO maksed (arve_id, makseviis_id, summa) VALUES (442, 3, 1073.11);
INSERT INTO tellimused (klient_id, staatus_id, tarneviis_id, kogusumma) VALUES (374, 1, 1, 0);
INSERT INTO tellimuse_read (tellimus_id, toode_id, kogus, uhikuhind) VALUES (443, 142, 4, 1000.4);
INSERT INTO tellimuse_read (tellimus_id, toode_id, kogus, uhikuhind) VALUES (443, 20, 1, 465.78);
INSERT INTO tellimuse_read (tellimus_id, toode_id, kogus, uhikuhind) VALUES (443, 44, 3, 226.18);
INSERT INTO tellimuse_read (tellimus_id, toode_id, kogus, uhikuhind) VALUES (443, 84, 3, 1389.02);
INSERT INTO tellimuse_read (tellimus_id, toode_id, kogus, uhikuhind) VALUES (443, 122, 1, 809.39);
UPDATE tellimused SET kogusumma = 10128.27 WHERE id = 443;
INSERT INTO arved (tellimus_id, number, kuupaev, maksetahtaeg, tasutud) VALUES (443, 'ARV-2026-00443', CURRENT_DATE(), CURRENT_DATE(), 0);
INSERT INTO tellimused (klient_id, staatus_id, tarneviis_id, kogusumma) VALUES (302, 2, 1, 0);
INSERT INTO tellimuse_read (tellimus_id, toode_id, kogus, uhikuhind) VALUES (444, 78, 2, 257.32);
INSERT INTO tellimuse_read (tellimus_id, toode_id, kogus, uhikuhind) VALUES (444, 99, 2, 617.97);
INSERT INTO tellimuse_read (tellimus_id, toode_id, kogus, uhikuhind) VALUES (444, 103, 4, 1221.75);
INSERT INTO tellimuse_read (tellimus_id, toode_id, kogus, uhikuhind) VALUES (444, 106, 4, 852.04);
UPDATE tellimused SET kogusumma = 10051.64 WHERE id = 444;
INSERT INTO arved (tellimus_id, number, kuupaev, maksetahtaeg, tasutud) VALUES (444, 'ARV-2026-00444', CURRENT_DATE(), CURRENT_DATE(), 0);
INSERT INTO tellimused (klient_id, staatus_id, tarneviis_id, kogusumma) VALUES (148, 4, 3, 0);
INSERT INTO tellimuse_read (tellimus_id, toode_id, kogus, uhikuhind) VALUES (445, 129, 4, 869.54);
UPDATE tellimused SET kogusumma = 3478.16 WHERE id = 445;
INSERT INTO arved (tellimus_id, number, kuupaev, maksetahtaeg, tasutud) VALUES (445, 'ARV-2026-00445', CURRENT_DATE(), CURRENT_DATE(), 1);
INSERT INTO maksed (arve_id, makseviis_id, summa) VALUES (445, 2, 3478.16);
INSERT INTO tellimused (klient_id, staatus_id, tarneviis_id, kogusumma) VALUES (385, 3, 1, 0);
INSERT INTO tellimuse_read (tellimus_id, toode_id, kogus, uhikuhind) VALUES (446, 6, 1, 1448.04);
INSERT INTO tellimuse_read (tellimus_id, toode_id, kogus, uhikuhind) VALUES (446, 43, 2, 549.01);
INSERT INTO tellimuse_read (tellimus_id, toode_id, kogus, uhikuhind) VALUES (446, 145, 2, 467.91);
INSERT INTO tellimuse_read (tellimus_id, toode_id, kogus, uhikuhind) VALUES (446, 141, 2, 190.7);
UPDATE tellimused SET kogusumma = 3869.18 WHERE id = 446;
INSERT INTO arved (tellimus_id, number, kuupaev, maksetahtaeg, tasutud) VALUES (446, 'ARV-2026-00446', CURRENT_DATE(), CURRENT_DATE(), 1);
INSERT INTO maksed (arve_id, makseviis_id, summa) VALUES (446, 1, 3869.18);
INSERT INTO tellimused (klient_id, staatus_id, tarneviis_id, kogusumma) VALUES (245, 4, 2, 0);
INSERT INTO tellimuse_read (tellimus_id, toode_id, kogus, uhikuhind) VALUES (447, 125, 3, 987.42);
INSERT INTO tellimuse_read (tellimus_id, toode_id, kogus, uhikuhind) VALUES (447, 140, 1, 1441.36);
INSERT INTO tellimuse_read (tellimus_id, toode_id, kogus, uhikuhind) VALUES (447, 55, 3, 21.4);
INSERT INTO tellimuse_read (tellimus_id, toode_id, kogus, uhikuhind) VALUES (447, 69, 2, 785.52);
UPDATE tellimused SET kogusumma = 6041.76 WHERE id = 447;
INSERT INTO arved (tellimus_id, number, kuupaev, maksetahtaeg, tasutud) VALUES (447, 'ARV-2026-00447', CURRENT_DATE(), CURRENT_DATE(), 1);
INSERT INTO maksed (arve_id, makseviis_id, summa) VALUES (447, 3, 6041.76);
INSERT INTO tellimused (klient_id, staatus_id, tarneviis_id, kogusumma) VALUES (146, 3, 1, 0);
INSERT INTO tellimuse_read (tellimus_id, toode_id, kogus, uhikuhind) VALUES (448, 136, 3, 56.7);
INSERT INTO tellimuse_read (tellimus_id, toode_id, kogus, uhikuhind) VALUES (448, 59, 2, 634.88);
INSERT INTO tellimuse_read (tellimus_id, toode_id, kogus, uhikuhind) VALUES (448, 4, 4, 908.2);
INSERT INTO tellimuse_read (tellimus_id, toode_id, kogus, uhikuhind) VALUES (448, 66, 1, 712.62);
INSERT INTO tellimuse_read (tellimus_id, toode_id, kogus, uhikuhind) VALUES (448, 74, 3, 392.93);
UPDATE tellimused SET kogusumma = 6969.97 WHERE id = 448;
INSERT INTO arved (tellimus_id, number, kuupaev, maksetahtaeg, tasutud) VALUES (448, 'ARV-2026-00448', CURRENT_DATE(), CURRENT_DATE(), 1);
INSERT INTO maksed (arve_id, makseviis_id, summa) VALUES (448, 1, 6969.97);
INSERT INTO tellimused (klient_id, staatus_id, tarneviis_id, kogusumma) VALUES (187, 2, 3, 0);
INSERT INTO tellimuse_read (tellimus_id, toode_id, kogus, uhikuhind) VALUES (449, 58, 3, 1038.18);
INSERT INTO tellimuse_read (tellimus_id, toode_id, kogus, uhikuhind) VALUES (449, 114, 4, 805.9);
INSERT INTO tellimuse_read (tellimus_id, toode_id, kogus, uhikuhind) VALUES (449, 9, 4, 470.38);
INSERT INTO tellimuse_read (tellimus_id, toode_id, kogus, uhikuhind) VALUES (449, 142, 4, 1000.4);
INSERT INTO tellimuse_read (tellimus_id, toode_id, kogus, uhikuhind) VALUES (449, 60, 3, 433.47);
UPDATE tellimused SET kogusumma = 13521.67 WHERE id = 449;
INSERT INTO arved (tellimus_id, number, kuupaev, maksetahtaeg, tasutud) VALUES (449, 'ARV-2026-00449', CURRENT_DATE(), CURRENT_DATE(), 0);
INSERT INTO tellimused (klient_id, staatus_id, tarneviis_id, kogusumma) VALUES (341, 1, 2, 0);
INSERT INTO tellimuse_read (tellimus_id, toode_id, kogus, uhikuhind) VALUES (450, 113, 3, 1051.2);
INSERT INTO tellimuse_read (tellimus_id, toode_id, kogus, uhikuhind) VALUES (450, 94, 2, 1067.21);
UPDATE tellimused SET kogusumma = 5290.92 WHERE id = 450;
INSERT INTO arved (tellimus_id, number, kuupaev, maksetahtaeg, tasutud) VALUES (450, 'ARV-2026-00450', CURRENT_DATE(), CURRENT_DATE(), 0);
INSERT INTO tellimused (klient_id, staatus_id, tarneviis_id, kogusumma) VALUES (290, 2, 3, 0);
INSERT INTO tellimuse_read (tellimus_id, toode_id, kogus, uhikuhind) VALUES (451, 87, 4, 91.18);
INSERT INTO tellimuse_read (tellimus_id, toode_id, kogus, uhikuhind) VALUES (451, 117, 2, 147.71);
UPDATE tellimused SET kogusumma = 660.14 WHERE id = 451;
INSERT INTO arved (tellimus_id, number, kuupaev, maksetahtaeg, tasutud) VALUES (451, 'ARV-2026-00451', CURRENT_DATE(), CURRENT_DATE(), 0);
INSERT INTO tellimused (klient_id, staatus_id, tarneviis_id, kogusumma) VALUES (343, 2, 3, 0);
INSERT INTO tellimuse_read (tellimus_id, toode_id, kogus, uhikuhind) VALUES (452, 86, 4, 1436.12);
INSERT INTO tellimuse_read (tellimus_id, toode_id, kogus, uhikuhind) VALUES (452, 71, 3, 1393.75);
UPDATE tellimused SET kogusumma = 9925.73 WHERE id = 452;
INSERT INTO arved (tellimus_id, number, kuupaev, maksetahtaeg, tasutud) VALUES (452, 'ARV-2026-00452', CURRENT_DATE(), CURRENT_DATE(), 0);
INSERT INTO tellimused (klient_id, staatus_id, tarneviis_id, kogusumma) VALUES (93, 3, 3, 0);
INSERT INTO tellimuse_read (tellimus_id, toode_id, kogus, uhikuhind) VALUES (453, 116, 4, 479.92);
INSERT INTO tellimuse_read (tellimus_id, toode_id, kogus, uhikuhind) VALUES (453, 97, 1, 985.9);
INSERT INTO tellimuse_read (tellimus_id, toode_id, kogus, uhikuhind) VALUES (453, 77, 3, 730.23);
INSERT INTO tellimuse_read (tellimus_id, toode_id, kogus, uhikuhind) VALUES (453, 33, 2, 1183.26);
UPDATE tellimused SET kogusumma = 7462.79 WHERE id = 453;
INSERT INTO arved (tellimus_id, number, kuupaev, maksetahtaeg, tasutud) VALUES (453, 'ARV-2026-00453', CURRENT_DATE(), CURRENT_DATE(), 1);
INSERT INTO maksed (arve_id, makseviis_id, summa) VALUES (453, 1, 7462.79);
INSERT INTO tellimused (klient_id, staatus_id, tarneviis_id, kogusumma) VALUES (289, 1, 2, 0);
INSERT INTO tellimuse_read (tellimus_id, toode_id, kogus, uhikuhind) VALUES (454, 59, 4, 634.88);
INSERT INTO tellimuse_read (tellimus_id, toode_id, kogus, uhikuhind) VALUES (454, 29, 3, 1404.27);
INSERT INTO tellimuse_read (tellimus_id, toode_id, kogus, uhikuhind) VALUES (454, 31, 4, 1083.57);
UPDATE tellimused SET kogusumma = 11089.51 WHERE id = 454;
INSERT INTO arved (tellimus_id, number, kuupaev, maksetahtaeg, tasutud) VALUES (454, 'ARV-2026-00454', CURRENT_DATE(), CURRENT_DATE(), 0);
INSERT INTO tellimused (klient_id, staatus_id, tarneviis_id, kogusumma) VALUES (250, 2, 1, 0);
INSERT INTO tellimuse_read (tellimus_id, toode_id, kogus, uhikuhind) VALUES (455, 10, 3, 197.52);
INSERT INTO tellimuse_read (tellimus_id, toode_id, kogus, uhikuhind) VALUES (455, 131, 2, 486.56);
UPDATE tellimused SET kogusumma = 1571.58 WHERE id = 455;
INSERT INTO arved (tellimus_id, number, kuupaev, maksetahtaeg, tasutud) VALUES (455, 'ARV-2026-00455', CURRENT_DATE(), CURRENT_DATE(), 0);
INSERT INTO tellimused (klient_id, staatus_id, tarneviis_id, kogusumma) VALUES (388, 3, 1, 0);
INSERT INTO tellimuse_read (tellimus_id, toode_id, kogus, uhikuhind) VALUES (456, 14, 2, 950.37);
INSERT INTO tellimuse_read (tellimus_id, toode_id, kogus, uhikuhind) VALUES (456, 44, 3, 226.18);
UPDATE tellimused SET kogusumma = 2585.18 WHERE id = 456;
INSERT INTO arved (tellimus_id, number, kuupaev, maksetahtaeg, tasutud) VALUES (456, 'ARV-2026-00456', CURRENT_DATE(), CURRENT_DATE(), 1);
INSERT INTO maksed (arve_id, makseviis_id, summa) VALUES (456, 2, 2585.18);
INSERT INTO tellimused (klient_id, staatus_id, tarneviis_id, kogusumma) VALUES (106, 1, 1, 0);
INSERT INTO tellimuse_read (tellimus_id, toode_id, kogus, uhikuhind) VALUES (457, 4, 4, 908.2);
INSERT INTO tellimuse_read (tellimus_id, toode_id, kogus, uhikuhind) VALUES (457, 44, 4, 226.18);
INSERT INTO tellimuse_read (tellimus_id, toode_id, kogus, uhikuhind) VALUES (457, 102, 4, 1447.41);
UPDATE tellimused SET kogusumma = 10333.06 WHERE id = 457;
INSERT INTO arved (tellimus_id, number, kuupaev, maksetahtaeg, tasutud) VALUES (457, 'ARV-2026-00457', CURRENT_DATE(), CURRENT_DATE(), 0);
INSERT INTO tellimused (klient_id, staatus_id, tarneviis_id, kogusumma) VALUES (485, 4, 3, 0);
INSERT INTO tellimuse_read (tellimus_id, toode_id, kogus, uhikuhind) VALUES (458, 6, 4, 1448.04);
INSERT INTO tellimuse_read (tellimus_id, toode_id, kogus, uhikuhind) VALUES (458, 127, 4, 133.59);
INSERT INTO tellimuse_read (tellimus_id, toode_id, kogus, uhikuhind) VALUES (458, 82, 1, 771.06);
INSERT INTO tellimuse_read (tellimus_id, toode_id, kogus, uhikuhind) VALUES (458, 104, 1, 709.29);
UPDATE tellimused SET kogusumma = 7806.87 WHERE id = 458;
INSERT INTO arved (tellimus_id, number, kuupaev, maksetahtaeg, tasutud) VALUES (458, 'ARV-2026-00458', CURRENT_DATE(), CURRENT_DATE(), 1);
INSERT INTO maksed (arve_id, makseviis_id, summa) VALUES (458, 2, 7806.87);
INSERT INTO tellimused (klient_id, staatus_id, tarneviis_id, kogusumma) VALUES (89, 3, 1, 0);
INSERT INTO tellimuse_read (tellimus_id, toode_id, kogus, uhikuhind) VALUES (459, 18, 2, 1301.05);
INSERT INTO tellimuse_read (tellimus_id, toode_id, kogus, uhikuhind) VALUES (459, 103, 1, 1221.75);
UPDATE tellimused SET kogusumma = 3829.75 WHERE id = 459;
INSERT INTO arved (tellimus_id, number, kuupaev, maksetahtaeg, tasutud) VALUES (459, 'ARV-2026-00459', CURRENT_DATE(), CURRENT_DATE(), 1);
INSERT INTO maksed (arve_id, makseviis_id, summa) VALUES (459, 2, 3829.75);
INSERT INTO tellimused (klient_id, staatus_id, tarneviis_id, kogusumma) VALUES (259, 4, 3, 0);
INSERT INTO tellimuse_read (tellimus_id, toode_id, kogus, uhikuhind) VALUES (460, 6, 2, 1448.04);
INSERT INTO tellimuse_read (tellimus_id, toode_id, kogus, uhikuhind) VALUES (460, 1, 3, 284.93);
INSERT INTO tellimuse_read (tellimus_id, toode_id, kogus, uhikuhind) VALUES (460, 107, 3, 1262.41);
UPDATE tellimused SET kogusumma = 7538.1 WHERE id = 460;
INSERT INTO arved (tellimus_id, number, kuupaev, maksetahtaeg, tasutud) VALUES (460, 'ARV-2026-00460', CURRENT_DATE(), CURRENT_DATE(), 1);
INSERT INTO maksed (arve_id, makseviis_id, summa) VALUES (460, 1, 7538.1);
INSERT INTO tellimused (klient_id, staatus_id, tarneviis_id, kogusumma) VALUES (279, 1, 3, 0);
INSERT INTO tellimuse_read (tellimus_id, toode_id, kogus, uhikuhind) VALUES (461, 81, 3, 764.27);
INSERT INTO tellimuse_read (tellimus_id, toode_id, kogus, uhikuhind) VALUES (461, 1, 2, 284.93);
INSERT INTO tellimuse_read (tellimus_id, toode_id, kogus, uhikuhind) VALUES (461, 102, 4, 1447.41);
UPDATE tellimused SET kogusumma = 8652.31 WHERE id = 461;
INSERT INTO arved (tellimus_id, number, kuupaev, maksetahtaeg, tasutud) VALUES (461, 'ARV-2026-00461', CURRENT_DATE(), CURRENT_DATE(), 0);
INSERT INTO tellimused (klient_id, staatus_id, tarneviis_id, kogusumma) VALUES (343, 2, 3, 0);
INSERT INTO tellimuse_read (tellimus_id, toode_id, kogus, uhikuhind) VALUES (462, 80, 4, 549.38);
INSERT INTO tellimuse_read (tellimus_id, toode_id, kogus, uhikuhind) VALUES (462, 136, 2, 56.7);
INSERT INTO tellimuse_read (tellimus_id, toode_id, kogus, uhikuhind) VALUES (462, 77, 1, 730.23);
UPDATE tellimused SET kogusumma = 3041.15 WHERE id = 462;
INSERT INTO arved (tellimus_id, number, kuupaev, maksetahtaeg, tasutud) VALUES (462, 'ARV-2026-00462', CURRENT_DATE(), CURRENT_DATE(), 0);
INSERT INTO tellimused (klient_id, staatus_id, tarneviis_id, kogusumma) VALUES (24, 4, 1, 0);
INSERT INTO tellimuse_read (tellimus_id, toode_id, kogus, uhikuhind) VALUES (463, 122, 3, 809.39);
INSERT INTO tellimuse_read (tellimus_id, toode_id, kogus, uhikuhind) VALUES (463, 110, 1, 940.17);
INSERT INTO tellimuse_read (tellimus_id, toode_id, kogus, uhikuhind) VALUES (463, 106, 4, 852.04);
INSERT INTO tellimuse_read (tellimus_id, toode_id, kogus, uhikuhind) VALUES (463, 96, 2, 431.48);
UPDATE tellimused SET kogusumma = 7645.36 WHERE id = 463;
INSERT INTO arved (tellimus_id, number, kuupaev, maksetahtaeg, tasutud) VALUES (463, 'ARV-2026-00463', CURRENT_DATE(), CURRENT_DATE(), 1);
INSERT INTO maksed (arve_id, makseviis_id, summa) VALUES (463, 1, 7645.36);
INSERT INTO tellimused (klient_id, staatus_id, tarneviis_id, kogusumma) VALUES (365, 4, 3, 0);
INSERT INTO tellimuse_read (tellimus_id, toode_id, kogus, uhikuhind) VALUES (464, 144, 4, 795.84);
INSERT INTO tellimuse_read (tellimus_id, toode_id, kogus, uhikuhind) VALUES (464, 49, 2, 277.83);
INSERT INTO tellimuse_read (tellimus_id, toode_id, kogus, uhikuhind) VALUES (464, 48, 2, 650.28);
INSERT INTO tellimuse_read (tellimus_id, toode_id, kogus, uhikuhind) VALUES (464, 58, 3, 1038.18);
INSERT INTO tellimuse_read (tellimus_id, toode_id, kogus, uhikuhind) VALUES (464, 138, 1, 1372.15);
UPDATE tellimused SET kogusumma = 9526.27 WHERE id = 464;
INSERT INTO arved (tellimus_id, number, kuupaev, maksetahtaeg, tasutud) VALUES (464, 'ARV-2026-00464', CURRENT_DATE(), CURRENT_DATE(), 1);
INSERT INTO maksed (arve_id, makseviis_id, summa) VALUES (464, 2, 9526.27);
INSERT INTO tellimused (klient_id, staatus_id, tarneviis_id, kogusumma) VALUES (150, 2, 2, 0);
INSERT INTO tellimuse_read (tellimus_id, toode_id, kogus, uhikuhind) VALUES (465, 108, 4, 195.55);
UPDATE tellimused SET kogusumma = 785.1 WHERE id = 465;
INSERT INTO arved (tellimus_id, number, kuupaev, maksetahtaeg, tasutud) VALUES (465, 'ARV-2026-00465', CURRENT_DATE(), CURRENT_DATE(), 0);
INSERT INTO tellimused (klient_id, staatus_id, tarneviis_id, kogusumma) VALUES (368, 2, 3, 0);
INSERT INTO tellimuse_read (tellimus_id, toode_id, kogus, uhikuhind) VALUES (466, 16, 1, 131.01);
INSERT INTO tellimuse_read (tellimus_id, toode_id, kogus, uhikuhind) VALUES (466, 147, 2, 576.36);
UPDATE tellimused SET kogusumma = 1283.73 WHERE id = 466;
INSERT INTO arved (tellimus_id, number, kuupaev, maksetahtaeg, tasutud) VALUES (466, 'ARV-2026-00466', CURRENT_DATE(), CURRENT_DATE(), 0);
INSERT INTO tellimused (klient_id, staatus_id, tarneviis_id, kogusumma) VALUES (318, 2, 1, 0);
INSERT INTO tellimuse_read (tellimus_id, toode_id, kogus, uhikuhind) VALUES (467, 11, 3, 980.79);
INSERT INTO tellimuse_read (tellimus_id, toode_id, kogus, uhikuhind) VALUES (467, 94, 4, 1067.21);
INSERT INTO tellimuse_read (tellimus_id, toode_id, kogus, uhikuhind) VALUES (467, 2, 4, 591.98);
UPDATE tellimused SET kogusumma = 9585.03 WHERE id = 467;
INSERT INTO arved (tellimus_id, number, kuupaev, maksetahtaeg, tasutud) VALUES (467, 'ARV-2026-00467', CURRENT_DATE(), CURRENT_DATE(), 0);
INSERT INTO tellimused (klient_id, staatus_id, tarneviis_id, kogusumma) VALUES (430, 1, 2, 0);
INSERT INTO tellimuse_read (tellimus_id, toode_id, kogus, uhikuhind) VALUES (468, 124, 4, 55.84);
INSERT INTO tellimuse_read (tellimus_id, toode_id, kogus, uhikuhind) VALUES (468, 149, 1, 1250.69);
INSERT INTO tellimuse_read (tellimus_id, toode_id, kogus, uhikuhind) VALUES (468, 53, 3, 112.5);
INSERT INTO tellimuse_read (tellimus_id, toode_id, kogus, uhikuhind) VALUES (468, 85, 2, 920.53);
INSERT INTO tellimuse_read (tellimus_id, toode_id, kogus, uhikuhind) VALUES (468, 4, 2, 908.2);
UPDATE tellimused SET kogusumma = 5471.91 WHERE id = 468;
INSERT INTO arved (tellimus_id, number, kuupaev, maksetahtaeg, tasutud) VALUES (468, 'ARV-2026-00468', CURRENT_DATE(), CURRENT_DATE(), 0);
INSERT INTO tellimused (klient_id, staatus_id, tarneviis_id, kogusumma) VALUES (25, 1, 2, 0);
INSERT INTO tellimuse_read (tellimus_id, toode_id, kogus, uhikuhind) VALUES (469, 62, 1, 728.03);
INSERT INTO tellimuse_read (tellimus_id, toode_id, kogus, uhikuhind) VALUES (469, 5, 2, 1281.46);
INSERT INTO tellimuse_read (tellimus_id, toode_id, kogus, uhikuhind) VALUES (469, 49, 3, 277.83);
INSERT INTO tellimuse_read (tellimus_id, toode_id, kogus, uhikuhind) VALUES (469, 116, 3, 479.92);
UPDATE tellimused SET kogusumma = 5567.1 WHERE id = 469;
INSERT INTO arved (tellimus_id, number, kuupaev, maksetahtaeg, tasutud) VALUES (469, 'ARV-2026-00469', CURRENT_DATE(), CURRENT_DATE(), 0);
INSERT INTO tellimused (klient_id, staatus_id, tarneviis_id, kogusumma) VALUES (302, 3, 3, 0);
INSERT INTO tellimuse_read (tellimus_id, toode_id, kogus, uhikuhind) VALUES (470, 22, 1, 1215.75);
INSERT INTO tellimuse_read (tellimus_id, toode_id, kogus, uhikuhind) VALUES (470, 49, 4, 277.83);
INSERT INTO tellimuse_read (tellimus_id, toode_id, kogus, uhikuhind) VALUES (470, 84, 3, 1389.02);
INSERT INTO tellimuse_read (tellimus_id, toode_id, kogus, uhikuhind) VALUES (470, 133, 2, 517.42);
INSERT INTO tellimuse_read (tellimus_id, toode_id, kogus, uhikuhind) VALUES (470, 146, 4, 598.89);
UPDATE tellimused SET kogusumma = 9924.53 WHERE id = 470;
INSERT INTO arved (tellimus_id, number, kuupaev, maksetahtaeg, tasutud) VALUES (470, 'ARV-2026-00470', CURRENT_DATE(), CURRENT_DATE(), 1);
INSERT INTO maksed (arve_id, makseviis_id, summa) VALUES (470, 1, 9924.53);
INSERT INTO tellimused (klient_id, staatus_id, tarneviis_id, kogusumma) VALUES (401, 1, 3, 0);
INSERT INTO tellimuse_read (tellimus_id, toode_id, kogus, uhikuhind) VALUES (471, 106, 4, 852.04);
INSERT INTO tellimuse_read (tellimus_id, toode_id, kogus, uhikuhind) VALUES (471, 42, 4, 744.92);
INSERT INTO tellimuse_read (tellimus_id, toode_id, kogus, uhikuhind) VALUES (471, 73, 1, 211.88);
UPDATE tellimused SET kogusumma = 6599.72 WHERE id = 471;
INSERT INTO arved (tellimus_id, number, kuupaev, maksetahtaeg, tasutud) VALUES (471, 'ARV-2026-00471', CURRENT_DATE(), CURRENT_DATE(), 0);
INSERT INTO tellimused (klient_id, staatus_id, tarneviis_id, kogusumma) VALUES (70, 3, 2, 0);
INSERT INTO tellimuse_read (tellimus_id, toode_id, kogus, uhikuhind) VALUES (472, 48, 3, 650.28);
INSERT INTO tellimuse_read (tellimus_id, toode_id, kogus, uhikuhind) VALUES (472, 131, 2, 486.56);
UPDATE tellimused SET kogusumma = 2926.86 WHERE id = 472;
INSERT INTO arved (tellimus_id, number, kuupaev, maksetahtaeg, tasutud) VALUES (472, 'ARV-2026-00472', CURRENT_DATE(), CURRENT_DATE(), 1);
INSERT INTO maksed (arve_id, makseviis_id, summa) VALUES (472, 2, 2926.86);
INSERT INTO tellimused (klient_id, staatus_id, tarneviis_id, kogusumma) VALUES (43, 1, 2, 0);
INSERT INTO tellimuse_read (tellimus_id, toode_id, kogus, uhikuhind) VALUES (473, 10, 4, 197.52);
UPDATE tellimused SET kogusumma = 792.98 WHERE id = 473;
INSERT INTO arved (tellimus_id, number, kuupaev, maksetahtaeg, tasutud) VALUES (473, 'ARV-2026-00473', CURRENT_DATE(), CURRENT_DATE(), 0);
INSERT INTO tellimused (klient_id, staatus_id, tarneviis_id, kogusumma) VALUES (467, 3, 3, 0);
INSERT INTO tellimuse_read (tellimus_id, toode_id, kogus, uhikuhind) VALUES (474, 132, 3, 769.72);
UPDATE tellimused SET kogusumma = 2309.16 WHERE id = 474;
INSERT INTO arved (tellimus_id, number, kuupaev, maksetahtaeg, tasutud) VALUES (474, 'ARV-2026-00474', CURRENT_DATE(), CURRENT_DATE(), 1);
INSERT INTO maksed (arve_id, makseviis_id, summa) VALUES (474, 1, 2309.16);
INSERT INTO tellimused (klient_id, staatus_id, tarneviis_id, kogusumma) VALUES (203, 4, 3, 0);
INSERT INTO tellimuse_read (tellimus_id, toode_id, kogus, uhikuhind) VALUES (475, 131, 3, 486.56);
UPDATE tellimused SET kogusumma = 1459.68 WHERE id = 475;
INSERT INTO arved (tellimus_id, number, kuupaev, maksetahtaeg, tasutud) VALUES (475, 'ARV-2026-00475', CURRENT_DATE(), CURRENT_DATE(), 1);
INSERT INTO maksed (arve_id, makseviis_id, summa) VALUES (475, 1, 1459.68);
INSERT INTO tellimused (klient_id, staatus_id, tarneviis_id, kogusumma) VALUES (497, 2, 1, 0);
INSERT INTO tellimuse_read (tellimus_id, toode_id, kogus, uhikuhind) VALUES (476, 85, 2, 920.53);
UPDATE tellimused SET kogusumma = 1846.96 WHERE id = 476;
INSERT INTO arved (tellimus_id, number, kuupaev, maksetahtaeg, tasutud) VALUES (476, 'ARV-2026-00476', CURRENT_DATE(), CURRENT_DATE(), 0);
INSERT INTO tellimused (klient_id, staatus_id, tarneviis_id, kogusumma) VALUES (220, 1, 3, 0);
INSERT INTO tellimuse_read (tellimus_id, toode_id, kogus, uhikuhind) VALUES (477, 67, 2, 997.44);
INSERT INTO tellimuse_read (tellimus_id, toode_id, kogus, uhikuhind) VALUES (477, 89, 3, 1357.74);
INSERT INTO tellimuse_read (tellimus_id, toode_id, kogus, uhikuhind) VALUES (477, 83, 4, 495.68);
INSERT INTO tellimuse_read (tellimus_id, toode_id, kogus, uhikuhind) VALUES (477, 133, 1, 517.42);
INSERT INTO tellimuse_read (tellimus_id, toode_id, kogus, uhikuhind) VALUES (477, 19, 4, 261.3);
UPDATE tellimused SET kogusumma = 9613.44 WHERE id = 477;
INSERT INTO arved (tellimus_id, number, kuupaev, maksetahtaeg, tasutud) VALUES (477, 'ARV-2026-00477', CURRENT_DATE(), CURRENT_DATE(), 0);
INSERT INTO tellimused (klient_id, staatus_id, tarneviis_id, kogusumma) VALUES (253, 4, 2, 0);
INSERT INTO tellimuse_read (tellimus_id, toode_id, kogus, uhikuhind) VALUES (478, 102, 1, 1447.41);
UPDATE tellimused SET kogusumma = 1450.31 WHERE id = 478;
INSERT INTO arved (tellimus_id, number, kuupaev, maksetahtaeg, tasutud) VALUES (478, 'ARV-2026-00478', CURRENT_DATE(), CURRENT_DATE(), 1);
INSERT INTO maksed (arve_id, makseviis_id, summa) VALUES (478, 1, 1450.31);
INSERT INTO tellimused (klient_id, staatus_id, tarneviis_id, kogusumma) VALUES (223, 2, 2, 0);
INSERT INTO tellimuse_read (tellimus_id, toode_id, kogus, uhikuhind) VALUES (479, 114, 3, 805.9);
INSERT INTO tellimuse_read (tellimus_id, toode_id, kogus, uhikuhind) VALUES (479, 43, 3, 549.01);
INSERT INTO tellimuse_read (tellimus_id, toode_id, kogus, uhikuhind) VALUES (479, 94, 2, 1067.21);
INSERT INTO tellimuse_read (tellimus_id, toode_id, kogus, uhikuhind) VALUES (479, 82, 4, 771.06);
UPDATE tellimused SET kogusumma = 9286.29 WHERE id = 479;
INSERT INTO arved (tellimus_id, number, kuupaev, maksetahtaeg, tasutud) VALUES (479, 'ARV-2026-00479', CURRENT_DATE(), CURRENT_DATE(), 0);
INSERT INTO tellimused (klient_id, staatus_id, tarneviis_id, kogusumma) VALUES (276, 4, 2, 0);
INSERT INTO tellimuse_read (tellimus_id, toode_id, kogus, uhikuhind) VALUES (480, 24, 2, 509.33);
INSERT INTO tellimuse_read (tellimus_id, toode_id, kogus, uhikuhind) VALUES (480, 44, 3, 226.18);
UPDATE tellimused SET kogusumma = 1700.1 WHERE id = 480;
INSERT INTO arved (tellimus_id, number, kuupaev, maksetahtaeg, tasutud) VALUES (480, 'ARV-2026-00480', CURRENT_DATE(), CURRENT_DATE(), 1);
INSERT INTO maksed (arve_id, makseviis_id, summa) VALUES (480, 3, 1700.1);
INSERT INTO tellimused (klient_id, staatus_id, tarneviis_id, kogusumma) VALUES (412, 2, 3, 0);
INSERT INTO tellimuse_read (tellimus_id, toode_id, kogus, uhikuhind) VALUES (481, 95, 1, 1375.85);
INSERT INTO tellimuse_read (tellimus_id, toode_id, kogus, uhikuhind) VALUES (481, 96, 3, 431.48);
UPDATE tellimused SET kogusumma = 2670.29 WHERE id = 481;
INSERT INTO arved (tellimus_id, number, kuupaev, maksetahtaeg, tasutud) VALUES (481, 'ARV-2026-00481', CURRENT_DATE(), CURRENT_DATE(), 0);
INSERT INTO tellimused (klient_id, staatus_id, tarneviis_id, kogusumma) VALUES (120, 4, 3, 0);
INSERT INTO tellimuse_read (tellimus_id, toode_id, kogus, uhikuhind) VALUES (482, 56, 3, 1414.95);
UPDATE tellimused SET kogusumma = 4244.85 WHERE id = 482;
INSERT INTO arved (tellimus_id, number, kuupaev, maksetahtaeg, tasutud) VALUES (482, 'ARV-2026-00482', CURRENT_DATE(), CURRENT_DATE(), 1);
INSERT INTO maksed (arve_id, makseviis_id, summa) VALUES (482, 2, 4244.85);
INSERT INTO tellimused (klient_id, staatus_id, tarneviis_id, kogusumma) VALUES (234, 1, 2, 0);
INSERT INTO tellimuse_read (tellimus_id, toode_id, kogus, uhikuhind) VALUES (483, 145, 3, 467.91);
INSERT INTO tellimuse_read (tellimus_id, toode_id, kogus, uhikuhind) VALUES (483, 134, 3, 28.46);
INSERT INTO tellimuse_read (tellimus_id, toode_id, kogus, uhikuhind) VALUES (483, 51, 4, 645.54);
UPDATE tellimused SET kogusumma = 4074.17 WHERE id = 483;
INSERT INTO arved (tellimus_id, number, kuupaev, maksetahtaeg, tasutud) VALUES (483, 'ARV-2026-00483', CURRENT_DATE(), CURRENT_DATE(), 0);
INSERT INTO tellimused (klient_id, staatus_id, tarneviis_id, kogusumma) VALUES (208, 1, 2, 0);
INSERT INTO tellimuse_read (tellimus_id, toode_id, kogus, uhikuhind) VALUES (484, 81, 4, 764.27);
INSERT INTO tellimuse_read (tellimus_id, toode_id, kogus, uhikuhind) VALUES (484, 40, 4, 1185.79);
UPDATE tellimused SET kogusumma = 7803.14 WHERE id = 484;
INSERT INTO arved (tellimus_id, number, kuupaev, maksetahtaeg, tasutud) VALUES (484, 'ARV-2026-00484', CURRENT_DATE(), CURRENT_DATE(), 0);
INSERT INTO tellimused (klient_id, staatus_id, tarneviis_id, kogusumma) VALUES (217, 4, 2, 0);
INSERT INTO tellimuse_read (tellimus_id, toode_id, kogus, uhikuhind) VALUES (485, 74, 1, 392.93);
INSERT INTO tellimuse_read (tellimus_id, toode_id, kogus, uhikuhind) VALUES (485, 70, 4, 524.94);
INSERT INTO tellimuse_read (tellimus_id, toode_id, kogus, uhikuhind) VALUES (485, 108, 4, 195.55);
UPDATE tellimused SET kogusumma = 3277.79 WHERE id = 485;
INSERT INTO arved (tellimus_id, number, kuupaev, maksetahtaeg, tasutud) VALUES (485, 'ARV-2026-00485', CURRENT_DATE(), CURRENT_DATE(), 1);
INSERT INTO maksed (arve_id, makseviis_id, summa) VALUES (485, 2, 3277.79);
INSERT INTO tellimused (klient_id, staatus_id, tarneviis_id, kogusumma) VALUES (448, 2, 1, 0);
INSERT INTO tellimuse_read (tellimus_id, toode_id, kogus, uhikuhind) VALUES (486, 20, 1, 465.78);
INSERT INTO tellimuse_read (tellimus_id, toode_id, kogus, uhikuhind) VALUES (486, 1, 3, 284.93);
UPDATE tellimused SET kogusumma = 1326.47 WHERE id = 486;
INSERT INTO arved (tellimus_id, number, kuupaev, maksetahtaeg, tasutud) VALUES (486, 'ARV-2026-00486', CURRENT_DATE(), CURRENT_DATE(), 0);
INSERT INTO tellimused (klient_id, staatus_id, tarneviis_id, kogusumma) VALUES (170, 4, 1, 0);
INSERT INTO tellimuse_read (tellimus_id, toode_id, kogus, uhikuhind) VALUES (487, 73, 3, 211.88);
INSERT INTO tellimuse_read (tellimus_id, toode_id, kogus, uhikuhind) VALUES (487, 79, 2, 736.42);
INSERT INTO tellimuse_read (tellimus_id, toode_id, kogus, uhikuhind) VALUES (487, 48, 1, 650.28);
INSERT INTO tellimuse_read (tellimus_id, toode_id, kogus, uhikuhind) VALUES (487, 76, 3, 491.88);
INSERT INTO tellimuse_read (tellimus_id, toode_id, kogus, uhikuhind) VALUES (487, 44, 2, 226.18);
UPDATE tellimused SET kogusumma = 4692.66 WHERE id = 487;
INSERT INTO arved (tellimus_id, number, kuupaev, maksetahtaeg, tasutud) VALUES (487, 'ARV-2026-00487', CURRENT_DATE(), CURRENT_DATE(), 1);
INSERT INTO maksed (arve_id, makseviis_id, summa) VALUES (487, 1, 4692.66);
INSERT INTO tellimused (klient_id, staatus_id, tarneviis_id, kogusumma) VALUES (449, 3, 1, 0);
INSERT INTO tellimuse_read (tellimus_id, toode_id, kogus, uhikuhind) VALUES (488, 33, 1, 1183.26);
INSERT INTO tellimuse_read (tellimus_id, toode_id, kogus, uhikuhind) VALUES (488, 78, 1, 257.32);
INSERT INTO tellimuse_read (tellimus_id, toode_id, kogus, uhikuhind) VALUES (488, 75, 1, 23.4);
INSERT INTO tellimuse_read (tellimus_id, toode_id, kogus, uhikuhind) VALUES (488, 23, 2, 1051.56);
INSERT INTO tellimuse_read (tellimus_id, toode_id, kogus, uhikuhind) VALUES (488, 131, 3, 486.56);
UPDATE tellimused SET kogusumma = 5032.68 WHERE id = 488;
INSERT INTO arved (tellimus_id, number, kuupaev, maksetahtaeg, tasutud) VALUES (488, 'ARV-2026-00488', CURRENT_DATE(), CURRENT_DATE(), 1);
INSERT INTO maksed (arve_id, makseviis_id, summa) VALUES (488, 3, 5032.68);
INSERT INTO tellimused (klient_id, staatus_id, tarneviis_id, kogusumma) VALUES (193, 4, 1, 0);
INSERT INTO tellimuse_read (tellimus_id, toode_id, kogus, uhikuhind) VALUES (489, 9, 2, 470.38);
INSERT INTO tellimuse_read (tellimus_id, toode_id, kogus, uhikuhind) VALUES (489, 93, 3, 854.37);
UPDATE tellimused SET kogusumma = 3509.77 WHERE id = 489;
INSERT INTO arved (tellimus_id, number, kuupaev, maksetahtaeg, tasutud) VALUES (489, 'ARV-2026-00489', CURRENT_DATE(), CURRENT_DATE(), 1);
INSERT INTO maksed (arve_id, makseviis_id, summa) VALUES (489, 3, 3509.77);
INSERT INTO tellimused (klient_id, staatus_id, tarneviis_id, kogusumma) VALUES (298, 2, 1, 0);
INSERT INTO tellimuse_read (tellimus_id, toode_id, kogus, uhikuhind) VALUES (490, 29, 4, 1404.27);
INSERT INTO tellimuse_read (tellimus_id, toode_id, kogus, uhikuhind) VALUES (490, 44, 1, 226.18);
INSERT INTO tellimuse_read (tellimus_id, toode_id, kogus, uhikuhind) VALUES (490, 128, 4, 189.11);
INSERT INTO tellimuse_read (tellimus_id, toode_id, kogus, uhikuhind) VALUES (490, 55, 2, 21.4);
UPDATE tellimused SET kogusumma = 6648.4 WHERE id = 490;
INSERT INTO arved (tellimus_id, number, kuupaev, maksetahtaeg, tasutud) VALUES (490, 'ARV-2026-00490', CURRENT_DATE(), CURRENT_DATE(), 0);
INSERT INTO tellimused (klient_id, staatus_id, tarneviis_id, kogusumma) VALUES (104, 3, 1, 0);
INSERT INTO tellimuse_read (tellimus_id, toode_id, kogus, uhikuhind) VALUES (491, 92, 4, 707.08);
UPDATE tellimused SET kogusumma = 2834.22 WHERE id = 491;
INSERT INTO arved (tellimus_id, number, kuupaev, maksetahtaeg, tasutud) VALUES (491, 'ARV-2026-00491', CURRENT_DATE(), CURRENT_DATE(), 1);
INSERT INTO maksed (arve_id, makseviis_id, summa) VALUES (491, 2, 2834.22);
INSERT INTO tellimused (klient_id, staatus_id, tarneviis_id, kogusumma) VALUES (178, 2, 1, 0);
INSERT INTO tellimuse_read (tellimus_id, toode_id, kogus, uhikuhind) VALUES (492, 79, 4, 736.42);
INSERT INTO tellimuse_read (tellimus_id, toode_id, kogus, uhikuhind) VALUES (492, 134, 4, 28.46);
INSERT INTO tellimuse_read (tellimus_id, toode_id, kogus, uhikuhind) VALUES (492, 37, 2, 1435.53);
INSERT INTO tellimuse_read (tellimus_id, toode_id, kogus, uhikuhind) VALUES (492, 106, 2, 852.04);
UPDATE tellimused SET kogusumma = 7640.56 WHERE id = 492;
INSERT INTO arved (tellimus_id, number, kuupaev, maksetahtaeg, tasutud) VALUES (492, 'ARV-2026-00492', CURRENT_DATE(), CURRENT_DATE(), 0);
INSERT INTO tellimused (klient_id, staatus_id, tarneviis_id, kogusumma) VALUES (299, 2, 3, 0);
INSERT INTO tellimuse_read (tellimus_id, toode_id, kogus, uhikuhind) VALUES (493, 55, 4, 21.4);
INSERT INTO tellimuse_read (tellimus_id, toode_id, kogus, uhikuhind) VALUES (493, 76, 2, 491.88);
INSERT INTO tellimuse_read (tellimus_id, toode_id, kogus, uhikuhind) VALUES (493, 57, 2, 659.85);
UPDATE tellimused SET kogusumma = 2389.06 WHERE id = 493;
INSERT INTO arved (tellimus_id, number, kuupaev, maksetahtaeg, tasutud) VALUES (493, 'ARV-2026-00493', CURRENT_DATE(), CURRENT_DATE(), 0);
INSERT INTO tellimused (klient_id, staatus_id, tarneviis_id, kogusumma) VALUES (381, 3, 3, 0);
INSERT INTO tellimuse_read (tellimus_id, toode_id, kogus, uhikuhind) VALUES (494, 82, 1, 771.06);
INSERT INTO tellimuse_read (tellimus_id, toode_id, kogus, uhikuhind) VALUES (494, 45, 4, 1046.82);
INSERT INTO tellimuse_read (tellimus_id, toode_id, kogus, uhikuhind) VALUES (494, 9, 3, 470.38);
INSERT INTO tellimuse_read (tellimus_id, toode_id, kogus, uhikuhind) VALUES (494, 98, 1, 779.6);
INSERT INTO tellimuse_read (tellimus_id, toode_id, kogus, uhikuhind) VALUES (494, 107, 1, 1262.41);
UPDATE tellimused SET kogusumma = 8411.49 WHERE id = 494;
INSERT INTO arved (tellimus_id, number, kuupaev, maksetahtaeg, tasutud) VALUES (494, 'ARV-2026-00494', CURRENT_DATE(), CURRENT_DATE(), 1);
INSERT INTO maksed (arve_id, makseviis_id, summa) VALUES (494, 3, 8411.49);
INSERT INTO tellimused (klient_id, staatus_id, tarneviis_id, kogusumma) VALUES (249, 3, 1, 0);
INSERT INTO tellimuse_read (tellimus_id, toode_id, kogus, uhikuhind) VALUES (495, 45, 4, 1046.82);
INSERT INTO tellimuse_read (tellimus_id, toode_id, kogus, uhikuhind) VALUES (495, 49, 2, 277.83);
INSERT INTO tellimuse_read (tellimus_id, toode_id, kogus, uhikuhind) VALUES (495, 74, 4, 392.93);
INSERT INTO tellimuse_read (tellimus_id, toode_id, kogus, uhikuhind) VALUES (495, 102, 3, 1447.41);
UPDATE tellimused SET kogusumma = 10662.79 WHERE id = 495;
INSERT INTO arved (tellimus_id, number, kuupaev, maksetahtaeg, tasutud) VALUES (495, 'ARV-2026-00495', CURRENT_DATE(), CURRENT_DATE(), 1);
INSERT INTO maksed (arve_id, makseviis_id, summa) VALUES (495, 2, 10662.79);
INSERT INTO tellimused (klient_id, staatus_id, tarneviis_id, kogusumma) VALUES (156, 2, 1, 0);
INSERT INTO tellimuse_read (tellimus_id, toode_id, kogus, uhikuhind) VALUES (496, 124, 4, 55.84);
UPDATE tellimused SET kogusumma = 229.26 WHERE id = 496;
INSERT INTO arved (tellimus_id, number, kuupaev, maksetahtaeg, tasutud) VALUES (496, 'ARV-2026-00496', CURRENT_DATE(), CURRENT_DATE(), 0);
INSERT INTO tellimused (klient_id, staatus_id, tarneviis_id, kogusumma) VALUES (155, 3, 2, 0);
INSERT INTO tellimuse_read (tellimus_id, toode_id, kogus, uhikuhind) VALUES (497, 27, 3, 1463.52);
UPDATE tellimused SET kogusumma = 4393.46 WHERE id = 497;
INSERT INTO arved (tellimus_id, number, kuupaev, maksetahtaeg, tasutud) VALUES (497, 'ARV-2026-00497', CURRENT_DATE(), CURRENT_DATE(), 1);
INSERT INTO maksed (arve_id, makseviis_id, summa) VALUES (497, 2, 4393.46);
INSERT INTO tellimused (klient_id, staatus_id, tarneviis_id, kogusumma) VALUES (403, 3, 3, 0);
INSERT INTO tellimuse_read (tellimus_id, toode_id, kogus, uhikuhind) VALUES (498, 119, 4, 1267.05);
INSERT INTO tellimuse_read (tellimus_id, toode_id, kogus, uhikuhind) VALUES (498, 14, 1, 950.37);
INSERT INTO tellimuse_read (tellimus_id, toode_id, kogus, uhikuhind) VALUES (498, 127, 1, 133.59);
UPDATE tellimused SET kogusumma = 6152.16 WHERE id = 498;
INSERT INTO arved (tellimus_id, number, kuupaev, maksetahtaeg, tasutud) VALUES (498, 'ARV-2026-00498', CURRENT_DATE(), CURRENT_DATE(), 1);
INSERT INTO maksed (arve_id, makseviis_id, summa) VALUES (498, 2, 6152.16);
INSERT INTO tellimused (klient_id, staatus_id, tarneviis_id, kogusumma) VALUES (125, 3, 1, 0);
INSERT INTO tellimuse_read (tellimus_id, toode_id, kogus, uhikuhind) VALUES (499, 19, 1, 261.3);
INSERT INTO tellimuse_read (tellimus_id, toode_id, kogus, uhikuhind) VALUES (499, 53, 2, 112.5);
UPDATE tellimused SET kogusumma = 492.2 WHERE id = 499;
INSERT INTO arved (tellimus_id, number, kuupaev, maksetahtaeg, tasutud) VALUES (499, 'ARV-2026-00499', CURRENT_DATE(), CURRENT_DATE(), 1);
INSERT INTO maksed (arve_id, makseviis_id, summa) VALUES (499, 2, 492.2);
INSERT INTO tellimused (klient_id, staatus_id, tarneviis_id, kogusumma) VALUES (76, 4, 1, 0);
INSERT INTO tellimuse_read (tellimus_id, toode_id, kogus, uhikuhind) VALUES (500, 91, 2, 238.14);
INSERT INTO tellimuse_read (tellimus_id, toode_id, kogus, uhikuhind) VALUES (500, 75, 1, 23.4);
INSERT INTO tellimuse_read (tellimus_id, toode_id, kogus, uhikuhind) VALUES (500, 104, 2, 709.29);
INSERT INTO tellimuse_read (tellimus_id, toode_id, kogus, uhikuhind) VALUES (500, 13, 4, 294.29);
INSERT INTO tellimuse_read (tellimus_id, toode_id, kogus, uhikuhind) VALUES (500, 117, 4, 147.71);
UPDATE tellimused SET kogusumma = 3692.16 WHERE id = 500;
INSERT INTO arved (tellimus_id, number, kuupaev, maksetahtaeg, tasutud) VALUES (500, 'ARV-2026-00500', CURRENT_DATE(), CURRENT_DATE(), 1);
INSERT INTO maksed (arve_id, makseviis_id, summa) VALUES (500, 1, 3692.16);
INSERT INTO tellimused (klient_id, staatus_id, tarneviis_id, kogusumma) VALUES (176, 3, 2, 0);
INSERT INTO tellimuse_read (tellimus_id, toode_id, kogus, uhikuhind) VALUES (501, 14, 1, 950.37);
INSERT INTO tellimuse_read (tellimus_id, toode_id, kogus, uhikuhind) VALUES (501, 70, 1, 524.94);
INSERT INTO tellimuse_read (tellimus_id, toode_id, kogus, uhikuhind) VALUES (501, 139, 3, 9.21);
INSERT INTO tellimuse_read (tellimus_id, toode_id, kogus, uhikuhind) VALUES (501, 146, 3, 598.89);
UPDATE tellimused SET kogusumma = 3302.51 WHERE id = 501;
INSERT INTO arved (tellimus_id, number, kuupaev, maksetahtaeg, tasutud) VALUES (501, 'ARV-2026-00501', CURRENT_DATE(), CURRENT_DATE(), 1);
INSERT INTO maksed (arve_id, makseviis_id, summa) VALUES (501, 2, 3302.51);
INSERT INTO tellimused (klient_id, staatus_id, tarneviis_id, kogusumma) VALUES (331, 1, 3, 0);
INSERT INTO tellimuse_read (tellimus_id, toode_id, kogus, uhikuhind) VALUES (502, 27, 3, 1463.52);
INSERT INTO tellimuse_read (tellimus_id, toode_id, kogus, uhikuhind) VALUES (502, 59, 3, 634.88);
UPDATE tellimused SET kogusumma = 6295.2 WHERE id = 502;
INSERT INTO arved (tellimus_id, number, kuupaev, maksetahtaeg, tasutud) VALUES (502, 'ARV-2026-00502', CURRENT_DATE(), CURRENT_DATE(), 0);
INSERT INTO tellimused (klient_id, staatus_id, tarneviis_id, kogusumma) VALUES (269, 1, 3, 0);
INSERT INTO tellimuse_read (tellimus_id, toode_id, kogus, uhikuhind) VALUES (503, 93, 4, 854.37);
INSERT INTO tellimuse_read (tellimus_id, toode_id, kogus, uhikuhind) VALUES (503, 53, 2, 112.5);
UPDATE tellimused SET kogusumma = 3642.48 WHERE id = 503;
INSERT INTO arved (tellimus_id, number, kuupaev, maksetahtaeg, tasutud) VALUES (503, 'ARV-2026-00503', CURRENT_DATE(), CURRENT_DATE(), 0);
INSERT INTO tellimused (klient_id, staatus_id, tarneviis_id, kogusumma) VALUES (468, 2, 1, 0);
INSERT INTO tellimuse_read (tellimus_id, toode_id, kogus, uhikuhind) VALUES (504, 76, 4, 491.88);
INSERT INTO tellimuse_read (tellimus_id, toode_id, kogus, uhikuhind) VALUES (504, 97, 4, 985.9);
INSERT INTO tellimuse_read (tellimus_id, toode_id, kogus, uhikuhind) VALUES (504, 48, 1, 650.28);
UPDATE tellimused SET kogusumma = 6567.3 WHERE id = 504;
INSERT INTO arved (tellimus_id, number, kuupaev, maksetahtaeg, tasutud) VALUES (504, 'ARV-2026-00504', CURRENT_DATE(), CURRENT_DATE(), 0);
INSERT INTO tellimused (klient_id, staatus_id, tarneviis_id, kogusumma) VALUES (267, 4, 3, 0);
INSERT INTO tellimuse_read (tellimus_id, toode_id, kogus, uhikuhind) VALUES (505, 133, 1, 517.42);
INSERT INTO tellimuse_read (tellimus_id, toode_id, kogus, uhikuhind) VALUES (505, 3, 2, 905.41);
INSERT INTO tellimuse_read (tellimus_id, toode_id, kogus, uhikuhind) VALUES (505, 86, 4, 1436.12);
INSERT INTO tellimuse_read (tellimus_id, toode_id, kogus, uhikuhind) VALUES (505, 36, 4, 1394.94);
INSERT INTO tellimuse_read (tellimus_id, toode_id, kogus, uhikuhind) VALUES (505, 35, 2, 1210.41);
UPDATE tellimused SET kogusumma = 16073.3 WHERE id = 505;
INSERT INTO arved (tellimus_id, number, kuupaev, maksetahtaeg, tasutud) VALUES (505, 'ARV-2026-00505', CURRENT_DATE(), CURRENT_DATE(), 1);
INSERT INTO maksed (arve_id, makseviis_id, summa) VALUES (505, 2, 16073.3);
INSERT INTO tellimused (klient_id, staatus_id, tarneviis_id, kogusumma) VALUES (132, 4, 3, 0);
INSERT INTO tellimuse_read (tellimus_id, toode_id, kogus, uhikuhind) VALUES (506, 73, 1, 211.88);
INSERT INTO tellimuse_read (tellimus_id, toode_id, kogus, uhikuhind) VALUES (506, 75, 3, 23.4);
INSERT INTO tellimuse_read (tellimus_id, toode_id, kogus, uhikuhind) VALUES (506, 22, 4, 1215.75);
UPDATE tellimused SET kogusumma = 5145.08 WHERE id = 506;
INSERT INTO arved (tellimus_id, number, kuupaev, maksetahtaeg, tasutud) VALUES (506, 'ARV-2026-00506', CURRENT_DATE(), CURRENT_DATE(), 1);
INSERT INTO maksed (arve_id, makseviis_id, summa) VALUES (506, 1, 5145.08);
INSERT INTO tellimused (klient_id, staatus_id, tarneviis_id, kogusumma) VALUES (133, 2, 3, 0);
INSERT INTO tellimuse_read (tellimus_id, toode_id, kogus, uhikuhind) VALUES (507, 23, 1, 1051.56);
INSERT INTO tellimuse_read (tellimus_id, toode_id, kogus, uhikuhind) VALUES (507, 49, 2, 277.83);
INSERT INTO tellimuse_read (tellimus_id, toode_id, kogus, uhikuhind) VALUES (507, 1, 2, 284.93);
UPDATE tellimused SET kogusumma = 2177.08 WHERE id = 507;
INSERT INTO arved (tellimus_id, number, kuupaev, maksetahtaeg, tasutud) VALUES (507, 'ARV-2026-00507', CURRENT_DATE(), CURRENT_DATE(), 0);
INSERT INTO tellimused (klient_id, staatus_id, tarneviis_id, kogusumma) VALUES (286, 3, 2, 0);
INSERT INTO tellimuse_read (tellimus_id, toode_id, kogus, uhikuhind) VALUES (508, 130, 3, 1034.54);
UPDATE tellimused SET kogusumma = 3106.52 WHERE id = 508;
INSERT INTO arved (tellimus_id, number, kuupaev, maksetahtaeg, tasutud) VALUES (508, 'ARV-2026-00508', CURRENT_DATE(), CURRENT_DATE(), 1);
INSERT INTO maksed (arve_id, makseviis_id, summa) VALUES (508, 3, 3106.52);
INSERT INTO tellimused (klient_id, staatus_id, tarneviis_id, kogusumma) VALUES (208, 4, 2, 0);
INSERT INTO tellimuse_read (tellimus_id, toode_id, kogus, uhikuhind) VALUES (509, 135, 4, 101.4);
INSERT INTO tellimuse_read (tellimus_id, toode_id, kogus, uhikuhind) VALUES (509, 5, 3, 1281.46);
INSERT INTO tellimuse_read (tellimus_id, toode_id, kogus, uhikuhind) VALUES (509, 59, 3, 634.88);
INSERT INTO tellimuse_read (tellimus_id, toode_id, kogus, uhikuhind) VALUES (509, 3, 3, 905.41);
UPDATE tellimused SET kogusumma = 8873.75 WHERE id = 509;
INSERT INTO arved (tellimus_id, number, kuupaev, maksetahtaeg, tasutud) VALUES (509, 'ARV-2026-00509', CURRENT_DATE(), CURRENT_DATE(), 1);
INSERT INTO maksed (arve_id, makseviis_id, summa) VALUES (509, 3, 8873.75);
INSERT INTO tellimused (klient_id, staatus_id, tarneviis_id, kogusumma) VALUES (201, 4, 1, 0);
INSERT INTO tellimuse_read (tellimus_id, toode_id, kogus, uhikuhind) VALUES (510, 115, 1, 471.15);
INSERT INTO tellimuse_read (tellimus_id, toode_id, kogus, uhikuhind) VALUES (510, 75, 3, 23.4);
UPDATE tellimused SET kogusumma = 547.25 WHERE id = 510;
INSERT INTO arved (tellimus_id, number, kuupaev, maksetahtaeg, tasutud) VALUES (510, 'ARV-2026-00510', CURRENT_DATE(), CURRENT_DATE(), 1);
INSERT INTO maksed (arve_id, makseviis_id, summa) VALUES (510, 2, 547.25);
INSERT INTO tellimused (klient_id, staatus_id, tarneviis_id, kogusumma) VALUES (81, 3, 3, 0);
INSERT INTO tellimuse_read (tellimus_id, toode_id, kogus, uhikuhind) VALUES (511, 141, 2, 190.7);
INSERT INTO tellimuse_read (tellimus_id, toode_id, kogus, uhikuhind) VALUES (511, 83, 2, 495.68);
UPDATE tellimused SET kogusumma = 1372.76 WHERE id = 511;
INSERT INTO arved (tellimus_id, number, kuupaev, maksetahtaeg, tasutud) VALUES (511, 'ARV-2026-00511', CURRENT_DATE(), CURRENT_DATE(), 1);
INSERT INTO maksed (arve_id, makseviis_id, summa) VALUES (511, 3, 1372.76);
INSERT INTO tellimused (klient_id, staatus_id, tarneviis_id, kogusumma) VALUES (255, 4, 3, 0);
INSERT INTO tellimuse_read (tellimus_id, toode_id, kogus, uhikuhind) VALUES (512, 34, 4, 704.2);
INSERT INTO tellimuse_read (tellimus_id, toode_id, kogus, uhikuhind) VALUES (512, 90, 4, 864.74);
INSERT INTO tellimuse_read (tellimus_id, toode_id, kogus, uhikuhind) VALUES (512, 149, 3, 1250.69);
INSERT INTO tellimuse_read (tellimus_id, toode_id, kogus, uhikuhind) VALUES (512, 104, 4, 709.29);
UPDATE tellimused SET kogusumma = 12864.99 WHERE id = 512;
INSERT INTO arved (tellimus_id, number, kuupaev, maksetahtaeg, tasutud) VALUES (512, 'ARV-2026-00512', CURRENT_DATE(), CURRENT_DATE(), 1);
INSERT INTO maksed (arve_id, makseviis_id, summa) VALUES (512, 1, 12864.99);
INSERT INTO tellimused (klient_id, staatus_id, tarneviis_id, kogusumma) VALUES (397, 2, 1, 0);
INSERT INTO tellimuse_read (tellimus_id, toode_id, kogus, uhikuhind) VALUES (513, 50, 4, 1049.16);
INSERT INTO tellimuse_read (tellimus_id, toode_id, kogus, uhikuhind) VALUES (513, 25, 2, 1425.3);
INSERT INTO tellimuse_read (tellimus_id, toode_id, kogus, uhikuhind) VALUES (513, 83, 1, 495.68);
INSERT INTO tellimuse_read (tellimus_id, toode_id, kogus, uhikuhind) VALUES (513, 22, 1, 1215.75);
INSERT INTO tellimuse_read (tellimus_id, toode_id, kogus, uhikuhind) VALUES (513, 31, 4, 1083.57);
UPDATE tellimused SET kogusumma = 13098.85 WHERE id = 513;
INSERT INTO arved (tellimus_id, number, kuupaev, maksetahtaeg, tasutud) VALUES (513, 'ARV-2026-00513', CURRENT_DATE(), CURRENT_DATE(), 0);
INSERT INTO tellimused (klient_id, staatus_id, tarneviis_id, kogusumma) VALUES (476, 1, 1, 0);
INSERT INTO tellimuse_read (tellimus_id, toode_id, kogus, uhikuhind) VALUES (514, 1, 1, 284.93);
INSERT INTO tellimuse_read (tellimus_id, toode_id, kogus, uhikuhind) VALUES (514, 36, 3, 1394.94);
INSERT INTO tellimuse_read (tellimus_id, toode_id, kogus, uhikuhind) VALUES (514, 94, 1, 1067.21);
UPDATE tellimused SET kogusumma = 5542.86 WHERE id = 514;
INSERT INTO arved (tellimus_id, number, kuupaev, maksetahtaeg, tasutud) VALUES (514, 'ARV-2026-00514', CURRENT_DATE(), CURRENT_DATE(), 0);
INSERT INTO tellimused (klient_id, staatus_id, tarneviis_id, kogusumma) VALUES (396, 4, 2, 0);
INSERT INTO tellimuse_read (tellimus_id, toode_id, kogus, uhikuhind) VALUES (515, 62, 1, 728.03);
INSERT INTO tellimuse_read (tellimus_id, toode_id, kogus, uhikuhind) VALUES (515, 66, 1, 712.62);
INSERT INTO tellimuse_read (tellimus_id, toode_id, kogus, uhikuhind) VALUES (515, 133, 4, 517.42);
INSERT INTO tellimuse_read (tellimus_id, toode_id, kogus, uhikuhind) VALUES (515, 31, 2, 1083.57);
INSERT INTO tellimuse_read (tellimus_id, toode_id, kogus, uhikuhind) VALUES (515, 22, 2, 1215.75);
UPDATE tellimused SET kogusumma = 8111.87 WHERE id = 515;
INSERT INTO arved (tellimus_id, number, kuupaev, maksetahtaeg, tasutud) VALUES (515, 'ARV-2026-00515', CURRENT_DATE(), CURRENT_DATE(), 1);
INSERT INTO maksed (arve_id, makseviis_id, summa) VALUES (515, 3, 8111.87);
INSERT INTO tellimused (klient_id, staatus_id, tarneviis_id, kogusumma) VALUES (229, 4, 2, 0);
INSERT INTO tellimuse_read (tellimus_id, toode_id, kogus, uhikuhind) VALUES (516, 130, 2, 1034.54);
UPDATE tellimused SET kogusumma = 2071.98 WHERE id = 516;
INSERT INTO arved (tellimus_id, number, kuupaev, maksetahtaeg, tasutud) VALUES (516, 'ARV-2026-00516', CURRENT_DATE(), CURRENT_DATE(), 1);
INSERT INTO maksed (arve_id, makseviis_id, summa) VALUES (516, 3, 2071.98);
INSERT INTO tellimused (klient_id, staatus_id, tarneviis_id, kogusumma) VALUES (180, 3, 1, 0);
INSERT INTO tellimuse_read (tellimus_id, toode_id, kogus, uhikuhind) VALUES (517, 49, 1, 277.83);
INSERT INTO tellimuse_read (tellimus_id, toode_id, kogus, uhikuhind) VALUES (517, 98, 1, 779.6);
INSERT INTO tellimuse_read (tellimus_id, toode_id, kogus, uhikuhind) VALUES (517, 64, 2, 1054.16);
INSERT INTO tellimuse_read (tellimus_id, toode_id, kogus, uhikuhind) VALUES (517, 69, 2, 785.52);
UPDATE tellimused SET kogusumma = 4742.69 WHERE id = 517;
INSERT INTO arved (tellimus_id, number, kuupaev, maksetahtaeg, tasutud) VALUES (517, 'ARV-2026-00517', CURRENT_DATE(), CURRENT_DATE(), 1);
INSERT INTO maksed (arve_id, makseviis_id, summa) VALUES (517, 2, 4742.69);
INSERT INTO tellimused (klient_id, staatus_id, tarneviis_id, kogusumma) VALUES (39, 4, 3, 0);
INSERT INTO tellimuse_read (tellimus_id, toode_id, kogus, uhikuhind) VALUES (518, 130, 3, 1034.54);
INSERT INTO tellimuse_read (tellimus_id, toode_id, kogus, uhikuhind) VALUES (518, 9, 1, 470.38);
UPDATE tellimused SET kogusumma = 3574.0 WHERE id = 518;
INSERT INTO arved (tellimus_id, number, kuupaev, maksetahtaeg, tasutud) VALUES (518, 'ARV-2026-00518', CURRENT_DATE(), CURRENT_DATE(), 1);
INSERT INTO maksed (arve_id, makseviis_id, summa) VALUES (518, 1, 3574.0);
INSERT INTO tellimused (klient_id, staatus_id, tarneviis_id, kogusumma) VALUES (206, 3, 3, 0);
INSERT INTO tellimuse_read (tellimus_id, toode_id, kogus, uhikuhind) VALUES (519, 117, 3, 147.71);
INSERT INTO tellimuse_read (tellimus_id, toode_id, kogus, uhikuhind) VALUES (519, 102, 1, 1447.41);
UPDATE tellimused SET kogusumma = 1890.54 WHERE id = 519;
INSERT INTO arved (tellimus_id, number, kuupaev, maksetahtaeg, tasutud) VALUES (519, 'ARV-2026-00519', CURRENT_DATE(), CURRENT_DATE(), 1);
INSERT INTO maksed (arve_id, makseviis_id, summa) VALUES (519, 1, 1890.54);
INSERT INTO tellimused (klient_id, staatus_id, tarneviis_id, kogusumma) VALUES (301, 1, 1, 0);
INSERT INTO tellimuse_read (tellimus_id, toode_id, kogus, uhikuhind) VALUES (520, 36, 4, 1394.94);
UPDATE tellimused SET kogusumma = 5585.66 WHERE id = 520;
INSERT INTO arved (tellimus_id, number, kuupaev, maksetahtaeg, tasutud) VALUES (520, 'ARV-2026-00520', CURRENT_DATE(), CURRENT_DATE(), 0);
INSERT INTO tellimused (klient_id, staatus_id, tarneviis_id, kogusumma) VALUES (14, 1, 3, 0);
INSERT INTO tellimuse_read (tellimus_id, toode_id, kogus, uhikuhind) VALUES (521, 99, 3, 617.97);
INSERT INTO tellimuse_read (tellimus_id, toode_id, kogus, uhikuhind) VALUES (521, 68, 4, 1408.93);
UPDATE tellimused SET kogusumma = 7489.63 WHERE id = 521;
INSERT INTO arved (tellimus_id, number, kuupaev, maksetahtaeg, tasutud) VALUES (521, 'ARV-2026-00521', CURRENT_DATE(), CURRENT_DATE(), 0);
INSERT INTO tellimused (klient_id, staatus_id, tarneviis_id, kogusumma) VALUES (193, 3, 1, 0);
INSERT INTO tellimuse_read (tellimus_id, toode_id, kogus, uhikuhind) VALUES (522, 52, 2, 583.63);
INSERT INTO tellimuse_read (tellimus_id, toode_id, kogus, uhikuhind) VALUES (522, 10, 4, 197.52);
INSERT INTO tellimuse_read (tellimus_id, toode_id, kogus, uhikuhind) VALUES (522, 85, 4, 920.53);
INSERT INTO tellimuse_read (tellimus_id, toode_id, kogus, uhikuhind) VALUES (522, 134, 4, 28.46);
UPDATE tellimused SET kogusumma = 5759.2 WHERE id = 522;
INSERT INTO arved (tellimus_id, number, kuupaev, maksetahtaeg, tasutud) VALUES (522, 'ARV-2026-00522', CURRENT_DATE(), CURRENT_DATE(), 1);
INSERT INTO maksed (arve_id, makseviis_id, summa) VALUES (522, 3, 5759.2);
INSERT INTO tellimused (klient_id, staatus_id, tarneviis_id, kogusumma) VALUES (128, 3, 3, 0);
INSERT INTO tellimuse_read (tellimus_id, toode_id, kogus, uhikuhind) VALUES (523, 92, 4, 707.08);
INSERT INTO tellimuse_read (tellimus_id, toode_id, kogus, uhikuhind) VALUES (523, 53, 3, 112.5);
INSERT INTO tellimuse_read (tellimus_id, toode_id, kogus, uhikuhind) VALUES (523, 40, 4, 1185.79);
INSERT INTO tellimuse_read (tellimus_id, toode_id, kogus, uhikuhind) VALUES (523, 69, 4, 785.52);
UPDATE tellimused SET kogusumma = 11051.06 WHERE id = 523;
INSERT INTO arved (tellimus_id, number, kuupaev, maksetahtaeg, tasutud) VALUES (523, 'ARV-2026-00523', CURRENT_DATE(), CURRENT_DATE(), 1);
INSERT INTO maksed (arve_id, makseviis_id, summa) VALUES (523, 3, 11051.06);
INSERT INTO tellimused (klient_id, staatus_id, tarneviis_id, kogusumma) VALUES (472, 3, 2, 0);
INSERT INTO tellimuse_read (tellimus_id, toode_id, kogus, uhikuhind) VALUES (524, 137, 2, 934.56);
INSERT INTO tellimuse_read (tellimus_id, toode_id, kogus, uhikuhind) VALUES (524, 120, 1, 1026.9);
INSERT INTO tellimuse_read (tellimus_id, toode_id, kogus, uhikuhind) VALUES (524, 46, 3, 1318.99);
INSERT INTO tellimuse_read (tellimus_id, toode_id, kogus, uhikuhind) VALUES (524, 129, 3, 869.54);
INSERT INTO tellimuse_read (tellimus_id, toode_id, kogus, uhikuhind) VALUES (524, 107, 4, 1262.41);
UPDATE tellimused SET kogusumma = 14514.15 WHERE id = 524;
INSERT INTO arved (tellimus_id, number, kuupaev, maksetahtaeg, tasutud) VALUES (524, 'ARV-2026-00524', CURRENT_DATE(), CURRENT_DATE(), 1);
INSERT INTO maksed (arve_id, makseviis_id, summa) VALUES (524, 1, 14514.15);
INSERT INTO tellimused (klient_id, staatus_id, tarneviis_id, kogusumma) VALUES (52, 1, 2, 0);
INSERT INTO tellimuse_read (tellimus_id, toode_id, kogus, uhikuhind) VALUES (525, 114, 2, 805.9);
INSERT INTO tellimuse_read (tellimus_id, toode_id, kogus, uhikuhind) VALUES (525, 50, 3, 1049.16);
INSERT INTO tellimuse_read (tellimus_id, toode_id, kogus, uhikuhind) VALUES (525, 143, 2, 291.2);
INSERT INTO tellimuse_read (tellimus_id, toode_id, kogus, uhikuhind) VALUES (525, 21, 2, 1321.31);
INSERT INTO tellimuse_read (tellimus_id, toode_id, kogus, uhikuhind) VALUES (525, 104, 4, 709.29);
UPDATE tellimused SET kogusumma = 10824.36 WHERE id = 525;
INSERT INTO arved (tellimus_id, number, kuupaev, maksetahtaeg, tasutud) VALUES (525, 'ARV-2026-00525', CURRENT_DATE(), CURRENT_DATE(), 0);
INSERT INTO tellimused (klient_id, staatus_id, tarneviis_id, kogusumma) VALUES (24, 1, 2, 0);
INSERT INTO tellimuse_read (tellimus_id, toode_id, kogus, uhikuhind) VALUES (526, 110, 3, 940.17);
UPDATE tellimused SET kogusumma = 2823.41 WHERE id = 526;
INSERT INTO arved (tellimus_id, number, kuupaev, maksetahtaeg, tasutud) VALUES (526, 'ARV-2026-00526', CURRENT_DATE(), CURRENT_DATE(), 0);
INSERT INTO tellimused (klient_id, staatus_id, tarneviis_id, kogusumma) VALUES (68, 4, 3, 0);
INSERT INTO tellimuse_read (tellimus_id, toode_id, kogus, uhikuhind) VALUES (527, 113, 1, 1051.2);
UPDATE tellimused SET kogusumma = 1051.2 WHERE id = 527;
INSERT INTO arved (tellimus_id, number, kuupaev, maksetahtaeg, tasutud) VALUES (527, 'ARV-2026-00527', CURRENT_DATE(), CURRENT_DATE(), 1);
INSERT INTO maksed (arve_id, makseviis_id, summa) VALUES (527, 1, 1051.2);
INSERT INTO tellimused (klient_id, staatus_id, tarneviis_id, kogusumma) VALUES (478, 3, 2, 0);
INSERT INTO tellimuse_read (tellimus_id, toode_id, kogus, uhikuhind) VALUES (528, 94, 2, 1067.21);
INSERT INTO tellimuse_read (tellimus_id, toode_id, kogus, uhikuhind) VALUES (528, 76, 2, 491.88);
UPDATE tellimused SET kogusumma = 3121.08 WHERE id = 528;
INSERT INTO arved (tellimus_id, number, kuupaev, maksetahtaeg, tasutud) VALUES (528, 'ARV-2026-00528', CURRENT_DATE(), CURRENT_DATE(), 1);
INSERT INTO maksed (arve_id, makseviis_id, summa) VALUES (528, 2, 3121.08);
INSERT INTO tellimused (klient_id, staatus_id, tarneviis_id, kogusumma) VALUES (131, 2, 3, 0);
INSERT INTO tellimuse_read (tellimus_id, toode_id, kogus, uhikuhind) VALUES (529, 17, 1, 399.17);
INSERT INTO tellimuse_read (tellimus_id, toode_id, kogus, uhikuhind) VALUES (529, 103, 1, 1221.75);
INSERT INTO tellimuse_read (tellimus_id, toode_id, kogus, uhikuhind) VALUES (529, 32, 4, 84.37);
INSERT INTO tellimuse_read (tellimus_id, toode_id, kogus, uhikuhind) VALUES (529, 28, 4, 989.04);
UPDATE tellimused SET kogusumma = 5914.56 WHERE id = 529;
INSERT INTO arved (tellimus_id, number, kuupaev, maksetahtaeg, tasutud) VALUES (529, 'ARV-2026-00529', CURRENT_DATE(), CURRENT_DATE(), 0);
INSERT INTO tellimused (klient_id, staatus_id, tarneviis_id, kogusumma) VALUES (396, 1, 2, 0);
INSERT INTO tellimuse_read (tellimus_id, toode_id, kogus, uhikuhind) VALUES (530, 9, 1, 470.38);
INSERT INTO tellimuse_read (tellimus_id, toode_id, kogus, uhikuhind) VALUES (530, 54, 1, 1409.57);
INSERT INTO tellimuse_read (tellimus_id, toode_id, kogus, uhikuhind) VALUES (530, 86, 1, 1436.12);
INSERT INTO tellimuse_read (tellimus_id, toode_id, kogus, uhikuhind) VALUES (530, 73, 1, 211.88);
UPDATE tellimused SET kogusumma = 3530.85 WHERE id = 530;
INSERT INTO arved (tellimus_id, number, kuupaev, maksetahtaeg, tasutud) VALUES (530, 'ARV-2026-00530', CURRENT_DATE(), CURRENT_DATE(), 0);
INSERT INTO tellimused (klient_id, staatus_id, tarneviis_id, kogusumma) VALUES (13, 3, 3, 0);
INSERT INTO tellimuse_read (tellimus_id, toode_id, kogus, uhikuhind) VALUES (531, 53, 3, 112.5);
INSERT INTO tellimuse_read (tellimus_id, toode_id, kogus, uhikuhind) VALUES (531, 65, 3, 582.18);
UPDATE tellimused SET kogusumma = 2084.04 WHERE id = 531;
INSERT INTO arved (tellimus_id, number, kuupaev, maksetahtaeg, tasutud) VALUES (531, 'ARV-2026-00531', CURRENT_DATE(), CURRENT_DATE(), 1);
INSERT INTO maksed (arve_id, makseviis_id, summa) VALUES (531, 2, 2084.04);
INSERT INTO tellimused (klient_id, staatus_id, tarneviis_id, kogusumma) VALUES (342, 2, 3, 0);
INSERT INTO tellimuse_read (tellimus_id, toode_id, kogus, uhikuhind) VALUES (532, 16, 1, 131.01);
INSERT INTO tellimuse_read (tellimus_id, toode_id, kogus, uhikuhind) VALUES (532, 83, 4, 495.68);
UPDATE tellimused SET kogusumma = 2113.73 WHERE id = 532;
INSERT INTO arved (tellimus_id, number, kuupaev, maksetahtaeg, tasutud) VALUES (532, 'ARV-2026-00532', CURRENT_DATE(), CURRENT_DATE(), 0);
INSERT INTO tellimused (klient_id, staatus_id, tarneviis_id, kogusumma) VALUES (380, 1, 1, 0);
INSERT INTO tellimuse_read (tellimus_id, toode_id, kogus, uhikuhind) VALUES (533, 102, 4, 1447.41);
UPDATE tellimused SET kogusumma = 5795.54 WHERE id = 533;
INSERT INTO arved (tellimus_id, number, kuupaev, maksetahtaeg, tasutud) VALUES (533, 'ARV-2026-00533', CURRENT_DATE(), CURRENT_DATE(), 0);
INSERT INTO tellimused (klient_id, staatus_id, tarneviis_id, kogusumma) VALUES (350, 2, 1, 0);
INSERT INTO tellimuse_read (tellimus_id, toode_id, kogus, uhikuhind) VALUES (534, 133, 3, 517.42);
UPDATE tellimused SET kogusumma = 1558.16 WHERE id = 534;
INSERT INTO arved (tellimus_id, number, kuupaev, maksetahtaeg, tasutud) VALUES (534, 'ARV-2026-00534', CURRENT_DATE(), CURRENT_DATE(), 0);
INSERT INTO tellimused (klient_id, staatus_id, tarneviis_id, kogusumma) VALUES (480, 4, 2, 0);
INSERT INTO tellimuse_read (tellimus_id, toode_id, kogus, uhikuhind) VALUES (535, 97, 1, 985.9);
INSERT INTO tellimuse_read (tellimus_id, toode_id, kogus, uhikuhind) VALUES (535, 120, 4, 1026.9);
INSERT INTO tellimuse_read (tellimus_id, toode_id, kogus, uhikuhind) VALUES (535, 10, 3, 197.52);
INSERT INTO tellimuse_read (tellimus_id, toode_id, kogus, uhikuhind) VALUES (535, 114, 3, 805.9);
UPDATE tellimused SET kogusumma = 8106.66 WHERE id = 535;
INSERT INTO arved (tellimus_id, number, kuupaev, maksetahtaeg, tasutud) VALUES (535, 'ARV-2026-00535', CURRENT_DATE(), CURRENT_DATE(), 1);
INSERT INTO maksed (arve_id, makseviis_id, summa) VALUES (535, 1, 8106.66);
INSERT INTO tellimused (klient_id, staatus_id, tarneviis_id, kogusumma) VALUES (497, 3, 2, 0);
INSERT INTO tellimuse_read (tellimus_id, toode_id, kogus, uhikuhind) VALUES (536, 146, 3, 598.89);
UPDATE tellimused SET kogusumma = 1799.57 WHERE id = 536;
INSERT INTO arved (tellimus_id, number, kuupaev, maksetahtaeg, tasutud) VALUES (536, 'ARV-2026-00536', CURRENT_DATE(), CURRENT_DATE(), 1);
INSERT INTO maksed (arve_id, makseviis_id, summa) VALUES (536, 1, 1799.57);
INSERT INTO tellimused (klient_id, staatus_id, tarneviis_id, kogusumma) VALUES (95, 4, 1, 0);
INSERT INTO tellimuse_read (tellimus_id, toode_id, kogus, uhikuhind) VALUES (537, 53, 3, 112.5);
INSERT INTO tellimuse_read (tellimus_id, toode_id, kogus, uhikuhind) VALUES (537, 38, 3, 1049.43);
INSERT INTO tellimuse_read (tellimus_id, toode_id, kogus, uhikuhind) VALUES (537, 132, 1, 769.72);
INSERT INTO tellimuse_read (tellimus_id, toode_id, kogus, uhikuhind) VALUES (537, 39, 3, 207.71);
UPDATE tellimused SET kogusumma = 4884.54 WHERE id = 537;
INSERT INTO arved (tellimus_id, number, kuupaev, maksetahtaeg, tasutud) VALUES (537, 'ARV-2026-00537', CURRENT_DATE(), CURRENT_DATE(), 1);
INSERT INTO maksed (arve_id, makseviis_id, summa) VALUES (537, 3, 4884.54);
INSERT INTO tellimused (klient_id, staatus_id, tarneviis_id, kogusumma) VALUES (429, 4, 2, 0);
INSERT INTO tellimuse_read (tellimus_id, toode_id, kogus, uhikuhind) VALUES (538, 51, 4, 645.54);
INSERT INTO tellimuse_read (tellimus_id, toode_id, kogus, uhikuhind) VALUES (538, 66, 2, 712.62);
INSERT INTO tellimuse_read (tellimus_id, toode_id, kogus, uhikuhind) VALUES (538, 66, 2, 712.62);
UPDATE tellimused SET kogusumma = 5435.54 WHERE id = 538;
INSERT INTO arved (tellimus_id, number, kuupaev, maksetahtaeg, tasutud) VALUES (538, 'ARV-2026-00538', CURRENT_DATE(), CURRENT_DATE(), 1);
INSERT INTO maksed (arve_id, makseviis_id, summa) VALUES (538, 3, 5435.54);
INSERT INTO tellimused (klient_id, staatus_id, tarneviis_id, kogusumma) VALUES (76, 4, 1, 0);
INSERT INTO tellimuse_read (tellimus_id, toode_id, kogus, uhikuhind) VALUES (539, 70, 2, 524.94);
INSERT INTO tellimuse_read (tellimus_id, toode_id, kogus, uhikuhind) VALUES (539, 145, 3, 467.91);
UPDATE tellimused SET kogusumma = 2459.51 WHERE id = 539;
INSERT INTO arved (tellimus_id, number, kuupaev, maksetahtaeg, tasutud) VALUES (539, 'ARV-2026-00539', CURRENT_DATE(), CURRENT_DATE(), 1);
INSERT INTO maksed (arve_id, makseviis_id, summa) VALUES (539, 3, 2459.51);
INSERT INTO tellimused (klient_id, staatus_id, tarneviis_id, kogusumma) VALUES (404, 3, 1, 0);
INSERT INTO tellimuse_read (tellimus_id, toode_id, kogus, uhikuhind) VALUES (540, 29, 4, 1404.27);
UPDATE tellimused SET kogusumma = 5622.98 WHERE id = 540;
INSERT INTO arved (tellimus_id, number, kuupaev, maksetahtaeg, tasutud) VALUES (540, 'ARV-2026-00540', CURRENT_DATE(), CURRENT_DATE(), 1);
INSERT INTO maksed (arve_id, makseviis_id, summa) VALUES (540, 3, 5622.98);
INSERT INTO tellimused (klient_id, staatus_id, tarneviis_id, kogusumma) VALUES (241, 3, 3, 0);
INSERT INTO tellimuse_read (tellimus_id, toode_id, kogus, uhikuhind) VALUES (541, 62, 4, 728.03);
INSERT INTO tellimuse_read (tellimus_id, toode_id, kogus, uhikuhind) VALUES (541, 9, 1, 470.38);
INSERT INTO tellimuse_read (tellimus_id, toode_id, kogus, uhikuhind) VALUES (541, 82, 1, 771.06);
INSERT INTO tellimuse_read (tellimus_id, toode_id, kogus, uhikuhind) VALUES (541, 93, 1, 854.37);
INSERT INTO tellimuse_read (tellimus_id, toode_id, kogus, uhikuhind) VALUES (541, 133, 1, 517.42);
UPDATE tellimused SET kogusumma = 5525.35 WHERE id = 541;
INSERT INTO arved (tellimus_id, number, kuupaev, maksetahtaeg, tasutud) VALUES (541, 'ARV-2026-00541', CURRENT_DATE(), CURRENT_DATE(), 1);
INSERT INTO maksed (arve_id, makseviis_id, summa) VALUES (541, 2, 5525.35);
INSERT INTO tellimused (klient_id, staatus_id, tarneviis_id, kogusumma) VALUES (494, 3, 3, 0);
INSERT INTO tellimuse_read (tellimus_id, toode_id, kogus, uhikuhind) VALUES (542, 96, 2, 431.48);
UPDATE tellimused SET kogusumma = 862.96 WHERE id = 542;
INSERT INTO arved (tellimus_id, number, kuupaev, maksetahtaeg, tasutud) VALUES (542, 'ARV-2026-00542', CURRENT_DATE(), CURRENT_DATE(), 1);
INSERT INTO maksed (arve_id, makseviis_id, summa) VALUES (542, 2, 862.96);
INSERT INTO tellimused (klient_id, staatus_id, tarneviis_id, kogusumma) VALUES (373, 1, 2, 0);
INSERT INTO tellimuse_read (tellimus_id, toode_id, kogus, uhikuhind) VALUES (543, 88, 4, 904.75);
UPDATE tellimused SET kogusumma = 3621.9 WHERE id = 543;
INSERT INTO arved (tellimus_id, number, kuupaev, maksetahtaeg, tasutud) VALUES (543, 'ARV-2026-00543', CURRENT_DATE(), CURRENT_DATE(), 0);
INSERT INTO tellimused (klient_id, staatus_id, tarneviis_id, kogusumma) VALUES (160, 4, 1, 0);
INSERT INTO tellimuse_read (tellimus_id, toode_id, kogus, uhikuhind) VALUES (544, 84, 1, 1389.02);
UPDATE tellimused SET kogusumma = 1394.92 WHERE id = 544;
INSERT INTO arved (tellimus_id, number, kuupaev, maksetahtaeg, tasutud) VALUES (544, 'ARV-2026-00544', CURRENT_DATE(), CURRENT_DATE(), 1);
INSERT INTO maksed (arve_id, makseviis_id, summa) VALUES (544, 1, 1394.92);
INSERT INTO tellimused (klient_id, staatus_id, tarneviis_id, kogusumma) VALUES (279, 1, 3, 0);
INSERT INTO tellimuse_read (tellimus_id, toode_id, kogus, uhikuhind) VALUES (545, 77, 1, 730.23);
INSERT INTO tellimuse_read (tellimus_id, toode_id, kogus, uhikuhind) VALUES (545, 7, 2, 260.98);
UPDATE tellimused SET kogusumma = 1252.19 WHERE id = 545;
INSERT INTO arved (tellimus_id, number, kuupaev, maksetahtaeg, tasutud) VALUES (545, 'ARV-2026-00545', CURRENT_DATE(), CURRENT_DATE(), 0);
INSERT INTO tellimused (klient_id, staatus_id, tarneviis_id, kogusumma) VALUES (252, 4, 2, 0);
INSERT INTO tellimuse_read (tellimus_id, toode_id, kogus, uhikuhind) VALUES (546, 90, 4, 864.74);
INSERT INTO tellimuse_read (tellimus_id, toode_id, kogus, uhikuhind) VALUES (546, 60, 2, 433.47);
INSERT INTO tellimuse_read (tellimus_id, toode_id, kogus, uhikuhind) VALUES (546, 131, 4, 486.56);
INSERT INTO tellimuse_read (tellimus_id, toode_id, kogus, uhikuhind) VALUES (546, 4, 2, 908.2);
UPDATE tellimused SET kogusumma = 8091.44 WHERE id = 546;
INSERT INTO arved (tellimus_id, number, kuupaev, maksetahtaeg, tasutud) VALUES (546, 'ARV-2026-00546', CURRENT_DATE(), CURRENT_DATE(), 1);
INSERT INTO maksed (arve_id, makseviis_id, summa) VALUES (546, 2, 8091.44);
INSERT INTO tellimused (klient_id, staatus_id, tarneviis_id, kogusumma) VALUES (215, 3, 3, 0);
INSERT INTO tellimuse_read (tellimus_id, toode_id, kogus, uhikuhind) VALUES (547, 107, 3, 1262.41);
INSERT INTO tellimuse_read (tellimus_id, toode_id, kogus, uhikuhind) VALUES (547, 92, 1, 707.08);
INSERT INTO tellimuse_read (tellimus_id, toode_id, kogus, uhikuhind) VALUES (547, 91, 1, 238.14);
INSERT INTO tellimuse_read (tellimus_id, toode_id, kogus, uhikuhind) VALUES (547, 111, 3, 1205.16);
INSERT INTO tellimuse_read (tellimus_id, toode_id, kogus, uhikuhind) VALUES (547, 140, 3, 1441.36);
UPDATE tellimused SET kogusumma = 12672.01 WHERE id = 547;
INSERT INTO arved (tellimus_id, number, kuupaev, maksetahtaeg, tasutud) VALUES (547, 'ARV-2026-00547', CURRENT_DATE(), CURRENT_DATE(), 1);
INSERT INTO maksed (arve_id, makseviis_id, summa) VALUES (547, 2, 12672.01);
INSERT INTO tellimused (klient_id, staatus_id, tarneviis_id, kogusumma) VALUES (189, 4, 1, 0);
INSERT INTO tellimuse_read (tellimus_id, toode_id, kogus, uhikuhind) VALUES (548, 13, 2, 294.29);
UPDATE tellimused SET kogusumma = 594.48 WHERE id = 548;
INSERT INTO arved (tellimus_id, number, kuupaev, maksetahtaeg, tasutud) VALUES (548, 'ARV-2026-00548', CURRENT_DATE(), CURRENT_DATE(), 1);
INSERT INTO maksed (arve_id, makseviis_id, summa) VALUES (548, 1, 594.48);
INSERT INTO tellimused (klient_id, staatus_id, tarneviis_id, kogusumma) VALUES (412, 2, 3, 0);
INSERT INTO tellimuse_read (tellimus_id, toode_id, kogus, uhikuhind) VALUES (549, 146, 1, 598.89);
INSERT INTO tellimuse_read (tellimus_id, toode_id, kogus, uhikuhind) VALUES (549, 87, 1, 91.18);
UPDATE tellimused SET kogusumma = 690.07 WHERE id = 549;
INSERT INTO arved (tellimus_id, number, kuupaev, maksetahtaeg, tasutud) VALUES (549, 'ARV-2026-00549', CURRENT_DATE(), CURRENT_DATE(), 0);
INSERT INTO tellimused (klient_id, staatus_id, tarneviis_id, kogusumma) VALUES (138, 4, 2, 0);
INSERT INTO tellimuse_read (tellimus_id, toode_id, kogus, uhikuhind) VALUES (550, 149, 2, 1250.69);
INSERT INTO tellimuse_read (tellimus_id, toode_id, kogus, uhikuhind) VALUES (550, 134, 4, 28.46);
INSERT INTO tellimuse_read (tellimus_id, toode_id, kogus, uhikuhind) VALUES (550, 136, 1, 56.7);
INSERT INTO tellimuse_read (tellimus_id, toode_id, kogus, uhikuhind) VALUES (550, 71, 2, 1393.75);
UPDATE tellimused SET kogusumma = 5462.32 WHERE id = 550;
INSERT INTO arved (tellimus_id, number, kuupaev, maksetahtaeg, tasutud) VALUES (550, 'ARV-2026-00550', CURRENT_DATE(), CURRENT_DATE(), 1);
INSERT INTO maksed (arve_id, makseviis_id, summa) VALUES (550, 1, 5462.32);
INSERT INTO tellimused (klient_id, staatus_id, tarneviis_id, kogusumma) VALUES (187, 2, 3, 0);
INSERT INTO tellimuse_read (tellimus_id, toode_id, kogus, uhikuhind) VALUES (551, 45, 1, 1046.82);
INSERT INTO tellimuse_read (tellimus_id, toode_id, kogus, uhikuhind) VALUES (551, 30, 4, 417.38);
INSERT INTO tellimuse_read (tellimus_id, toode_id, kogus, uhikuhind) VALUES (551, 144, 4, 795.84);
INSERT INTO tellimuse_read (tellimus_id, toode_id, kogus, uhikuhind) VALUES (551, 140, 1, 1441.36);
UPDATE tellimused SET kogusumma = 7341.06 WHERE id = 551;
INSERT INTO arved (tellimus_id, number, kuupaev, maksetahtaeg, tasutud) VALUES (551, 'ARV-2026-00551', CURRENT_DATE(), CURRENT_DATE(), 0);
INSERT INTO tellimused (klient_id, staatus_id, tarneviis_id, kogusumma) VALUES (490, 1, 1, 0);
INSERT INTO tellimuse_read (tellimus_id, toode_id, kogus, uhikuhind) VALUES (552, 132, 1, 769.72);
INSERT INTO tellimuse_read (tellimus_id, toode_id, kogus, uhikuhind) VALUES (552, 112, 2, 210.21);
INSERT INTO tellimuse_read (tellimus_id, toode_id, kogus, uhikuhind) VALUES (552, 36, 1, 1394.94);
UPDATE tellimused SET kogusumma = 2590.98 WHERE id = 552;
INSERT INTO arved (tellimus_id, number, kuupaev, maksetahtaeg, tasutud) VALUES (552, 'ARV-2026-00552', CURRENT_DATE(), CURRENT_DATE(), 0);
INSERT INTO tellimused (klient_id, staatus_id, tarneviis_id, kogusumma) VALUES (299, 3, 2, 0);
INSERT INTO tellimuse_read (tellimus_id, toode_id, kogus, uhikuhind) VALUES (553, 145, 3, 467.91);
INSERT INTO tellimuse_read (tellimus_id, toode_id, kogus, uhikuhind) VALUES (553, 10, 4, 197.52);
INSERT INTO tellimuse_read (tellimus_id, toode_id, kogus, uhikuhind) VALUES (553, 99, 1, 617.97);
INSERT INTO tellimuse_read (tellimus_id, toode_id, kogus, uhikuhind) VALUES (553, 108, 2, 195.55);
UPDATE tellimused SET kogusumma = 3205.78 WHERE id = 553;
INSERT INTO arved (tellimus_id, number, kuupaev, maksetahtaeg, tasutud) VALUES (553, 'ARV-2026-00553', CURRENT_DATE(), CURRENT_DATE(), 1);
INSERT INTO maksed (arve_id, makseviis_id, summa) VALUES (553, 1, 3205.78);
INSERT INTO tellimused (klient_id, staatus_id, tarneviis_id, kogusumma) VALUES (48, 2, 2, 0);
INSERT INTO tellimuse_read (tellimus_id, toode_id, kogus, uhikuhind) VALUES (554, 93, 4, 854.37);
UPDATE tellimused SET kogusumma = 3420.38 WHERE id = 554;
INSERT INTO arved (tellimus_id, number, kuupaev, maksetahtaeg, tasutud) VALUES (554, 'ARV-2026-00554', CURRENT_DATE(), CURRENT_DATE(), 0);
INSERT INTO tellimused (klient_id, staatus_id, tarneviis_id, kogusumma) VALUES (176, 4, 2, 0);
INSERT INTO tellimuse_read (tellimus_id, toode_id, kogus, uhikuhind) VALUES (555, 15, 2, 801.46);
INSERT INTO tellimuse_read (tellimus_id, toode_id, kogus, uhikuhind) VALUES (555, 133, 2, 517.42);
INSERT INTO tellimuse_read (tellimus_id, toode_id, kogus, uhikuhind) VALUES (555, 114, 2, 805.9);
INSERT INTO tellimuse_read (tellimus_id, toode_id, kogus, uhikuhind) VALUES (555, 57, 1, 659.85);
INSERT INTO tellimuse_read (tellimus_id, toode_id, kogus, uhikuhind) VALUES (555, 128, 3, 189.11);
UPDATE tellimused SET kogusumma = 5479.64 WHERE id = 555;
INSERT INTO arved (tellimus_id, number, kuupaev, maksetahtaeg, tasutud) VALUES (555, 'ARV-2026-00555', CURRENT_DATE(), CURRENT_DATE(), 1);
INSERT INTO maksed (arve_id, makseviis_id, summa) VALUES (555, 3, 5479.64);
INSERT INTO tellimused (klient_id, staatus_id, tarneviis_id, kogusumma) VALUES (162, 1, 2, 0);
INSERT INTO tellimuse_read (tellimus_id, toode_id, kogus, uhikuhind) VALUES (556, 16, 3, 131.01);
INSERT INTO tellimuse_read (tellimus_id, toode_id, kogus, uhikuhind) VALUES (556, 81, 4, 764.27);
UPDATE tellimused SET kogusumma = 3453.01 WHERE id = 556;
INSERT INTO arved (tellimus_id, number, kuupaev, maksetahtaeg, tasutud) VALUES (556, 'ARV-2026-00556', CURRENT_DATE(), CURRENT_DATE(), 0);
INSERT INTO tellimused (klient_id, staatus_id, tarneviis_id, kogusumma) VALUES (287, 4, 3, 0);
INSERT INTO tellimuse_read (tellimus_id, toode_id, kogus, uhikuhind) VALUES (557, 88, 3, 904.75);
UPDATE tellimused SET kogusumma = 2714.25 WHERE id = 557;
INSERT INTO arved (tellimus_id, number, kuupaev, maksetahtaeg, tasutud) VALUES (557, 'ARV-2026-00557', CURRENT_DATE(), CURRENT_DATE(), 1);
INSERT INTO maksed (arve_id, makseviis_id, summa) VALUES (557, 1, 2714.25);
INSERT INTO tellimused (klient_id, staatus_id, tarneviis_id, kogusumma) VALUES (444, 1, 1, 0);
INSERT INTO tellimuse_read (tellimus_id, toode_id, kogus, uhikuhind) VALUES (558, 49, 4, 277.83);
INSERT INTO tellimuse_read (tellimus_id, toode_id, kogus, uhikuhind) VALUES (558, 64, 3, 1054.16);
INSERT INTO tellimuse_read (tellimus_id, toode_id, kogus, uhikuhind) VALUES (558, 111, 2, 1205.16);
INSERT INTO tellimuse_read (tellimus_id, toode_id, kogus, uhikuhind) VALUES (558, 126, 1, 1203.18);
UPDATE tellimused SET kogusumma = 7893.2 WHERE id = 558;
INSERT INTO arved (tellimus_id, number, kuupaev, maksetahtaeg, tasutud) VALUES (558, 'ARV-2026-00558', CURRENT_DATE(), CURRENT_DATE(), 0);
INSERT INTO tellimused (klient_id, staatus_id, tarneviis_id, kogusumma) VALUES (117, 2, 1, 0);
INSERT INTO tellimuse_read (tellimus_id, toode_id, kogus, uhikuhind) VALUES (559, 36, 4, 1394.94);
UPDATE tellimused SET kogusumma = 5585.66 WHERE id = 559;
INSERT INTO arved (tellimus_id, number, kuupaev, maksetahtaeg, tasutud) VALUES (559, 'ARV-2026-00559', CURRENT_DATE(), CURRENT_DATE(), 0);
INSERT INTO tellimused (klient_id, staatus_id, tarneviis_id, kogusumma) VALUES (255, 2, 2, 0);
INSERT INTO tellimuse_read (tellimus_id, toode_id, kogus, uhikuhind) VALUES (560, 34, 1, 704.2);
INSERT INTO tellimuse_read (tellimus_id, toode_id, kogus, uhikuhind) VALUES (560, 16, 3, 131.01);
UPDATE tellimused SET kogusumma = 1100.13 WHERE id = 560;
INSERT INTO arved (tellimus_id, number, kuupaev, maksetahtaeg, tasutud) VALUES (560, 'ARV-2026-00560', CURRENT_DATE(), CURRENT_DATE(), 0);
INSERT INTO tellimused (klient_id, staatus_id, tarneviis_id, kogusumma) VALUES (83, 4, 3, 0);
INSERT INTO tellimuse_read (tellimus_id, toode_id, kogus, uhikuhind) VALUES (561, 73, 4, 211.88);
INSERT INTO tellimuse_read (tellimus_id, toode_id, kogus, uhikuhind) VALUES (561, 10, 2, 197.52);
INSERT INTO tellimuse_read (tellimus_id, toode_id, kogus, uhikuhind) VALUES (561, 22, 4, 1215.75);
INSERT INTO tellimuse_read (tellimus_id, toode_id, kogus, uhikuhind) VALUES (561, 53, 3, 112.5);
INSERT INTO tellimuse_read (tellimus_id, toode_id, kogus, uhikuhind) VALUES (561, 4, 4, 908.2);
UPDATE tellimused SET kogusumma = 10075.86 WHERE id = 561;
INSERT INTO arved (tellimus_id, number, kuupaev, maksetahtaeg, tasutud) VALUES (561, 'ARV-2026-00561', CURRENT_DATE(), CURRENT_DATE(), 1);
INSERT INTO maksed (arve_id, makseviis_id, summa) VALUES (561, 2, 10075.86);
INSERT INTO tellimused (klient_id, staatus_id, tarneviis_id, kogusumma) VALUES (36, 2, 2, 0);
INSERT INTO tellimuse_read (tellimus_id, toode_id, kogus, uhikuhind) VALUES (562, 115, 2, 471.15);
INSERT INTO tellimuse_read (tellimus_id, toode_id, kogus, uhikuhind) VALUES (562, 90, 1, 864.74);
INSERT INTO tellimuse_read (tellimus_id, toode_id, kogus, uhikuhind) VALUES (562, 4, 2, 908.2);
UPDATE tellimused SET kogusumma = 3626.34 WHERE id = 562;
INSERT INTO arved (tellimus_id, number, kuupaev, maksetahtaeg, tasutud) VALUES (562, 'ARV-2026-00562', CURRENT_DATE(), CURRENT_DATE(), 0);
INSERT INTO tellimused (klient_id, staatus_id, tarneviis_id, kogusumma) VALUES (285, 1, 3, 0);
INSERT INTO tellimuse_read (tellimus_id, toode_id, kogus, uhikuhind) VALUES (563, 28, 4, 989.04);
INSERT INTO tellimuse_read (tellimus_id, toode_id, kogus, uhikuhind) VALUES (563, 27, 2, 1463.52);
UPDATE tellimused SET kogusumma = 6883.2 WHERE id = 563;
INSERT INTO arved (tellimus_id, number, kuupaev, maksetahtaeg, tasutud) VALUES (563, 'ARV-2026-00563', CURRENT_DATE(), CURRENT_DATE(), 0);
INSERT INTO tellimused (klient_id, staatus_id, tarneviis_id, kogusumma) VALUES (442, 1, 1, 0);
INSERT INTO tellimuse_read (tellimus_id, toode_id, kogus, uhikuhind) VALUES (564, 99, 1, 617.97);
INSERT INTO tellimuse_read (tellimus_id, toode_id, kogus, uhikuhind) VALUES (564, 81, 2, 764.27);
INSERT INTO tellimuse_read (tellimus_id, toode_id, kogus, uhikuhind) VALUES (564, 47, 3, 1136.92);
INSERT INTO tellimuse_read (tellimus_id, toode_id, kogus, uhikuhind) VALUES (564, 18, 1, 1301.05);
INSERT INTO tellimuse_read (tellimus_id, toode_id, kogus, uhikuhind) VALUES (564, 99, 3, 617.97);
UPDATE tellimused SET kogusumma = 8718.13 WHERE id = 564;
INSERT INTO arved (tellimus_id, number, kuupaev, maksetahtaeg, tasutud) VALUES (564, 'ARV-2026-00564', CURRENT_DATE(), CURRENT_DATE(), 0);
INSERT INTO tellimused (klient_id, staatus_id, tarneviis_id, kogusumma) VALUES (499, 2, 3, 0);
INSERT INTO tellimuse_read (tellimus_id, toode_id, kogus, uhikuhind) VALUES (565, 37, 1, 1435.53);
INSERT INTO tellimuse_read (tellimus_id, toode_id, kogus, uhikuhind) VALUES (565, 115, 1, 471.15);
INSERT INTO tellimuse_read (tellimus_id, toode_id, kogus, uhikuhind) VALUES (565, 145, 3, 467.91);
UPDATE tellimused SET kogusumma = 3310.41 WHERE id = 565;
INSERT INTO arved (tellimus_id, number, kuupaev, maksetahtaeg, tasutud) VALUES (565, 'ARV-2026-00565', CURRENT_DATE(), CURRENT_DATE(), 0);
INSERT INTO tellimused (klient_id, staatus_id, tarneviis_id, kogusumma) VALUES (70, 2, 1, 0);
INSERT INTO tellimuse_read (tellimus_id, toode_id, kogus, uhikuhind) VALUES (566, 78, 2, 257.32);
INSERT INTO tellimuse_read (tellimus_id, toode_id, kogus, uhikuhind) VALUES (566, 38, 2, 1049.43);
INSERT INTO tellimuse_read (tellimus_id, toode_id, kogus, uhikuhind) VALUES (566, 22, 2, 1215.75);
UPDATE tellimused SET kogusumma = 5050.9 WHERE id = 566;
INSERT INTO arved (tellimus_id, number, kuupaev, maksetahtaeg, tasutud) VALUES (566, 'ARV-2026-00566', CURRENT_DATE(), CURRENT_DATE(), 0);
INSERT INTO tellimused (klient_id, staatus_id, tarneviis_id, kogusumma) VALUES (435, 3, 1, 0);
INSERT INTO tellimuse_read (tellimus_id, toode_id, kogus, uhikuhind) VALUES (567, 122, 2, 809.39);
INSERT INTO tellimuse_read (tellimus_id, toode_id, kogus, uhikuhind) VALUES (567, 32, 4, 84.37);
INSERT INTO tellimuse_read (tellimus_id, toode_id, kogus, uhikuhind) VALUES (567, 122, 2, 809.39);
INSERT INTO tellimuse_read (tellimus_id, toode_id, kogus, uhikuhind) VALUES (567, 43, 3, 549.01);
INSERT INTO tellimuse_read (tellimus_id, toode_id, kogus, uhikuhind) VALUES (567, 80, 3, 549.38);
UPDATE tellimused SET kogusumma = 6876.11 WHERE id = 567;
INSERT INTO arved (tellimus_id, number, kuupaev, maksetahtaeg, tasutud) VALUES (567, 'ARV-2026-00567', CURRENT_DATE(), CURRENT_DATE(), 1);
INSERT INTO maksed (arve_id, makseviis_id, summa) VALUES (567, 2, 6876.11);
INSERT INTO tellimused (klient_id, staatus_id, tarneviis_id, kogusumma) VALUES (366, 1, 2, 0);
INSERT INTO tellimuse_read (tellimus_id, toode_id, kogus, uhikuhind) VALUES (568, 94, 3, 1067.21);
INSERT INTO tellimuse_read (tellimus_id, toode_id, kogus, uhikuhind) VALUES (568, 115, 4, 471.15);
UPDATE tellimused SET kogusumma = 5089.13 WHERE id = 568;
INSERT INTO arved (tellimus_id, number, kuupaev, maksetahtaeg, tasutud) VALUES (568, 'ARV-2026-00568', CURRENT_DATE(), CURRENT_DATE(), 0);
INSERT INTO tellimused (klient_id, staatus_id, tarneviis_id, kogusumma) VALUES (455, 1, 1, 0);
INSERT INTO tellimuse_read (tellimus_id, toode_id, kogus, uhikuhind) VALUES (569, 36, 2, 1394.94);
UPDATE tellimused SET kogusumma = 2795.78 WHERE id = 569;
INSERT INTO arved (tellimus_id, number, kuupaev, maksetahtaeg, tasutud) VALUES (569, 'ARV-2026-00569', CURRENT_DATE(), CURRENT_DATE(), 0);
INSERT INTO tellimused (klient_id, staatus_id, tarneviis_id, kogusumma) VALUES (331, 1, 3, 0);
INSERT INTO tellimuse_read (tellimus_id, toode_id, kogus, uhikuhind) VALUES (570, 105, 1, 1195.5);
UPDATE tellimused SET kogusumma = 1195.5 WHERE id = 570;
INSERT INTO arved (tellimus_id, number, kuupaev, maksetahtaeg, tasutud) VALUES (570, 'ARV-2026-00570', CURRENT_DATE(), CURRENT_DATE(), 0);
INSERT INTO tellimused (klient_id, staatus_id, tarneviis_id, kogusumma) VALUES (363, 4, 2, 0);
INSERT INTO tellimuse_read (tellimus_id, toode_id, kogus, uhikuhind) VALUES (571, 9, 3, 470.38);
INSERT INTO tellimuse_read (tellimus_id, toode_id, kogus, uhikuhind) VALUES (571, 140, 1, 1441.36);
INSERT INTO tellimuse_read (tellimus_id, toode_id, kogus, uhikuhind) VALUES (571, 116, 1, 479.92);
INSERT INTO tellimuse_read (tellimus_id, toode_id, kogus, uhikuhind) VALUES (571, 95, 3, 1375.85);
INSERT INTO tellimuse_read (tellimus_id, toode_id, kogus, uhikuhind) VALUES (571, 34, 3, 704.2);
UPDATE tellimused SET kogusumma = 9575.47 WHERE id = 571;
INSERT INTO arved (tellimus_id, number, kuupaev, maksetahtaeg, tasutud) VALUES (571, 'ARV-2026-00571', CURRENT_DATE(), CURRENT_DATE(), 1);
INSERT INTO maksed (arve_id, makseviis_id, summa) VALUES (571, 3, 9575.47);
INSERT INTO tellimused (klient_id, staatus_id, tarneviis_id, kogusumma) VALUES (472, 3, 1, 0);
INSERT INTO tellimuse_read (tellimus_id, toode_id, kogus, uhikuhind) VALUES (572, 98, 1, 779.6);
UPDATE tellimused SET kogusumma = 785.5 WHERE id = 572;
INSERT INTO arved (tellimus_id, number, kuupaev, maksetahtaeg, tasutud) VALUES (572, 'ARV-2026-00572', CURRENT_DATE(), CURRENT_DATE(), 1);
INSERT INTO maksed (arve_id, makseviis_id, summa) VALUES (572, 3, 785.5);
INSERT INTO tellimused (klient_id, staatus_id, tarneviis_id, kogusumma) VALUES (49, 2, 2, 0);
INSERT INTO tellimuse_read (tellimus_id, toode_id, kogus, uhikuhind) VALUES (573, 109, 2, 151.7);
UPDATE tellimused SET kogusumma = 306.3 WHERE id = 573;
INSERT INTO arved (tellimus_id, number, kuupaev, maksetahtaeg, tasutud) VALUES (573, 'ARV-2026-00573', CURRENT_DATE(), CURRENT_DATE(), 0);
INSERT INTO tellimused (klient_id, staatus_id, tarneviis_id, kogusumma) VALUES (375, 4, 2, 0);
INSERT INTO tellimuse_read (tellimus_id, toode_id, kogus, uhikuhind) VALUES (574, 134, 3, 28.46);
INSERT INTO tellimuse_read (tellimus_id, toode_id, kogus, uhikuhind) VALUES (574, 116, 1, 479.92);
INSERT INTO tellimuse_read (tellimus_id, toode_id, kogus, uhikuhind) VALUES (574, 130, 4, 1034.54);
INSERT INTO tellimuse_read (tellimus_id, toode_id, kogus, uhikuhind) VALUES (574, 84, 2, 1389.02);
UPDATE tellimused SET kogusumma = 7484.4 WHERE id = 574;
INSERT INTO arved (tellimus_id, number, kuupaev, maksetahtaeg, tasutud) VALUES (574, 'ARV-2026-00574', CURRENT_DATE(), CURRENT_DATE(), 1);
INSERT INTO maksed (arve_id, makseviis_id, summa) VALUES (574, 2, 7484.4);
INSERT INTO tellimused (klient_id, staatus_id, tarneviis_id, kogusumma) VALUES (188, 4, 3, 0);
INSERT INTO tellimuse_read (tellimus_id, toode_id, kogus, uhikuhind) VALUES (575, 98, 2, 779.6);
UPDATE tellimused SET kogusumma = 1559.2 WHERE id = 575;
INSERT INTO arved (tellimus_id, number, kuupaev, maksetahtaeg, tasutud) VALUES (575, 'ARV-2026-00575', CURRENT_DATE(), CURRENT_DATE(), 1);
INSERT INTO maksed (arve_id, makseviis_id, summa) VALUES (575, 2, 1559.2);
INSERT INTO tellimused (klient_id, staatus_id, tarneviis_id, kogusumma) VALUES (392, 3, 1, 0);
INSERT INTO tellimuse_read (tellimus_id, toode_id, kogus, uhikuhind) VALUES (576, 136, 4, 56.7);
UPDATE tellimused SET kogusumma = 232.7 WHERE id = 576;
INSERT INTO arved (tellimus_id, number, kuupaev, maksetahtaeg, tasutud) VALUES (576, 'ARV-2026-00576', CURRENT_DATE(), CURRENT_DATE(), 1);
INSERT INTO maksed (arve_id, makseviis_id, summa) VALUES (576, 3, 232.7);
INSERT INTO tellimused (klient_id, staatus_id, tarneviis_id, kogusumma) VALUES (458, 3, 1, 0);
INSERT INTO tellimuse_read (tellimus_id, toode_id, kogus, uhikuhind) VALUES (577, 107, 2, 1262.41);
INSERT INTO tellimuse_read (tellimus_id, toode_id, kogus, uhikuhind) VALUES (577, 11, 2, 980.79);
UPDATE tellimused SET kogusumma = 4492.3 WHERE id = 577;
INSERT INTO arved (tellimus_id, number, kuupaev, maksetahtaeg, tasutud) VALUES (577, 'ARV-2026-00577', CURRENT_DATE(), CURRENT_DATE(), 1);
INSERT INTO maksed (arve_id, makseviis_id, summa) VALUES (577, 2, 4492.3);
INSERT INTO tellimused (klient_id, staatus_id, tarneviis_id, kogusumma) VALUES (182, 2, 2, 0);
INSERT INTO tellimuse_read (tellimus_id, toode_id, kogus, uhikuhind) VALUES (578, 9, 1, 470.38);
UPDATE tellimused SET kogusumma = 473.28 WHERE id = 578;
INSERT INTO arved (tellimus_id, number, kuupaev, maksetahtaeg, tasutud) VALUES (578, 'ARV-2026-00578', CURRENT_DATE(), CURRENT_DATE(), 0);
INSERT INTO tellimused (klient_id, staatus_id, tarneviis_id, kogusumma) VALUES (39, 4, 2, 0);
INSERT INTO tellimuse_read (tellimus_id, toode_id, kogus, uhikuhind) VALUES (579, 125, 2, 987.42);
INSERT INTO tellimuse_read (tellimus_id, toode_id, kogus, uhikuhind) VALUES (579, 61, 3, 1173.58);
INSERT INTO tellimuse_read (tellimus_id, toode_id, kogus, uhikuhind) VALUES (579, 100, 2, 633.82);
INSERT INTO tellimuse_read (tellimus_id, toode_id, kogus, uhikuhind) VALUES (579, 132, 3, 769.72);
INSERT INTO tellimuse_read (tellimus_id, toode_id, kogus, uhikuhind) VALUES (579, 28, 3, 989.04);
UPDATE tellimused SET kogusumma = 12042.4 WHERE id = 579;
INSERT INTO arved (tellimus_id, number, kuupaev, maksetahtaeg, tasutud) VALUES (579, 'ARV-2026-00579', CURRENT_DATE(), CURRENT_DATE(), 1);
INSERT INTO maksed (arve_id, makseviis_id, summa) VALUES (579, 2, 12042.4);
INSERT INTO tellimused (klient_id, staatus_id, tarneviis_id, kogusumma) VALUES (298, 4, 1, 0);
INSERT INTO tellimuse_read (tellimus_id, toode_id, kogus, uhikuhind) VALUES (580, 116, 3, 479.92);
UPDATE tellimused SET kogusumma = 1445.66 WHERE id = 580;
INSERT INTO arved (tellimus_id, number, kuupaev, maksetahtaeg, tasutud) VALUES (580, 'ARV-2026-00580', CURRENT_DATE(), CURRENT_DATE(), 1);
INSERT INTO maksed (arve_id, makseviis_id, summa) VALUES (580, 3, 1445.66);
INSERT INTO tellimused (klient_id, staatus_id, tarneviis_id, kogusumma) VALUES (250, 3, 3, 0);
INSERT INTO tellimuse_read (tellimus_id, toode_id, kogus, uhikuhind) VALUES (581, 133, 1, 517.42);
UPDATE tellimused SET kogusumma = 517.42 WHERE id = 581;
INSERT INTO arved (tellimus_id, number, kuupaev, maksetahtaeg, tasutud) VALUES (581, 'ARV-2026-00581', CURRENT_DATE(), CURRENT_DATE(), 1);
INSERT INTO maksed (arve_id, makseviis_id, summa) VALUES (581, 2, 517.42);
INSERT INTO tellimused (klient_id, staatus_id, tarneviis_id, kogusumma) VALUES (84, 4, 3, 0);
INSERT INTO tellimuse_read (tellimus_id, toode_id, kogus, uhikuhind) VALUES (582, 80, 1, 549.38);
INSERT INTO tellimuse_read (tellimus_id, toode_id, kogus, uhikuhind) VALUES (582, 56, 2, 1414.95);
UPDATE tellimused SET kogusumma = 3379.28 WHERE id = 582;
INSERT INTO arved (tellimus_id, number, kuupaev, maksetahtaeg, tasutud) VALUES (582, 'ARV-2026-00582', CURRENT_DATE(), CURRENT_DATE(), 1);
INSERT INTO maksed (arve_id, makseviis_id, summa) VALUES (582, 3, 3379.28);
INSERT INTO tellimused (klient_id, staatus_id, tarneviis_id, kogusumma) VALUES (120, 4, 1, 0);
INSERT INTO tellimuse_read (tellimus_id, toode_id, kogus, uhikuhind) VALUES (583, 1, 4, 284.93);
INSERT INTO tellimuse_read (tellimus_id, toode_id, kogus, uhikuhind) VALUES (583, 123, 1, 840.5);
INSERT INTO tellimuse_read (tellimus_id, toode_id, kogus, uhikuhind) VALUES (583, 15, 3, 801.46);
INSERT INTO tellimuse_read (tellimus_id, toode_id, kogus, uhikuhind) VALUES (583, 20, 4, 465.78);
INSERT INTO tellimuse_read (tellimus_id, toode_id, kogus, uhikuhind) VALUES (583, 72, 4, 52.19);
UPDATE tellimused SET kogusumma = 6462.38 WHERE id = 583;
INSERT INTO arved (tellimus_id, number, kuupaev, maksetahtaeg, tasutud) VALUES (583, 'ARV-2026-00583', CURRENT_DATE(), CURRENT_DATE(), 1);
INSERT INTO maksed (arve_id, makseviis_id, summa) VALUES (583, 1, 6462.38);
INSERT INTO tellimused (klient_id, staatus_id, tarneviis_id, kogusumma) VALUES (103, 1, 1, 0);
INSERT INTO tellimuse_read (tellimus_id, toode_id, kogus, uhikuhind) VALUES (584, 119, 4, 1267.05);
INSERT INTO tellimuse_read (tellimus_id, toode_id, kogus, uhikuhind) VALUES (584, 30, 2, 417.38);
UPDATE tellimused SET kogusumma = 5908.86 WHERE id = 584;
INSERT INTO arved (tellimus_id, number, kuupaev, maksetahtaeg, tasutud) VALUES (584, 'ARV-2026-00584', CURRENT_DATE(), CURRENT_DATE(), 0);
INSERT INTO tellimused (klient_id, staatus_id, tarneviis_id, kogusumma) VALUES (174, 3, 1, 0);
INSERT INTO tellimuse_read (tellimus_id, toode_id, kogus, uhikuhind) VALUES (585, 93, 2, 854.37);
INSERT INTO tellimuse_read (tellimus_id, toode_id, kogus, uhikuhind) VALUES (585, 66, 4, 712.62);
INSERT INTO tellimuse_read (tellimus_id, toode_id, kogus, uhikuhind) VALUES (585, 91, 2, 238.14);
INSERT INTO tellimuse_read (tellimus_id, toode_id, kogus, uhikuhind) VALUES (585, 20, 1, 465.78);
INSERT INTO tellimuse_read (tellimus_id, toode_id, kogus, uhikuhind) VALUES (585, 138, 4, 1372.15);
UPDATE tellimused SET kogusumma = 10995.78 WHERE id = 585;
INSERT INTO arved (tellimus_id, number, kuupaev, maksetahtaeg, tasutud) VALUES (585, 'ARV-2026-00585', CURRENT_DATE(), CURRENT_DATE(), 1);
INSERT INTO maksed (arve_id, makseviis_id, summa) VALUES (585, 1, 10995.78);
INSERT INTO tellimused (klient_id, staatus_id, tarneviis_id, kogusumma) VALUES (408, 1, 2, 0);
INSERT INTO tellimuse_read (tellimus_id, toode_id, kogus, uhikuhind) VALUES (586, 140, 3, 1441.36);
INSERT INTO tellimuse_read (tellimus_id, toode_id, kogus, uhikuhind) VALUES (586, 126, 1, 1203.18);
INSERT INTO tellimuse_read (tellimus_id, toode_id, kogus, uhikuhind) VALUES (586, 39, 4, 207.71);
INSERT INTO tellimuse_read (tellimus_id, toode_id, kogus, uhikuhind) VALUES (586, 43, 4, 549.01);
UPDATE tellimused SET kogusumma = 8557.04 WHERE id = 586;
INSERT INTO arved (tellimus_id, number, kuupaev, maksetahtaeg, tasutud) VALUES (586, 'ARV-2026-00586', CURRENT_DATE(), CURRENT_DATE(), 0);
INSERT INTO tellimused (klient_id, staatus_id, tarneviis_id, kogusumma) VALUES (381, 3, 2, 0);
INSERT INTO tellimuse_read (tellimus_id, toode_id, kogus, uhikuhind) VALUES (587, 104, 2, 709.29);
UPDATE tellimused SET kogusumma = 1421.48 WHERE id = 587;
INSERT INTO arved (tellimus_id, number, kuupaev, maksetahtaeg, tasutud) VALUES (587, 'ARV-2026-00587', CURRENT_DATE(), CURRENT_DATE(), 1);
INSERT INTO maksed (arve_id, makseviis_id, summa) VALUES (587, 3, 1421.48);
INSERT INTO tellimused (klient_id, staatus_id, tarneviis_id, kogusumma) VALUES (209, 4, 2, 0);
INSERT INTO tellimuse_read (tellimus_id, toode_id, kogus, uhikuhind) VALUES (588, 64, 3, 1054.16);
INSERT INTO tellimuse_read (tellimus_id, toode_id, kogus, uhikuhind) VALUES (588, 45, 3, 1046.82);
INSERT INTO tellimuse_read (tellimus_id, toode_id, kogus, uhikuhind) VALUES (588, 103, 2, 1221.75);
INSERT INTO tellimuse_read (tellimus_id, toode_id, kogus, uhikuhind) VALUES (588, 82, 4, 771.06);
INSERT INTO tellimuse_read (tellimus_id, toode_id, kogus, uhikuhind) VALUES (588, 3, 1, 905.41);
UPDATE tellimused SET kogusumma = 12738.99 WHERE id = 588;
INSERT INTO arved (tellimus_id, number, kuupaev, maksetahtaeg, tasutud) VALUES (588, 'ARV-2026-00588', CURRENT_DATE(), CURRENT_DATE(), 1);
INSERT INTO maksed (arve_id, makseviis_id, summa) VALUES (588, 3, 12738.99);
INSERT INTO tellimused (klient_id, staatus_id, tarneviis_id, kogusumma) VALUES (190, 4, 2, 0);
INSERT INTO tellimuse_read (tellimus_id, toode_id, kogus, uhikuhind) VALUES (589, 112, 1, 210.21);
INSERT INTO tellimuse_read (tellimus_id, toode_id, kogus, uhikuhind) VALUES (589, 127, 2, 133.59);
UPDATE tellimused SET kogusumma = 480.29 WHERE id = 589;
INSERT INTO arved (tellimus_id, number, kuupaev, maksetahtaeg, tasutud) VALUES (589, 'ARV-2026-00589', CURRENT_DATE(), CURRENT_DATE(), 1);
INSERT INTO maksed (arve_id, makseviis_id, summa) VALUES (589, 2, 480.29);
INSERT INTO tellimused (klient_id, staatus_id, tarneviis_id, kogusumma) VALUES (224, 4, 3, 0);
INSERT INTO tellimuse_read (tellimus_id, toode_id, kogus, uhikuhind) VALUES (590, 22, 4, 1215.75);
INSERT INTO tellimuse_read (tellimus_id, toode_id, kogus, uhikuhind) VALUES (590, 108, 3, 195.55);
UPDATE tellimused SET kogusumma = 5449.65 WHERE id = 590;
INSERT INTO arved (tellimus_id, number, kuupaev, maksetahtaeg, tasutud) VALUES (590, 'ARV-2026-00590', CURRENT_DATE(), CURRENT_DATE(), 1);
INSERT INTO maksed (arve_id, makseviis_id, summa) VALUES (590, 3, 5449.65);
INSERT INTO tellimused (klient_id, staatus_id, tarneviis_id, kogusumma) VALUES (30, 1, 1, 0);
INSERT INTO tellimuse_read (tellimus_id, toode_id, kogus, uhikuhind) VALUES (591, 71, 2, 1393.75);
INSERT INTO tellimuse_read (tellimus_id, toode_id, kogus, uhikuhind) VALUES (591, 24, 1, 509.33);
UPDATE tellimused SET kogusumma = 3302.73 WHERE id = 591;
INSERT INTO arved (tellimus_id, number, kuupaev, maksetahtaeg, tasutud) VALUES (591, 'ARV-2026-00591', CURRENT_DATE(), CURRENT_DATE(), 0);
INSERT INTO tellimused (klient_id, staatus_id, tarneviis_id, kogusumma) VALUES (382, 1, 1, 0);
INSERT INTO tellimuse_read (tellimus_id, toode_id, kogus, uhikuhind) VALUES (592, 42, 3, 744.92);
INSERT INTO tellimuse_read (tellimus_id, toode_id, kogus, uhikuhind) VALUES (592, 19, 1, 261.3);
INSERT INTO tellimuse_read (tellimus_id, toode_id, kogus, uhikuhind) VALUES (592, 68, 4, 1408.93);
UPDATE tellimused SET kogusumma = 8137.68 WHERE id = 592;
INSERT INTO arved (tellimus_id, number, kuupaev, maksetahtaeg, tasutud) VALUES (592, 'ARV-2026-00592', CURRENT_DATE(), CURRENT_DATE(), 0);
INSERT INTO tellimused (klient_id, staatus_id, tarneviis_id, kogusumma) VALUES (4, 3, 2, 0);
INSERT INTO tellimuse_read (tellimus_id, toode_id, kogus, uhikuhind) VALUES (593, 150, 4, 580.23);
INSERT INTO tellimuse_read (tellimus_id, toode_id, kogus, uhikuhind) VALUES (593, 42, 3, 744.92);
INSERT INTO tellimuse_read (tellimus_id, toode_id, kogus, uhikuhind) VALUES (593, 108, 3, 195.55);
INSERT INTO tellimuse_read (tellimus_id, toode_id, kogus, uhikuhind) VALUES (593, 71, 1, 1393.75);
UPDATE tellimused SET kogusumma = 6538.98 WHERE id = 593;
INSERT INTO arved (tellimus_id, number, kuupaev, maksetahtaeg, tasutud) VALUES (593, 'ARV-2026-00593', CURRENT_DATE(), CURRENT_DATE(), 1);
INSERT INTO maksed (arve_id, makseviis_id, summa) VALUES (593, 2, 6538.98);
INSERT INTO tellimused (klient_id, staatus_id, tarneviis_id, kogusumma) VALUES (385, 2, 1, 0);
INSERT INTO tellimuse_read (tellimus_id, toode_id, kogus, uhikuhind) VALUES (594, 143, 2, 291.2);
UPDATE tellimused SET kogusumma = 588.3 WHERE id = 594;
INSERT INTO arved (tellimus_id, number, kuupaev, maksetahtaeg, tasutud) VALUES (594, 'ARV-2026-00594', CURRENT_DATE(), CURRENT_DATE(), 0);
INSERT INTO tellimused (klient_id, staatus_id, tarneviis_id, kogusumma) VALUES (189, 3, 2, 0);
INSERT INTO tellimuse_read (tellimus_id, toode_id, kogus, uhikuhind) VALUES (595, 135, 3, 101.4);
INSERT INTO tellimuse_read (tellimus_id, toode_id, kogus, uhikuhind) VALUES (595, 137, 3, 934.56);
INSERT INTO tellimuse_read (tellimus_id, toode_id, kogus, uhikuhind) VALUES (595, 2, 2, 591.98);
INSERT INTO tellimuse_read (tellimus_id, toode_id, kogus, uhikuhind) VALUES (595, 9, 1, 470.38);
UPDATE tellimused SET kogusumma = 4765.12 WHERE id = 595;
INSERT INTO arved (tellimus_id, number, kuupaev, maksetahtaeg, tasutud) VALUES (595, 'ARV-2026-00595', CURRENT_DATE(), CURRENT_DATE(), 1);
INSERT INTO maksed (arve_id, makseviis_id, summa) VALUES (595, 1, 4765.12);
INSERT INTO tellimused (klient_id, staatus_id, tarneviis_id, kogusumma) VALUES (66, 1, 1, 0);
INSERT INTO tellimuse_read (tellimus_id, toode_id, kogus, uhikuhind) VALUES (596, 47, 3, 1136.92);
INSERT INTO tellimuse_read (tellimus_id, toode_id, kogus, uhikuhind) VALUES (596, 143, 2, 291.2);
UPDATE tellimused SET kogusumma = 3999.06 WHERE id = 596;
INSERT INTO arved (tellimus_id, number, kuupaev, maksetahtaeg, tasutud) VALUES (596, 'ARV-2026-00596', CURRENT_DATE(), CURRENT_DATE(), 0);
INSERT INTO tellimused (klient_id, staatus_id, tarneviis_id, kogusumma) VALUES (409, 1, 3, 0);
INSERT INTO tellimuse_read (tellimus_id, toode_id, kogus, uhikuhind) VALUES (597, 57, 3, 659.85);
UPDATE tellimused SET kogusumma = 1979.55 WHERE id = 597;
INSERT INTO arved (tellimus_id, number, kuupaev, maksetahtaeg, tasutud) VALUES (597, 'ARV-2026-00597', CURRENT_DATE(), CURRENT_DATE(), 0);
INSERT INTO tellimused (klient_id, staatus_id, tarneviis_id, kogusumma) VALUES (389, 1, 1, 0);
INSERT INTO tellimuse_read (tellimus_id, toode_id, kogus, uhikuhind) VALUES (598, 80, 3, 549.38);
INSERT INTO tellimuse_read (tellimus_id, toode_id, kogus, uhikuhind) VALUES (598, 99, 2, 617.97);
INSERT INTO tellimuse_read (tellimus_id, toode_id, kogus, uhikuhind) VALUES (598, 33, 4, 1183.26);
UPDATE tellimused SET kogusumma = 7623.02 WHERE id = 598;
INSERT INTO arved (tellimus_id, number, kuupaev, maksetahtaeg, tasutud) VALUES (598, 'ARV-2026-00598', CURRENT_DATE(), CURRENT_DATE(), 0);
INSERT INTO tellimused (klient_id, staatus_id, tarneviis_id, kogusumma) VALUES (175, 4, 2, 0);
INSERT INTO tellimuse_read (tellimus_id, toode_id, kogus, uhikuhind) VALUES (599, 5, 1, 1281.46);
INSERT INTO tellimuse_read (tellimus_id, toode_id, kogus, uhikuhind) VALUES (599, 48, 2, 650.28);
INSERT INTO tellimuse_read (tellimus_id, toode_id, kogus, uhikuhind) VALUES (599, 1, 3, 284.93);
INSERT INTO tellimuse_read (tellimus_id, toode_id, kogus, uhikuhind) VALUES (599, 65, 1, 582.18);
INSERT INTO tellimuse_read (tellimus_id, toode_id, kogus, uhikuhind) VALUES (599, 147, 3, 576.36);
UPDATE tellimused SET kogusumma = 5750.97 WHERE id = 599;
INSERT INTO arved (tellimus_id, number, kuupaev, maksetahtaeg, tasutud) VALUES (599, 'ARV-2026-00599', CURRENT_DATE(), CURRENT_DATE(), 1);
INSERT INTO maksed (arve_id, makseviis_id, summa) VALUES (599, 1, 5750.97);
INSERT INTO tellimused (klient_id, staatus_id, tarneviis_id, kogusumma) VALUES (296, 2, 2, 0);
INSERT INTO tellimuse_read (tellimus_id, toode_id, kogus, uhikuhind) VALUES (600, 45, 2, 1046.82);
INSERT INTO tellimuse_read (tellimus_id, toode_id, kogus, uhikuhind) VALUES (600, 5, 2, 1281.46);
INSERT INTO tellimuse_read (tellimus_id, toode_id, kogus, uhikuhind) VALUES (600, 75, 2, 23.4);
UPDATE tellimused SET kogusumma = 4706.26 WHERE id = 600;
INSERT INTO arved (tellimus_id, number, kuupaev, maksetahtaeg, tasutud) VALUES (600, 'ARV-2026-00600', CURRENT_DATE(), CURRENT_DATE(), 0);
INSERT INTO tellimused (klient_id, staatus_id, tarneviis_id, kogusumma) VALUES (273, 2, 1, 0);
INSERT INTO tellimuse_read (tellimus_id, toode_id, kogus, uhikuhind) VALUES (601, 133, 2, 517.42);
INSERT INTO tellimuse_read (tellimus_id, toode_id, kogus, uhikuhind) VALUES (601, 29, 2, 1404.27);
INSERT INTO tellimuse_read (tellimus_id, toode_id, kogus, uhikuhind) VALUES (601, 37, 3, 1435.53);
INSERT INTO tellimuse_read (tellimus_id, toode_id, kogus, uhikuhind) VALUES (601, 44, 4, 226.18);
UPDATE tellimused SET kogusumma = 9060.59 WHERE id = 601;
INSERT INTO arved (tellimus_id, number, kuupaev, maksetahtaeg, tasutud) VALUES (601, 'ARV-2026-00601', CURRENT_DATE(), CURRENT_DATE(), 0);
INSERT INTO tellimused (klient_id, staatus_id, tarneviis_id, kogusumma) VALUES (78, 3, 3, 0);
INSERT INTO tellimuse_read (tellimus_id, toode_id, kogus, uhikuhind) VALUES (602, 142, 2, 1000.4);
INSERT INTO tellimuse_read (tellimus_id, toode_id, kogus, uhikuhind) VALUES (602, 33, 2, 1183.26);
INSERT INTO tellimuse_read (tellimus_id, toode_id, kogus, uhikuhind) VALUES (602, 96, 4, 431.48);
INSERT INTO tellimuse_read (tellimus_id, toode_id, kogus, uhikuhind) VALUES (602, 20, 4, 465.78);
INSERT INTO tellimuse_read (tellimus_id, toode_id, kogus, uhikuhind) VALUES (602, 106, 2, 852.04);
UPDATE tellimused SET kogusumma = 9660.44 WHERE id = 602;
INSERT INTO arved (tellimus_id, number, kuupaev, maksetahtaeg, tasutud) VALUES (602, 'ARV-2026-00602', CURRENT_DATE(), CURRENT_DATE(), 1);
INSERT INTO maksed (arve_id, makseviis_id, summa) VALUES (602, 3, 9660.44);
INSERT INTO tellimused (klient_id, staatus_id, tarneviis_id, kogusumma) VALUES (57, 1, 1, 0);
INSERT INTO tellimuse_read (tellimus_id, toode_id, kogus, uhikuhind) VALUES (603, 136, 4, 56.7);
UPDATE tellimused SET kogusumma = 232.7 WHERE id = 603;
INSERT INTO arved (tellimus_id, number, kuupaev, maksetahtaeg, tasutud) VALUES (603, 'ARV-2026-00603', CURRENT_DATE(), CURRENT_DATE(), 0);
INSERT INTO tellimused (klient_id, staatus_id, tarneviis_id, kogusumma) VALUES (361, 3, 3, 0);
INSERT INTO tellimuse_read (tellimus_id, toode_id, kogus, uhikuhind) VALUES (604, 84, 2, 1389.02);
INSERT INTO tellimuse_read (tellimus_id, toode_id, kogus, uhikuhind) VALUES (604, 113, 4, 1051.2);
INSERT INTO tellimuse_read (tellimus_id, toode_id, kogus, uhikuhind) VALUES (604, 50, 4, 1049.16);
INSERT INTO tellimuse_read (tellimus_id, toode_id, kogus, uhikuhind) VALUES (604, 23, 4, 1051.56);
INSERT INTO tellimuse_read (tellimus_id, toode_id, kogus, uhikuhind) VALUES (604, 24, 1, 509.33);
UPDATE tellimused SET kogusumma = 15895.05 WHERE id = 604;
INSERT INTO arved (tellimus_id, number, kuupaev, maksetahtaeg, tasutud) VALUES (604, 'ARV-2026-00604', CURRENT_DATE(), CURRENT_DATE(), 1);
INSERT INTO maksed (arve_id, makseviis_id, summa) VALUES (604, 2, 15895.05);
INSERT INTO tellimused (klient_id, staatus_id, tarneviis_id, kogusumma) VALUES (469, 4, 1, 0);
INSERT INTO tellimuse_read (tellimus_id, toode_id, kogus, uhikuhind) VALUES (605, 67, 4, 997.44);
UPDATE tellimused SET kogusumma = 3995.66 WHERE id = 605;
INSERT INTO arved (tellimus_id, number, kuupaev, maksetahtaeg, tasutud) VALUES (605, 'ARV-2026-00605', CURRENT_DATE(), CURRENT_DATE(), 1);
INSERT INTO maksed (arve_id, makseviis_id, summa) VALUES (605, 1, 3995.66);
INSERT INTO tellimused (klient_id, staatus_id, tarneviis_id, kogusumma) VALUES (404, 2, 1, 0);
INSERT INTO tellimuse_read (tellimus_id, toode_id, kogus, uhikuhind) VALUES (606, 24, 1, 509.33);
INSERT INTO tellimuse_read (tellimus_id, toode_id, kogus, uhikuhind) VALUES (606, 141, 4, 190.7);
INSERT INTO tellimuse_read (tellimus_id, toode_id, kogus, uhikuhind) VALUES (606, 99, 2, 617.97);
INSERT INTO tellimuse_read (tellimus_id, toode_id, kogus, uhikuhind) VALUES (606, 56, 1, 1414.95);
INSERT INTO tellimuse_read (tellimus_id, toode_id, kogus, uhikuhind) VALUES (606, 95, 1, 1375.85);
UPDATE tellimused SET kogusumma = 5304.77 WHERE id = 606;
INSERT INTO arved (tellimus_id, number, kuupaev, maksetahtaeg, tasutud) VALUES (606, 'ARV-2026-00606', CURRENT_DATE(), CURRENT_DATE(), 0);
INSERT INTO tellimused (klient_id, staatus_id, tarneviis_id, kogusumma) VALUES (403, 1, 2, 0);
INSERT INTO tellimuse_read (tellimus_id, toode_id, kogus, uhikuhind) VALUES (607, 24, 3, 509.33);
INSERT INTO tellimuse_read (tellimus_id, toode_id, kogus, uhikuhind) VALUES (607, 10, 3, 197.52);
INSERT INTO tellimuse_read (tellimus_id, toode_id, kogus, uhikuhind) VALUES (607, 46, 2, 1318.99);
INSERT INTO tellimuse_read (tellimus_id, toode_id, kogus, uhikuhind) VALUES (607, 98, 1, 779.6);
INSERT INTO tellimuse_read (tellimus_id, toode_id, kogus, uhikuhind) VALUES (607, 47, 4, 1136.92);
UPDATE tellimused SET kogusumma = 10088.71 WHERE id = 607;
INSERT INTO arved (tellimus_id, number, kuupaev, maksetahtaeg, tasutud) VALUES (607, 'ARV-2026-00607', CURRENT_DATE(), CURRENT_DATE(), 0);
INSERT INTO tellimused (klient_id, staatus_id, tarneviis_id, kogusumma) VALUES (403, 4, 1, 0);
INSERT INTO tellimuse_read (tellimus_id, toode_id, kogus, uhikuhind) VALUES (608, 135, 3, 101.4);
UPDATE tellimused SET kogusumma = 310.1 WHERE id = 608;
INSERT INTO arved (tellimus_id, number, kuupaev, maksetahtaeg, tasutud) VALUES (608, 'ARV-2026-00608', CURRENT_DATE(), CURRENT_DATE(), 1);
INSERT INTO maksed (arve_id, makseviis_id, summa) VALUES (608, 1, 310.1);
INSERT INTO tellimused (klient_id, staatus_id, tarneviis_id, kogusumma) VALUES (109, 2, 3, 0);
INSERT INTO tellimuse_read (tellimus_id, toode_id, kogus, uhikuhind) VALUES (609, 36, 1, 1394.94);
INSERT INTO tellimuse_read (tellimus_id, toode_id, kogus, uhikuhind) VALUES (609, 114, 2, 805.9);
INSERT INTO tellimuse_read (tellimus_id, toode_id, kogus, uhikuhind) VALUES (609, 84, 1, 1389.02);
INSERT INTO tellimuse_read (tellimus_id, toode_id, kogus, uhikuhind) VALUES (609, 44, 1, 226.18);
INSERT INTO tellimuse_read (tellimus_id, toode_id, kogus, uhikuhind) VALUES (609, 74, 3, 392.93);
UPDATE tellimused SET kogusumma = 5800.73 WHERE id = 609;
INSERT INTO arved (tellimus_id, number, kuupaev, maksetahtaeg, tasutud) VALUES (609, 'ARV-2026-00609', CURRENT_DATE(), CURRENT_DATE(), 0);
INSERT INTO tellimused (klient_id, staatus_id, tarneviis_id, kogusumma) VALUES (82, 1, 2, 0);
INSERT INTO tellimuse_read (tellimus_id, toode_id, kogus, uhikuhind) VALUES (610, 112, 1, 210.21);
INSERT INTO tellimuse_read (tellimus_id, toode_id, kogus, uhikuhind) VALUES (610, 144, 3, 795.84);
INSERT INTO tellimuse_read (tellimus_id, toode_id, kogus, uhikuhind) VALUES (610, 52, 4, 583.63);
INSERT INTO tellimuse_read (tellimus_id, toode_id, kogus, uhikuhind) VALUES (610, 98, 3, 779.6);
INSERT INTO tellimuse_read (tellimus_id, toode_id, kogus, uhikuhind) VALUES (610, 68, 1, 1408.93);
UPDATE tellimused SET kogusumma = 8682.88 WHERE id = 610;
INSERT INTO arved (tellimus_id, number, kuupaev, maksetahtaeg, tasutud) VALUES (610, 'ARV-2026-00610', CURRENT_DATE(), CURRENT_DATE(), 0);
INSERT INTO tellimused (klient_id, staatus_id, tarneviis_id, kogusumma) VALUES (267, 3, 3, 0);
INSERT INTO tellimuse_read (tellimus_id, toode_id, kogus, uhikuhind) VALUES (611, 81, 2, 764.27);
INSERT INTO tellimuse_read (tellimus_id, toode_id, kogus, uhikuhind) VALUES (611, 56, 1, 1414.95);
UPDATE tellimused SET kogusumma = 2943.49 WHERE id = 611;
INSERT INTO arved (tellimus_id, number, kuupaev, maksetahtaeg, tasutud) VALUES (611, 'ARV-2026-00611', CURRENT_DATE(), CURRENT_DATE(), 1);
INSERT INTO maksed (arve_id, makseviis_id, summa) VALUES (611, 2, 2943.49);
INSERT INTO tellimused (klient_id, staatus_id, tarneviis_id, kogusumma) VALUES (349, 3, 1, 0);
INSERT INTO tellimuse_read (tellimus_id, toode_id, kogus, uhikuhind) VALUES (612, 90, 4, 864.74);
INSERT INTO tellimuse_read (tellimus_id, toode_id, kogus, uhikuhind) VALUES (612, 113, 1, 1051.2);
UPDATE tellimused SET kogusumma = 4516.06 WHERE id = 612;
INSERT INTO arved (tellimus_id, number, kuupaev, maksetahtaeg, tasutud) VALUES (612, 'ARV-2026-00612', CURRENT_DATE(), CURRENT_DATE(), 1);
INSERT INTO maksed (arve_id, makseviis_id, summa) VALUES (612, 2, 4516.06);
INSERT INTO tellimused (klient_id, staatus_id, tarneviis_id, kogusumma) VALUES (211, 2, 3, 0);
INSERT INTO tellimuse_read (tellimus_id, toode_id, kogus, uhikuhind) VALUES (613, 94, 2, 1067.21);
INSERT INTO tellimuse_read (tellimus_id, toode_id, kogus, uhikuhind) VALUES (613, 51, 4, 645.54);
INSERT INTO tellimuse_read (tellimus_id, toode_id, kogus, uhikuhind) VALUES (613, 56, 3, 1414.95);
UPDATE tellimused SET kogusumma = 8961.43 WHERE id = 613;
INSERT INTO arved (tellimus_id, number, kuupaev, maksetahtaeg, tasutud) VALUES (613, 'ARV-2026-00613', CURRENT_DATE(), CURRENT_DATE(), 0);
INSERT INTO tellimused (klient_id, staatus_id, tarneviis_id, kogusumma) VALUES (269, 4, 2, 0);
INSERT INTO tellimuse_read (tellimus_id, toode_id, kogus, uhikuhind) VALUES (614, 90, 4, 864.74);
INSERT INTO tellimuse_read (tellimus_id, toode_id, kogus, uhikuhind) VALUES (614, 93, 3, 854.37);
INSERT INTO tellimuse_read (tellimus_id, toode_id, kogus, uhikuhind) VALUES (614, 71, 4, 1393.75);
INSERT INTO tellimuse_read (tellimus_id, toode_id, kogus, uhikuhind) VALUES (614, 144, 3, 795.84);
INSERT INTO tellimuse_read (tellimus_id, toode_id, kogus, uhikuhind) VALUES (614, 72, 2, 52.19);
UPDATE tellimused SET kogusumma = 14091.87 WHERE id = 614;
INSERT INTO arved (tellimus_id, number, kuupaev, maksetahtaeg, tasutud) VALUES (614, 'ARV-2026-00614', CURRENT_DATE(), CURRENT_DATE(), 1);
INSERT INTO maksed (arve_id, makseviis_id, summa) VALUES (614, 1, 14091.87);
INSERT INTO tellimused (klient_id, staatus_id, tarneviis_id, kogusumma) VALUES (340, 4, 1, 0);
INSERT INTO tellimuse_read (tellimus_id, toode_id, kogus, uhikuhind) VALUES (615, 117, 1, 147.71);
INSERT INTO tellimuse_read (tellimus_id, toode_id, kogus, uhikuhind) VALUES (615, 31, 4, 1083.57);
UPDATE tellimused SET kogusumma = 4487.89 WHERE id = 615;
INSERT INTO arved (tellimus_id, number, kuupaev, maksetahtaeg, tasutud) VALUES (615, 'ARV-2026-00615', CURRENT_DATE(), CURRENT_DATE(), 1);
INSERT INTO maksed (arve_id, makseviis_id, summa) VALUES (615, 3, 4487.89);
INSERT INTO tellimused (klient_id, staatus_id, tarneviis_id, kogusumma) VALUES (162, 2, 3, 0);
INSERT INTO tellimuse_read (tellimus_id, toode_id, kogus, uhikuhind) VALUES (616, 126, 4, 1203.18);
INSERT INTO tellimuse_read (tellimus_id, toode_id, kogus, uhikuhind) VALUES (616, 122, 2, 809.39);
INSERT INTO tellimuse_read (tellimus_id, toode_id, kogus, uhikuhind) VALUES (616, 118, 2, 529.61);
INSERT INTO tellimuse_read (tellimus_id, toode_id, kogus, uhikuhind) VALUES (616, 145, 3, 467.91);
INSERT INTO tellimuse_read (tellimus_id, toode_id, kogus, uhikuhind) VALUES (616, 59, 2, 634.88);
UPDATE tellimused SET kogusumma = 10164.21 WHERE id = 616;
INSERT INTO arved (tellimus_id, number, kuupaev, maksetahtaeg, tasutud) VALUES (616, 'ARV-2026-00616', CURRENT_DATE(), CURRENT_DATE(), 0);
INSERT INTO tellimused (klient_id, staatus_id, tarneviis_id, kogusumma) VALUES (226, 3, 2, 0);
INSERT INTO tellimuse_read (tellimus_id, toode_id, kogus, uhikuhind) VALUES (617, 54, 2, 1409.57);
INSERT INTO tellimuse_read (tellimus_id, toode_id, kogus, uhikuhind) VALUES (617, 73, 2, 211.88);
UPDATE tellimused SET kogusumma = 3245.8 WHERE id = 617;
INSERT INTO arved (tellimus_id, number, kuupaev, maksetahtaeg, tasutud) VALUES (617, 'ARV-2026-00617', CURRENT_DATE(), CURRENT_DATE(), 1);
INSERT INTO maksed (arve_id, makseviis_id, summa) VALUES (617, 1, 3245.8);
INSERT INTO tellimused (klient_id, staatus_id, tarneviis_id, kogusumma) VALUES (105, 1, 2, 0);
INSERT INTO tellimuse_read (tellimus_id, toode_id, kogus, uhikuhind) VALUES (618, 66, 2, 712.62);
INSERT INTO tellimuse_read (tellimus_id, toode_id, kogus, uhikuhind) VALUES (618, 15, 3, 801.46);
INSERT INTO tellimuse_read (tellimus_id, toode_id, kogus, uhikuhind) VALUES (618, 150, 3, 580.23);
UPDATE tellimused SET kogusumma = 5573.21 WHERE id = 618;
INSERT INTO arved (tellimus_id, number, kuupaev, maksetahtaeg, tasutud) VALUES (618, 'ARV-2026-00618', CURRENT_DATE(), CURRENT_DATE(), 0);
INSERT INTO tellimused (klient_id, staatus_id, tarneviis_id, kogusumma) VALUES (100, 2, 2, 0);
INSERT INTO tellimuse_read (tellimus_id, toode_id, kogus, uhikuhind) VALUES (619, 39, 2, 207.71);
INSERT INTO tellimuse_read (tellimus_id, toode_id, kogus, uhikuhind) VALUES (619, 38, 1, 1049.43);
INSERT INTO tellimuse_read (tellimus_id, toode_id, kogus, uhikuhind) VALUES (619, 1, 4, 284.93);
INSERT INTO tellimuse_read (tellimus_id, toode_id, kogus, uhikuhind) VALUES (619, 112, 1, 210.21);
INSERT INTO tellimuse_read (tellimus_id, toode_id, kogus, uhikuhind) VALUES (619, 106, 1, 852.04);
UPDATE tellimused SET kogusumma = 3669.72 WHERE id = 619;
INSERT INTO arved (tellimus_id, number, kuupaev, maksetahtaeg, tasutud) VALUES (619, 'ARV-2026-00619', CURRENT_DATE(), CURRENT_DATE(), 0);
INSERT INTO tellimused (klient_id, staatus_id, tarneviis_id, kogusumma) VALUES (466, 1, 2, 0);
INSERT INTO tellimuse_read (tellimus_id, toode_id, kogus, uhikuhind) VALUES (620, 12, 3, 51.28);
INSERT INTO tellimuse_read (tellimus_id, toode_id, kogus, uhikuhind) VALUES (620, 95, 4, 1375.85);
UPDATE tellimused SET kogusumma = 5660.14 WHERE id = 620;
INSERT INTO arved (tellimus_id, number, kuupaev, maksetahtaeg, tasutud) VALUES (620, 'ARV-2026-00620', CURRENT_DATE(), CURRENT_DATE(), 0);
INSERT INTO tellimused (klient_id, staatus_id, tarneviis_id, kogusumma) VALUES (437, 1, 1, 0);
INSERT INTO tellimuse_read (tellimus_id, toode_id, kogus, uhikuhind) VALUES (621, 119, 1, 1267.05);
INSERT INTO tellimuse_read (tellimus_id, toode_id, kogus, uhikuhind) VALUES (621, 114, 2, 805.9);
INSERT INTO tellimuse_read (tellimus_id, toode_id, kogus, uhikuhind) VALUES (621, 119, 3, 1267.05);
UPDATE tellimused SET kogusumma = 6685.9 WHERE id = 621;
INSERT INTO arved (tellimus_id, number, kuupaev, maksetahtaeg, tasutud) VALUES (621, 'ARV-2026-00621', CURRENT_DATE(), CURRENT_DATE(), 0);
INSERT INTO tellimused (klient_id, staatus_id, tarneviis_id, kogusumma) VALUES (136, 1, 2, 0);
INSERT INTO tellimuse_read (tellimus_id, toode_id, kogus, uhikuhind) VALUES (622, 134, 3, 28.46);
INSERT INTO tellimuse_read (tellimus_id, toode_id, kogus, uhikuhind) VALUES (622, 63, 4, 739.53);
INSERT INTO tellimuse_read (tellimus_id, toode_id, kogus, uhikuhind) VALUES (622, 34, 3, 704.2);
INSERT INTO tellimuse_read (tellimus_id, toode_id, kogus, uhikuhind) VALUES (622, 58, 1, 1038.18);
INSERT INTO tellimuse_read (tellimus_id, toode_id, kogus, uhikuhind) VALUES (622, 52, 3, 583.63);
UPDATE tellimused SET kogusumma = 7948.07 WHERE id = 622;
INSERT INTO arved (tellimus_id, number, kuupaev, maksetahtaeg, tasutud) VALUES (622, 'ARV-2026-00622', CURRENT_DATE(), CURRENT_DATE(), 0);
INSERT INTO tellimused (klient_id, staatus_id, tarneviis_id, kogusumma) VALUES (375, 1, 1, 0);
INSERT INTO tellimuse_read (tellimus_id, toode_id, kogus, uhikuhind) VALUES (623, 5, 4, 1281.46);
INSERT INTO tellimuse_read (tellimus_id, toode_id, kogus, uhikuhind) VALUES (623, 120, 3, 1026.9);
INSERT INTO tellimuse_read (tellimus_id, toode_id, kogus, uhikuhind) VALUES (623, 16, 3, 131.01);
INSERT INTO tellimuse_read (tellimus_id, toode_id, kogus, uhikuhind) VALUES (623, 97, 4, 985.9);
INSERT INTO tellimuse_read (tellimus_id, toode_id, kogus, uhikuhind) VALUES (623, 140, 3, 1441.36);
UPDATE tellimused SET kogusumma = 16873.15 WHERE id = 623;
INSERT INTO arved (tellimus_id, number, kuupaev, maksetahtaeg, tasutud) VALUES (623, 'ARV-2026-00623', CURRENT_DATE(), CURRENT_DATE(), 0);
INSERT INTO tellimused (klient_id, staatus_id, tarneviis_id, kogusumma) VALUES (127, 2, 2, 0);
INSERT INTO tellimuse_read (tellimus_id, toode_id, kogus, uhikuhind) VALUES (624, 24, 2, 509.33);
INSERT INTO tellimuse_read (tellimus_id, toode_id, kogus, uhikuhind) VALUES (624, 18, 3, 1301.05);
UPDATE tellimused SET kogusumma = 4924.71 WHERE id = 624;
INSERT INTO arved (tellimus_id, number, kuupaev, maksetahtaeg, tasutud) VALUES (624, 'ARV-2026-00624', CURRENT_DATE(), CURRENT_DATE(), 0);
INSERT INTO tellimused (klient_id, staatus_id, tarneviis_id, kogusumma) VALUES (220, 4, 3, 0);
INSERT INTO tellimuse_read (tellimus_id, toode_id, kogus, uhikuhind) VALUES (625, 15, 1, 801.46);
INSERT INTO tellimuse_read (tellimus_id, toode_id, kogus, uhikuhind) VALUES (625, 71, 1, 1393.75);
INSERT INTO tellimuse_read (tellimus_id, toode_id, kogus, uhikuhind) VALUES (625, 25, 4, 1425.3);
INSERT INTO tellimuse_read (tellimus_id, toode_id, kogus, uhikuhind) VALUES (625, 54, 2, 1409.57);
INSERT INTO tellimuse_read (tellimus_id, toode_id, kogus, uhikuhind) VALUES (625, 127, 2, 133.59);
UPDATE tellimused SET kogusumma = 10982.73 WHERE id = 625;
INSERT INTO arved (tellimus_id, number, kuupaev, maksetahtaeg, tasutud) VALUES (625, 'ARV-2026-00625', CURRENT_DATE(), CURRENT_DATE(), 1);
INSERT INTO maksed (arve_id, makseviis_id, summa) VALUES (625, 1, 10982.73);
INSERT INTO tellimused (klient_id, staatus_id, tarneviis_id, kogusumma) VALUES (210, 1, 2, 0);
INSERT INTO tellimuse_read (tellimus_id, toode_id, kogus, uhikuhind) VALUES (626, 7, 1, 260.98);
INSERT INTO tellimuse_read (tellimus_id, toode_id, kogus, uhikuhind) VALUES (626, 82, 1, 771.06);
INSERT INTO tellimuse_read (tellimus_id, toode_id, kogus, uhikuhind) VALUES (626, 93, 2, 854.37);
UPDATE tellimused SET kogusumma = 2743.68 WHERE id = 626;
INSERT INTO arved (tellimus_id, number, kuupaev, maksetahtaeg, tasutud) VALUES (626, 'ARV-2026-00626', CURRENT_DATE(), CURRENT_DATE(), 0);
INSERT INTO tellimused (klient_id, staatus_id, tarneviis_id, kogusumma) VALUES (372, 2, 3, 0);
INSERT INTO tellimuse_read (tellimus_id, toode_id, kogus, uhikuhind) VALUES (627, 128, 4, 189.11);
INSERT INTO tellimuse_read (tellimus_id, toode_id, kogus, uhikuhind) VALUES (627, 40, 4, 1185.79);
UPDATE tellimused SET kogusumma = 5499.6 WHERE id = 627;
INSERT INTO arved (tellimus_id, number, kuupaev, maksetahtaeg, tasutud) VALUES (627, 'ARV-2026-00627', CURRENT_DATE(), CURRENT_DATE(), 0);
INSERT INTO tellimused (klient_id, staatus_id, tarneviis_id, kogusumma) VALUES (275, 1, 1, 0);
INSERT INTO tellimuse_read (tellimus_id, toode_id, kogus, uhikuhind) VALUES (628, 115, 1, 471.15);
UPDATE tellimused SET kogusumma = 477.05 WHERE id = 628;
INSERT INTO arved (tellimus_id, number, kuupaev, maksetahtaeg, tasutud) VALUES (628, 'ARV-2026-00628', CURRENT_DATE(), CURRENT_DATE(), 0);
INSERT INTO tellimused (klient_id, staatus_id, tarneviis_id, kogusumma) VALUES (361, 1, 1, 0);
INSERT INTO tellimuse_read (tellimus_id, toode_id, kogus, uhikuhind) VALUES (629, 22, 3, 1215.75);
INSERT INTO tellimuse_read (tellimus_id, toode_id, kogus, uhikuhind) VALUES (629, 105, 2, 1195.5);
INSERT INTO tellimuse_read (tellimus_id, toode_id, kogus, uhikuhind) VALUES (629, 21, 3, 1321.31);
INSERT INTO tellimuse_read (tellimus_id, toode_id, kogus, uhikuhind) VALUES (629, 66, 2, 712.62);
INSERT INTO tellimuse_read (tellimus_id, toode_id, kogus, uhikuhind) VALUES (629, 136, 4, 56.7);
UPDATE tellimused SET kogusumma = 11660.12 WHERE id = 629;
INSERT INTO arved (tellimus_id, number, kuupaev, maksetahtaeg, tasutud) VALUES (629, 'ARV-2026-00629', CURRENT_DATE(), CURRENT_DATE(), 0);
INSERT INTO tellimused (klient_id, staatus_id, tarneviis_id, kogusumma) VALUES (22, 2, 2, 0);
INSERT INTO tellimuse_read (tellimus_id, toode_id, kogus, uhikuhind) VALUES (630, 90, 3, 864.74);
UPDATE tellimused SET kogusumma = 2597.12 WHERE id = 630;
INSERT INTO arved (tellimus_id, number, kuupaev, maksetahtaeg, tasutud) VALUES (630, 'ARV-2026-00630', CURRENT_DATE(), CURRENT_DATE(), 0);
INSERT INTO tellimused (klient_id, staatus_id, tarneviis_id, kogusumma) VALUES (40, 2, 3, 0);
INSERT INTO tellimuse_read (tellimus_id, toode_id, kogus, uhikuhind) VALUES (631, 18, 1, 1301.05);
UPDATE tellimused SET kogusumma = 1301.05 WHERE id = 631;
INSERT INTO arved (tellimus_id, number, kuupaev, maksetahtaeg, tasutud) VALUES (631, 'ARV-2026-00631', CURRENT_DATE(), CURRENT_DATE(), 0);
INSERT INTO tellimused (klient_id, staatus_id, tarneviis_id, kogusumma) VALUES (205, 2, 1, 0);
INSERT INTO tellimuse_read (tellimus_id, toode_id, kogus, uhikuhind) VALUES (632, 17, 1, 399.17);
INSERT INTO tellimuse_read (tellimus_id, toode_id, kogus, uhikuhind) VALUES (632, 46, 3, 1318.99);
INSERT INTO tellimuse_read (tellimus_id, toode_id, kogus, uhikuhind) VALUES (632, 68, 2, 1408.93);
UPDATE tellimused SET kogusumma = 7179.9 WHERE id = 632;
INSERT INTO arved (tellimus_id, number, kuupaev, maksetahtaeg, tasutud) VALUES (632, 'ARV-2026-00632', CURRENT_DATE(), CURRENT_DATE(), 0);
INSERT INTO tellimused (klient_id, staatus_id, tarneviis_id, kogusumma) VALUES (220, 3, 3, 0);
INSERT INTO tellimuse_read (tellimus_id, toode_id, kogus, uhikuhind) VALUES (633, 18, 2, 1301.05);
INSERT INTO tellimuse_read (tellimus_id, toode_id, kogus, uhikuhind) VALUES (633, 11, 3, 980.79);
INSERT INTO tellimuse_read (tellimus_id, toode_id, kogus, uhikuhind) VALUES (633, 149, 4, 1250.69);
INSERT INTO tellimuse_read (tellimus_id, toode_id, kogus, uhikuhind) VALUES (633, 142, 4, 1000.4);
INSERT INTO tellimuse_read (tellimus_id, toode_id, kogus, uhikuhind) VALUES (633, 97, 2, 985.9);
UPDATE tellimused SET kogusumma = 16520.63 WHERE id = 633;
INSERT INTO arved (tellimus_id, number, kuupaev, maksetahtaeg, tasutud) VALUES (633, 'ARV-2026-00633', CURRENT_DATE(), CURRENT_DATE(), 1);
INSERT INTO maksed (arve_id, makseviis_id, summa) VALUES (633, 1, 16520.63);
INSERT INTO tellimused (klient_id, staatus_id, tarneviis_id, kogusumma) VALUES (343, 3, 1, 0);
INSERT INTO tellimuse_read (tellimus_id, toode_id, kogus, uhikuhind) VALUES (634, 138, 4, 1372.15);
UPDATE tellimused SET kogusumma = 5494.5 WHERE id = 634;
INSERT INTO arved (tellimus_id, number, kuupaev, maksetahtaeg, tasutud) VALUES (634, 'ARV-2026-00634', CURRENT_DATE(), CURRENT_DATE(), 1);
INSERT INTO maksed (arve_id, makseviis_id, summa) VALUES (634, 1, 5494.5);
INSERT INTO tellimused (klient_id, staatus_id, tarneviis_id, kogusumma) VALUES (333, 1, 1, 0);
INSERT INTO tellimuse_read (tellimus_id, toode_id, kogus, uhikuhind) VALUES (635, 64, 4, 1054.16);
INSERT INTO tellimuse_read (tellimus_id, toode_id, kogus, uhikuhind) VALUES (635, 7, 2, 260.98);
INSERT INTO tellimuse_read (tellimus_id, toode_id, kogus, uhikuhind) VALUES (635, 94, 4, 1067.21);
INSERT INTO tellimuse_read (tellimus_id, toode_id, kogus, uhikuhind) VALUES (635, 77, 2, 730.23);
UPDATE tellimused SET kogusumma = 10473.8 WHERE id = 635;
INSERT INTO arved (tellimus_id, number, kuupaev, maksetahtaeg, tasutud) VALUES (635, 'ARV-2026-00635', CURRENT_DATE(), CURRENT_DATE(), 0);
INSERT INTO tellimused (klient_id, staatus_id, tarneviis_id, kogusumma) VALUES (143, 4, 2, 0);
INSERT INTO tellimuse_read (tellimus_id, toode_id, kogus, uhikuhind) VALUES (636, 106, 1, 852.04);
INSERT INTO tellimuse_read (tellimus_id, toode_id, kogus, uhikuhind) VALUES (636, 74, 2, 392.93);
INSERT INTO tellimuse_read (tellimus_id, toode_id, kogus, uhikuhind) VALUES (636, 84, 3, 1389.02);
INSERT INTO tellimuse_read (tellimus_id, toode_id, kogus, uhikuhind) VALUES (636, 121, 4, 537.16);
UPDATE tellimused SET kogusumma = 7956.5 WHERE id = 636;
INSERT INTO arved (tellimus_id, number, kuupaev, maksetahtaeg, tasutud) VALUES (636, 'ARV-2026-00636', CURRENT_DATE(), CURRENT_DATE(), 1);
INSERT INTO maksed (arve_id, makseviis_id, summa) VALUES (636, 1, 7956.5);
INSERT INTO tellimused (klient_id, staatus_id, tarneviis_id, kogusumma) VALUES (338, 1, 2, 0);
INSERT INTO tellimuse_read (tellimus_id, toode_id, kogus, uhikuhind) VALUES (637, 75, 2, 23.4);
INSERT INTO tellimuse_read (tellimus_id, toode_id, kogus, uhikuhind) VALUES (637, 122, 4, 809.39);
UPDATE tellimused SET kogusumma = 3287.26 WHERE id = 637;
INSERT INTO arved (tellimus_id, number, kuupaev, maksetahtaeg, tasutud) VALUES (637, 'ARV-2026-00637', CURRENT_DATE(), CURRENT_DATE(), 0);
INSERT INTO tellimused (klient_id, staatus_id, tarneviis_id, kogusumma) VALUES (45, 2, 3, 0);
INSERT INTO tellimuse_read (tellimus_id, toode_id, kogus, uhikuhind) VALUES (638, 40, 4, 1185.79);
INSERT INTO tellimuse_read (tellimus_id, toode_id, kogus, uhikuhind) VALUES (638, 108, 2, 195.55);
INSERT INTO tellimuse_read (tellimus_id, toode_id, kogus, uhikuhind) VALUES (638, 125, 4, 987.42);
UPDATE tellimused SET kogusumma = 9083.94 WHERE id = 638;
INSERT INTO arved (tellimus_id, number, kuupaev, maksetahtaeg, tasutud) VALUES (638, 'ARV-2026-00638', CURRENT_DATE(), CURRENT_DATE(), 0);
INSERT INTO tellimused (klient_id, staatus_id, tarneviis_id, kogusumma) VALUES (14, 1, 2, 0);
INSERT INTO tellimuse_read (tellimus_id, toode_id, kogus, uhikuhind) VALUES (639, 147, 1, 576.36);
INSERT INTO tellimuse_read (tellimus_id, toode_id, kogus, uhikuhind) VALUES (639, 131, 4, 486.56);
UPDATE tellimused SET kogusumma = 2525.5 WHERE id = 639;
INSERT INTO arved (tellimus_id, number, kuupaev, maksetahtaeg, tasutud) VALUES (639, 'ARV-2026-00639', CURRENT_DATE(), CURRENT_DATE(), 0);
INSERT INTO tellimused (klient_id, staatus_id, tarneviis_id, kogusumma) VALUES (411, 4, 3, 0);
INSERT INTO tellimuse_read (tellimus_id, toode_id, kogus, uhikuhind) VALUES (640, 142, 4, 1000.4);
INSERT INTO tellimuse_read (tellimus_id, toode_id, kogus, uhikuhind) VALUES (640, 76, 1, 491.88);
INSERT INTO tellimuse_read (tellimus_id, toode_id, kogus, uhikuhind) VALUES (640, 7, 1, 260.98);
UPDATE tellimused SET kogusumma = 4754.46 WHERE id = 640;
INSERT INTO arved (tellimus_id, number, kuupaev, maksetahtaeg, tasutud) VALUES (640, 'ARV-2026-00640', CURRENT_DATE(), CURRENT_DATE(), 1);
INSERT INTO maksed (arve_id, makseviis_id, summa) VALUES (640, 2, 4754.46);
INSERT INTO tellimused (klient_id, staatus_id, tarneviis_id, kogusumma) VALUES (270, 1, 1, 0);
INSERT INTO tellimuse_read (tellimus_id, toode_id, kogus, uhikuhind) VALUES (641, 68, 1, 1408.93);
INSERT INTO tellimuse_read (tellimus_id, toode_id, kogus, uhikuhind) VALUES (641, 89, 1, 1357.74);
UPDATE tellimused SET kogusumma = 2772.57 WHERE id = 641;
INSERT INTO arved (tellimus_id, number, kuupaev, maksetahtaeg, tasutud) VALUES (641, 'ARV-2026-00641', CURRENT_DATE(), CURRENT_DATE(), 0);
INSERT INTO tellimused (klient_id, staatus_id, tarneviis_id, kogusumma) VALUES (499, 2, 1, 0);
INSERT INTO tellimuse_read (tellimus_id, toode_id, kogus, uhikuhind) VALUES (642, 115, 3, 471.15);
INSERT INTO tellimuse_read (tellimus_id, toode_id, kogus, uhikuhind) VALUES (642, 30, 4, 417.38);
UPDATE tellimused SET kogusumma = 3088.87 WHERE id = 642;
INSERT INTO arved (tellimus_id, number, kuupaev, maksetahtaeg, tasutud) VALUES (642, 'ARV-2026-00642', CURRENT_DATE(), CURRENT_DATE(), 0);
INSERT INTO tellimused (klient_id, staatus_id, tarneviis_id, kogusumma) VALUES (466, 1, 2, 0);
INSERT INTO tellimuse_read (tellimus_id, toode_id, kogus, uhikuhind) VALUES (643, 136, 2, 56.7);
INSERT INTO tellimuse_read (tellimus_id, toode_id, kogus, uhikuhind) VALUES (643, 94, 2, 1067.21);
UPDATE tellimused SET kogusumma = 2250.72 WHERE id = 643;
INSERT INTO arved (tellimus_id, number, kuupaev, maksetahtaeg, tasutud) VALUES (643, 'ARV-2026-00643', CURRENT_DATE(), CURRENT_DATE(), 0);
INSERT INTO tellimused (klient_id, staatus_id, tarneviis_id, kogusumma) VALUES (265, 2, 1, 0);
INSERT INTO tellimuse_read (tellimus_id, toode_id, kogus, uhikuhind) VALUES (644, 123, 1, 840.5);
INSERT INTO tellimuse_read (tellimus_id, toode_id, kogus, uhikuhind) VALUES (644, 135, 2, 101.4);
INSERT INTO tellimuse_read (tellimus_id, toode_id, kogus, uhikuhind) VALUES (644, 26, 2, 173.68);
INSERT INTO tellimuse_read (tellimus_id, toode_id, kogus, uhikuhind) VALUES (644, 40, 1, 1185.79);
UPDATE tellimused SET kogusumma = 2582.35 WHERE id = 644;
INSERT INTO arved (tellimus_id, number, kuupaev, maksetahtaeg, tasutud) VALUES (644, 'ARV-2026-00644', CURRENT_DATE(), CURRENT_DATE(), 0);
INSERT INTO tellimused (klient_id, staatus_id, tarneviis_id, kogusumma) VALUES (225, 4, 2, 0);
INSERT INTO tellimuse_read (tellimus_id, toode_id, kogus, uhikuhind) VALUES (645, 128, 3, 189.11);
INSERT INTO tellimuse_read (tellimus_id, toode_id, kogus, uhikuhind) VALUES (645, 66, 3, 712.62);
INSERT INTO tellimuse_read (tellimus_id, toode_id, kogus, uhikuhind) VALUES (645, 121, 1, 537.16);
UPDATE tellimused SET kogusumma = 3245.25 WHERE id = 645;
INSERT INTO arved (tellimus_id, number, kuupaev, maksetahtaeg, tasutud) VALUES (645, 'ARV-2026-00645', CURRENT_DATE(), CURRENT_DATE(), 1);
INSERT INTO maksed (arve_id, makseviis_id, summa) VALUES (645, 2, 3245.25);
INSERT INTO tellimused (klient_id, staatus_id, tarneviis_id, kogusumma) VALUES (326, 1, 2, 0);
INSERT INTO tellimuse_read (tellimus_id, toode_id, kogus, uhikuhind) VALUES (646, 17, 1, 399.17);
INSERT INTO tellimuse_read (tellimus_id, toode_id, kogus, uhikuhind) VALUES (646, 4, 1, 908.2);
UPDATE tellimused SET kogusumma = 1310.27 WHERE id = 646;
INSERT INTO arved (tellimus_id, number, kuupaev, maksetahtaeg, tasutud) VALUES (646, 'ARV-2026-00646', CURRENT_DATE(), CURRENT_DATE(), 0);
INSERT INTO tellimused (klient_id, staatus_id, tarneviis_id, kogusumma) VALUES (496, 3, 2, 0);
INSERT INTO tellimuse_read (tellimus_id, toode_id, kogus, uhikuhind) VALUES (647, 22, 3, 1215.75);
INSERT INTO tellimuse_read (tellimus_id, toode_id, kogus, uhikuhind) VALUES (647, 62, 1, 728.03);
INSERT INTO tellimuse_read (tellimus_id, toode_id, kogus, uhikuhind) VALUES (647, 1, 2, 284.93);
UPDATE tellimused SET kogusumma = 4948.04 WHERE id = 647;
INSERT INTO arved (tellimus_id, number, kuupaev, maksetahtaeg, tasutud) VALUES (647, 'ARV-2026-00647', CURRENT_DATE(), CURRENT_DATE(), 1);
INSERT INTO maksed (arve_id, makseviis_id, summa) VALUES (647, 2, 4948.04);
INSERT INTO tellimused (klient_id, staatus_id, tarneviis_id, kogusumma) VALUES (159, 4, 3, 0);
INSERT INTO tellimuse_read (tellimus_id, toode_id, kogus, uhikuhind) VALUES (648, 145, 1, 467.91);
INSERT INTO tellimuse_read (tellimus_id, toode_id, kogus, uhikuhind) VALUES (648, 61, 1, 1173.58);
INSERT INTO tellimuse_read (tellimus_id, toode_id, kogus, uhikuhind) VALUES (648, 123, 4, 840.5);
INSERT INTO tellimuse_read (tellimus_id, toode_id, kogus, uhikuhind) VALUES (648, 80, 2, 549.38);
INSERT INTO tellimuse_read (tellimus_id, toode_id, kogus, uhikuhind) VALUES (648, 40, 4, 1185.79);
UPDATE tellimused SET kogusumma = 10845.41 WHERE id = 648;
INSERT INTO arved (tellimus_id, number, kuupaev, maksetahtaeg, tasutud) VALUES (648, 'ARV-2026-00648', CURRENT_DATE(), CURRENT_DATE(), 1);
INSERT INTO maksed (arve_id, makseviis_id, summa) VALUES (648, 1, 10845.41);
INSERT INTO tellimused (klient_id, staatus_id, tarneviis_id, kogusumma) VALUES (341, 4, 2, 0);
INSERT INTO tellimuse_read (tellimus_id, toode_id, kogus, uhikuhind) VALUES (649, 105, 4, 1195.5);
INSERT INTO tellimuse_read (tellimus_id, toode_id, kogus, uhikuhind) VALUES (649, 109, 1, 151.7);
INSERT INTO tellimuse_read (tellimus_id, toode_id, kogus, uhikuhind) VALUES (649, 51, 4, 645.54);
INSERT INTO tellimuse_read (tellimus_id, toode_id, kogus, uhikuhind) VALUES (649, 99, 3, 617.97);
INSERT INTO tellimuse_read (tellimus_id, toode_id, kogus, uhikuhind) VALUES (649, 103, 1, 1221.75);
UPDATE tellimused SET kogusumma = 10594.42 WHERE id = 649;
INSERT INTO arved (tellimus_id, number, kuupaev, maksetahtaeg, tasutud) VALUES (649, 'ARV-2026-00649', CURRENT_DATE(), CURRENT_DATE(), 1);
INSERT INTO maksed (arve_id, makseviis_id, summa) VALUES (649, 3, 10594.42);
INSERT INTO tellimused (klient_id, staatus_id, tarneviis_id, kogusumma) VALUES (463, 1, 2, 0);
INSERT INTO tellimuse_read (tellimus_id, toode_id, kogus, uhikuhind) VALUES (650, 116, 3, 479.92);
INSERT INTO tellimuse_read (tellimus_id, toode_id, kogus, uhikuhind) VALUES (650, 59, 1, 634.88);
INSERT INTO tellimuse_read (tellimus_id, toode_id, kogus, uhikuhind) VALUES (650, 139, 4, 9.21);
UPDATE tellimused SET kogusumma = 2114.38 WHERE id = 650;
INSERT INTO arved (tellimus_id, number, kuupaev, maksetahtaeg, tasutud) VALUES (650, 'ARV-2026-00650', CURRENT_DATE(), CURRENT_DATE(), 0);
INSERT INTO tellimused (klient_id, staatus_id, tarneviis_id, kogusumma) VALUES (242, 3, 3, 0);
INSERT INTO tellimuse_read (tellimus_id, toode_id, kogus, uhikuhind) VALUES (651, 45, 3, 1046.82);
INSERT INTO tellimuse_read (tellimus_id, toode_id, kogus, uhikuhind) VALUES (651, 83, 3, 495.68);
INSERT INTO tellimuse_read (tellimus_id, toode_id, kogus, uhikuhind) VALUES (651, 81, 3, 764.27);
UPDATE tellimused SET kogusumma = 6920.31 WHERE id = 651;
INSERT INTO arved (tellimus_id, number, kuupaev, maksetahtaeg, tasutud) VALUES (651, 'ARV-2026-00651', CURRENT_DATE(), CURRENT_DATE(), 1);
INSERT INTO maksed (arve_id, makseviis_id, summa) VALUES (651, 3, 6920.31);
INSERT INTO tellimused (klient_id, staatus_id, tarneviis_id, kogusumma) VALUES (117, 3, 1, 0);
INSERT INTO tellimuse_read (tellimus_id, toode_id, kogus, uhikuhind) VALUES (652, 81, 1, 764.27);
INSERT INTO tellimuse_read (tellimus_id, toode_id, kogus, uhikuhind) VALUES (652, 6, 4, 1448.04);
INSERT INTO tellimuse_read (tellimus_id, toode_id, kogus, uhikuhind) VALUES (652, 69, 2, 785.52);
INSERT INTO tellimuse_read (tellimus_id, toode_id, kogus, uhikuhind) VALUES (652, 64, 2, 1054.16);
INSERT INTO tellimuse_read (tellimus_id, toode_id, kogus, uhikuhind) VALUES (652, 27, 4, 1463.52);
UPDATE tellimused SET kogusumma = 16095.77 WHERE id = 652;
INSERT INTO arved (tellimus_id, number, kuupaev, maksetahtaeg, tasutud) VALUES (652, 'ARV-2026-00652', CURRENT_DATE(), CURRENT_DATE(), 1);
INSERT INTO maksed (arve_id, makseviis_id, summa) VALUES (652, 2, 16095.77);
INSERT INTO tellimused (klient_id, staatus_id, tarneviis_id, kogusumma) VALUES (460, 2, 1, 0);
INSERT INTO tellimuse_read (tellimus_id, toode_id, kogus, uhikuhind) VALUES (653, 79, 1, 736.42);
INSERT INTO tellimuse_read (tellimus_id, toode_id, kogus, uhikuhind) VALUES (653, 137, 1, 934.56);
INSERT INTO tellimuse_read (tellimus_id, toode_id, kogus, uhikuhind) VALUES (653, 38, 4, 1049.43);
INSERT INTO tellimuse_read (tellimus_id, toode_id, kogus, uhikuhind) VALUES (653, 11, 4, 980.79);
INSERT INTO tellimuse_read (tellimus_id, toode_id, kogus, uhikuhind) VALUES (653, 20, 3, 465.78);
UPDATE tellimused SET kogusumma = 11195.1 WHERE id = 653;
INSERT INTO arved (tellimus_id, number, kuupaev, maksetahtaeg, tasutud) VALUES (653, 'ARV-2026-00653', CURRENT_DATE(), CURRENT_DATE(), 0);
INSERT INTO tellimused (klient_id, staatus_id, tarneviis_id, kogusumma) VALUES (231, 2, 1, 0);
INSERT INTO tellimuse_read (tellimus_id, toode_id, kogus, uhikuhind) VALUES (654, 55, 2, 21.4);
INSERT INTO tellimuse_read (tellimus_id, toode_id, kogus, uhikuhind) VALUES (654, 96, 2, 431.48);
INSERT INTO tellimuse_read (tellimus_id, toode_id, kogus, uhikuhind) VALUES (654, 21, 1, 1321.31);
UPDATE tellimused SET kogusumma = 2232.97 WHERE id = 654;
INSERT INTO arved (tellimus_id, number, kuupaev, maksetahtaeg, tasutud) VALUES (654, 'ARV-2026-00654', CURRENT_DATE(), CURRENT_DATE(), 0);
INSERT INTO tellimused (klient_id, staatus_id, tarneviis_id, kogusumma) VALUES (379, 2, 1, 0);
INSERT INTO tellimuse_read (tellimus_id, toode_id, kogus, uhikuhind) VALUES (655, 118, 4, 529.61);
INSERT INTO tellimuse_read (tellimus_id, toode_id, kogus, uhikuhind) VALUES (655, 34, 2, 704.2);
INSERT INTO tellimuse_read (tellimus_id, toode_id, kogus, uhikuhind) VALUES (655, 62, 4, 728.03);
UPDATE tellimused SET kogusumma = 6444.86 WHERE id = 655;
INSERT INTO arved (tellimus_id, number, kuupaev, maksetahtaeg, tasutud) VALUES (655, 'ARV-2026-00655', CURRENT_DATE(), CURRENT_DATE(), 0);
INSERT INTO tellimused (klient_id, staatus_id, tarneviis_id, kogusumma) VALUES (167, 1, 3, 0);
INSERT INTO tellimuse_read (tellimus_id, toode_id, kogus, uhikuhind) VALUES (656, 11, 4, 980.79);
INSERT INTO tellimuse_read (tellimus_id, toode_id, kogus, uhikuhind) VALUES (656, 37, 3, 1435.53);
UPDATE tellimused SET kogusumma = 8229.75 WHERE id = 656;
INSERT INTO arved (tellimus_id, number, kuupaev, maksetahtaeg, tasutud) VALUES (656, 'ARV-2026-00656', CURRENT_DATE(), CURRENT_DATE(), 0);
INSERT INTO tellimused (klient_id, staatus_id, tarneviis_id, kogusumma) VALUES (166, 2, 2, 0);
INSERT INTO tellimuse_read (tellimus_id, toode_id, kogus, uhikuhind) VALUES (657, 75, 3, 23.4);
UPDATE tellimused SET kogusumma = 73.1 WHERE id = 657;
INSERT INTO arved (tellimus_id, number, kuupaev, maksetahtaeg, tasutud) VALUES (657, 'ARV-2026-00657', CURRENT_DATE(), CURRENT_DATE(), 0);
INSERT INTO tellimused (klient_id, staatus_id, tarneviis_id, kogusumma) VALUES (460, 3, 1, 0);
INSERT INTO tellimuse_read (tellimus_id, toode_id, kogus, uhikuhind) VALUES (658, 108, 2, 195.55);
INSERT INTO tellimuse_read (tellimus_id, toode_id, kogus, uhikuhind) VALUES (658, 12, 1, 51.28);
UPDATE tellimused SET kogusumma = 448.28 WHERE id = 658;
INSERT INTO arved (tellimus_id, number, kuupaev, maksetahtaeg, tasutud) VALUES (658, 'ARV-2026-00658', CURRENT_DATE(), CURRENT_DATE(), 1);
INSERT INTO maksed (arve_id, makseviis_id, summa) VALUES (658, 1, 448.28);
INSERT INTO tellimused (klient_id, staatus_id, tarneviis_id, kogusumma) VALUES (484, 1, 1, 0);
INSERT INTO tellimuse_read (tellimus_id, toode_id, kogus, uhikuhind) VALUES (659, 130, 4, 1034.54);
INSERT INTO tellimuse_read (tellimus_id, toode_id, kogus, uhikuhind) VALUES (659, 50, 3, 1049.16);
UPDATE tellimused SET kogusumma = 7291.54 WHERE id = 659;
INSERT INTO arved (tellimus_id, number, kuupaev, maksetahtaeg, tasutud) VALUES (659, 'ARV-2026-00659', CURRENT_DATE(), CURRENT_DATE(), 0);
INSERT INTO tellimused (klient_id, staatus_id, tarneviis_id, kogusumma) VALUES (330, 4, 2, 0);
INSERT INTO tellimuse_read (tellimus_id, toode_id, kogus, uhikuhind) VALUES (660, 45, 1, 1046.82);
INSERT INTO tellimuse_read (tellimus_id, toode_id, kogus, uhikuhind) VALUES (660, 2, 2, 591.98);
INSERT INTO tellimuse_read (tellimus_id, toode_id, kogus, uhikuhind) VALUES (660, 59, 1, 634.88);
INSERT INTO tellimuse_read (tellimus_id, toode_id, kogus, uhikuhind) VALUES (660, 55, 1, 21.4);
UPDATE tellimused SET kogusumma = 2889.96 WHERE id = 660;
INSERT INTO arved (tellimus_id, number, kuupaev, maksetahtaeg, tasutud) VALUES (660, 'ARV-2026-00660', CURRENT_DATE(), CURRENT_DATE(), 1);
INSERT INTO maksed (arve_id, makseviis_id, summa) VALUES (660, 1, 2889.96);
INSERT INTO tellimused (klient_id, staatus_id, tarneviis_id, kogusumma) VALUES (331, 3, 2, 0);
INSERT INTO tellimuse_read (tellimus_id, toode_id, kogus, uhikuhind) VALUES (661, 41, 3, 757.66);
INSERT INTO tellimuse_read (tellimus_id, toode_id, kogus, uhikuhind) VALUES (661, 130, 2, 1034.54);
UPDATE tellimused SET kogusumma = 4344.96 WHERE id = 661;
INSERT INTO arved (tellimus_id, number, kuupaev, maksetahtaeg, tasutud) VALUES (661, 'ARV-2026-00661', CURRENT_DATE(), CURRENT_DATE(), 1);
INSERT INTO maksed (arve_id, makseviis_id, summa) VALUES (661, 2, 4344.96);
INSERT INTO tellimused (klient_id, staatus_id, tarneviis_id, kogusumma) VALUES (202, 1, 1, 0);
INSERT INTO tellimuse_read (tellimus_id, toode_id, kogus, uhikuhind) VALUES (662, 78, 1, 257.32);
INSERT INTO tellimuse_read (tellimus_id, toode_id, kogus, uhikuhind) VALUES (662, 124, 4, 55.84);
INSERT INTO tellimuse_read (tellimus_id, toode_id, kogus, uhikuhind) VALUES (662, 93, 1, 854.37);
UPDATE tellimused SET kogusumma = 1340.95 WHERE id = 662;
INSERT INTO arved (tellimus_id, number, kuupaev, maksetahtaeg, tasutud) VALUES (662, 'ARV-2026-00662', CURRENT_DATE(), CURRENT_DATE(), 0);
INSERT INTO tellimused (klient_id, staatus_id, tarneviis_id, kogusumma) VALUES (237, 1, 2, 0);
INSERT INTO tellimuse_read (tellimus_id, toode_id, kogus, uhikuhind) VALUES (663, 35, 1, 1210.41);
INSERT INTO tellimuse_read (tellimus_id, toode_id, kogus, uhikuhind) VALUES (663, 106, 4, 852.04);
INSERT INTO tellimuse_read (tellimus_id, toode_id, kogus, uhikuhind) VALUES (663, 38, 2, 1049.43);
INSERT INTO tellimuse_read (tellimus_id, toode_id, kogus, uhikuhind) VALUES (663, 36, 4, 1394.94);
UPDATE tellimused SET kogusumma = 12300.09 WHERE id = 663;
INSERT INTO arved (tellimus_id, number, kuupaev, maksetahtaeg, tasutud) VALUES (663, 'ARV-2026-00663', CURRENT_DATE(), CURRENT_DATE(), 0);
INSERT INTO tellimused (klient_id, staatus_id, tarneviis_id, kogusumma) VALUES (341, 4, 2, 0);
INSERT INTO tellimuse_read (tellimus_id, toode_id, kogus, uhikuhind) VALUES (664, 14, 1, 950.37);
INSERT INTO tellimuse_read (tellimus_id, toode_id, kogus, uhikuhind) VALUES (664, 85, 1, 920.53);
UPDATE tellimused SET kogusumma = 1873.8 WHERE id = 664;
INSERT INTO arved (tellimus_id, number, kuupaev, maksetahtaeg, tasutud) VALUES (664, 'ARV-2026-00664', CURRENT_DATE(), CURRENT_DATE(), 1);
INSERT INTO maksed (arve_id, makseviis_id, summa) VALUES (664, 2, 1873.8);
INSERT INTO tellimused (klient_id, staatus_id, tarneviis_id, kogusumma) VALUES (469, 2, 3, 0);
INSERT INTO tellimuse_read (tellimus_id, toode_id, kogus, uhikuhind) VALUES (665, 23, 4, 1051.56);
INSERT INTO tellimuse_read (tellimus_id, toode_id, kogus, uhikuhind) VALUES (665, 83, 2, 495.68);
INSERT INTO tellimuse_read (tellimus_id, toode_id, kogus, uhikuhind) VALUES (665, 119, 4, 1267.05);
INSERT INTO tellimuse_read (tellimus_id, toode_id, kogus, uhikuhind) VALUES (665, 105, 4, 1195.5);
UPDATE tellimused SET kogusumma = 15047.8 WHERE id = 665;
INSERT INTO arved (tellimus_id, number, kuupaev, maksetahtaeg, tasutud) VALUES (665, 'ARV-2026-00665', CURRENT_DATE(), CURRENT_DATE(), 0);
INSERT INTO tellimused (klient_id, staatus_id, tarneviis_id, kogusumma) VALUES (412, 4, 2, 0);
INSERT INTO tellimuse_read (tellimus_id, toode_id, kogus, uhikuhind) VALUES (666, 28, 2, 989.04);
INSERT INTO tellimuse_read (tellimus_id, toode_id, kogus, uhikuhind) VALUES (666, 114, 3, 805.9);
UPDATE tellimused SET kogusumma = 4398.68 WHERE id = 666;
INSERT INTO arved (tellimus_id, number, kuupaev, maksetahtaeg, tasutud) VALUES (666, 'ARV-2026-00666', CURRENT_DATE(), CURRENT_DATE(), 1);
INSERT INTO maksed (arve_id, makseviis_id, summa) VALUES (666, 3, 4398.68);
INSERT INTO tellimused (klient_id, staatus_id, tarneviis_id, kogusumma) VALUES (151, 1, 2, 0);
INSERT INTO tellimuse_read (tellimus_id, toode_id, kogus, uhikuhind) VALUES (667, 114, 2, 805.9);
INSERT INTO tellimuse_read (tellimus_id, toode_id, kogus, uhikuhind) VALUES (667, 27, 2, 1463.52);
INSERT INTO tellimuse_read (tellimus_id, toode_id, kogus, uhikuhind) VALUES (667, 137, 4, 934.56);
INSERT INTO tellimuse_read (tellimus_id, toode_id, kogus, uhikuhind) VALUES (667, 143, 3, 291.2);
INSERT INTO tellimuse_read (tellimus_id, toode_id, kogus, uhikuhind) VALUES (667, 10, 2, 197.52);
UPDATE tellimused SET kogusumma = 9548.62 WHERE id = 667;
INSERT INTO arved (tellimus_id, number, kuupaev, maksetahtaeg, tasutud) VALUES (667, 'ARV-2026-00667', CURRENT_DATE(), CURRENT_DATE(), 0);
INSERT INTO tellimused (klient_id, staatus_id, tarneviis_id, kogusumma) VALUES (182, 3, 3, 0);
INSERT INTO tellimuse_read (tellimus_id, toode_id, kogus, uhikuhind) VALUES (668, 63, 3, 739.53);
INSERT INTO tellimuse_read (tellimus_id, toode_id, kogus, uhikuhind) VALUES (668, 123, 4, 840.5);
INSERT INTO tellimuse_read (tellimus_id, toode_id, kogus, uhikuhind) VALUES (668, 129, 2, 869.54);
UPDATE tellimused SET kogusumma = 7319.67 WHERE id = 668;
INSERT INTO arved (tellimus_id, number, kuupaev, maksetahtaeg, tasutud) VALUES (668, 'ARV-2026-00668', CURRENT_DATE(), CURRENT_DATE(), 1);
INSERT INTO maksed (arve_id, makseviis_id, summa) VALUES (668, 3, 7319.67);
INSERT INTO tellimused (klient_id, staatus_id, tarneviis_id, kogusumma) VALUES (146, 3, 1, 0);
INSERT INTO tellimuse_read (tellimus_id, toode_id, kogus, uhikuhind) VALUES (669, 9, 2, 470.38);
INSERT INTO tellimuse_read (tellimus_id, toode_id, kogus, uhikuhind) VALUES (669, 67, 1, 997.44);
INSERT INTO tellimuse_read (tellimus_id, toode_id, kogus, uhikuhind) VALUES (669, 6, 4, 1448.04);
INSERT INTO tellimuse_read (tellimus_id, toode_id, kogus, uhikuhind) VALUES (669, 17, 4, 399.17);
INSERT INTO tellimuse_read (tellimus_id, toode_id, kogus, uhikuhind) VALUES (669, 63, 1, 739.53);
UPDATE tellimused SET kogusumma = 10072.47 WHERE id = 669;
INSERT INTO arved (tellimus_id, number, kuupaev, maksetahtaeg, tasutud) VALUES (669, 'ARV-2026-00669', CURRENT_DATE(), CURRENT_DATE(), 1);
INSERT INTO maksed (arve_id, makseviis_id, summa) VALUES (669, 1, 10072.47);
INSERT INTO tellimused (klient_id, staatus_id, tarneviis_id, kogusumma) VALUES (351, 3, 1, 0);
INSERT INTO tellimuse_read (tellimus_id, toode_id, kogus, uhikuhind) VALUES (670, 55, 2, 21.4);
INSERT INTO tellimuse_read (tellimus_id, toode_id, kogus, uhikuhind) VALUES (670, 41, 1, 757.66);
INSERT INTO tellimuse_read (tellimus_id, toode_id, kogus, uhikuhind) VALUES (670, 77, 4, 730.23);
INSERT INTO tellimuse_read (tellimus_id, toode_id, kogus, uhikuhind) VALUES (670, 123, 4, 840.5);
INSERT INTO tellimuse_read (tellimus_id, toode_id, kogus, uhikuhind) VALUES (670, 6, 1, 1448.04);
UPDATE tellimused SET kogusumma = 8537.32 WHERE id = 670;
INSERT INTO arved (tellimus_id, number, kuupaev, maksetahtaeg, tasutud) VALUES (670, 'ARV-2026-00670', CURRENT_DATE(), CURRENT_DATE(), 1);
INSERT INTO maksed (arve_id, makseviis_id, summa) VALUES (670, 3, 8537.32);
INSERT INTO tellimused (klient_id, staatus_id, tarneviis_id, kogusumma) VALUES (77, 2, 1, 0);
INSERT INTO tellimuse_read (tellimus_id, toode_id, kogus, uhikuhind) VALUES (671, 119, 2, 1267.05);
UPDATE tellimused SET kogusumma = 2540.0 WHERE id = 671;
INSERT INTO arved (tellimus_id, number, kuupaev, maksetahtaeg, tasutud) VALUES (671, 'ARV-2026-00671', CURRENT_DATE(), CURRENT_DATE(), 0);
INSERT INTO tellimused (klient_id, staatus_id, tarneviis_id, kogusumma) VALUES (347, 1, 3, 0);
INSERT INTO tellimuse_read (tellimus_id, toode_id, kogus, uhikuhind) VALUES (672, 127, 4, 133.59);
INSERT INTO tellimuse_read (tellimus_id, toode_id, kogus, uhikuhind) VALUES (672, 149, 1, 1250.69);
INSERT INTO tellimuse_read (tellimus_id, toode_id, kogus, uhikuhind) VALUES (672, 71, 3, 1393.75);
INSERT INTO tellimuse_read (tellimus_id, toode_id, kogus, uhikuhind) VALUES (672, 9, 1, 470.38);
INSERT INTO tellimuse_read (tellimus_id, toode_id, kogus, uhikuhind) VALUES (672, 36, 2, 1394.94);
UPDATE tellimused SET kogusumma = 9226.56 WHERE id = 672;
INSERT INTO arved (tellimus_id, number, kuupaev, maksetahtaeg, tasutud) VALUES (672, 'ARV-2026-00672', CURRENT_DATE(), CURRENT_DATE(), 0);
INSERT INTO tellimused (klient_id, staatus_id, tarneviis_id, kogusumma) VALUES (274, 1, 3, 0);
INSERT INTO tellimuse_read (tellimus_id, toode_id, kogus, uhikuhind) VALUES (673, 101, 2, 547.73);
INSERT INTO tellimuse_read (tellimus_id, toode_id, kogus, uhikuhind) VALUES (673, 75, 4, 23.4);
UPDATE tellimused SET kogusumma = 1189.06 WHERE id = 673;
INSERT INTO arved (tellimus_id, number, kuupaev, maksetahtaeg, tasutud) VALUES (673, 'ARV-2026-00673', CURRENT_DATE(), CURRENT_DATE(), 0);
INSERT INTO tellimused (klient_id, staatus_id, tarneviis_id, kogusumma) VALUES (387, 3, 2, 0);
INSERT INTO tellimuse_read (tellimus_id, toode_id, kogus, uhikuhind) VALUES (674, 90, 1, 864.74);
INSERT INTO tellimuse_read (tellimus_id, toode_id, kogus, uhikuhind) VALUES (674, 43, 1, 549.01);
UPDATE tellimused SET kogusumma = 1416.65 WHERE id = 674;
INSERT INTO arved (tellimus_id, number, kuupaev, maksetahtaeg, tasutud) VALUES (674, 'ARV-2026-00674', CURRENT_DATE(), CURRENT_DATE(), 1);
INSERT INTO maksed (arve_id, makseviis_id, summa) VALUES (674, 3, 1416.65);
INSERT INTO tellimused (klient_id, staatus_id, tarneviis_id, kogusumma) VALUES (11, 3, 2, 0);
INSERT INTO tellimuse_read (tellimus_id, toode_id, kogus, uhikuhind) VALUES (675, 68, 3, 1408.93);
INSERT INTO tellimuse_read (tellimus_id, toode_id, kogus, uhikuhind) VALUES (675, 79, 2, 736.42);
INSERT INTO tellimuse_read (tellimus_id, toode_id, kogus, uhikuhind) VALUES (675, 1, 1, 284.93);
INSERT INTO tellimuse_read (tellimus_id, toode_id, kogus, uhikuhind) VALUES (675, 55, 2, 21.4);
INSERT INTO tellimuse_read (tellimus_id, toode_id, kogus, uhikuhind) VALUES (675, 29, 3, 1404.27);
UPDATE tellimused SET kogusumma = 10243.07 WHERE id = 675;
INSERT INTO arved (tellimus_id, number, kuupaev, maksetahtaeg, tasutud) VALUES (675, 'ARV-2026-00675', CURRENT_DATE(), CURRENT_DATE(), 1);
INSERT INTO maksed (arve_id, makseviis_id, summa) VALUES (675, 2, 10243.07);
INSERT INTO tellimused (klient_id, staatus_id, tarneviis_id, kogusumma) VALUES (197, 4, 3, 0);
INSERT INTO tellimuse_read (tellimus_id, toode_id, kogus, uhikuhind) VALUES (676, 58, 2, 1038.18);
INSERT INTO tellimuse_read (tellimus_id, toode_id, kogus, uhikuhind) VALUES (676, 21, 2, 1321.31);
UPDATE tellimused SET kogusumma = 4718.98 WHERE id = 676;
INSERT INTO arved (tellimus_id, number, kuupaev, maksetahtaeg, tasutud) VALUES (676, 'ARV-2026-00676', CURRENT_DATE(), CURRENT_DATE(), 1);
INSERT INTO maksed (arve_id, makseviis_id, summa) VALUES (676, 3, 4718.98);
INSERT INTO tellimused (klient_id, staatus_id, tarneviis_id, kogusumma) VALUES (283, 1, 2, 0);
INSERT INTO tellimuse_read (tellimus_id, toode_id, kogus, uhikuhind) VALUES (677, 122, 4, 809.39);
INSERT INTO tellimuse_read (tellimus_id, toode_id, kogus, uhikuhind) VALUES (677, 132, 2, 769.72);
UPDATE tellimused SET kogusumma = 4779.9 WHERE id = 677;
INSERT INTO arved (tellimus_id, number, kuupaev, maksetahtaeg, tasutud) VALUES (677, 'ARV-2026-00677', CURRENT_DATE(), CURRENT_DATE(), 0);
INSERT INTO tellimused (klient_id, staatus_id, tarneviis_id, kogusumma) VALUES (336, 2, 3, 0);
INSERT INTO tellimuse_read (tellimus_id, toode_id, kogus, uhikuhind) VALUES (678, 2, 3, 591.98);
INSERT INTO tellimuse_read (tellimus_id, toode_id, kogus, uhikuhind) VALUES (678, 120, 4, 1026.9);
INSERT INTO tellimuse_read (tellimus_id, toode_id, kogus, uhikuhind) VALUES (678, 36, 2, 1394.94);
UPDATE tellimused SET kogusumma = 8673.42 WHERE id = 678;
INSERT INTO arved (tellimus_id, number, kuupaev, maksetahtaeg, tasutud) VALUES (678, 'ARV-2026-00678', CURRENT_DATE(), CURRENT_DATE(), 0);
INSERT INTO tellimused (klient_id, staatus_id, tarneviis_id, kogusumma) VALUES (303, 1, 2, 0);
INSERT INTO tellimuse_read (tellimus_id, toode_id, kogus, uhikuhind) VALUES (679, 48, 1, 650.28);
INSERT INTO tellimuse_read (tellimus_id, toode_id, kogus, uhikuhind) VALUES (679, 85, 2, 920.53);
INSERT INTO tellimuse_read (tellimus_id, toode_id, kogus, uhikuhind) VALUES (679, 143, 4, 291.2);
UPDATE tellimused SET kogusumma = 3659.04 WHERE id = 679;
INSERT INTO arved (tellimus_id, number, kuupaev, maksetahtaeg, tasutud) VALUES (679, 'ARV-2026-00679', CURRENT_DATE(), CURRENT_DATE(), 0);
INSERT INTO tellimused (klient_id, staatus_id, tarneviis_id, kogusumma) VALUES (454, 3, 2, 0);
INSERT INTO tellimuse_read (tellimus_id, toode_id, kogus, uhikuhind) VALUES (680, 57, 2, 659.85);
INSERT INTO tellimuse_read (tellimus_id, toode_id, kogus, uhikuhind) VALUES (680, 1, 3, 284.93);
INSERT INTO tellimuse_read (tellimus_id, toode_id, kogus, uhikuhind) VALUES (680, 143, 3, 291.2);
INSERT INTO tellimuse_read (tellimus_id, toode_id, kogus, uhikuhind) VALUES (680, 11, 1, 980.79);
UPDATE tellimused SET kogusumma = 4031.78 WHERE id = 680;
INSERT INTO arved (tellimus_id, number, kuupaev, maksetahtaeg, tasutud) VALUES (680, 'ARV-2026-00680', CURRENT_DATE(), CURRENT_DATE(), 1);
INSERT INTO maksed (arve_id, makseviis_id, summa) VALUES (680, 1, 4031.78);
INSERT INTO tellimused (klient_id, staatus_id, tarneviis_id, kogusumma) VALUES (367, 3, 3, 0);
INSERT INTO tellimuse_read (tellimus_id, toode_id, kogus, uhikuhind) VALUES (681, 119, 2, 1267.05);
INSERT INTO tellimuse_read (tellimus_id, toode_id, kogus, uhikuhind) VALUES (681, 23, 1, 1051.56);
INSERT INTO tellimuse_read (tellimus_id, toode_id, kogus, uhikuhind) VALUES (681, 130, 3, 1034.54);
INSERT INTO tellimuse_read (tellimus_id, toode_id, kogus, uhikuhind) VALUES (681, 69, 1, 785.52);
INSERT INTO tellimuse_read (tellimus_id, toode_id, kogus, uhikuhind) VALUES (681, 108, 1, 195.55);
UPDATE tellimused SET kogusumma = 7670.35 WHERE id = 681;
INSERT INTO arved (tellimus_id, number, kuupaev, maksetahtaeg, tasutud) VALUES (681, 'ARV-2026-00681', CURRENT_DATE(), CURRENT_DATE(), 1);
INSERT INTO maksed (arve_id, makseviis_id, summa) VALUES (681, 2, 7670.35);
INSERT INTO tellimused (klient_id, staatus_id, tarneviis_id, kogusumma) VALUES (265, 1, 1, 0);
INSERT INTO tellimuse_read (tellimus_id, toode_id, kogus, uhikuhind) VALUES (682, 141, 3, 190.7);
UPDATE tellimused SET kogusumma = 578.0 WHERE id = 682;
INSERT INTO arved (tellimus_id, number, kuupaev, maksetahtaeg, tasutud) VALUES (682, 'ARV-2026-00682', CURRENT_DATE(), CURRENT_DATE(), 0);
INSERT INTO tellimused (klient_id, staatus_id, tarneviis_id, kogusumma) VALUES (129, 3, 2, 0);
INSERT INTO tellimuse_read (tellimus_id, toode_id, kogus, uhikuhind) VALUES (683, 80, 1, 549.38);
INSERT INTO tellimuse_read (tellimus_id, toode_id, kogus, uhikuhind) VALUES (683, 12, 2, 51.28);
INSERT INTO tellimuse_read (tellimus_id, toode_id, kogus, uhikuhind) VALUES (683, 50, 2, 1049.16);
INSERT INTO tellimuse_read (tellimus_id, toode_id, kogus, uhikuhind) VALUES (683, 121, 4, 537.16);
UPDATE tellimused SET kogusumma = 4901.8 WHERE id = 683;
INSERT INTO arved (tellimus_id, number, kuupaev, maksetahtaeg, tasutud) VALUES (683, 'ARV-2026-00683', CURRENT_DATE(), CURRENT_DATE(), 1);
INSERT INTO maksed (arve_id, makseviis_id, summa) VALUES (683, 3, 4901.8);
INSERT INTO tellimused (klient_id, staatus_id, tarneviis_id, kogusumma) VALUES (499, 4, 3, 0);
INSERT INTO tellimuse_read (tellimus_id, toode_id, kogus, uhikuhind) VALUES (684, 76, 3, 491.88);
INSERT INTO tellimuse_read (tellimus_id, toode_id, kogus, uhikuhind) VALUES (684, 108, 2, 195.55);
UPDATE tellimused SET kogusumma = 1866.74 WHERE id = 684;
INSERT INTO arved (tellimus_id, number, kuupaev, maksetahtaeg, tasutud) VALUES (684, 'ARV-2026-00684', CURRENT_DATE(), CURRENT_DATE(), 1);
INSERT INTO maksed (arve_id, makseviis_id, summa) VALUES (684, 3, 1866.74);
INSERT INTO tellimused (klient_id, staatus_id, tarneviis_id, kogusumma) VALUES (492, 1, 3, 0);
INSERT INTO tellimuse_read (tellimus_id, toode_id, kogus, uhikuhind) VALUES (685, 17, 4, 399.17);
INSERT INTO tellimuse_read (tellimus_id, toode_id, kogus, uhikuhind) VALUES (685, 100, 3, 633.82);
INSERT INTO tellimuse_read (tellimus_id, toode_id, kogus, uhikuhind) VALUES (685, 107, 2, 1262.41);
INSERT INTO tellimuse_read (tellimus_id, toode_id, kogus, uhikuhind) VALUES (685, 105, 4, 1195.5);
INSERT INTO tellimuse_read (tellimus_id, toode_id, kogus, uhikuhind) VALUES (685, 31, 3, 1083.57);
UPDATE tellimused SET kogusumma = 14055.67 WHERE id = 685;
INSERT INTO arved (tellimus_id, number, kuupaev, maksetahtaeg, tasutud) VALUES (685, 'ARV-2026-00685', CURRENT_DATE(), CURRENT_DATE(), 0);
INSERT INTO tellimused (klient_id, staatus_id, tarneviis_id, kogusumma) VALUES (362, 1, 1, 0);
INSERT INTO tellimuse_read (tellimus_id, toode_id, kogus, uhikuhind) VALUES (686, 57, 3, 659.85);
INSERT INTO tellimuse_read (tellimus_id, toode_id, kogus, uhikuhind) VALUES (686, 66, 3, 712.62);
UPDATE tellimused SET kogusumma = 4123.31 WHERE id = 686;
INSERT INTO arved (tellimus_id, number, kuupaev, maksetahtaeg, tasutud) VALUES (686, 'ARV-2026-00686', CURRENT_DATE(), CURRENT_DATE(), 0);
INSERT INTO tellimused (klient_id, staatus_id, tarneviis_id, kogusumma) VALUES (398, 2, 1, 0);
INSERT INTO tellimuse_read (tellimus_id, toode_id, kogus, uhikuhind) VALUES (687, 61, 2, 1173.58);
INSERT INTO tellimuse_read (tellimus_id, toode_id, kogus, uhikuhind) VALUES (687, 78, 3, 257.32);
INSERT INTO tellimuse_read (tellimus_id, toode_id, kogus, uhikuhind) VALUES (687, 144, 1, 795.84);
INSERT INTO tellimuse_read (tellimus_id, toode_id, kogus, uhikuhind) VALUES (687, 144, 3, 795.84);
UPDATE tellimused SET kogusumma = 6308.38 WHERE id = 687;
INSERT INTO arved (tellimus_id, number, kuupaev, maksetahtaeg, tasutud) VALUES (687, 'ARV-2026-00687', CURRENT_DATE(), CURRENT_DATE(), 0);
INSERT INTO tellimused (klient_id, staatus_id, tarneviis_id, kogusumma) VALUES (305, 1, 1, 0);
INSERT INTO tellimuse_read (tellimus_id, toode_id, kogus, uhikuhind) VALUES (688, 10, 4, 197.52);
UPDATE tellimused SET kogusumma = 795.98 WHERE id = 688;
INSERT INTO arved (tellimus_id, number, kuupaev, maksetahtaeg, tasutud) VALUES (688, 'ARV-2026-00688', CURRENT_DATE(), CURRENT_DATE(), 0);
INSERT INTO tellimused (klient_id, staatus_id, tarneviis_id, kogusumma) VALUES (115, 3, 1, 0);
INSERT INTO tellimuse_read (tellimus_id, toode_id, kogus, uhikuhind) VALUES (689, 121, 1, 537.16);
INSERT INTO tellimuse_read (tellimus_id, toode_id, kogus, uhikuhind) VALUES (689, 133, 3, 517.42);
INSERT INTO tellimuse_read (tellimus_id, toode_id, kogus, uhikuhind) VALUES (689, 89, 3, 1357.74);
INSERT INTO tellimuse_read (tellimus_id, toode_id, kogus, uhikuhind) VALUES (689, 34, 2, 704.2);
INSERT INTO tellimuse_read (tellimus_id, toode_id, kogus, uhikuhind) VALUES (689, 59, 3, 634.88);
UPDATE tellimused SET kogusumma = 9481.58 WHERE id = 689;
INSERT INTO arved (tellimus_id, number, kuupaev, maksetahtaeg, tasutud) VALUES (689, 'ARV-2026-00689', CURRENT_DATE(), CURRENT_DATE(), 1);
INSERT INTO maksed (arve_id, makseviis_id, summa) VALUES (689, 2, 9481.58);
INSERT INTO tellimused (klient_id, staatus_id, tarneviis_id, kogusumma) VALUES (98, 4, 3, 0);
INSERT INTO tellimuse_read (tellimus_id, toode_id, kogus, uhikuhind) VALUES (690, 126, 1, 1203.18);
INSERT INTO tellimuse_read (tellimus_id, toode_id, kogus, uhikuhind) VALUES (690, 106, 4, 852.04);
UPDATE tellimused SET kogusumma = 4611.34 WHERE id = 690;
INSERT INTO arved (tellimus_id, number, kuupaev, maksetahtaeg, tasutud) VALUES (690, 'ARV-2026-00690', CURRENT_DATE(), CURRENT_DATE(), 1);
INSERT INTO maksed (arve_id, makseviis_id, summa) VALUES (690, 1, 4611.34);
INSERT INTO tellimused (klient_id, staatus_id, tarneviis_id, kogusumma) VALUES (343, 3, 2, 0);
INSERT INTO tellimuse_read (tellimus_id, toode_id, kogus, uhikuhind) VALUES (691, 67, 2, 997.44);
INSERT INTO tellimuse_read (tellimus_id, toode_id, kogus, uhikuhind) VALUES (691, 115, 2, 471.15);
INSERT INTO tellimuse_read (tellimus_id, toode_id, kogus, uhikuhind) VALUES (691, 21, 3, 1321.31);
INSERT INTO tellimuse_read (tellimus_id, toode_id, kogus, uhikuhind) VALUES (691, 140, 1, 1441.36);
UPDATE tellimused SET kogusumma = 8345.37 WHERE id = 691;
INSERT INTO arved (tellimus_id, number, kuupaev, maksetahtaeg, tasutud) VALUES (691, 'ARV-2026-00691', CURRENT_DATE(), CURRENT_DATE(), 1);
INSERT INTO maksed (arve_id, makseviis_id, summa) VALUES (691, 2, 8345.37);
INSERT INTO tellimused (klient_id, staatus_id, tarneviis_id, kogusumma) VALUES (76, 3, 3, 0);
INSERT INTO tellimuse_read (tellimus_id, toode_id, kogus, uhikuhind) VALUES (692, 72, 3, 52.19);
UPDATE tellimused SET kogusumma = 156.57 WHERE id = 692;
INSERT INTO arved (tellimus_id, number, kuupaev, maksetahtaeg, tasutud) VALUES (692, 'ARV-2026-00692', CURRENT_DATE(), CURRENT_DATE(), 1);
INSERT INTO maksed (arve_id, makseviis_id, summa) VALUES (692, 3, 156.57);
INSERT INTO tellimused (klient_id, staatus_id, tarneviis_id, kogusumma) VALUES (194, 4, 2, 0);
INSERT INTO tellimuse_read (tellimus_id, toode_id, kogus, uhikuhind) VALUES (693, 136, 3, 56.7);
INSERT INTO tellimuse_read (tellimus_id, toode_id, kogus, uhikuhind) VALUES (693, 100, 1, 633.82);
INSERT INTO tellimuse_read (tellimus_id, toode_id, kogus, uhikuhind) VALUES (693, 66, 3, 712.62);
UPDATE tellimused SET kogusumma = 2944.68 WHERE id = 693;
INSERT INTO arved (tellimus_id, number, kuupaev, maksetahtaeg, tasutud) VALUES (693, 'ARV-2026-00693', CURRENT_DATE(), CURRENT_DATE(), 1);
INSERT INTO maksed (arve_id, makseviis_id, summa) VALUES (693, 2, 2944.68);
INSERT INTO tellimused (klient_id, staatus_id, tarneviis_id, kogusumma) VALUES (417, 3, 2, 0);
INSERT INTO tellimuse_read (tellimus_id, toode_id, kogus, uhikuhind) VALUES (694, 41, 2, 757.66);
INSERT INTO tellimuse_read (tellimus_id, toode_id, kogus, uhikuhind) VALUES (694, 6, 2, 1448.04);
INSERT INTO tellimuse_read (tellimus_id, toode_id, kogus, uhikuhind) VALUES (694, 142, 3, 1000.4);
INSERT INTO tellimuse_read (tellimus_id, toode_id, kogus, uhikuhind) VALUES (694, 33, 4, 1183.26);
INSERT INTO tellimuse_read (tellimus_id, toode_id, kogus, uhikuhind) VALUES (694, 17, 4, 399.17);
UPDATE tellimused SET kogusumma = 13745.22 WHERE id = 694;
INSERT INTO arved (tellimus_id, number, kuupaev, maksetahtaeg, tasutud) VALUES (694, 'ARV-2026-00694', CURRENT_DATE(), CURRENT_DATE(), 1);
INSERT INTO maksed (arve_id, makseviis_id, summa) VALUES (694, 3, 13745.22);
INSERT INTO tellimused (klient_id, staatus_id, tarneviis_id, kogusumma) VALUES (183, 2, 2, 0);
INSERT INTO tellimuse_read (tellimus_id, toode_id, kogus, uhikuhind) VALUES (695, 78, 2, 257.32);
INSERT INTO tellimuse_read (tellimus_id, toode_id, kogus, uhikuhind) VALUES (695, 24, 1, 509.33);
UPDATE tellimused SET kogusumma = 1026.87 WHERE id = 695;
INSERT INTO arved (tellimus_id, number, kuupaev, maksetahtaeg, tasutud) VALUES (695, 'ARV-2026-00695', CURRENT_DATE(), CURRENT_DATE(), 0);
INSERT INTO tellimused (klient_id, staatus_id, tarneviis_id, kogusumma) VALUES (33, 2, 2, 0);
INSERT INTO tellimuse_read (tellimus_id, toode_id, kogus, uhikuhind) VALUES (696, 30, 4, 417.38);
INSERT INTO tellimuse_read (tellimus_id, toode_id, kogus, uhikuhind) VALUES (696, 135, 3, 101.4);
INSERT INTO tellimuse_read (tellimus_id, toode_id, kogus, uhikuhind) VALUES (696, 73, 4, 211.88);
INSERT INTO tellimuse_read (tellimus_id, toode_id, kogus, uhikuhind) VALUES (696, 73, 4, 211.88);
INSERT INTO tellimuse_read (tellimus_id, toode_id, kogus, uhikuhind) VALUES (696, 125, 3, 987.42);
UPDATE tellimused SET kogusumma = 6633.92 WHERE id = 696;
INSERT INTO arved (tellimus_id, number, kuupaev, maksetahtaeg, tasutud) VALUES (696, 'ARV-2026-00696', CURRENT_DATE(), CURRENT_DATE(), 0);
INSERT INTO tellimused (klient_id, staatus_id, tarneviis_id, kogusumma) VALUES (73, 2, 3, 0);
INSERT INTO tellimuse_read (tellimus_id, toode_id, kogus, uhikuhind) VALUES (697, 98, 4, 779.6);
INSERT INTO tellimuse_read (tellimus_id, toode_id, kogus, uhikuhind) VALUES (697, 23, 3, 1051.56);
INSERT INTO tellimuse_read (tellimus_id, toode_id, kogus, uhikuhind) VALUES (697, 2, 4, 591.98);
INSERT INTO tellimuse_read (tellimus_id, toode_id, kogus, uhikuhind) VALUES (697, 49, 2, 277.83);
INSERT INTO tellimuse_read (tellimus_id, toode_id, kogus, uhikuhind) VALUES (697, 135, 3, 101.4);
UPDATE tellimused SET kogusumma = 9500.86 WHERE id = 697;
INSERT INTO arved (tellimus_id, number, kuupaev, maksetahtaeg, tasutud) VALUES (697, 'ARV-2026-00697', CURRENT_DATE(), CURRENT_DATE(), 0);
INSERT INTO tellimused (klient_id, staatus_id, tarneviis_id, kogusumma) VALUES (37, 3, 3, 0);
INSERT INTO tellimuse_read (tellimus_id, toode_id, kogus, uhikuhind) VALUES (698, 117, 4, 147.71);
INSERT INTO tellimuse_read (tellimus_id, toode_id, kogus, uhikuhind) VALUES (698, 96, 1, 431.48);
UPDATE tellimused SET kogusumma = 1022.32 WHERE id = 698;
INSERT INTO arved (tellimus_id, number, kuupaev, maksetahtaeg, tasutud) VALUES (698, 'ARV-2026-00698', CURRENT_DATE(), CURRENT_DATE(), 1);
INSERT INTO maksed (arve_id, makseviis_id, summa) VALUES (698, 2, 1022.32);
INSERT INTO tellimused (klient_id, staatus_id, tarneviis_id, kogusumma) VALUES (89, 3, 3, 0);
INSERT INTO tellimuse_read (tellimus_id, toode_id, kogus, uhikuhind) VALUES (699, 148, 2, 184.12);
INSERT INTO tellimuse_read (tellimus_id, toode_id, kogus, uhikuhind) VALUES (699, 134, 3, 28.46);
INSERT INTO tellimuse_read (tellimus_id, toode_id, kogus, uhikuhind) VALUES (699, 73, 4, 211.88);
UPDATE tellimused SET kogusumma = 1301.14 WHERE id = 699;
INSERT INTO arved (tellimus_id, number, kuupaev, maksetahtaeg, tasutud) VALUES (699, 'ARV-2026-00699', CURRENT_DATE(), CURRENT_DATE(), 1);
INSERT INTO maksed (arve_id, makseviis_id, summa) VALUES (699, 2, 1301.14);
INSERT INTO tellimused (klient_id, staatus_id, tarneviis_id, kogusumma) VALUES (157, 2, 1, 0);
INSERT INTO tellimuse_read (tellimus_id, toode_id, kogus, uhikuhind) VALUES (700, 67, 3, 997.44);
INSERT INTO tellimuse_read (tellimus_id, toode_id, kogus, uhikuhind) VALUES (700, 6, 4, 1448.04);
UPDATE tellimused SET kogusumma = 8790.38 WHERE id = 700;
INSERT INTO arved (tellimus_id, number, kuupaev, maksetahtaeg, tasutud) VALUES (700, 'ARV-2026-00700', CURRENT_DATE(), CURRENT_DATE(), 0);
INSERT INTO tellimused (klient_id, staatus_id, tarneviis_id, kogusumma) VALUES (71, 3, 1, 0);
INSERT INTO tellimuse_read (tellimus_id, toode_id, kogus, uhikuhind) VALUES (701, 6, 1, 1448.04);
UPDATE tellimused SET kogusumma = 1453.94 WHERE id = 701;
INSERT INTO arved (tellimus_id, number, kuupaev, maksetahtaeg, tasutud) VALUES (701, 'ARV-2026-00701', CURRENT_DATE(), CURRENT_DATE(), 1);
INSERT INTO maksed (arve_id, makseviis_id, summa) VALUES (701, 2, 1453.94);
INSERT INTO tellimused (klient_id, staatus_id, tarneviis_id, kogusumma) VALUES (99, 4, 1, 0);
INSERT INTO tellimuse_read (tellimus_id, toode_id, kogus, uhikuhind) VALUES (702, 91, 1, 238.14);
UPDATE tellimused SET kogusumma = 244.04 WHERE id = 702;
INSERT INTO arved (tellimus_id, number, kuupaev, maksetahtaeg, tasutud) VALUES (702, 'ARV-2026-00702', CURRENT_DATE(), CURRENT_DATE(), 1);
INSERT INTO maksed (arve_id, makseviis_id, summa) VALUES (702, 1, 244.04);
INSERT INTO tellimused (klient_id, staatus_id, tarneviis_id, kogusumma) VALUES (228, 3, 1, 0);
INSERT INTO tellimuse_read (tellimus_id, toode_id, kogus, uhikuhind) VALUES (703, 57, 3, 659.85);
UPDATE tellimused SET kogusumma = 1985.45 WHERE id = 703;
INSERT INTO arved (tellimus_id, number, kuupaev, maksetahtaeg, tasutud) VALUES (703, 'ARV-2026-00703', CURRENT_DATE(), CURRENT_DATE(), 1);
INSERT INTO maksed (arve_id, makseviis_id, summa) VALUES (703, 1, 1985.45);
INSERT INTO tellimused (klient_id, staatus_id, tarneviis_id, kogusumma) VALUES (406, 3, 3, 0);
INSERT INTO tellimuse_read (tellimus_id, toode_id, kogus, uhikuhind) VALUES (704, 100, 1, 633.82);
INSERT INTO tellimuse_read (tellimus_id, toode_id, kogus, uhikuhind) VALUES (704, 45, 4, 1046.82);
INSERT INTO tellimuse_read (tellimus_id, toode_id, kogus, uhikuhind) VALUES (704, 10, 1, 197.52);
INSERT INTO tellimuse_read (tellimus_id, toode_id, kogus, uhikuhind) VALUES (704, 88, 4, 904.75);
UPDATE tellimused SET kogusumma = 8637.62 WHERE id = 704;
INSERT INTO arved (tellimus_id, number, kuupaev, maksetahtaeg, tasutud) VALUES (704, 'ARV-2026-00704', CURRENT_DATE(), CURRENT_DATE(), 1);
INSERT INTO maksed (arve_id, makseviis_id, summa) VALUES (704, 2, 8637.62);
INSERT INTO tellimused (klient_id, staatus_id, tarneviis_id, kogusumma) VALUES (62, 1, 3, 0);
INSERT INTO tellimuse_read (tellimus_id, toode_id, kogus, uhikuhind) VALUES (705, 37, 2, 1435.53);
INSERT INTO tellimuse_read (tellimus_id, toode_id, kogus, uhikuhind) VALUES (705, 148, 3, 184.12);
UPDATE tellimused SET kogusumma = 3423.42 WHERE id = 705;
INSERT INTO arved (tellimus_id, number, kuupaev, maksetahtaeg, tasutud) VALUES (705, 'ARV-2026-00705', CURRENT_DATE(), CURRENT_DATE(), 0);
INSERT INTO tellimused (klient_id, staatus_id, tarneviis_id, kogusumma) VALUES (41, 4, 3, 0);
INSERT INTO tellimuse_read (tellimus_id, toode_id, kogus, uhikuhind) VALUES (706, 23, 1, 1051.56);
INSERT INTO tellimuse_read (tellimus_id, toode_id, kogus, uhikuhind) VALUES (706, 62, 1, 728.03);
INSERT INTO tellimuse_read (tellimus_id, toode_id, kogus, uhikuhind) VALUES (706, 57, 2, 659.85);
UPDATE tellimused SET kogusumma = 3099.29 WHERE id = 706;
INSERT INTO arved (tellimus_id, number, kuupaev, maksetahtaeg, tasutud) VALUES (706, 'ARV-2026-00706', CURRENT_DATE(), CURRENT_DATE(), 1);
INSERT INTO maksed (arve_id, makseviis_id, summa) VALUES (706, 1, 3099.29);
INSERT INTO tellimused (klient_id, staatus_id, tarneviis_id, kogusumma) VALUES (131, 3, 2, 0);
INSERT INTO tellimuse_read (tellimus_id, toode_id, kogus, uhikuhind) VALUES (707, 140, 3, 1441.36);
INSERT INTO tellimuse_read (tellimus_id, toode_id, kogus, uhikuhind) VALUES (707, 136, 4, 56.7);
INSERT INTO tellimuse_read (tellimus_id, toode_id, kogus, uhikuhind) VALUES (707, 9, 4, 470.38);
UPDATE tellimused SET kogusumma = 6435.3 WHERE id = 707;
INSERT INTO arved (tellimus_id, number, kuupaev, maksetahtaeg, tasutud) VALUES (707, 'ARV-2026-00707', CURRENT_DATE(), CURRENT_DATE(), 1);
INSERT INTO maksed (arve_id, makseviis_id, summa) VALUES (707, 3, 6435.3);
INSERT INTO tellimused (klient_id, staatus_id, tarneviis_id, kogusumma) VALUES (227, 2, 1, 0);
INSERT INTO tellimuse_read (tellimus_id, toode_id, kogus, uhikuhind) VALUES (708, 112, 4, 210.21);
INSERT INTO tellimuse_read (tellimus_id, toode_id, kogus, uhikuhind) VALUES (708, 149, 4, 1250.69);
INSERT INTO tellimuse_read (tellimus_id, toode_id, kogus, uhikuhind) VALUES (708, 34, 4, 704.2);
INSERT INTO tellimuse_read (tellimus_id, toode_id, kogus, uhikuhind) VALUES (708, 63, 4, 739.53);
UPDATE tellimused SET kogusumma = 11624.42 WHERE id = 708;
INSERT INTO arved (tellimus_id, number, kuupaev, maksetahtaeg, tasutud) VALUES (708, 'ARV-2026-00708', CURRENT_DATE(), CURRENT_DATE(), 0);
INSERT INTO tellimused (klient_id, staatus_id, tarneviis_id, kogusumma) VALUES (359, 4, 1, 0);
INSERT INTO tellimuse_read (tellimus_id, toode_id, kogus, uhikuhind) VALUES (709, 50, 4, 1049.16);
INSERT INTO tellimuse_read (tellimus_id, toode_id, kogus, uhikuhind) VALUES (709, 43, 4, 549.01);
UPDATE tellimused SET kogusumma = 6398.58 WHERE id = 709;
INSERT INTO arved (tellimus_id, number, kuupaev, maksetahtaeg, tasutud) VALUES (709, 'ARV-2026-00709', CURRENT_DATE(), CURRENT_DATE(), 1);
INSERT INTO maksed (arve_id, makseviis_id, summa) VALUES (709, 1, 6398.58);
INSERT INTO tellimused (klient_id, staatus_id, tarneviis_id, kogusumma) VALUES (291, 3, 2, 0);
INSERT INTO tellimuse_read (tellimus_id, toode_id, kogus, uhikuhind) VALUES (710, 85, 3, 920.53);
INSERT INTO tellimuse_read (tellimus_id, toode_id, kogus, uhikuhind) VALUES (710, 70, 2, 524.94);
UPDATE tellimused SET kogusumma = 3814.37 WHERE id = 710;
INSERT INTO arved (tellimus_id, number, kuupaev, maksetahtaeg, tasutud) VALUES (710, 'ARV-2026-00710', CURRENT_DATE(), CURRENT_DATE(), 1);
INSERT INTO maksed (arve_id, makseviis_id, summa) VALUES (710, 2, 3814.37);
INSERT INTO tellimused (klient_id, staatus_id, tarneviis_id, kogusumma) VALUES (243, 4, 2, 0);
INSERT INTO tellimuse_read (tellimus_id, toode_id, kogus, uhikuhind) VALUES (711, 30, 2, 417.38);
INSERT INTO tellimuse_read (tellimus_id, toode_id, kogus, uhikuhind) VALUES (711, 85, 3, 920.53);
INSERT INTO tellimuse_read (tellimus_id, toode_id, kogus, uhikuhind) VALUES (711, 10, 4, 197.52);
INSERT INTO tellimuse_read (tellimus_id, toode_id, kogus, uhikuhind) VALUES (711, 112, 1, 210.21);
INSERT INTO tellimuse_read (tellimus_id, toode_id, kogus, uhikuhind) VALUES (711, 45, 1, 1046.82);
UPDATE tellimused SET kogusumma = 5646.36 WHERE id = 711;
INSERT INTO arved (tellimus_id, number, kuupaev, maksetahtaeg, tasutud) VALUES (711, 'ARV-2026-00711', CURRENT_DATE(), CURRENT_DATE(), 1);
INSERT INTO maksed (arve_id, makseviis_id, summa) VALUES (711, 1, 5646.36);
INSERT INTO tellimused (klient_id, staatus_id, tarneviis_id, kogusumma) VALUES (429, 3, 2, 0);
INSERT INTO tellimuse_read (tellimus_id, toode_id, kogus, uhikuhind) VALUES (712, 57, 4, 659.85);
INSERT INTO tellimuse_read (tellimus_id, toode_id, kogus, uhikuhind) VALUES (712, 4, 3, 908.2);
INSERT INTO tellimuse_read (tellimus_id, toode_id, kogus, uhikuhind) VALUES (712, 27, 1, 1463.52);
INSERT INTO tellimuse_read (tellimus_id, toode_id, kogus, uhikuhind) VALUES (712, 5, 3, 1281.46);
UPDATE tellimused SET kogusumma = 10674.8 WHERE id = 712;
INSERT INTO arved (tellimus_id, number, kuupaev, maksetahtaeg, tasutud) VALUES (712, 'ARV-2026-00712', CURRENT_DATE(), CURRENT_DATE(), 1);
INSERT INTO maksed (arve_id, makseviis_id, summa) VALUES (712, 1, 10674.8);
INSERT INTO tellimused (klient_id, staatus_id, tarneviis_id, kogusumma) VALUES (245, 4, 1, 0);
INSERT INTO tellimuse_read (tellimus_id, toode_id, kogus, uhikuhind) VALUES (713, 146, 2, 598.89);
UPDATE tellimused SET kogusumma = 1203.68 WHERE id = 713;
INSERT INTO arved (tellimus_id, number, kuupaev, maksetahtaeg, tasutud) VALUES (713, 'ARV-2026-00713', CURRENT_DATE(), CURRENT_DATE(), 1);
INSERT INTO maksed (arve_id, makseviis_id, summa) VALUES (713, 1, 1203.68);
INSERT INTO tellimused (klient_id, staatus_id, tarneviis_id, kogusumma) VALUES (118, 3, 2, 0);
INSERT INTO tellimuse_read (tellimus_id, toode_id, kogus, uhikuhind) VALUES (714, 4, 4, 908.2);
INSERT INTO tellimuse_read (tellimus_id, toode_id, kogus, uhikuhind) VALUES (714, 123, 1, 840.5);
INSERT INTO tellimuse_read (tellimus_id, toode_id, kogus, uhikuhind) VALUES (714, 63, 3, 739.53);
INSERT INTO tellimuse_read (tellimus_id, toode_id, kogus, uhikuhind) VALUES (714, 130, 1, 1034.54);
UPDATE tellimused SET kogusumma = 7729.33 WHERE id = 714;
INSERT INTO arved (tellimus_id, number, kuupaev, maksetahtaeg, tasutud) VALUES (714, 'ARV-2026-00714', CURRENT_DATE(), CURRENT_DATE(), 1);
INSERT INTO maksed (arve_id, makseviis_id, summa) VALUES (714, 3, 7729.33);
INSERT INTO tellimused (klient_id, staatus_id, tarneviis_id, kogusumma) VALUES (242, 1, 1, 0);
INSERT INTO tellimuse_read (tellimus_id, toode_id, kogus, uhikuhind) VALUES (715, 64, 4, 1054.16);
INSERT INTO tellimuse_read (tellimus_id, toode_id, kogus, uhikuhind) VALUES (715, 7, 2, 260.98);
INSERT INTO tellimuse_read (tellimus_id, toode_id, kogus, uhikuhind) VALUES (715, 53, 3, 112.5);
INSERT INTO tellimuse_read (tellimus_id, toode_id, kogus, uhikuhind) VALUES (715, 77, 3, 730.23);
INSERT INTO tellimuse_read (tellimus_id, toode_id, kogus, uhikuhind) VALUES (715, 38, 1, 1049.43);
UPDATE tellimused SET kogusumma = 8322.12 WHERE id = 715;
INSERT INTO arved (tellimus_id, number, kuupaev, maksetahtaeg, tasutud) VALUES (715, 'ARV-2026-00715', CURRENT_DATE(), CURRENT_DATE(), 0);
INSERT INTO tellimused (klient_id, staatus_id, tarneviis_id, kogusumma) VALUES (78, 1, 2, 0);
INSERT INTO tellimuse_read (tellimus_id, toode_id, kogus, uhikuhind) VALUES (716, 3, 3, 905.41);
INSERT INTO tellimuse_read (tellimus_id, toode_id, kogus, uhikuhind) VALUES (716, 35, 3, 1210.41);
UPDATE tellimused SET kogusumma = 6350.36 WHERE id = 716;
INSERT INTO arved (tellimus_id, number, kuupaev, maksetahtaeg, tasutud) VALUES (716, 'ARV-2026-00716', CURRENT_DATE(), CURRENT_DATE(), 0);
INSERT INTO tellimused (klient_id, staatus_id, tarneviis_id, kogusumma) VALUES (424, 4, 1, 0);
INSERT INTO tellimuse_read (tellimus_id, toode_id, kogus, uhikuhind) VALUES (717, 49, 3, 277.83);
UPDATE tellimused SET kogusumma = 839.39 WHERE id = 717;
INSERT INTO arved (tellimus_id, number, kuupaev, maksetahtaeg, tasutud) VALUES (717, 'ARV-2026-00717', CURRENT_DATE(), CURRENT_DATE(), 1);
INSERT INTO maksed (arve_id, makseviis_id, summa) VALUES (717, 3, 839.39);
INSERT INTO tellimused (klient_id, staatus_id, tarneviis_id, kogusumma) VALUES (409, 1, 1, 0);
INSERT INTO tellimuse_read (tellimus_id, toode_id, kogus, uhikuhind) VALUES (718, 43, 2, 549.01);
INSERT INTO tellimuse_read (tellimus_id, toode_id, kogus, uhikuhind) VALUES (718, 143, 4, 291.2);
INSERT INTO tellimuse_read (tellimus_id, toode_id, kogus, uhikuhind) VALUES (718, 13, 3, 294.29);
INSERT INTO tellimuse_read (tellimus_id, toode_id, kogus, uhikuhind) VALUES (718, 55, 1, 21.4);
INSERT INTO tellimuse_read (tellimus_id, toode_id, kogus, uhikuhind) VALUES (718, 3, 4, 905.41);
UPDATE tellimused SET kogusumma = 6794.63 WHERE id = 718;
INSERT INTO arved (tellimus_id, number, kuupaev, maksetahtaeg, tasutud) VALUES (718, 'ARV-2026-00718', CURRENT_DATE(), CURRENT_DATE(), 0);
INSERT INTO tellimused (klient_id, staatus_id, tarneviis_id, kogusumma) VALUES (368, 4, 2, 0);
INSERT INTO tellimuse_read (tellimus_id, toode_id, kogus, uhikuhind) VALUES (719, 90, 1, 864.74);
INSERT INTO tellimuse_read (tellimus_id, toode_id, kogus, uhikuhind) VALUES (719, 94, 3, 1067.21);
UPDATE tellimused SET kogusumma = 4069.27 WHERE id = 719;
INSERT INTO arved (tellimus_id, number, kuupaev, maksetahtaeg, tasutud) VALUES (719, 'ARV-2026-00719', CURRENT_DATE(), CURRENT_DATE(), 1);
INSERT INTO maksed (arve_id, makseviis_id, summa) VALUES (719, 2, 4069.27);
INSERT INTO tellimused (klient_id, staatus_id, tarneviis_id, kogusumma) VALUES (327, 2, 2, 0);
INSERT INTO tellimuse_read (tellimus_id, toode_id, kogus, uhikuhind) VALUES (720, 139, 2, 9.21);
INSERT INTO tellimuse_read (tellimus_id, toode_id, kogus, uhikuhind) VALUES (720, 3, 1, 905.41);
INSERT INTO tellimuse_read (tellimus_id, toode_id, kogus, uhikuhind) VALUES (720, 137, 1, 934.56);
INSERT INTO tellimuse_read (tellimus_id, toode_id, kogus, uhikuhind) VALUES (720, 53, 1, 112.5);
INSERT INTO tellimuse_read (tellimus_id, toode_id, kogus, uhikuhind) VALUES (720, 103, 4, 1221.75);
UPDATE tellimused SET kogusumma = 6860.79 WHERE id = 720;
INSERT INTO arved (tellimus_id, number, kuupaev, maksetahtaeg, tasutud) VALUES (720, 'ARV-2026-00720', CURRENT_DATE(), CURRENT_DATE(), 0);
INSERT INTO tellimused (klient_id, staatus_id, tarneviis_id, kogusumma) VALUES (468, 3, 1, 0);
INSERT INTO tellimuse_read (tellimus_id, toode_id, kogus, uhikuhind) VALUES (721, 27, 4, 1463.52);
INSERT INTO tellimuse_read (tellimus_id, toode_id, kogus, uhikuhind) VALUES (721, 37, 3, 1435.53);
UPDATE tellimused SET kogusumma = 10166.57 WHERE id = 721;
INSERT INTO arved (tellimus_id, number, kuupaev, maksetahtaeg, tasutud) VALUES (721, 'ARV-2026-00721', CURRENT_DATE(), CURRENT_DATE(), 1);
INSERT INTO maksed (arve_id, makseviis_id, summa) VALUES (721, 2, 10166.57);
INSERT INTO tellimused (klient_id, staatus_id, tarneviis_id, kogusumma) VALUES (201, 3, 3, 0);
INSERT INTO tellimuse_read (tellimus_id, toode_id, kogus, uhikuhind) VALUES (722, 33, 4, 1183.26);
INSERT INTO tellimuse_read (tellimus_id, toode_id, kogus, uhikuhind) VALUES (722, 135, 2, 101.4);
UPDATE tellimused SET kogusumma = 4935.84 WHERE id = 722;
INSERT INTO arved (tellimus_id, number, kuupaev, maksetahtaeg, tasutud) VALUES (722, 'ARV-2026-00722', CURRENT_DATE(), CURRENT_DATE(), 1);
INSERT INTO maksed (arve_id, makseviis_id, summa) VALUES (722, 3, 4935.84);
INSERT INTO tellimused (klient_id, staatus_id, tarneviis_id, kogusumma) VALUES (264, 4, 1, 0);
INSERT INTO tellimuse_read (tellimus_id, toode_id, kogus, uhikuhind) VALUES (723, 6, 3, 1448.04);
INSERT INTO tellimuse_read (tellimus_id, toode_id, kogus, uhikuhind) VALUES (723, 27, 2, 1463.52);
UPDATE tellimused SET kogusumma = 7277.06 WHERE id = 723;
INSERT INTO arved (tellimus_id, number, kuupaev, maksetahtaeg, tasutud) VALUES (723, 'ARV-2026-00723', CURRENT_DATE(), CURRENT_DATE(), 1);
INSERT INTO maksed (arve_id, makseviis_id, summa) VALUES (723, 2, 7277.06);
INSERT INTO tellimused (klient_id, staatus_id, tarneviis_id, kogusumma) VALUES (345, 4, 1, 0);
INSERT INTO tellimuse_read (tellimus_id, toode_id, kogus, uhikuhind) VALUES (724, 141, 4, 190.7);
INSERT INTO tellimuse_read (tellimus_id, toode_id, kogus, uhikuhind) VALUES (724, 74, 4, 392.93);
INSERT INTO tellimuse_read (tellimus_id, toode_id, kogus, uhikuhind) VALUES (724, 74, 4, 392.93);
INSERT INTO tellimuse_read (tellimus_id, toode_id, kogus, uhikuhind) VALUES (724, 133, 3, 517.42);
INSERT INTO tellimuse_read (tellimus_id, toode_id, kogus, uhikuhind) VALUES (724, 74, 3, 392.93);
UPDATE tellimused SET kogusumma = 6643.19 WHERE id = 724;
INSERT INTO arved (tellimus_id, number, kuupaev, maksetahtaeg, tasutud) VALUES (724, 'ARV-2026-00724', CURRENT_DATE(), CURRENT_DATE(), 1);
INSERT INTO maksed (arve_id, makseviis_id, summa) VALUES (724, 2, 6643.19);
INSERT INTO tellimused (klient_id, staatus_id, tarneviis_id, kogusumma) VALUES (208, 4, 3, 0);
INSERT INTO tellimuse_read (tellimus_id, toode_id, kogus, uhikuhind) VALUES (725, 141, 3, 190.7);
INSERT INTO tellimuse_read (tellimus_id, toode_id, kogus, uhikuhind) VALUES (725, 9, 2, 470.38);
INSERT INTO tellimuse_read (tellimus_id, toode_id, kogus, uhikuhind) VALUES (725, 58, 1, 1038.18);
UPDATE tellimused SET kogusumma = 2551.04 WHERE id = 725;
INSERT INTO arved (tellimus_id, number, kuupaev, maksetahtaeg, tasutud) VALUES (725, 'ARV-2026-00725', CURRENT_DATE(), CURRENT_DATE(), 1);
INSERT INTO maksed (arve_id, makseviis_id, summa) VALUES (725, 3, 2551.04);
INSERT INTO tellimused (klient_id, staatus_id, tarneviis_id, kogusumma) VALUES (51, 3, 3, 0);
INSERT INTO tellimuse_read (tellimus_id, toode_id, kogus, uhikuhind) VALUES (726, 74, 1, 392.93);
INSERT INTO tellimuse_read (tellimus_id, toode_id, kogus, uhikuhind) VALUES (726, 104, 1, 709.29);
INSERT INTO tellimuse_read (tellimus_id, toode_id, kogus, uhikuhind) VALUES (726, 63, 2, 739.53);
UPDATE tellimused SET kogusumma = 2581.28 WHERE id = 726;
INSERT INTO arved (tellimus_id, number, kuupaev, maksetahtaeg, tasutud) VALUES (726, 'ARV-2026-00726', CURRENT_DATE(), CURRENT_DATE(), 1);
INSERT INTO maksed (arve_id, makseviis_id, summa) VALUES (726, 1, 2581.28);
INSERT INTO tellimused (klient_id, staatus_id, tarneviis_id, kogusumma) VALUES (245, 1, 3, 0);
INSERT INTO tellimuse_read (tellimus_id, toode_id, kogus, uhikuhind) VALUES (727, 118, 4, 529.61);
UPDATE tellimused SET kogusumma = 2118.44 WHERE id = 727;
INSERT INTO arved (tellimus_id, number, kuupaev, maksetahtaeg, tasutud) VALUES (727, 'ARV-2026-00727', CURRENT_DATE(), CURRENT_DATE(), 0);
INSERT INTO tellimused (klient_id, staatus_id, tarneviis_id, kogusumma) VALUES (425, 1, 2, 0);
INSERT INTO tellimuse_read (tellimus_id, toode_id, kogus, uhikuhind) VALUES (728, 143, 1, 291.2);
INSERT INTO tellimuse_read (tellimus_id, toode_id, kogus, uhikuhind) VALUES (728, 54, 4, 1409.57);
INSERT INTO tellimuse_read (tellimus_id, toode_id, kogus, uhikuhind) VALUES (728, 54, 3, 1409.57);
INSERT INTO tellimuse_read (tellimus_id, toode_id, kogus, uhikuhind) VALUES (728, 1, 2, 284.93);
UPDATE tellimused SET kogusumma = 10730.95 WHERE id = 728;
INSERT INTO arved (tellimus_id, number, kuupaev, maksetahtaeg, tasutud) VALUES (728, 'ARV-2026-00728', CURRENT_DATE(), CURRENT_DATE(), 0);
INSERT INTO tellimused (klient_id, staatus_id, tarneviis_id, kogusumma) VALUES (457, 1, 3, 0);
INSERT INTO tellimuse_read (tellimus_id, toode_id, kogus, uhikuhind) VALUES (729, 77, 2, 730.23);
INSERT INTO tellimuse_read (tellimus_id, toode_id, kogus, uhikuhind) VALUES (729, 41, 2, 757.66);
INSERT INTO tellimuse_read (tellimus_id, toode_id, kogus, uhikuhind) VALUES (729, 63, 3, 739.53);
INSERT INTO tellimuse_read (tellimus_id, toode_id, kogus, uhikuhind) VALUES (729, 7, 4, 260.98);
INSERT INTO tellimuse_read (tellimus_id, toode_id, kogus, uhikuhind) VALUES (729, 115, 3, 471.15);
UPDATE tellimused SET kogusumma = 7651.74 WHERE id = 729;
INSERT INTO arved (tellimus_id, number, kuupaev, maksetahtaeg, tasutud) VALUES (729, 'ARV-2026-00729', CURRENT_DATE(), CURRENT_DATE(), 0);
INSERT INTO tellimused (klient_id, staatus_id, tarneviis_id, kogusumma) VALUES (394, 4, 3, 0);
INSERT INTO tellimuse_read (tellimus_id, toode_id, kogus, uhikuhind) VALUES (730, 110, 2, 940.17);
INSERT INTO tellimuse_read (tellimus_id, toode_id, kogus, uhikuhind) VALUES (730, 128, 2, 189.11);
UPDATE tellimused SET kogusumma = 2258.56 WHERE id = 730;
INSERT INTO arved (tellimus_id, number, kuupaev, maksetahtaeg, tasutud) VALUES (730, 'ARV-2026-00730', CURRENT_DATE(), CURRENT_DATE(), 1);
INSERT INTO maksed (arve_id, makseviis_id, summa) VALUES (730, 2, 2258.56);
INSERT INTO tellimused (klient_id, staatus_id, tarneviis_id, kogusumma) VALUES (483, 3, 1, 0);
INSERT INTO tellimuse_read (tellimus_id, toode_id, kogus, uhikuhind) VALUES (731, 142, 2, 1000.4);
UPDATE tellimused SET kogusumma = 2006.7 WHERE id = 731;
INSERT INTO arved (tellimus_id, number, kuupaev, maksetahtaeg, tasutud) VALUES (731, 'ARV-2026-00731', CURRENT_DATE(), CURRENT_DATE(), 1);
INSERT INTO maksed (arve_id, makseviis_id, summa) VALUES (731, 2, 2006.7);
INSERT INTO tellimused (klient_id, staatus_id, tarneviis_id, kogusumma) VALUES (424, 4, 3, 0);
INSERT INTO tellimuse_read (tellimus_id, toode_id, kogus, uhikuhind) VALUES (732, 125, 1, 987.42);
INSERT INTO tellimuse_read (tellimus_id, toode_id, kogus, uhikuhind) VALUES (732, 121, 4, 537.16);
INSERT INTO tellimuse_read (tellimus_id, toode_id, kogus, uhikuhind) VALUES (732, 103, 3, 1221.75);
INSERT INTO tellimuse_read (tellimus_id, toode_id, kogus, uhikuhind) VALUES (732, 96, 1, 431.48);
INSERT INTO tellimuse_read (tellimus_id, toode_id, kogus, uhikuhind) VALUES (732, 98, 3, 779.6);
UPDATE tellimused SET kogusumma = 9571.59 WHERE id = 732;
INSERT INTO arved (tellimus_id, number, kuupaev, maksetahtaeg, tasutud) VALUES (732, 'ARV-2026-00732', CURRENT_DATE(), CURRENT_DATE(), 1);
INSERT INTO maksed (arve_id, makseviis_id, summa) VALUES (732, 3, 9571.59);
INSERT INTO tellimused (klient_id, staatus_id, tarneviis_id, kogusumma) VALUES (60, 4, 1, 0);
INSERT INTO tellimuse_read (tellimus_id, toode_id, kogus, uhikuhind) VALUES (733, 139, 2, 9.21);
UPDATE tellimused SET kogusumma = 24.32 WHERE id = 733;
INSERT INTO arved (tellimus_id, number, kuupaev, maksetahtaeg, tasutud) VALUES (733, 'ARV-2026-00733', CURRENT_DATE(), CURRENT_DATE(), 1);
INSERT INTO maksed (arve_id, makseviis_id, summa) VALUES (733, 1, 24.32);
INSERT INTO tellimused (klient_id, staatus_id, tarneviis_id, kogusumma) VALUES (67, 2, 1, 0);
INSERT INTO tellimuse_read (tellimus_id, toode_id, kogus, uhikuhind) VALUES (734, 59, 2, 634.88);
INSERT INTO tellimuse_read (tellimus_id, toode_id, kogus, uhikuhind) VALUES (734, 22, 4, 1215.75);
INSERT INTO tellimuse_read (tellimus_id, toode_id, kogus, uhikuhind) VALUES (734, 41, 1, 757.66);
UPDATE tellimused SET kogusumma = 6896.32 WHERE id = 734;
INSERT INTO arved (tellimus_id, number, kuupaev, maksetahtaeg, tasutud) VALUES (734, 'ARV-2026-00734', CURRENT_DATE(), CURRENT_DATE(), 0);
INSERT INTO tellimused (klient_id, staatus_id, tarneviis_id, kogusumma) VALUES (72, 3, 2, 0);
INSERT INTO tellimuse_read (tellimus_id, toode_id, kogus, uhikuhind) VALUES (735, 133, 3, 517.42);
UPDATE tellimused SET kogusumma = 1555.16 WHERE id = 735;
INSERT INTO arved (tellimus_id, number, kuupaev, maksetahtaeg, tasutud) VALUES (735, 'ARV-2026-00735', CURRENT_DATE(), CURRENT_DATE(), 1);
INSERT INTO maksed (arve_id, makseviis_id, summa) VALUES (735, 3, 1555.16);
INSERT INTO tellimused (klient_id, staatus_id, tarneviis_id, kogusumma) VALUES (224, 1, 1, 0);
INSERT INTO tellimuse_read (tellimus_id, toode_id, kogus, uhikuhind) VALUES (736, 7, 3, 260.98);
INSERT INTO tellimuse_read (tellimus_id, toode_id, kogus, uhikuhind) VALUES (736, 86, 2, 1436.12);
UPDATE tellimused SET kogusumma = 3661.08 WHERE id = 736;
INSERT INTO arved (tellimus_id, number, kuupaev, maksetahtaeg, tasutud) VALUES (736, 'ARV-2026-00736', CURRENT_DATE(), CURRENT_DATE(), 0);
INSERT INTO tellimused (klient_id, staatus_id, tarneviis_id, kogusumma) VALUES (191, 2, 2, 0);
INSERT INTO tellimuse_read (tellimus_id, toode_id, kogus, uhikuhind) VALUES (737, 90, 1, 864.74);
INSERT INTO tellimuse_read (tellimus_id, toode_id, kogus, uhikuhind) VALUES (737, 111, 2, 1205.16);
INSERT INTO tellimuse_read (tellimus_id, toode_id, kogus, uhikuhind) VALUES (737, 98, 4, 779.6);
INSERT INTO tellimuse_read (tellimus_id, toode_id, kogus, uhikuhind) VALUES (737, 93, 1, 854.37);
UPDATE tellimused SET kogusumma = 7250.73 WHERE id = 737;
INSERT INTO arved (tellimus_id, number, kuupaev, maksetahtaeg, tasutud) VALUES (737, 'ARV-2026-00737', CURRENT_DATE(), CURRENT_DATE(), 0);
INSERT INTO tellimused (klient_id, staatus_id, tarneviis_id, kogusumma) VALUES (103, 1, 1, 0);
INSERT INTO tellimuse_read (tellimus_id, toode_id, kogus, uhikuhind) VALUES (738, 52, 4, 583.63);
UPDATE tellimused SET kogusumma = 2340.42 WHERE id = 738;
INSERT INTO arved (tellimus_id, number, kuupaev, maksetahtaeg, tasutud) VALUES (738, 'ARV-2026-00738', CURRENT_DATE(), CURRENT_DATE(), 0);
INSERT INTO tellimused (klient_id, staatus_id, tarneviis_id, kogusumma) VALUES (388, 4, 2, 0);
INSERT INTO tellimuse_read (tellimus_id, toode_id, kogus, uhikuhind) VALUES (739, 71, 4, 1393.75);
INSERT INTO tellimuse_read (tellimus_id, toode_id, kogus, uhikuhind) VALUES (739, 35, 4, 1210.41);
UPDATE tellimused SET kogusumma = 10419.54 WHERE id = 739;
INSERT INTO arved (tellimus_id, number, kuupaev, maksetahtaeg, tasutud) VALUES (739, 'ARV-2026-00739', CURRENT_DATE(), CURRENT_DATE(), 1);
INSERT INTO maksed (arve_id, makseviis_id, summa) VALUES (739, 3, 10419.54);
INSERT INTO tellimused (klient_id, staatus_id, tarneviis_id, kogusumma) VALUES (475, 1, 1, 0);
INSERT INTO tellimuse_read (tellimus_id, toode_id, kogus, uhikuhind) VALUES (740, 42, 2, 744.92);
INSERT INTO tellimuse_read (tellimus_id, toode_id, kogus, uhikuhind) VALUES (740, 90, 1, 864.74);
UPDATE tellimused SET kogusumma = 2360.48 WHERE id = 740;
INSERT INTO arved (tellimus_id, number, kuupaev, maksetahtaeg, tasutud) VALUES (740, 'ARV-2026-00740', CURRENT_DATE(), CURRENT_DATE(), 0);
INSERT INTO tellimused (klient_id, staatus_id, tarneviis_id, kogusumma) VALUES (259, 1, 2, 0);
INSERT INTO tellimuse_read (tellimus_id, toode_id, kogus, uhikuhind) VALUES (741, 149, 1, 1250.69);
INSERT INTO tellimuse_read (tellimus_id, toode_id, kogus, uhikuhind) VALUES (741, 148, 4, 184.12);
INSERT INTO tellimuse_read (tellimus_id, toode_id, kogus, uhikuhind) VALUES (741, 65, 4, 582.18);
INSERT INTO tellimuse_read (tellimus_id, toode_id, kogus, uhikuhind) VALUES (741, 44, 1, 226.18);
UPDATE tellimused SET kogusumma = 4544.97 WHERE id = 741;
INSERT INTO arved (tellimus_id, number, kuupaev, maksetahtaeg, tasutud) VALUES (741, 'ARV-2026-00741', CURRENT_DATE(), CURRENT_DATE(), 0);
INSERT INTO tellimused (klient_id, staatus_id, tarneviis_id, kogusumma) VALUES (449, 4, 2, 0);
INSERT INTO tellimuse_read (tellimus_id, toode_id, kogus, uhikuhind) VALUES (742, 1, 1, 284.93);
INSERT INTO tellimuse_read (tellimus_id, toode_id, kogus, uhikuhind) VALUES (742, 120, 3, 1026.9);
INSERT INTO tellimuse_read (tellimus_id, toode_id, kogus, uhikuhind) VALUES (742, 88, 1, 904.75);
UPDATE tellimused SET kogusumma = 4273.28 WHERE id = 742;
INSERT INTO arved (tellimus_id, number, kuupaev, maksetahtaeg, tasutud) VALUES (742, 'ARV-2026-00742', CURRENT_DATE(), CURRENT_DATE(), 1);
INSERT INTO maksed (arve_id, makseviis_id, summa) VALUES (742, 2, 4273.28);
INSERT INTO tellimused (klient_id, staatus_id, tarneviis_id, kogusumma) VALUES (473, 4, 1, 0);
INSERT INTO tellimuse_read (tellimus_id, toode_id, kogus, uhikuhind) VALUES (743, 110, 4, 940.17);
UPDATE tellimused SET kogusumma = 3766.58 WHERE id = 743;
INSERT INTO arved (tellimus_id, number, kuupaev, maksetahtaeg, tasutud) VALUES (743, 'ARV-2026-00743', CURRENT_DATE(), CURRENT_DATE(), 1);
INSERT INTO maksed (arve_id, makseviis_id, summa) VALUES (743, 2, 3766.58);
INSERT INTO tellimused (klient_id, staatus_id, tarneviis_id, kogusumma) VALUES (165, 1, 1, 0);
INSERT INTO tellimuse_read (tellimus_id, toode_id, kogus, uhikuhind) VALUES (744, 73, 3, 211.88);
INSERT INTO tellimuse_read (tellimus_id, toode_id, kogus, uhikuhind) VALUES (744, 134, 2, 28.46);
INSERT INTO tellimuse_read (tellimus_id, toode_id, kogus, uhikuhind) VALUES (744, 16, 4, 131.01);
INSERT INTO tellimuse_read (tellimus_id, toode_id, kogus, uhikuhind) VALUES (744, 39, 3, 207.71);
INSERT INTO tellimuse_read (tellimus_id, toode_id, kogus, uhikuhind) VALUES (744, 92, 3, 707.08);
UPDATE tellimused SET kogusumma = 3966.87 WHERE id = 744;
INSERT INTO arved (tellimus_id, number, kuupaev, maksetahtaeg, tasutud) VALUES (744, 'ARV-2026-00744', CURRENT_DATE(), CURRENT_DATE(), 0);
INSERT INTO tellimused (klient_id, staatus_id, tarneviis_id, kogusumma) VALUES (343, 4, 1, 0);
INSERT INTO tellimuse_read (tellimus_id, toode_id, kogus, uhikuhind) VALUES (745, 42, 1, 744.92);
INSERT INTO tellimuse_read (tellimus_id, toode_id, kogus, uhikuhind) VALUES (745, 1, 3, 284.93);
INSERT INTO tellimuse_read (tellimus_id, toode_id, kogus, uhikuhind) VALUES (745, 31, 4, 1083.57);
INSERT INTO tellimuse_read (tellimus_id, toode_id, kogus, uhikuhind) VALUES (745, 64, 4, 1054.16);
INSERT INTO tellimuse_read (tellimus_id, toode_id, kogus, uhikuhind) VALUES (745, 2, 1, 591.98);
UPDATE tellimused SET kogusumma = 10748.51 WHERE id = 745;
INSERT INTO arved (tellimus_id, number, kuupaev, maksetahtaeg, tasutud) VALUES (745, 'ARV-2026-00745', CURRENT_DATE(), CURRENT_DATE(), 1);
INSERT INTO maksed (arve_id, makseviis_id, summa) VALUES (745, 1, 10748.51);
INSERT INTO tellimused (klient_id, staatus_id, tarneviis_id, kogusumma) VALUES (452, 1, 3, 0);
INSERT INTO tellimuse_read (tellimus_id, toode_id, kogus, uhikuhind) VALUES (746, 73, 2, 211.88);
INSERT INTO tellimuse_read (tellimus_id, toode_id, kogus, uhikuhind) VALUES (746, 16, 3, 131.01);
UPDATE tellimused SET kogusumma = 816.79 WHERE id = 746;
INSERT INTO arved (tellimus_id, number, kuupaev, maksetahtaeg, tasutud) VALUES (746, 'ARV-2026-00746', CURRENT_DATE(), CURRENT_DATE(), 0);
INSERT INTO tellimused (klient_id, staatus_id, tarneviis_id, kogusumma) VALUES (55, 3, 1, 0);
INSERT INTO tellimuse_read (tellimus_id, toode_id, kogus, uhikuhind) VALUES (747, 41, 4, 757.66);
INSERT INTO tellimuse_read (tellimus_id, toode_id, kogus, uhikuhind) VALUES (747, 116, 3, 479.92);
INSERT INTO tellimuse_read (tellimus_id, toode_id, kogus, uhikuhind) VALUES (747, 107, 1, 1262.41);
INSERT INTO tellimuse_read (tellimus_id, toode_id, kogus, uhikuhind) VALUES (747, 113, 1, 1051.2);
UPDATE tellimused SET kogusumma = 6789.91 WHERE id = 747;
INSERT INTO arved (tellimus_id, number, kuupaev, maksetahtaeg, tasutud) VALUES (747, 'ARV-2026-00747', CURRENT_DATE(), CURRENT_DATE(), 1);
INSERT INTO maksed (arve_id, makseviis_id, summa) VALUES (747, 3, 6789.91);
INSERT INTO tellimused (klient_id, staatus_id, tarneviis_id, kogusumma) VALUES (144, 2, 2, 0);
INSERT INTO tellimuse_read (tellimus_id, toode_id, kogus, uhikuhind) VALUES (748, 27, 1, 1463.52);
INSERT INTO tellimuse_read (tellimus_id, toode_id, kogus, uhikuhind) VALUES (748, 106, 3, 852.04);
INSERT INTO tellimuse_read (tellimus_id, toode_id, kogus, uhikuhind) VALUES (748, 90, 4, 864.74);
INSERT INTO tellimuse_read (tellimus_id, toode_id, kogus, uhikuhind) VALUES (748, 57, 2, 659.85);
UPDATE tellimused SET kogusumma = 8801.2 WHERE id = 748;
INSERT INTO arved (tellimus_id, number, kuupaev, maksetahtaeg, tasutud) VALUES (748, 'ARV-2026-00748', CURRENT_DATE(), CURRENT_DATE(), 0);
INSERT INTO tellimused (klient_id, staatus_id, tarneviis_id, kogusumma) VALUES (466, 1, 3, 0);
INSERT INTO tellimuse_read (tellimus_id, toode_id, kogus, uhikuhind) VALUES (749, 121, 4, 537.16);
UPDATE tellimused SET kogusumma = 2148.64 WHERE id = 749;
INSERT INTO arved (tellimus_id, number, kuupaev, maksetahtaeg, tasutud) VALUES (749, 'ARV-2026-00749', CURRENT_DATE(), CURRENT_DATE(), 0);
INSERT INTO tellimused (klient_id, staatus_id, tarneviis_id, kogusumma) VALUES (240, 4, 1, 0);
INSERT INTO tellimuse_read (tellimus_id, toode_id, kogus, uhikuhind) VALUES (750, 28, 4, 989.04);
INSERT INTO tellimuse_read (tellimus_id, toode_id, kogus, uhikuhind) VALUES (750, 60, 4, 433.47);
INSERT INTO tellimuse_read (tellimus_id, toode_id, kogus, uhikuhind) VALUES (750, 52, 1, 583.63);
INSERT INTO tellimuse_read (tellimus_id, toode_id, kogus, uhikuhind) VALUES (750, 112, 1, 210.21);
UPDATE tellimused SET kogusumma = 6489.78 WHERE id = 750;
INSERT INTO arved (tellimus_id, number, kuupaev, maksetahtaeg, tasutud) VALUES (750, 'ARV-2026-00750', CURRENT_DATE(), CURRENT_DATE(), 1);
INSERT INTO maksed (arve_id, makseviis_id, summa) VALUES (750, 2, 6489.78);
INSERT INTO tellimused (klient_id, staatus_id, tarneviis_id, kogusumma) VALUES (262, 2, 1, 0);
INSERT INTO tellimuse_read (tellimus_id, toode_id, kogus, uhikuhind) VALUES (751, 63, 1, 739.53);
UPDATE tellimused SET kogusumma = 745.43 WHERE id = 751;
INSERT INTO arved (tellimus_id, number, kuupaev, maksetahtaeg, tasutud) VALUES (751, 'ARV-2026-00751', CURRENT_DATE(), CURRENT_DATE(), 0);
INSERT INTO tellimused (klient_id, staatus_id, tarneviis_id, kogusumma) VALUES (57, 3, 3, 0);
INSERT INTO tellimuse_read (tellimus_id, toode_id, kogus, uhikuhind) VALUES (752, 140, 2, 1441.36);
INSERT INTO tellimuse_read (tellimus_id, toode_id, kogus, uhikuhind) VALUES (752, 57, 4, 659.85);
INSERT INTO tellimuse_read (tellimus_id, toode_id, kogus, uhikuhind) VALUES (752, 68, 3, 1408.93);
INSERT INTO tellimuse_read (tellimus_id, toode_id, kogus, uhikuhind) VALUES (752, 88, 3, 904.75);
UPDATE tellimused SET kogusumma = 12463.16 WHERE id = 752;
INSERT INTO arved (tellimus_id, number, kuupaev, maksetahtaeg, tasutud) VALUES (752, 'ARV-2026-00752', CURRENT_DATE(), CURRENT_DATE(), 1);
INSERT INTO maksed (arve_id, makseviis_id, summa) VALUES (752, 2, 12463.16);
INSERT INTO tellimused (klient_id, staatus_id, tarneviis_id, kogusumma) VALUES (251, 3, 2, 0);
INSERT INTO tellimuse_read (tellimus_id, toode_id, kogus, uhikuhind) VALUES (753, 17, 1, 399.17);
INSERT INTO tellimuse_read (tellimus_id, toode_id, kogus, uhikuhind) VALUES (753, 67, 3, 997.44);
INSERT INTO tellimuse_read (tellimus_id, toode_id, kogus, uhikuhind) VALUES (753, 126, 4, 1203.18);
INSERT INTO tellimuse_read (tellimus_id, toode_id, kogus, uhikuhind) VALUES (753, 60, 2, 433.47);
INSERT INTO tellimuse_read (tellimus_id, toode_id, kogus, uhikuhind) VALUES (753, 81, 2, 764.27);
UPDATE tellimused SET kogusumma = 10602.59 WHERE id = 753;
INSERT INTO arved (tellimus_id, number, kuupaev, maksetahtaeg, tasutud) VALUES (753, 'ARV-2026-00753', CURRENT_DATE(), CURRENT_DATE(), 1);
INSERT INTO maksed (arve_id, makseviis_id, summa) VALUES (753, 1, 10602.59);
INSERT INTO tellimused (klient_id, staatus_id, tarneviis_id, kogusumma) VALUES (43, 3, 1, 0);
INSERT INTO tellimuse_read (tellimus_id, toode_id, kogus, uhikuhind) VALUES (754, 127, 3, 133.59);
INSERT INTO tellimuse_read (tellimus_id, toode_id, kogus, uhikuhind) VALUES (754, 150, 2, 580.23);
INSERT INTO tellimuse_read (tellimus_id, toode_id, kogus, uhikuhind) VALUES (754, 111, 2, 1205.16);
INSERT INTO tellimuse_read (tellimus_id, toode_id, kogus, uhikuhind) VALUES (754, 84, 2, 1389.02);
UPDATE tellimused SET kogusumma = 6755.49 WHERE id = 754;
INSERT INTO arved (tellimus_id, number, kuupaev, maksetahtaeg, tasutud) VALUES (754, 'ARV-2026-00754', CURRENT_DATE(), CURRENT_DATE(), 1);
INSERT INTO maksed (arve_id, makseviis_id, summa) VALUES (754, 1, 6755.49);
INSERT INTO tellimused (klient_id, staatus_id, tarneviis_id, kogusumma) VALUES (41, 3, 1, 0);
INSERT INTO tellimuse_read (tellimus_id, toode_id, kogus, uhikuhind) VALUES (755, 128, 3, 189.11);
INSERT INTO tellimuse_read (tellimus_id, toode_id, kogus, uhikuhind) VALUES (755, 11, 4, 980.79);
INSERT INTO tellimuse_read (tellimus_id, toode_id, kogus, uhikuhind) VALUES (755, 15, 4, 801.46);
INSERT INTO tellimuse_read (tellimus_id, toode_id, kogus, uhikuhind) VALUES (755, 86, 1, 1436.12);
INSERT INTO tellimuse_read (tellimus_id, toode_id, kogus, uhikuhind) VALUES (755, 121, 2, 537.16);
UPDATE tellimused SET kogusumma = 10212.67 WHERE id = 755;
INSERT INTO arved (tellimus_id, number, kuupaev, maksetahtaeg, tasutud) VALUES (755, 'ARV-2026-00755', CURRENT_DATE(), CURRENT_DATE(), 1);
INSERT INTO maksed (arve_id, makseviis_id, summa) VALUES (755, 1, 10212.67);
INSERT INTO tellimused (klient_id, staatus_id, tarneviis_id, kogusumma) VALUES (492, 2, 3, 0);
INSERT INTO tellimuse_read (tellimus_id, toode_id, kogus, uhikuhind) VALUES (756, 1, 1, 284.93);
INSERT INTO tellimuse_read (tellimus_id, toode_id, kogus, uhikuhind) VALUES (756, 70, 1, 524.94);
UPDATE tellimused SET kogusumma = 809.87 WHERE id = 756;
INSERT INTO arved (tellimus_id, number, kuupaev, maksetahtaeg, tasutud) VALUES (756, 'ARV-2026-00756', CURRENT_DATE(), CURRENT_DATE(), 0);
INSERT INTO tellimused (klient_id, staatus_id, tarneviis_id, kogusumma) VALUES (152, 1, 2, 0);
INSERT INTO tellimuse_read (tellimus_id, toode_id, kogus, uhikuhind) VALUES (757, 112, 1, 210.21);
INSERT INTO tellimuse_read (tellimus_id, toode_id, kogus, uhikuhind) VALUES (757, 67, 2, 997.44);
INSERT INTO tellimuse_read (tellimus_id, toode_id, kogus, uhikuhind) VALUES (757, 1, 4, 284.93);
INSERT INTO tellimuse_read (tellimus_id, toode_id, kogus, uhikuhind) VALUES (757, 79, 2, 736.42);
INSERT INTO tellimuse_read (tellimus_id, toode_id, kogus, uhikuhind) VALUES (757, 10, 3, 197.52);
UPDATE tellimused SET kogusumma = 5413.11 WHERE id = 757;
INSERT INTO arved (tellimus_id, number, kuupaev, maksetahtaeg, tasutud) VALUES (757, 'ARV-2026-00757', CURRENT_DATE(), CURRENT_DATE(), 0);
INSERT INTO tellimused (klient_id, staatus_id, tarneviis_id, kogusumma) VALUES (295, 3, 1, 0);
INSERT INTO tellimuse_read (tellimus_id, toode_id, kogus, uhikuhind) VALUES (758, 111, 3, 1205.16);
INSERT INTO tellimuse_read (tellimus_id, toode_id, kogus, uhikuhind) VALUES (758, 36, 4, 1394.94);
INSERT INTO tellimuse_read (tellimus_id, toode_id, kogus, uhikuhind) VALUES (758, 132, 3, 769.72);
INSERT INTO tellimuse_read (tellimus_id, toode_id, kogus, uhikuhind) VALUES (758, 141, 3, 190.7);
UPDATE tellimused SET kogusumma = 12082.4 WHERE id = 758;
INSERT INTO arved (tellimus_id, number, kuupaev, maksetahtaeg, tasutud) VALUES (758, 'ARV-2026-00758', CURRENT_DATE(), CURRENT_DATE(), 1);
INSERT INTO maksed (arve_id, makseviis_id, summa) VALUES (758, 3, 12082.4);
INSERT INTO tellimused (klient_id, staatus_id, tarneviis_id, kogusumma) VALUES (251, 4, 3, 0);
INSERT INTO tellimuse_read (tellimus_id, toode_id, kogus, uhikuhind) VALUES (759, 55, 4, 21.4);
INSERT INTO tellimuse_read (tellimus_id, toode_id, kogus, uhikuhind) VALUES (759, 43, 4, 549.01);
UPDATE tellimused SET kogusumma = 2281.64 WHERE id = 759;
INSERT INTO arved (tellimus_id, number, kuupaev, maksetahtaeg, tasutud) VALUES (759, 'ARV-2026-00759', CURRENT_DATE(), CURRENT_DATE(), 1);
INSERT INTO maksed (arve_id, makseviis_id, summa) VALUES (759, 3, 2281.64);
INSERT INTO tellimused (klient_id, staatus_id, tarneviis_id, kogusumma) VALUES (243, 4, 3, 0);
INSERT INTO tellimuse_read (tellimus_id, toode_id, kogus, uhikuhind) VALUES (760, 80, 2, 549.38);
INSERT INTO tellimuse_read (tellimus_id, toode_id, kogus, uhikuhind) VALUES (760, 28, 4, 989.04);
INSERT INTO tellimuse_read (tellimus_id, toode_id, kogus, uhikuhind) VALUES (760, 43, 1, 549.01);
UPDATE tellimused SET kogusumma = 5603.93 WHERE id = 760;
INSERT INTO arved (tellimus_id, number, kuupaev, maksetahtaeg, tasutud) VALUES (760, 'ARV-2026-00760', CURRENT_DATE(), CURRENT_DATE(), 1);
INSERT INTO maksed (arve_id, makseviis_id, summa) VALUES (760, 1, 5603.93);
INSERT INTO tellimused (klient_id, staatus_id, tarneviis_id, kogusumma) VALUES (330, 3, 3, 0);
INSERT INTO tellimuse_read (tellimus_id, toode_id, kogus, uhikuhind) VALUES (761, 112, 4, 210.21);
INSERT INTO tellimuse_read (tellimus_id, toode_id, kogus, uhikuhind) VALUES (761, 76, 2, 491.88);
INSERT INTO tellimuse_read (tellimus_id, toode_id, kogus, uhikuhind) VALUES (761, 87, 4, 91.18);
INSERT INTO tellimuse_read (tellimus_id, toode_id, kogus, uhikuhind) VALUES (761, 121, 3, 537.16);
INSERT INTO tellimuse_read (tellimus_id, toode_id, kogus, uhikuhind) VALUES (761, 85, 3, 920.53);
UPDATE tellimused SET kogusumma = 6562.39 WHERE id = 761;
INSERT INTO arved (tellimus_id, number, kuupaev, maksetahtaeg, tasutud) VALUES (761, 'ARV-2026-00761', CURRENT_DATE(), CURRENT_DATE(), 1);
INSERT INTO maksed (arve_id, makseviis_id, summa) VALUES (761, 3, 6562.39);
INSERT INTO tellimused (klient_id, staatus_id, tarneviis_id, kogusumma) VALUES (116, 4, 3, 0);
INSERT INTO tellimuse_read (tellimus_id, toode_id, kogus, uhikuhind) VALUES (762, 45, 2, 1046.82);
INSERT INTO tellimuse_read (tellimus_id, toode_id, kogus, uhikuhind) VALUES (762, 11, 2, 980.79);
UPDATE tellimused SET kogusumma = 4055.22 WHERE id = 762;
INSERT INTO arved (tellimus_id, number, kuupaev, maksetahtaeg, tasutud) VALUES (762, 'ARV-2026-00762', CURRENT_DATE(), CURRENT_DATE(), 1);
INSERT INTO maksed (arve_id, makseviis_id, summa) VALUES (762, 2, 4055.22);
INSERT INTO tellimused (klient_id, staatus_id, tarneviis_id, kogusumma) VALUES (207, 4, 3, 0);
INSERT INTO tellimuse_read (tellimus_id, toode_id, kogus, uhikuhind) VALUES (763, 59, 4, 634.88);
INSERT INTO tellimuse_read (tellimus_id, toode_id, kogus, uhikuhind) VALUES (763, 110, 4, 940.17);
UPDATE tellimused SET kogusumma = 6300.2 WHERE id = 763;
INSERT INTO arved (tellimus_id, number, kuupaev, maksetahtaeg, tasutud) VALUES (763, 'ARV-2026-00763', CURRENT_DATE(), CURRENT_DATE(), 1);
INSERT INTO maksed (arve_id, makseviis_id, summa) VALUES (763, 1, 6300.2);
INSERT INTO tellimused (klient_id, staatus_id, tarneviis_id, kogusumma) VALUES (151, 3, 3, 0);
INSERT INTO tellimuse_read (tellimus_id, toode_id, kogus, uhikuhind) VALUES (764, 11, 4, 980.79);
INSERT INTO tellimuse_read (tellimus_id, toode_id, kogus, uhikuhind) VALUES (764, 139, 2, 9.21);
INSERT INTO tellimuse_read (tellimus_id, toode_id, kogus, uhikuhind) VALUES (764, 109, 2, 151.7);
INSERT INTO tellimuse_read (tellimus_id, toode_id, kogus, uhikuhind) VALUES (764, 35, 4, 1210.41);
UPDATE tellimused SET kogusumma = 9086.62 WHERE id = 764;
INSERT INTO arved (tellimus_id, number, kuupaev, maksetahtaeg, tasutud) VALUES (764, 'ARV-2026-00764', CURRENT_DATE(), CURRENT_DATE(), 1);
INSERT INTO maksed (arve_id, makseviis_id, summa) VALUES (764, 2, 9086.62);
INSERT INTO tellimused (klient_id, staatus_id, tarneviis_id, kogusumma) VALUES (395, 1, 2, 0);
INSERT INTO tellimuse_read (tellimus_id, toode_id, kogus, uhikuhind) VALUES (765, 64, 4, 1054.16);
UPDATE tellimused SET kogusumma = 4219.54 WHERE id = 765;
INSERT INTO arved (tellimus_id, number, kuupaev, maksetahtaeg, tasutud) VALUES (765, 'ARV-2026-00765', CURRENT_DATE(), CURRENT_DATE(), 0);
INSERT INTO tellimused (klient_id, staatus_id, tarneviis_id, kogusumma) VALUES (220, 2, 3, 0);
INSERT INTO tellimuse_read (tellimus_id, toode_id, kogus, uhikuhind) VALUES (766, 39, 3, 207.71);
INSERT INTO tellimuse_read (tellimus_id, toode_id, kogus, uhikuhind) VALUES (766, 136, 1, 56.7);
INSERT INTO tellimuse_read (tellimus_id, toode_id, kogus, uhikuhind) VALUES (766, 30, 4, 417.38);
UPDATE tellimused SET kogusumma = 2349.35 WHERE id = 766;
INSERT INTO arved (tellimus_id, number, kuupaev, maksetahtaeg, tasutud) VALUES (766, 'ARV-2026-00766', CURRENT_DATE(), CURRENT_DATE(), 0);
INSERT INTO tellimused (klient_id, staatus_id, tarneviis_id, kogusumma) VALUES (12, 2, 2, 0);
INSERT INTO tellimuse_read (tellimus_id, toode_id, kogus, uhikuhind) VALUES (767, 119, 2, 1267.05);
INSERT INTO tellimuse_read (tellimus_id, toode_id, kogus, uhikuhind) VALUES (767, 118, 3, 529.61);
INSERT INTO tellimuse_read (tellimus_id, toode_id, kogus, uhikuhind) VALUES (767, 48, 1, 650.28);
INSERT INTO tellimuse_read (tellimus_id, toode_id, kogus, uhikuhind) VALUES (767, 127, 4, 133.59);
INSERT INTO tellimuse_read (tellimus_id, toode_id, kogus, uhikuhind) VALUES (767, 50, 4, 1049.16);
UPDATE tellimused SET kogusumma = 9507.11 WHERE id = 767;
INSERT INTO arved (tellimus_id, number, kuupaev, maksetahtaeg, tasutud) VALUES (767, 'ARV-2026-00767', CURRENT_DATE(), CURRENT_DATE(), 0);
INSERT INTO tellimused (klient_id, staatus_id, tarneviis_id, kogusumma) VALUES (35, 4, 3, 0);
INSERT INTO tellimuse_read (tellimus_id, toode_id, kogus, uhikuhind) VALUES (768, 14, 2, 950.37);
INSERT INTO tellimuse_read (tellimus_id, toode_id, kogus, uhikuhind) VALUES (768, 11, 2, 980.79);
INSERT INTO tellimuse_read (tellimus_id, toode_id, kogus, uhikuhind) VALUES (768, 47, 4, 1136.92);
INSERT INTO tellimuse_read (tellimus_id, toode_id, kogus, uhikuhind) VALUES (768, 136, 1, 56.7);
INSERT INTO tellimuse_read (tellimus_id, toode_id, kogus, uhikuhind) VALUES (768, 43, 4, 549.01);
UPDATE tellimused SET kogusumma = 10662.74 WHERE id = 768;
INSERT INTO arved (tellimus_id, number, kuupaev, maksetahtaeg, tasutud) VALUES (768, 'ARV-2026-00768', CURRENT_DATE(), CURRENT_DATE(), 1);
INSERT INTO maksed (arve_id, makseviis_id, summa) VALUES (768, 1, 10662.74);
INSERT INTO tellimused (klient_id, staatus_id, tarneviis_id, kogusumma) VALUES (472, 1, 1, 0);
INSERT INTO tellimuse_read (tellimus_id, toode_id, kogus, uhikuhind) VALUES (769, 90, 1, 864.74);
UPDATE tellimused SET kogusumma = 870.64 WHERE id = 769;
INSERT INTO arved (tellimus_id, number, kuupaev, maksetahtaeg, tasutud) VALUES (769, 'ARV-2026-00769', CURRENT_DATE(), CURRENT_DATE(), 0);
INSERT INTO tellimused (klient_id, staatus_id, tarneviis_id, kogusumma) VALUES (448, 2, 2, 0);
INSERT INTO tellimuse_read (tellimus_id, toode_id, kogus, uhikuhind) VALUES (770, 27, 3, 1463.52);
INSERT INTO tellimuse_read (tellimus_id, toode_id, kogus, uhikuhind) VALUES (770, 149, 1, 1250.69);
INSERT INTO tellimuse_read (tellimus_id, toode_id, kogus, uhikuhind) VALUES (770, 66, 4, 712.62);
UPDATE tellimused SET kogusumma = 8494.63 WHERE id = 770;
INSERT INTO arved (tellimus_id, number, kuupaev, maksetahtaeg, tasutud) VALUES (770, 'ARV-2026-00770', CURRENT_DATE(), CURRENT_DATE(), 0);
INSERT INTO tellimused (klient_id, staatus_id, tarneviis_id, kogusumma) VALUES (367, 4, 3, 0);
INSERT INTO tellimuse_read (tellimus_id, toode_id, kogus, uhikuhind) VALUES (771, 112, 1, 210.21);
INSERT INTO tellimuse_read (tellimus_id, toode_id, kogus, uhikuhind) VALUES (771, 30, 3, 417.38);
INSERT INTO tellimuse_read (tellimus_id, toode_id, kogus, uhikuhind) VALUES (771, 138, 3, 1372.15);
INSERT INTO tellimuse_read (tellimus_id, toode_id, kogus, uhikuhind) VALUES (771, 40, 4, 1185.79);
UPDATE tellimused SET kogusumma = 10321.96 WHERE id = 771;
INSERT INTO arved (tellimus_id, number, kuupaev, maksetahtaeg, tasutud) VALUES (771, 'ARV-2026-00771', CURRENT_DATE(), CURRENT_DATE(), 1);
INSERT INTO maksed (arve_id, makseviis_id, summa) VALUES (771, 3, 10321.96);
INSERT INTO tellimused (klient_id, staatus_id, tarneviis_id, kogusumma) VALUES (468, 1, 1, 0);
INSERT INTO tellimuse_read (tellimus_id, toode_id, kogus, uhikuhind) VALUES (772, 36, 3, 1394.94);
INSERT INTO tellimuse_read (tellimus_id, toode_id, kogus, uhikuhind) VALUES (772, 121, 3, 537.16);
INSERT INTO tellimuse_read (tellimus_id, toode_id, kogus, uhikuhind) VALUES (772, 82, 1, 771.06);
UPDATE tellimused SET kogusumma = 6573.26 WHERE id = 772;
INSERT INTO arved (tellimus_id, number, kuupaev, maksetahtaeg, tasutud) VALUES (772, 'ARV-2026-00772', CURRENT_DATE(), CURRENT_DATE(), 0);
INSERT INTO tellimused (klient_id, staatus_id, tarneviis_id, kogusumma) VALUES (191, 1, 1, 0);
INSERT INTO tellimuse_read (tellimus_id, toode_id, kogus, uhikuhind) VALUES (773, 117, 1, 147.71);
INSERT INTO tellimuse_read (tellimus_id, toode_id, kogus, uhikuhind) VALUES (773, 37, 2, 1435.53);
INSERT INTO tellimuse_read (tellimus_id, toode_id, kogus, uhikuhind) VALUES (773, 77, 1, 730.23);
INSERT INTO tellimuse_read (tellimus_id, toode_id, kogus, uhikuhind) VALUES (773, 3, 1, 905.41);
INSERT INTO tellimuse_read (tellimus_id, toode_id, kogus, uhikuhind) VALUES (773, 120, 2, 1026.9);
UPDATE tellimused SET kogusumma = 6714.11 WHERE id = 773;
INSERT INTO arved (tellimus_id, number, kuupaev, maksetahtaeg, tasutud) VALUES (773, 'ARV-2026-00773', CURRENT_DATE(), CURRENT_DATE(), 0);
INSERT INTO tellimused (klient_id, staatus_id, tarneviis_id, kogusumma) VALUES (295, 1, 2, 0);
INSERT INTO tellimuse_read (tellimus_id, toode_id, kogus, uhikuhind) VALUES (774, 53, 4, 112.5);
INSERT INTO tellimuse_read (tellimus_id, toode_id, kogus, uhikuhind) VALUES (774, 42, 3, 744.92);
INSERT INTO tellimuse_read (tellimus_id, toode_id, kogus, uhikuhind) VALUES (774, 88, 3, 904.75);
UPDATE tellimused SET kogusumma = 5401.91 WHERE id = 774;
INSERT INTO arved (tellimus_id, number, kuupaev, maksetahtaeg, tasutud) VALUES (774, 'ARV-2026-00774', CURRENT_DATE(), CURRENT_DATE(), 0);
INSERT INTO tellimused (klient_id, staatus_id, tarneviis_id, kogusumma) VALUES (252, 1, 2, 0);
INSERT INTO tellimuse_read (tellimus_id, toode_id, kogus, uhikuhind) VALUES (775, 118, 3, 529.61);
UPDATE tellimused SET kogusumma = 1591.73 WHERE id = 775;
INSERT INTO arved (tellimus_id, number, kuupaev, maksetahtaeg, tasutud) VALUES (775, 'ARV-2026-00775', CURRENT_DATE(), CURRENT_DATE(), 0);
INSERT INTO tellimused (klient_id, staatus_id, tarneviis_id, kogusumma) VALUES (203, 2, 2, 0);
INSERT INTO tellimuse_read (tellimus_id, toode_id, kogus, uhikuhind) VALUES (776, 91, 4, 238.14);
INSERT INTO tellimuse_read (tellimus_id, toode_id, kogus, uhikuhind) VALUES (776, 64, 3, 1054.16);
INSERT INTO tellimuse_read (tellimus_id, toode_id, kogus, uhikuhind) VALUES (776, 4, 2, 908.2);
INSERT INTO tellimuse_read (tellimus_id, toode_id, kogus, uhikuhind) VALUES (776, 148, 3, 184.12);
UPDATE tellimused SET kogusumma = 6486.7 WHERE id = 776;
INSERT INTO arved (tellimus_id, number, kuupaev, maksetahtaeg, tasutud) VALUES (776, 'ARV-2026-00776', CURRENT_DATE(), CURRENT_DATE(), 0);
INSERT INTO tellimused (klient_id, staatus_id, tarneviis_id, kogusumma) VALUES (162, 4, 1, 0);
INSERT INTO tellimuse_read (tellimus_id, toode_id, kogus, uhikuhind) VALUES (777, 44, 3, 226.18);
INSERT INTO tellimuse_read (tellimus_id, toode_id, kogus, uhikuhind) VALUES (777, 21, 3, 1321.31);
UPDATE tellimused SET kogusumma = 4648.37 WHERE id = 777;
INSERT INTO arved (tellimus_id, number, kuupaev, maksetahtaeg, tasutud) VALUES (777, 'ARV-2026-00777', CURRENT_DATE(), CURRENT_DATE(), 1);
INSERT INTO maksed (arve_id, makseviis_id, summa) VALUES (777, 3, 4648.37);
INSERT INTO tellimused (klient_id, staatus_id, tarneviis_id, kogusumma) VALUES (93, 1, 1, 0);
INSERT INTO tellimuse_read (tellimus_id, toode_id, kogus, uhikuhind) VALUES (778, 74, 1, 392.93);
INSERT INTO tellimuse_read (tellimus_id, toode_id, kogus, uhikuhind) VALUES (778, 71, 1, 1393.75);
INSERT INTO tellimuse_read (tellimus_id, toode_id, kogus, uhikuhind) VALUES (778, 106, 4, 852.04);
INSERT INTO tellimuse_read (tellimus_id, toode_id, kogus, uhikuhind) VALUES (778, 64, 4, 1054.16);
INSERT INTO tellimuse_read (tellimus_id, toode_id, kogus, uhikuhind) VALUES (778, 26, 1, 173.68);
UPDATE tellimused SET kogusumma = 9591.06 WHERE id = 778;
INSERT INTO arved (tellimus_id, number, kuupaev, maksetahtaeg, tasutud) VALUES (778, 'ARV-2026-00778', CURRENT_DATE(), CURRENT_DATE(), 0);
INSERT INTO tellimused (klient_id, staatus_id, tarneviis_id, kogusumma) VALUES (206, 1, 3, 0);
INSERT INTO tellimuse_read (tellimus_id, toode_id, kogus, uhikuhind) VALUES (779, 62, 4, 728.03);
INSERT INTO tellimuse_read (tellimus_id, toode_id, kogus, uhikuhind) VALUES (779, 100, 1, 633.82);
UPDATE tellimused SET kogusumma = 3545.94 WHERE id = 779;
INSERT INTO arved (tellimus_id, number, kuupaev, maksetahtaeg, tasutud) VALUES (779, 'ARV-2026-00779', CURRENT_DATE(), CURRENT_DATE(), 0);
INSERT INTO tellimused (klient_id, staatus_id, tarneviis_id, kogusumma) VALUES (292, 1, 3, 0);
INSERT INTO tellimuse_read (tellimus_id, toode_id, kogus, uhikuhind) VALUES (780, 55, 3, 21.4);
INSERT INTO tellimuse_read (tellimus_id, toode_id, kogus, uhikuhind) VALUES (780, 106, 1, 852.04);
INSERT INTO tellimuse_read (tellimus_id, toode_id, kogus, uhikuhind) VALUES (780, 47, 3, 1136.92);
INSERT INTO tellimuse_read (tellimus_id, toode_id, kogus, uhikuhind) VALUES (780, 75, 2, 23.4);
UPDATE tellimused SET kogusumma = 4373.8 WHERE id = 780;
INSERT INTO arved (tellimus_id, number, kuupaev, maksetahtaeg, tasutud) VALUES (780, 'ARV-2026-00780', CURRENT_DATE(), CURRENT_DATE(), 0);
INSERT INTO tellimused (klient_id, staatus_id, tarneviis_id, kogusumma) VALUES (39, 2, 3, 0);
INSERT INTO tellimuse_read (tellimus_id, toode_id, kogus, uhikuhind) VALUES (781, 77, 4, 730.23);
UPDATE tellimused SET kogusumma = 2920.92 WHERE id = 781;
INSERT INTO arved (tellimus_id, number, kuupaev, maksetahtaeg, tasutud) VALUES (781, 'ARV-2026-00781', CURRENT_DATE(), CURRENT_DATE(), 0);
INSERT INTO tellimused (klient_id, staatus_id, tarneviis_id, kogusumma) VALUES (291, 4, 1, 0);
INSERT INTO tellimuse_read (tellimus_id, toode_id, kogus, uhikuhind) VALUES (782, 117, 2, 147.71);
INSERT INTO tellimuse_read (tellimus_id, toode_id, kogus, uhikuhind) VALUES (782, 32, 1, 84.37);
INSERT INTO tellimuse_read (tellimus_id, toode_id, kogus, uhikuhind) VALUES (782, 94, 3, 1067.21);
INSERT INTO tellimuse_read (tellimus_id, toode_id, kogus, uhikuhind) VALUES (782, 1, 1, 284.93);
INSERT INTO tellimuse_read (tellimus_id, toode_id, kogus, uhikuhind) VALUES (782, 98, 4, 779.6);
UPDATE tellimused SET kogusumma = 6990.65 WHERE id = 782;
INSERT INTO arved (tellimus_id, number, kuupaev, maksetahtaeg, tasutud) VALUES (782, 'ARV-2026-00782', CURRENT_DATE(), CURRENT_DATE(), 1);
INSERT INTO maksed (arve_id, makseviis_id, summa) VALUES (782, 3, 6990.65);
INSERT INTO tellimused (klient_id, staatus_id, tarneviis_id, kogusumma) VALUES (481, 4, 3, 0);
INSERT INTO tellimuse_read (tellimus_id, toode_id, kogus, uhikuhind) VALUES (783, 102, 4, 1447.41);
INSERT INTO tellimuse_read (tellimus_id, toode_id, kogus, uhikuhind) VALUES (783, 41, 2, 757.66);
UPDATE tellimused SET kogusumma = 7304.96 WHERE id = 783;
INSERT INTO arved (tellimus_id, number, kuupaev, maksetahtaeg, tasutud) VALUES (783, 'ARV-2026-00783', CURRENT_DATE(), CURRENT_DATE(), 1);
INSERT INTO maksed (arve_id, makseviis_id, summa) VALUES (783, 2, 7304.96);
INSERT INTO tellimused (klient_id, staatus_id, tarneviis_id, kogusumma) VALUES (141, 4, 3, 0);
INSERT INTO tellimuse_read (tellimus_id, toode_id, kogus, uhikuhind) VALUES (784, 140, 1, 1441.36);
UPDATE tellimused SET kogusumma = 1441.36 WHERE id = 784;
INSERT INTO arved (tellimus_id, number, kuupaev, maksetahtaeg, tasutud) VALUES (784, 'ARV-2026-00784', CURRENT_DATE(), CURRENT_DATE(), 1);
INSERT INTO maksed (arve_id, makseviis_id, summa) VALUES (784, 2, 1441.36);
INSERT INTO tellimused (klient_id, staatus_id, tarneviis_id, kogusumma) VALUES (275, 3, 3, 0);
INSERT INTO tellimuse_read (tellimus_id, toode_id, kogus, uhikuhind) VALUES (785, 118, 3, 529.61);
UPDATE tellimused SET kogusumma = 1588.83 WHERE id = 785;
INSERT INTO arved (tellimus_id, number, kuupaev, maksetahtaeg, tasutud) VALUES (785, 'ARV-2026-00785', CURRENT_DATE(), CURRENT_DATE(), 1);
INSERT INTO maksed (arve_id, makseviis_id, summa) VALUES (785, 2, 1588.83);
INSERT INTO tellimused (klient_id, staatus_id, tarneviis_id, kogusumma) VALUES (322, 3, 1, 0);
INSERT INTO tellimuse_read (tellimus_id, toode_id, kogus, uhikuhind) VALUES (786, 146, 1, 598.89);
INSERT INTO tellimuse_read (tellimus_id, toode_id, kogus, uhikuhind) VALUES (786, 134, 1, 28.46);
INSERT INTO tellimuse_read (tellimus_id, toode_id, kogus, uhikuhind) VALUES (786, 54, 4, 1409.57);
INSERT INTO tellimuse_read (tellimus_id, toode_id, kogus, uhikuhind) VALUES (786, 60, 1, 433.47);
INSERT INTO tellimuse_read (tellimus_id, toode_id, kogus, uhikuhind) VALUES (786, 103, 2, 1221.75);
UPDATE tellimused SET kogusumma = 9148.5 WHERE id = 786;
INSERT INTO arved (tellimus_id, number, kuupaev, maksetahtaeg, tasutud) VALUES (786, 'ARV-2026-00786', CURRENT_DATE(), CURRENT_DATE(), 1);
INSERT INTO maksed (arve_id, makseviis_id, summa) VALUES (786, 3, 9148.5);
INSERT INTO tellimused (klient_id, staatus_id, tarneviis_id, kogusumma) VALUES (125, 3, 2, 0);
INSERT INTO tellimuse_read (tellimus_id, toode_id, kogus, uhikuhind) VALUES (787, 19, 2, 261.3);
INSERT INTO tellimuse_read (tellimus_id, toode_id, kogus, uhikuhind) VALUES (787, 92, 3, 707.08);
INSERT INTO tellimuse_read (tellimus_id, toode_id, kogus, uhikuhind) VALUES (787, 25, 2, 1425.3);
INSERT INTO tellimuse_read (tellimus_id, toode_id, kogus, uhikuhind) VALUES (787, 106, 4, 852.04);
INSERT INTO tellimuse_read (tellimus_id, toode_id, kogus, uhikuhind) VALUES (787, 14, 3, 950.37);
UPDATE tellimused SET kogusumma = 11756.61 WHERE id = 787;
INSERT INTO arved (tellimus_id, number, kuupaev, maksetahtaeg, tasutud) VALUES (787, 'ARV-2026-00787', CURRENT_DATE(), CURRENT_DATE(), 1);
INSERT INTO maksed (arve_id, makseviis_id, summa) VALUES (787, 1, 11756.61);
INSERT INTO tellimused (klient_id, staatus_id, tarneviis_id, kogusumma) VALUES (12, 3, 1, 0);
INSERT INTO tellimuse_read (tellimus_id, toode_id, kogus, uhikuhind) VALUES (788, 146, 3, 598.89);
INSERT INTO tellimuse_read (tellimus_id, toode_id, kogus, uhikuhind) VALUES (788, 79, 2, 736.42);
INSERT INTO tellimuse_read (tellimus_id, toode_id, kogus, uhikuhind) VALUES (788, 59, 3, 634.88);
INSERT INTO tellimuse_read (tellimus_id, toode_id, kogus, uhikuhind) VALUES (788, 11, 4, 980.79);
UPDATE tellimused SET kogusumma = 9103.21 WHERE id = 788;
INSERT INTO arved (tellimus_id, number, kuupaev, maksetahtaeg, tasutud) VALUES (788, 'ARV-2026-00788', CURRENT_DATE(), CURRENT_DATE(), 1);
INSERT INTO maksed (arve_id, makseviis_id, summa) VALUES (788, 3, 9103.21);
INSERT INTO tellimused (klient_id, staatus_id, tarneviis_id, kogusumma) VALUES (39, 2, 1, 0);
INSERT INTO tellimuse_read (tellimus_id, toode_id, kogus, uhikuhind) VALUES (789, 147, 4, 576.36);
INSERT INTO tellimuse_read (tellimus_id, toode_id, kogus, uhikuhind) VALUES (789, 105, 1, 1195.5);
INSERT INTO tellimuse_read (tellimus_id, toode_id, kogus, uhikuhind) VALUES (789, 59, 1, 634.88);
INSERT INTO tellimuse_read (tellimus_id, toode_id, kogus, uhikuhind) VALUES (789, 111, 2, 1205.16);
INSERT INTO tellimuse_read (tellimus_id, toode_id, kogus, uhikuhind) VALUES (789, 60, 3, 433.47);
UPDATE tellimused SET kogusumma = 7852.45 WHERE id = 789;
INSERT INTO arved (tellimus_id, number, kuupaev, maksetahtaeg, tasutud) VALUES (789, 'ARV-2026-00789', CURRENT_DATE(), CURRENT_DATE(), 0);
INSERT INTO tellimused (klient_id, staatus_id, tarneviis_id, kogusumma) VALUES (440, 1, 3, 0);
INSERT INTO tellimuse_read (tellimus_id, toode_id, kogus, uhikuhind) VALUES (790, 65, 2, 582.18);
INSERT INTO tellimuse_read (tellimus_id, toode_id, kogus, uhikuhind) VALUES (790, 34, 2, 704.2);
UPDATE tellimused SET kogusumma = 2572.76 WHERE id = 790;
INSERT INTO arved (tellimus_id, number, kuupaev, maksetahtaeg, tasutud) VALUES (790, 'ARV-2026-00790', CURRENT_DATE(), CURRENT_DATE(), 0);
INSERT INTO tellimused (klient_id, staatus_id, tarneviis_id, kogusumma) VALUES (37, 3, 2, 0);
INSERT INTO tellimuse_read (tellimus_id, toode_id, kogus, uhikuhind) VALUES (791, 62, 3, 728.03);
INSERT INTO tellimuse_read (tellimus_id, toode_id, kogus, uhikuhind) VALUES (791, 15, 4, 801.46);
UPDATE tellimused SET kogusumma = 5392.83 WHERE id = 791;
INSERT INTO arved (tellimus_id, number, kuupaev, maksetahtaeg, tasutud) VALUES (791, 'ARV-2026-00791', CURRENT_DATE(), CURRENT_DATE(), 1);
INSERT INTO maksed (arve_id, makseviis_id, summa) VALUES (791, 3, 5392.83);
INSERT INTO tellimused (klient_id, staatus_id, tarneviis_id, kogusumma) VALUES (477, 1, 3, 0);
INSERT INTO tellimuse_read (tellimus_id, toode_id, kogus, uhikuhind) VALUES (792, 8, 1, 1270.6);
UPDATE tellimused SET kogusumma = 1270.6 WHERE id = 792;
INSERT INTO arved (tellimus_id, number, kuupaev, maksetahtaeg, tasutud) VALUES (792, 'ARV-2026-00792', CURRENT_DATE(), CURRENT_DATE(), 0);
INSERT INTO tellimused (klient_id, staatus_id, tarneviis_id, kogusumma) VALUES (461, 2, 2, 0);
INSERT INTO tellimuse_read (tellimus_id, toode_id, kogus, uhikuhind) VALUES (793, 113, 2, 1051.2);
INSERT INTO tellimuse_read (tellimus_id, toode_id, kogus, uhikuhind) VALUES (793, 54, 2, 1409.57);
INSERT INTO tellimuse_read (tellimus_id, toode_id, kogus, uhikuhind) VALUES (793, 87, 1, 91.18);
INSERT INTO tellimuse_read (tellimus_id, toode_id, kogus, uhikuhind) VALUES (793, 124, 1, 55.84);
UPDATE tellimused SET kogusumma = 5071.46 WHERE id = 793;
INSERT INTO arved (tellimus_id, number, kuupaev, maksetahtaeg, tasutud) VALUES (793, 'ARV-2026-00793', CURRENT_DATE(), CURRENT_DATE(), 0);
INSERT INTO tellimused (klient_id, staatus_id, tarneviis_id, kogusumma) VALUES (283, 4, 1, 0);
INSERT INTO tellimuse_read (tellimus_id, toode_id, kogus, uhikuhind) VALUES (794, 21, 4, 1321.31);
UPDATE tellimused SET kogusumma = 5291.14 WHERE id = 794;
INSERT INTO arved (tellimus_id, number, kuupaev, maksetahtaeg, tasutud) VALUES (794, 'ARV-2026-00794', CURRENT_DATE(), CURRENT_DATE(), 1);
INSERT INTO maksed (arve_id, makseviis_id, summa) VALUES (794, 2, 5291.14);
INSERT INTO tellimused (klient_id, staatus_id, tarneviis_id, kogusumma) VALUES (244, 3, 3, 0);
INSERT INTO tellimuse_read (tellimus_id, toode_id, kogus, uhikuhind) VALUES (795, 109, 1, 151.7);
INSERT INTO tellimuse_read (tellimus_id, toode_id, kogus, uhikuhind) VALUES (795, 148, 4, 184.12);
INSERT INTO tellimuse_read (tellimus_id, toode_id, kogus, uhikuhind) VALUES (795, 111, 3, 1205.16);
INSERT INTO tellimuse_read (tellimus_id, toode_id, kogus, uhikuhind) VALUES (795, 116, 3, 479.92);
UPDATE tellimused SET kogusumma = 5943.42 WHERE id = 795;
INSERT INTO arved (tellimus_id, number, kuupaev, maksetahtaeg, tasutud) VALUES (795, 'ARV-2026-00795', CURRENT_DATE(), CURRENT_DATE(), 1);
INSERT INTO maksed (arve_id, makseviis_id, summa) VALUES (795, 2, 5943.42);
INSERT INTO tellimused (klient_id, staatus_id, tarneviis_id, kogusumma) VALUES (446, 1, 1, 0);
INSERT INTO tellimuse_read (tellimus_id, toode_id, kogus, uhikuhind) VALUES (796, 147, 4, 576.36);
INSERT INTO tellimuse_read (tellimus_id, toode_id, kogus, uhikuhind) VALUES (796, 70, 3, 524.94);
INSERT INTO tellimuse_read (tellimus_id, toode_id, kogus, uhikuhind) VALUES (796, 86, 4, 1436.12);
INSERT INTO tellimuse_read (tellimus_id, toode_id, kogus, uhikuhind) VALUES (796, 56, 4, 1414.95);
INSERT INTO tellimuse_read (tellimus_id, toode_id, kogus, uhikuhind) VALUES (796, 9, 4, 470.38);
UPDATE tellimused SET kogusumma = 17171.96 WHERE id = 796;
INSERT INTO arved (tellimus_id, number, kuupaev, maksetahtaeg, tasutud) VALUES (796, 'ARV-2026-00796', CURRENT_DATE(), CURRENT_DATE(), 0);
INSERT INTO tellimused (klient_id, staatus_id, tarneviis_id, kogusumma) VALUES (259, 1, 3, 0);
INSERT INTO tellimuse_read (tellimus_id, toode_id, kogus, uhikuhind) VALUES (797, 59, 2, 634.88);
INSERT INTO tellimuse_read (tellimus_id, toode_id, kogus, uhikuhind) VALUES (797, 143, 3, 291.2);
INSERT INTO tellimuse_read (tellimus_id, toode_id, kogus, uhikuhind) VALUES (797, 101, 3, 547.73);
INSERT INTO tellimuse_read (tellimus_id, toode_id, kogus, uhikuhind) VALUES (797, 150, 2, 580.23);
INSERT INTO tellimuse_read (tellimus_id, toode_id, kogus, uhikuhind) VALUES (797, 1, 4, 284.93);
UPDATE tellimused SET kogusumma = 6086.73 WHERE id = 797;
INSERT INTO arved (tellimus_id, number, kuupaev, maksetahtaeg, tasutud) VALUES (797, 'ARV-2026-00797', CURRENT_DATE(), CURRENT_DATE(), 0);
INSERT INTO tellimused (klient_id, staatus_id, tarneviis_id, kogusumma) VALUES (330, 1, 1, 0);
INSERT INTO tellimuse_read (tellimus_id, toode_id, kogus, uhikuhind) VALUES (798, 46, 2, 1318.99);
INSERT INTO tellimuse_read (tellimus_id, toode_id, kogus, uhikuhind) VALUES (798, 125, 3, 987.42);
INSERT INTO tellimuse_read (tellimus_id, toode_id, kogus, uhikuhind) VALUES (798, 85, 2, 920.53);
UPDATE tellimused SET kogusumma = 7447.2 WHERE id = 798;
INSERT INTO arved (tellimus_id, number, kuupaev, maksetahtaeg, tasutud) VALUES (798, 'ARV-2026-00798', CURRENT_DATE(), CURRENT_DATE(), 0);
INSERT INTO tellimused (klient_id, staatus_id, tarneviis_id, kogusumma) VALUES (492, 2, 2, 0);
INSERT INTO tellimuse_read (tellimus_id, toode_id, kogus, uhikuhind) VALUES (799, 18, 4, 1301.05);
INSERT INTO tellimuse_read (tellimus_id, toode_id, kogus, uhikuhind) VALUES (799, 138, 2, 1372.15);
INSERT INTO tellimuse_read (tellimus_id, toode_id, kogus, uhikuhind) VALUES (799, 106, 3, 852.04);
UPDATE tellimused SET kogusumma = 10507.52 WHERE id = 799;
INSERT INTO arved (tellimus_id, number, kuupaev, maksetahtaeg, tasutud) VALUES (799, 'ARV-2026-00799', CURRENT_DATE(), CURRENT_DATE(), 0);
INSERT INTO tellimused (klient_id, staatus_id, tarneviis_id, kogusumma) VALUES (98, 2, 3, 0);
INSERT INTO tellimuse_read (tellimus_id, toode_id, kogus, uhikuhind) VALUES (800, 139, 1, 9.21);
UPDATE tellimused SET kogusumma = 9.21 WHERE id = 800;
INSERT INTO arved (tellimus_id, number, kuupaev, maksetahtaeg, tasutud) VALUES (800, 'ARV-2026-00800', CURRENT_DATE(), CURRENT_DATE(), 0);
INSERT INTO tellimused (klient_id, staatus_id, tarneviis_id, kogusumma) VALUES (338, 2, 3, 0);
INSERT INTO tellimuse_read (tellimus_id, toode_id, kogus, uhikuhind) VALUES (801, 95, 4, 1375.85);
INSERT INTO tellimuse_read (tellimus_id, toode_id, kogus, uhikuhind) VALUES (801, 82, 2, 771.06);
UPDATE tellimused SET kogusumma = 7045.52 WHERE id = 801;
INSERT INTO arved (tellimus_id, number, kuupaev, maksetahtaeg, tasutud) VALUES (801, 'ARV-2026-00801', CURRENT_DATE(), CURRENT_DATE(), 0);
INSERT INTO tellimused (klient_id, staatus_id, tarneviis_id, kogusumma) VALUES (244, 2, 3, 0);
INSERT INTO tellimuse_read (tellimus_id, toode_id, kogus, uhikuhind) VALUES (802, 42, 2, 744.92);
INSERT INTO tellimuse_read (tellimus_id, toode_id, kogus, uhikuhind) VALUES (802, 32, 4, 84.37);
UPDATE tellimused SET kogusumma = 1827.32 WHERE id = 802;
INSERT INTO arved (tellimus_id, number, kuupaev, maksetahtaeg, tasutud) VALUES (802, 'ARV-2026-00802', CURRENT_DATE(), CURRENT_DATE(), 0);
INSERT INTO tellimused (klient_id, staatus_id, tarneviis_id, kogusumma) VALUES (65, 4, 3, 0);
INSERT INTO tellimuse_read (tellimus_id, toode_id, kogus, uhikuhind) VALUES (803, 12, 3, 51.28);
INSERT INTO tellimuse_read (tellimus_id, toode_id, kogus, uhikuhind) VALUES (803, 35, 3, 1210.41);
INSERT INTO tellimuse_read (tellimus_id, toode_id, kogus, uhikuhind) VALUES (803, 125, 3, 987.42);
INSERT INTO tellimuse_read (tellimus_id, toode_id, kogus, uhikuhind) VALUES (803, 114, 2, 805.9);
UPDATE tellimused SET kogusumma = 8359.13 WHERE id = 803;
INSERT INTO arved (tellimus_id, number, kuupaev, maksetahtaeg, tasutud) VALUES (803, 'ARV-2026-00803', CURRENT_DATE(), CURRENT_DATE(), 1);
INSERT INTO maksed (arve_id, makseviis_id, summa) VALUES (803, 1, 8359.13);
INSERT INTO tellimused (klient_id, staatus_id, tarneviis_id, kogusumma) VALUES (479, 2, 3, 0);
INSERT INTO tellimuse_read (tellimus_id, toode_id, kogus, uhikuhind) VALUES (804, 1, 2, 284.93);
INSERT INTO tellimuse_read (tellimus_id, toode_id, kogus, uhikuhind) VALUES (804, 20, 4, 465.78);
INSERT INTO tellimuse_read (tellimus_id, toode_id, kogus, uhikuhind) VALUES (804, 50, 1, 1049.16);
INSERT INTO tellimuse_read (tellimus_id, toode_id, kogus, uhikuhind) VALUES (804, 72, 2, 52.19);
UPDATE tellimused SET kogusumma = 3586.52 WHERE id = 804;
INSERT INTO arved (tellimus_id, number, kuupaev, maksetahtaeg, tasutud) VALUES (804, 'ARV-2026-00804', CURRENT_DATE(), CURRENT_DATE(), 0);
INSERT INTO tellimused (klient_id, staatus_id, tarneviis_id, kogusumma) VALUES (162, 2, 3, 0);
INSERT INTO tellimuse_read (tellimus_id, toode_id, kogus, uhikuhind) VALUES (805, 80, 2, 549.38);
INSERT INTO tellimuse_read (tellimus_id, toode_id, kogus, uhikuhind) VALUES (805, 25, 4, 1425.3);
INSERT INTO tellimuse_read (tellimus_id, toode_id, kogus, uhikuhind) VALUES (805, 73, 3, 211.88);
INSERT INTO tellimuse_read (tellimus_id, toode_id, kogus, uhikuhind) VALUES (805, 68, 2, 1408.93);
INSERT INTO tellimuse_read (tellimus_id, toode_id, kogus, uhikuhind) VALUES (805, 27, 3, 1463.52);
UPDATE tellimused SET kogusumma = 14644.02 WHERE id = 805;
INSERT INTO arved (tellimus_id, number, kuupaev, maksetahtaeg, tasutud) VALUES (805, 'ARV-2026-00805', CURRENT_DATE(), CURRENT_DATE(), 0);
INSERT INTO tellimused (klient_id, staatus_id, tarneviis_id, kogusumma) VALUES (136, 2, 1, 0);
INSERT INTO tellimuse_read (tellimus_id, toode_id, kogus, uhikuhind) VALUES (806, 121, 3, 537.16);
UPDATE tellimused SET kogusumma = 1617.38 WHERE id = 806;
INSERT INTO arved (tellimus_id, number, kuupaev, maksetahtaeg, tasutud) VALUES (806, 'ARV-2026-00806', CURRENT_DATE(), CURRENT_DATE(), 0);
INSERT INTO tellimused (klient_id, staatus_id, tarneviis_id, kogusumma) VALUES (414, 2, 3, 0);
INSERT INTO tellimuse_read (tellimus_id, toode_id, kogus, uhikuhind) VALUES (807, 30, 2, 417.38);
INSERT INTO tellimuse_read (tellimus_id, toode_id, kogus, uhikuhind) VALUES (807, 143, 1, 291.2);
INSERT INTO tellimuse_read (tellimus_id, toode_id, kogus, uhikuhind) VALUES (807, 81, 4, 764.27);
UPDATE tellimused SET kogusumma = 4183.04 WHERE id = 807;
INSERT INTO arved (tellimus_id, number, kuupaev, maksetahtaeg, tasutud) VALUES (807, 'ARV-2026-00807', CURRENT_DATE(), CURRENT_DATE(), 0);
INSERT INTO tellimused (klient_id, staatus_id, tarneviis_id, kogusumma) VALUES (168, 3, 2, 0);
INSERT INTO tellimuse_read (tellimus_id, toode_id, kogus, uhikuhind) VALUES (808, 57, 2, 659.85);
UPDATE tellimused SET kogusumma = 1322.6 WHERE id = 808;
INSERT INTO arved (tellimus_id, number, kuupaev, maksetahtaeg, tasutud) VALUES (808, 'ARV-2026-00808', CURRENT_DATE(), CURRENT_DATE(), 1);
INSERT INTO maksed (arve_id, makseviis_id, summa) VALUES (808, 2, 1322.6);
INSERT INTO tellimused (klient_id, staatus_id, tarneviis_id, kogusumma) VALUES (462, 1, 3, 0);
INSERT INTO tellimuse_read (tellimus_id, toode_id, kogus, uhikuhind) VALUES (809, 21, 3, 1321.31);
INSERT INTO tellimuse_read (tellimus_id, toode_id, kogus, uhikuhind) VALUES (809, 78, 4, 257.32);
UPDATE tellimused SET kogusumma = 4993.21 WHERE id = 809;
INSERT INTO arved (tellimus_id, number, kuupaev, maksetahtaeg, tasutud) VALUES (809, 'ARV-2026-00809', CURRENT_DATE(), CURRENT_DATE(), 0);
INSERT INTO tellimused (klient_id, staatus_id, tarneviis_id, kogusumma) VALUES (379, 3, 1, 0);
INSERT INTO tellimuse_read (tellimus_id, toode_id, kogus, uhikuhind) VALUES (810, 21, 4, 1321.31);
INSERT INTO tellimuse_read (tellimus_id, toode_id, kogus, uhikuhind) VALUES (810, 6, 4, 1448.04);
INSERT INTO tellimuse_read (tellimus_id, toode_id, kogus, uhikuhind) VALUES (810, 98, 4, 779.6);
INSERT INTO tellimuse_read (tellimus_id, toode_id, kogus, uhikuhind) VALUES (810, 16, 3, 131.01);
UPDATE tellimused SET kogusumma = 14594.73 WHERE id = 810;
INSERT INTO arved (tellimus_id, number, kuupaev, maksetahtaeg, tasutud) VALUES (810, 'ARV-2026-00810', CURRENT_DATE(), CURRENT_DATE(), 1);
INSERT INTO maksed (arve_id, makseviis_id, summa) VALUES (810, 2, 14594.73);
INSERT INTO tellimused (klient_id, staatus_id, tarneviis_id, kogusumma) VALUES (100, 2, 2, 0);
INSERT INTO tellimuse_read (tellimus_id, toode_id, kogus, uhikuhind) VALUES (811, 3, 3, 905.41);
INSERT INTO tellimuse_read (tellimus_id, toode_id, kogus, uhikuhind) VALUES (811, 106, 3, 852.04);
INSERT INTO tellimuse_read (tellimus_id, toode_id, kogus, uhikuhind) VALUES (811, 8, 3, 1270.6);
INSERT INTO tellimuse_read (tellimus_id, toode_id, kogus, uhikuhind) VALUES (811, 138, 2, 1372.15);
UPDATE tellimused SET kogusumma = 11831.35 WHERE id = 811;
INSERT INTO arved (tellimus_id, number, kuupaev, maksetahtaeg, tasutud) VALUES (811, 'ARV-2026-00811', CURRENT_DATE(), CURRENT_DATE(), 0);
INSERT INTO tellimused (klient_id, staatus_id, tarneviis_id, kogusumma) VALUES (461, 1, 1, 0);
INSERT INTO tellimuse_read (tellimus_id, toode_id, kogus, uhikuhind) VALUES (812, 11, 1, 980.79);
UPDATE tellimused SET kogusumma = 986.69 WHERE id = 812;
INSERT INTO arved (tellimus_id, number, kuupaev, maksetahtaeg, tasutud) VALUES (812, 'ARV-2026-00812', CURRENT_DATE(), CURRENT_DATE(), 0);
INSERT INTO tellimused (klient_id, staatus_id, tarneviis_id, kogusumma) VALUES (120, 2, 1, 0);
INSERT INTO tellimuse_read (tellimus_id, toode_id, kogus, uhikuhind) VALUES (813, 150, 3, 580.23);
INSERT INTO tellimuse_read (tellimus_id, toode_id, kogus, uhikuhind) VALUES (813, 22, 1, 1215.75);
INSERT INTO tellimuse_read (tellimus_id, toode_id, kogus, uhikuhind) VALUES (813, 6, 2, 1448.04);
INSERT INTO tellimuse_read (tellimus_id, toode_id, kogus, uhikuhind) VALUES (813, 70, 4, 524.94);
UPDATE tellimused SET kogusumma = 7958.18 WHERE id = 813;
INSERT INTO arved (tellimus_id, number, kuupaev, maksetahtaeg, tasutud) VALUES (813, 'ARV-2026-00813', CURRENT_DATE(), CURRENT_DATE(), 0);
INSERT INTO tellimused (klient_id, staatus_id, tarneviis_id, kogusumma) VALUES (277, 1, 3, 0);
INSERT INTO tellimuse_read (tellimus_id, toode_id, kogus, uhikuhind) VALUES (814, 48, 2, 650.28);
INSERT INTO tellimuse_read (tellimus_id, toode_id, kogus, uhikuhind) VALUES (814, 124, 4, 55.84);
UPDATE tellimused SET kogusumma = 1523.92 WHERE id = 814;
INSERT INTO arved (tellimus_id, number, kuupaev, maksetahtaeg, tasutud) VALUES (814, 'ARV-2026-00814', CURRENT_DATE(), CURRENT_DATE(), 0);
INSERT INTO tellimused (klient_id, staatus_id, tarneviis_id, kogusumma) VALUES (167, 2, 2, 0);
INSERT INTO tellimuse_read (tellimus_id, toode_id, kogus, uhikuhind) VALUES (815, 25, 2, 1425.3);
UPDATE tellimused SET kogusumma = 2853.5 WHERE id = 815;
INSERT INTO arved (tellimus_id, number, kuupaev, maksetahtaeg, tasutud) VALUES (815, 'ARV-2026-00815', CURRENT_DATE(), CURRENT_DATE(), 0);
INSERT INTO tellimused (klient_id, staatus_id, tarneviis_id, kogusumma) VALUES (144, 3, 2, 0);
INSERT INTO tellimuse_read (tellimus_id, toode_id, kogus, uhikuhind) VALUES (816, 141, 3, 190.7);
INSERT INTO tellimuse_read (tellimus_id, toode_id, kogus, uhikuhind) VALUES (816, 110, 1, 940.17);
INSERT INTO tellimuse_read (tellimus_id, toode_id, kogus, uhikuhind) VALUES (816, 13, 3, 294.29);
UPDATE tellimused SET kogusumma = 2398.04 WHERE id = 816;
INSERT INTO arved (tellimus_id, number, kuupaev, maksetahtaeg, tasutud) VALUES (816, 'ARV-2026-00816', CURRENT_DATE(), CURRENT_DATE(), 1);
INSERT INTO maksed (arve_id, makseviis_id, summa) VALUES (816, 3, 2398.04);
INSERT INTO tellimused (klient_id, staatus_id, tarneviis_id, kogusumma) VALUES (197, 4, 3, 0);
INSERT INTO tellimuse_read (tellimus_id, toode_id, kogus, uhikuhind) VALUES (817, 121, 3, 537.16);
UPDATE tellimused SET kogusumma = 1611.48 WHERE id = 817;
INSERT INTO arved (tellimus_id, number, kuupaev, maksetahtaeg, tasutud) VALUES (817, 'ARV-2026-00817', CURRENT_DATE(), CURRENT_DATE(), 1);
INSERT INTO maksed (arve_id, makseviis_id, summa) VALUES (817, 3, 1611.48);
INSERT INTO tellimused (klient_id, staatus_id, tarneviis_id, kogusumma) VALUES (170, 3, 1, 0);
INSERT INTO tellimuse_read (tellimus_id, toode_id, kogus, uhikuhind) VALUES (818, 119, 2, 1267.05);
INSERT INTO tellimuse_read (tellimus_id, toode_id, kogus, uhikuhind) VALUES (818, 75, 3, 23.4);
UPDATE tellimused SET kogusumma = 2610.2 WHERE id = 818;
INSERT INTO arved (tellimus_id, number, kuupaev, maksetahtaeg, tasutud) VALUES (818, 'ARV-2026-00818', CURRENT_DATE(), CURRENT_DATE(), 1);
INSERT INTO maksed (arve_id, makseviis_id, summa) VALUES (818, 3, 2610.2);
INSERT INTO tellimused (klient_id, staatus_id, tarneviis_id, kogusumma) VALUES (222, 4, 1, 0);
INSERT INTO tellimuse_read (tellimus_id, toode_id, kogus, uhikuhind) VALUES (819, 127, 2, 133.59);
INSERT INTO tellimuse_read (tellimus_id, toode_id, kogus, uhikuhind) VALUES (819, 127, 2, 133.59);
UPDATE tellimused SET kogusumma = 540.26 WHERE id = 819;
INSERT INTO arved (tellimus_id, number, kuupaev, maksetahtaeg, tasutud) VALUES (819, 'ARV-2026-00819', CURRENT_DATE(), CURRENT_DATE(), 1);
INSERT INTO maksed (arve_id, makseviis_id, summa) VALUES (819, 2, 540.26);
INSERT INTO tellimused (klient_id, staatus_id, tarneviis_id, kogusumma) VALUES (215, 2, 2, 0);
INSERT INTO tellimuse_read (tellimus_id, toode_id, kogus, uhikuhind) VALUES (820, 150, 1, 580.23);
INSERT INTO tellimuse_read (tellimus_id, toode_id, kogus, uhikuhind) VALUES (820, 13, 2, 294.29);
INSERT INTO tellimuse_read (tellimus_id, toode_id, kogus, uhikuhind) VALUES (820, 131, 4, 486.56);
INSERT INTO tellimuse_read (tellimus_id, toode_id, kogus, uhikuhind) VALUES (820, 80, 1, 549.38);
INSERT INTO tellimuse_read (tellimus_id, toode_id, kogus, uhikuhind) VALUES (820, 138, 3, 1372.15);
UPDATE tellimused SET kogusumma = 7783.78 WHERE id = 820;
INSERT INTO arved (tellimus_id, number, kuupaev, maksetahtaeg, tasutud) VALUES (820, 'ARV-2026-00820', CURRENT_DATE(), CURRENT_DATE(), 0);
INSERT INTO tellimused (klient_id, staatus_id, tarneviis_id, kogusumma) VALUES (45, 3, 3, 0);
INSERT INTO tellimuse_read (tellimus_id, toode_id, kogus, uhikuhind) VALUES (821, 148, 3, 184.12);
INSERT INTO tellimuse_read (tellimus_id, toode_id, kogus, uhikuhind) VALUES (821, 3, 2, 905.41);
INSERT INTO tellimuse_read (tellimus_id, toode_id, kogus, uhikuhind) VALUES (821, 88, 1, 904.75);
INSERT INTO tellimuse_read (tellimus_id, toode_id, kogus, uhikuhind) VALUES (821, 72, 4, 52.19);
UPDATE tellimused SET kogusumma = 3476.69 WHERE id = 821;
INSERT INTO arved (tellimus_id, number, kuupaev, maksetahtaeg, tasutud) VALUES (821, 'ARV-2026-00821', CURRENT_DATE(), CURRENT_DATE(), 1);
INSERT INTO maksed (arve_id, makseviis_id, summa) VALUES (821, 2, 3476.69);
INSERT INTO tellimused (klient_id, staatus_id, tarneviis_id, kogusumma) VALUES (196, 1, 3, 0);
INSERT INTO tellimuse_read (tellimus_id, toode_id, kogus, uhikuhind) VALUES (822, 130, 4, 1034.54);
INSERT INTO tellimuse_read (tellimus_id, toode_id, kogus, uhikuhind) VALUES (822, 18, 2, 1301.05);
INSERT INTO tellimuse_read (tellimus_id, toode_id, kogus, uhikuhind) VALUES (822, 50, 3, 1049.16);
INSERT INTO tellimuse_read (tellimus_id, toode_id, kogus, uhikuhind) VALUES (822, 62, 3, 728.03);
INSERT INTO tellimuse_read (tellimus_id, toode_id, kogus, uhikuhind) VALUES (822, 52, 4, 583.63);
UPDATE tellimused SET kogusumma = 14406.35 WHERE id = 822;
INSERT INTO arved (tellimus_id, number, kuupaev, maksetahtaeg, tasutud) VALUES (822, 'ARV-2026-00822', CURRENT_DATE(), CURRENT_DATE(), 0);
INSERT INTO tellimused (klient_id, staatus_id, tarneviis_id, kogusumma) VALUES (375, 3, 3, 0);
INSERT INTO tellimuse_read (tellimus_id, toode_id, kogus, uhikuhind) VALUES (823, 143, 1, 291.2);
INSERT INTO tellimuse_read (tellimus_id, toode_id, kogus, uhikuhind) VALUES (823, 42, 4, 744.92);
INSERT INTO tellimuse_read (tellimus_id, toode_id, kogus, uhikuhind) VALUES (823, 12, 4, 51.28);
UPDATE tellimused SET kogusumma = 3476.0 WHERE id = 823;
INSERT INTO arved (tellimus_id, number, kuupaev, maksetahtaeg, tasutud) VALUES (823, 'ARV-2026-00823', CURRENT_DATE(), CURRENT_DATE(), 1);
INSERT INTO maksed (arve_id, makseviis_id, summa) VALUES (823, 3, 3476.0);
INSERT INTO tellimused (klient_id, staatus_id, tarneviis_id, kogusumma) VALUES (246, 2, 3, 0);
INSERT INTO tellimuse_read (tellimus_id, toode_id, kogus, uhikuhind) VALUES (824, 101, 1, 547.73);
INSERT INTO tellimuse_read (tellimus_id, toode_id, kogus, uhikuhind) VALUES (824, 59, 3, 634.88);
INSERT INTO tellimuse_read (tellimus_id, toode_id, kogus, uhikuhind) VALUES (824, 89, 3, 1357.74);
UPDATE tellimused SET kogusumma = 6525.59 WHERE id = 824;
INSERT INTO arved (tellimus_id, number, kuupaev, maksetahtaeg, tasutud) VALUES (824, 'ARV-2026-00824', CURRENT_DATE(), CURRENT_DATE(), 0);
INSERT INTO tellimused (klient_id, staatus_id, tarneviis_id, kogusumma) VALUES (484, 2, 1, 0);
INSERT INTO tellimuse_read (tellimus_id, toode_id, kogus, uhikuhind) VALUES (825, 74, 2, 392.93);
INSERT INTO tellimuse_read (tellimus_id, toode_id, kogus, uhikuhind) VALUES (825, 36, 4, 1394.94);
UPDATE tellimused SET kogusumma = 6371.52 WHERE id = 825;
INSERT INTO arved (tellimus_id, number, kuupaev, maksetahtaeg, tasutud) VALUES (825, 'ARV-2026-00825', CURRENT_DATE(), CURRENT_DATE(), 0);
INSERT INTO tellimused (klient_id, staatus_id, tarneviis_id, kogusumma) VALUES (234, 3, 2, 0);
INSERT INTO tellimuse_read (tellimus_id, toode_id, kogus, uhikuhind) VALUES (826, 14, 2, 950.37);
INSERT INTO tellimuse_read (tellimus_id, toode_id, kogus, uhikuhind) VALUES (826, 134, 2, 28.46);
INSERT INTO tellimuse_read (tellimus_id, toode_id, kogus, uhikuhind) VALUES (826, 99, 4, 617.97);
INSERT INTO tellimuse_read (tellimus_id, toode_id, kogus, uhikuhind) VALUES (826, 148, 4, 184.12);
UPDATE tellimused SET kogusumma = 5168.92 WHERE id = 826;
INSERT INTO arved (tellimus_id, number, kuupaev, maksetahtaeg, tasutud) VALUES (826, 'ARV-2026-00826', CURRENT_DATE(), CURRENT_DATE(), 1);
INSERT INTO maksed (arve_id, makseviis_id, summa) VALUES (826, 1, 5168.92);
INSERT INTO tellimused (klient_id, staatus_id, tarneviis_id, kogusumma) VALUES (78, 4, 2, 0);
INSERT INTO tellimuse_read (tellimus_id, toode_id, kogus, uhikuhind) VALUES (827, 131, 2, 486.56);
INSERT INTO tellimuse_read (tellimus_id, toode_id, kogus, uhikuhind) VALUES (827, 64, 2, 1054.16);
INSERT INTO tellimuse_read (tellimus_id, toode_id, kogus, uhikuhind) VALUES (827, 117, 4, 147.71);
UPDATE tellimused SET kogusumma = 3675.18 WHERE id = 827;
INSERT INTO arved (tellimus_id, number, kuupaev, maksetahtaeg, tasutud) VALUES (827, 'ARV-2026-00827', CURRENT_DATE(), CURRENT_DATE(), 1);
INSERT INTO maksed (arve_id, makseviis_id, summa) VALUES (827, 1, 3675.18);
INSERT INTO tellimused (klient_id, staatus_id, tarneviis_id, kogusumma) VALUES (28, 2, 2, 0);
INSERT INTO tellimuse_read (tellimus_id, toode_id, kogus, uhikuhind) VALUES (828, 43, 1, 549.01);
INSERT INTO tellimuse_read (tellimus_id, toode_id, kogus, uhikuhind) VALUES (828, 77, 3, 730.23);
INSERT INTO tellimuse_read (tellimus_id, toode_id, kogus, uhikuhind) VALUES (828, 54, 3, 1409.57);
INSERT INTO tellimuse_read (tellimus_id, toode_id, kogus, uhikuhind) VALUES (828, 45, 3, 1046.82);
UPDATE tellimused SET kogusumma = 10111.77 WHERE id = 828;
INSERT INTO arved (tellimus_id, number, kuupaev, maksetahtaeg, tasutud) VALUES (828, 'ARV-2026-00828', CURRENT_DATE(), CURRENT_DATE(), 0);
INSERT INTO tellimused (klient_id, staatus_id, tarneviis_id, kogusumma) VALUES (220, 1, 1, 0);
INSERT INTO tellimuse_read (tellimus_id, toode_id, kogus, uhikuhind) VALUES (829, 130, 4, 1034.54);
INSERT INTO tellimuse_read (tellimus_id, toode_id, kogus, uhikuhind) VALUES (829, 92, 3, 707.08);
INSERT INTO tellimuse_read (tellimus_id, toode_id, kogus, uhikuhind) VALUES (829, 109, 4, 151.7);
INSERT INTO tellimuse_read (tellimus_id, toode_id, kogus, uhikuhind) VALUES (829, 75, 3, 23.4);
UPDATE tellimused SET kogusumma = 6942.3 WHERE id = 829;
INSERT INTO arved (tellimus_id, number, kuupaev, maksetahtaeg, tasutud) VALUES (829, 'ARV-2026-00829', CURRENT_DATE(), CURRENT_DATE(), 0);
INSERT INTO tellimused (klient_id, staatus_id, tarneviis_id, kogusumma) VALUES (340, 3, 1, 0);
INSERT INTO tellimuse_read (tellimus_id, toode_id, kogus, uhikuhind) VALUES (830, 20, 3, 465.78);
INSERT INTO tellimuse_read (tellimus_id, toode_id, kogus, uhikuhind) VALUES (830, 29, 3, 1404.27);
UPDATE tellimused SET kogusumma = 5616.05 WHERE id = 830;
INSERT INTO arved (tellimus_id, number, kuupaev, maksetahtaeg, tasutud) VALUES (830, 'ARV-2026-00830', CURRENT_DATE(), CURRENT_DATE(), 1);
INSERT INTO maksed (arve_id, makseviis_id, summa) VALUES (830, 3, 5616.05);
INSERT INTO tellimused (klient_id, staatus_id, tarneviis_id, kogusumma) VALUES (332, 3, 1, 0);
INSERT INTO tellimuse_read (tellimus_id, toode_id, kogus, uhikuhind) VALUES (831, 116, 3, 479.92);
INSERT INTO tellimuse_read (tellimus_id, toode_id, kogus, uhikuhind) VALUES (831, 69, 4, 785.52);
INSERT INTO tellimuse_read (tellimus_id, toode_id, kogus, uhikuhind) VALUES (831, 34, 2, 704.2);
INSERT INTO tellimuse_read (tellimus_id, toode_id, kogus, uhikuhind) VALUES (831, 51, 3, 645.54);
UPDATE tellimused SET kogusumma = 7932.76 WHERE id = 831;
INSERT INTO arved (tellimus_id, number, kuupaev, maksetahtaeg, tasutud) VALUES (831, 'ARV-2026-00831', CURRENT_DATE(), CURRENT_DATE(), 1);
INSERT INTO maksed (arve_id, makseviis_id, summa) VALUES (831, 1, 7932.76);
INSERT INTO tellimused (klient_id, staatus_id, tarneviis_id, kogusumma) VALUES (205, 3, 3, 0);
INSERT INTO tellimuse_read (tellimus_id, toode_id, kogus, uhikuhind) VALUES (832, 14, 3, 950.37);
INSERT INTO tellimuse_read (tellimus_id, toode_id, kogus, uhikuhind) VALUES (832, 4, 1, 908.2);
INSERT INTO tellimuse_read (tellimus_id, toode_id, kogus, uhikuhind) VALUES (832, 62, 1, 728.03);
INSERT INTO tellimuse_read (tellimus_id, toode_id, kogus, uhikuhind) VALUES (832, 83, 1, 495.68);
UPDATE tellimused SET kogusumma = 4983.02 WHERE id = 832;
INSERT INTO arved (tellimus_id, number, kuupaev, maksetahtaeg, tasutud) VALUES (832, 'ARV-2026-00832', CURRENT_DATE(), CURRENT_DATE(), 1);
INSERT INTO maksed (arve_id, makseviis_id, summa) VALUES (832, 1, 4983.02);
INSERT INTO tellimused (klient_id, staatus_id, tarneviis_id, kogusumma) VALUES (219, 1, 1, 0);
INSERT INTO tellimuse_read (tellimus_id, toode_id, kogus, uhikuhind) VALUES (833, 102, 3, 1447.41);
INSERT INTO tellimuse_read (tellimus_id, toode_id, kogus, uhikuhind) VALUES (833, 102, 2, 1447.41);
INSERT INTO tellimuse_read (tellimus_id, toode_id, kogus, uhikuhind) VALUES (833, 56, 3, 1414.95);
INSERT INTO tellimuse_read (tellimus_id, toode_id, kogus, uhikuhind) VALUES (833, 136, 3, 56.7);
UPDATE tellimused SET kogusumma = 11657.9 WHERE id = 833;
INSERT INTO arved (tellimus_id, number, kuupaev, maksetahtaeg, tasutud) VALUES (833, 'ARV-2026-00833', CURRENT_DATE(), CURRENT_DATE(), 0);
INSERT INTO tellimused (klient_id, staatus_id, tarneviis_id, kogusumma) VALUES (123, 1, 2, 0);
INSERT INTO tellimuse_read (tellimus_id, toode_id, kogus, uhikuhind) VALUES (834, 104, 3, 709.29);
INSERT INTO tellimuse_read (tellimus_id, toode_id, kogus, uhikuhind) VALUES (834, 148, 3, 184.12);
INSERT INTO tellimuse_read (tellimus_id, toode_id, kogus, uhikuhind) VALUES (834, 65, 1, 582.18);
INSERT INTO tellimuse_read (tellimus_id, toode_id, kogus, uhikuhind) VALUES (834, 90, 2, 864.74);
UPDATE tellimused SET kogusumma = 4994.79 WHERE id = 834;
INSERT INTO arved (tellimus_id, number, kuupaev, maksetahtaeg, tasutud) VALUES (834, 'ARV-2026-00834', CURRENT_DATE(), CURRENT_DATE(), 0);
INSERT INTO tellimused (klient_id, staatus_id, tarneviis_id, kogusumma) VALUES (91, 4, 1, 0);
INSERT INTO tellimuse_read (tellimus_id, toode_id, kogus, uhikuhind) VALUES (835, 37, 2, 1435.53);
INSERT INTO tellimuse_read (tellimus_id, toode_id, kogus, uhikuhind) VALUES (835, 133, 3, 517.42);
INSERT INTO tellimuse_read (tellimus_id, toode_id, kogus, uhikuhind) VALUES (835, 112, 3, 210.21);
INSERT INTO tellimuse_read (tellimus_id, toode_id, kogus, uhikuhind) VALUES (835, 13, 3, 294.29);
UPDATE tellimused SET kogusumma = 5942.72 WHERE id = 835;
INSERT INTO arved (tellimus_id, number, kuupaev, maksetahtaeg, tasutud) VALUES (835, 'ARV-2026-00835', CURRENT_DATE(), CURRENT_DATE(), 1);
INSERT INTO maksed (arve_id, makseviis_id, summa) VALUES (835, 1, 5942.72);
INSERT INTO tellimused (klient_id, staatus_id, tarneviis_id, kogusumma) VALUES (276, 2, 2, 0);
INSERT INTO tellimuse_read (tellimus_id, toode_id, kogus, uhikuhind) VALUES (836, 41, 1, 757.66);
UPDATE tellimused SET kogusumma = 760.56 WHERE id = 836;
INSERT INTO arved (tellimus_id, number, kuupaev, maksetahtaeg, tasutud) VALUES (836, 'ARV-2026-00836', CURRENT_DATE(), CURRENT_DATE(), 0);
INSERT INTO tellimused (klient_id, staatus_id, tarneviis_id, kogusumma) VALUES (21, 4, 3, 0);
INSERT INTO tellimuse_read (tellimus_id, toode_id, kogus, uhikuhind) VALUES (837, 97, 3, 985.9);
UPDATE tellimused SET kogusumma = 2957.7 WHERE id = 837;
INSERT INTO arved (tellimus_id, number, kuupaev, maksetahtaeg, tasutud) VALUES (837, 'ARV-2026-00837', CURRENT_DATE(), CURRENT_DATE(), 1);
INSERT INTO maksed (arve_id, makseviis_id, summa) VALUES (837, 2, 2957.7);
INSERT INTO tellimused (klient_id, staatus_id, tarneviis_id, kogusumma) VALUES (168, 2, 3, 0);
INSERT INTO tellimuse_read (tellimus_id, toode_id, kogus, uhikuhind) VALUES (838, 18, 2, 1301.05);
INSERT INTO tellimuse_read (tellimus_id, toode_id, kogus, uhikuhind) VALUES (838, 133, 2, 517.42);
INSERT INTO tellimuse_read (tellimus_id, toode_id, kogus, uhikuhind) VALUES (838, 42, 2, 744.92);
INSERT INTO tellimuse_read (tellimus_id, toode_id, kogus, uhikuhind) VALUES (838, 141, 4, 190.7);
UPDATE tellimused SET kogusumma = 5889.58 WHERE id = 838;
INSERT INTO arved (tellimus_id, number, kuupaev, maksetahtaeg, tasutud) VALUES (838, 'ARV-2026-00838', CURRENT_DATE(), CURRENT_DATE(), 0);
INSERT INTO tellimused (klient_id, staatus_id, tarneviis_id, kogusumma) VALUES (471, 2, 2, 0);
INSERT INTO tellimuse_read (tellimus_id, toode_id, kogus, uhikuhind) VALUES (839, 107, 4, 1262.41);
UPDATE tellimused SET kogusumma = 5052.54 WHERE id = 839;
INSERT INTO arved (tellimus_id, number, kuupaev, maksetahtaeg, tasutud) VALUES (839, 'ARV-2026-00839', CURRENT_DATE(), CURRENT_DATE(), 0);
INSERT INTO tellimused (klient_id, staatus_id, tarneviis_id, kogusumma) VALUES (81, 1, 2, 0);
INSERT INTO tellimuse_read (tellimus_id, toode_id, kogus, uhikuhind) VALUES (840, 35, 4, 1210.41);
UPDATE tellimused SET kogusumma = 4844.54 WHERE id = 840;
INSERT INTO arved (tellimus_id, number, kuupaev, maksetahtaeg, tasutud) VALUES (840, 'ARV-2026-00840', CURRENT_DATE(), CURRENT_DATE(), 0);
INSERT INTO tellimused (klient_id, staatus_id, tarneviis_id, kogusumma) VALUES (369, 4, 3, 0);
INSERT INTO tellimuse_read (tellimus_id, toode_id, kogus, uhikuhind) VALUES (841, 40, 4, 1185.79);
INSERT INTO tellimuse_read (tellimus_id, toode_id, kogus, uhikuhind) VALUES (841, 17, 4, 399.17);
UPDATE tellimused SET kogusumma = 6339.84 WHERE id = 841;
INSERT INTO arved (tellimus_id, number, kuupaev, maksetahtaeg, tasutud) VALUES (841, 'ARV-2026-00841', CURRENT_DATE(), CURRENT_DATE(), 1);
INSERT INTO maksed (arve_id, makseviis_id, summa) VALUES (841, 3, 6339.84);
INSERT INTO tellimused (klient_id, staatus_id, tarneviis_id, kogusumma) VALUES (240, 4, 2, 0);
INSERT INTO tellimuse_read (tellimus_id, toode_id, kogus, uhikuhind) VALUES (842, 71, 2, 1393.75);
INSERT INTO tellimuse_read (tellimus_id, toode_id, kogus, uhikuhind) VALUES (842, 115, 2, 471.15);
INSERT INTO tellimuse_read (tellimus_id, toode_id, kogus, uhikuhind) VALUES (842, 73, 2, 211.88);
INSERT INTO tellimuse_read (tellimus_id, toode_id, kogus, uhikuhind) VALUES (842, 1, 4, 284.93);
INSERT INTO tellimuse_read (tellimus_id, toode_id, kogus, uhikuhind) VALUES (842, 143, 4, 291.2);
UPDATE tellimused SET kogusumma = 6460.98 WHERE id = 842;
INSERT INTO arved (tellimus_id, number, kuupaev, maksetahtaeg, tasutud) VALUES (842, 'ARV-2026-00842', CURRENT_DATE(), CURRENT_DATE(), 1);
INSERT INTO maksed (arve_id, makseviis_id, summa) VALUES (842, 3, 6460.98);
INSERT INTO tellimused (klient_id, staatus_id, tarneviis_id, kogusumma) VALUES (281, 3, 1, 0);
INSERT INTO tellimuse_read (tellimus_id, toode_id, kogus, uhikuhind) VALUES (843, 65, 3, 582.18);
INSERT INTO tellimuse_read (tellimus_id, toode_id, kogus, uhikuhind) VALUES (843, 120, 1, 1026.9);
INSERT INTO tellimuse_read (tellimus_id, toode_id, kogus, uhikuhind) VALUES (843, 11, 2, 980.79);
UPDATE tellimused SET kogusumma = 4740.92 WHERE id = 843;
INSERT INTO arved (tellimus_id, number, kuupaev, maksetahtaeg, tasutud) VALUES (843, 'ARV-2026-00843', CURRENT_DATE(), CURRENT_DATE(), 1);
INSERT INTO maksed (arve_id, makseviis_id, summa) VALUES (843, 2, 4740.92);
INSERT INTO tellimused (klient_id, staatus_id, tarneviis_id, kogusumma) VALUES (278, 4, 3, 0);
INSERT INTO tellimuse_read (tellimus_id, toode_id, kogus, uhikuhind) VALUES (844, 118, 4, 529.61);
INSERT INTO tellimuse_read (tellimus_id, toode_id, kogus, uhikuhind) VALUES (844, 28, 1, 989.04);
INSERT INTO tellimuse_read (tellimus_id, toode_id, kogus, uhikuhind) VALUES (844, 55, 3, 21.4);
INSERT INTO tellimuse_read (tellimus_id, toode_id, kogus, uhikuhind) VALUES (844, 55, 1, 21.4);
INSERT INTO tellimuse_read (tellimus_id, toode_id, kogus, uhikuhind) VALUES (844, 44, 3, 226.18);
UPDATE tellimused SET kogusumma = 3871.62 WHERE id = 844;
INSERT INTO arved (tellimus_id, number, kuupaev, maksetahtaeg, tasutud) VALUES (844, 'ARV-2026-00844', CURRENT_DATE(), CURRENT_DATE(), 1);
INSERT INTO maksed (arve_id, makseviis_id, summa) VALUES (844, 2, 3871.62);
INSERT INTO tellimused (klient_id, staatus_id, tarneviis_id, kogusumma) VALUES (423, 4, 1, 0);
INSERT INTO tellimuse_read (tellimus_id, toode_id, kogus, uhikuhind) VALUES (845, 18, 3, 1301.05);
INSERT INTO tellimuse_read (tellimus_id, toode_id, kogus, uhikuhind) VALUES (845, 104, 4, 709.29);
INSERT INTO tellimuse_read (tellimus_id, toode_id, kogus, uhikuhind) VALUES (845, 142, 3, 1000.4);
UPDATE tellimused SET kogusumma = 9747.41 WHERE id = 845;
INSERT INTO arved (tellimus_id, number, kuupaev, maksetahtaeg, tasutud) VALUES (845, 'ARV-2026-00845', CURRENT_DATE(), CURRENT_DATE(), 1);
INSERT INTO maksed (arve_id, makseviis_id, summa) VALUES (845, 1, 9747.41);
INSERT INTO tellimused (klient_id, staatus_id, tarneviis_id, kogusumma) VALUES (386, 3, 1, 0);
INSERT INTO tellimuse_read (tellimus_id, toode_id, kogus, uhikuhind) VALUES (846, 33, 3, 1183.26);
INSERT INTO tellimuse_read (tellimus_id, toode_id, kogus, uhikuhind) VALUES (846, 99, 2, 617.97);
INSERT INTO tellimuse_read (tellimus_id, toode_id, kogus, uhikuhind) VALUES (846, 129, 2, 869.54);
INSERT INTO tellimuse_read (tellimus_id, toode_id, kogus, uhikuhind) VALUES (846, 109, 2, 151.7);
UPDATE tellimused SET kogusumma = 6834.1 WHERE id = 846;
INSERT INTO arved (tellimus_id, number, kuupaev, maksetahtaeg, tasutud) VALUES (846, 'ARV-2026-00846', CURRENT_DATE(), CURRENT_DATE(), 1);
INSERT INTO maksed (arve_id, makseviis_id, summa) VALUES (846, 3, 6834.1);
INSERT INTO tellimused (klient_id, staatus_id, tarneviis_id, kogusumma) VALUES (394, 2, 1, 0);
INSERT INTO tellimuse_read (tellimus_id, toode_id, kogus, uhikuhind) VALUES (847, 147, 3, 576.36);
UPDATE tellimused SET kogusumma = 1734.98 WHERE id = 847;
INSERT INTO arved (tellimus_id, number, kuupaev, maksetahtaeg, tasutud) VALUES (847, 'ARV-2026-00847', CURRENT_DATE(), CURRENT_DATE(), 0);
INSERT INTO tellimused (klient_id, staatus_id, tarneviis_id, kogusumma) VALUES (410, 1, 1, 0);
INSERT INTO tellimuse_read (tellimus_id, toode_id, kogus, uhikuhind) VALUES (848, 31, 1, 1083.57);
INSERT INTO tellimuse_read (tellimus_id, toode_id, kogus, uhikuhind) VALUES (848, 121, 4, 537.16);
UPDATE tellimused SET kogusumma = 3238.11 WHERE id = 848;
INSERT INTO arved (tellimus_id, number, kuupaev, maksetahtaeg, tasutud) VALUES (848, 'ARV-2026-00848', CURRENT_DATE(), CURRENT_DATE(), 0);
INSERT INTO tellimused (klient_id, staatus_id, tarneviis_id, kogusumma) VALUES (410, 4, 1, 0);
INSERT INTO tellimuse_read (tellimus_id, toode_id, kogus, uhikuhind) VALUES (849, 79, 2, 736.42);
INSERT INTO tellimuse_read (tellimus_id, toode_id, kogus, uhikuhind) VALUES (849, 138, 1, 1372.15);
INSERT INTO tellimuse_read (tellimus_id, toode_id, kogus, uhikuhind) VALUES (849, 126, 2, 1203.18);
INSERT INTO tellimuse_read (tellimus_id, toode_id, kogus, uhikuhind) VALUES (849, 136, 3, 56.7);
INSERT INTO tellimuse_read (tellimus_id, toode_id, kogus, uhikuhind) VALUES (849, 128, 2, 189.11);
UPDATE tellimused SET kogusumma = 5805.57 WHERE id = 849;
INSERT INTO arved (tellimus_id, number, kuupaev, maksetahtaeg, tasutud) VALUES (849, 'ARV-2026-00849', CURRENT_DATE(), CURRENT_DATE(), 1);
INSERT INTO maksed (arve_id, makseviis_id, summa) VALUES (849, 2, 5805.57);
INSERT INTO tellimused (klient_id, staatus_id, tarneviis_id, kogusumma) VALUES (47, 4, 1, 0);
INSERT INTO tellimuse_read (tellimus_id, toode_id, kogus, uhikuhind) VALUES (850, 22, 3, 1215.75);
INSERT INTO tellimuse_read (tellimus_id, toode_id, kogus, uhikuhind) VALUES (850, 40, 1, 1185.79);
INSERT INTO tellimuse_read (tellimus_id, toode_id, kogus, uhikuhind) VALUES (850, 77, 3, 730.23);
INSERT INTO tellimuse_read (tellimus_id, toode_id, kogus, uhikuhind) VALUES (850, 92, 3, 707.08);
UPDATE tellimused SET kogusumma = 9150.87 WHERE id = 850;
INSERT INTO arved (tellimus_id, number, kuupaev, maksetahtaeg, tasutud) VALUES (850, 'ARV-2026-00850', CURRENT_DATE(), CURRENT_DATE(), 1);
INSERT INTO maksed (arve_id, makseviis_id, summa) VALUES (850, 3, 9150.87);
INSERT INTO tellimused (klient_id, staatus_id, tarneviis_id, kogusumma) VALUES (395, 4, 2, 0);
INSERT INTO tellimuse_read (tellimus_id, toode_id, kogus, uhikuhind) VALUES (851, 93, 3, 854.37);
INSERT INTO tellimuse_read (tellimus_id, toode_id, kogus, uhikuhind) VALUES (851, 94, 1, 1067.21);
UPDATE tellimused SET kogusumma = 3633.22 WHERE id = 851;
INSERT INTO arved (tellimus_id, number, kuupaev, maksetahtaeg, tasutud) VALUES (851, 'ARV-2026-00851', CURRENT_DATE(), CURRENT_DATE(), 1);
INSERT INTO maksed (arve_id, makseviis_id, summa) VALUES (851, 3, 3633.22);
INSERT INTO tellimused (klient_id, staatus_id, tarneviis_id, kogusumma) VALUES (121, 4, 1, 0);
INSERT INTO tellimuse_read (tellimus_id, toode_id, kogus, uhikuhind) VALUES (852, 115, 3, 471.15);
INSERT INTO tellimuse_read (tellimus_id, toode_id, kogus, uhikuhind) VALUES (852, 121, 1, 537.16);
INSERT INTO tellimuse_read (tellimus_id, toode_id, kogus, uhikuhind) VALUES (852, 50, 2, 1049.16);
INSERT INTO tellimuse_read (tellimus_id, toode_id, kogus, uhikuhind) VALUES (852, 96, 4, 431.48);
INSERT INTO tellimuse_read (tellimus_id, toode_id, kogus, uhikuhind) VALUES (852, 27, 4, 1463.52);
UPDATE tellimused SET kogusumma = 11634.83 WHERE id = 852;
INSERT INTO arved (tellimus_id, number, kuupaev, maksetahtaeg, tasutud) VALUES (852, 'ARV-2026-00852', CURRENT_DATE(), CURRENT_DATE(), 1);
INSERT INTO maksed (arve_id, makseviis_id, summa) VALUES (852, 3, 11634.83);
INSERT INTO tellimused (klient_id, staatus_id, tarneviis_id, kogusumma) VALUES (75, 1, 2, 0);
INSERT INTO tellimuse_read (tellimus_id, toode_id, kogus, uhikuhind) VALUES (853, 18, 2, 1301.05);
INSERT INTO tellimuse_read (tellimus_id, toode_id, kogus, uhikuhind) VALUES (853, 2, 1, 591.98);
INSERT INTO tellimuse_read (tellimus_id, toode_id, kogus, uhikuhind) VALUES (853, 78, 4, 257.32);
INSERT INTO tellimuse_read (tellimus_id, toode_id, kogus, uhikuhind) VALUES (853, 130, 1, 1034.54);
UPDATE tellimused SET kogusumma = 5260.8 WHERE id = 853;
INSERT INTO arved (tellimus_id, number, kuupaev, maksetahtaeg, tasutud) VALUES (853, 'ARV-2026-00853', CURRENT_DATE(), CURRENT_DATE(), 0);
INSERT INTO tellimused (klient_id, staatus_id, tarneviis_id, kogusumma) VALUES (285, 1, 2, 0);
INSERT INTO tellimuse_read (tellimus_id, toode_id, kogus, uhikuhind) VALUES (854, 85, 4, 920.53);
INSERT INTO tellimuse_read (tellimus_id, toode_id, kogus, uhikuhind) VALUES (854, 91, 2, 238.14);
INSERT INTO tellimuse_read (tellimus_id, toode_id, kogus, uhikuhind) VALUES (854, 68, 3, 1408.93);
INSERT INTO tellimuse_read (tellimus_id, toode_id, kogus, uhikuhind) VALUES (854, 14, 2, 950.37);
INSERT INTO tellimuse_read (tellimus_id, toode_id, kogus, uhikuhind) VALUES (854, 21, 3, 1321.31);
UPDATE tellimused SET kogusumma = 14252.76 WHERE id = 854;
INSERT INTO arved (tellimus_id, number, kuupaev, maksetahtaeg, tasutud) VALUES (854, 'ARV-2026-00854', CURRENT_DATE(), CURRENT_DATE(), 0);
INSERT INTO tellimused (klient_id, staatus_id, tarneviis_id, kogusumma) VALUES (187, 1, 2, 0);
INSERT INTO tellimuse_read (tellimus_id, toode_id, kogus, uhikuhind) VALUES (855, 148, 3, 184.12);
INSERT INTO tellimuse_read (tellimus_id, toode_id, kogus, uhikuhind) VALUES (855, 27, 4, 1463.52);
INSERT INTO tellimuse_read (tellimus_id, toode_id, kogus, uhikuhind) VALUES (855, 5, 3, 1281.46);
INSERT INTO tellimuse_read (tellimus_id, toode_id, kogus, uhikuhind) VALUES (855, 67, 4, 997.44);
UPDATE tellimused SET kogusumma = 14243.48 WHERE id = 855;
INSERT INTO arved (tellimus_id, number, kuupaev, maksetahtaeg, tasutud) VALUES (855, 'ARV-2026-00855', CURRENT_DATE(), CURRENT_DATE(), 0);
INSERT INTO tellimused (klient_id, staatus_id, tarneviis_id, kogusumma) VALUES (187, 1, 2, 0);
INSERT INTO tellimuse_read (tellimus_id, toode_id, kogus, uhikuhind) VALUES (856, 83, 2, 495.68);
INSERT INTO tellimuse_read (tellimus_id, toode_id, kogus, uhikuhind) VALUES (856, 67, 2, 997.44);
INSERT INTO tellimuse_read (tellimus_id, toode_id, kogus, uhikuhind) VALUES (856, 139, 1, 9.21);
UPDATE tellimused SET kogusumma = 2998.35 WHERE id = 856;
INSERT INTO arved (tellimus_id, number, kuupaev, maksetahtaeg, tasutud) VALUES (856, 'ARV-2026-00856', CURRENT_DATE(), CURRENT_DATE(), 0);
INSERT INTO tellimused (klient_id, staatus_id, tarneviis_id, kogusumma) VALUES (88, 4, 1, 0);
INSERT INTO tellimuse_read (tellimus_id, toode_id, kogus, uhikuhind) VALUES (857, 15, 2, 801.46);
INSERT INTO tellimuse_read (tellimus_id, toode_id, kogus, uhikuhind) VALUES (857, 103, 1, 1221.75);
INSERT INTO tellimuse_read (tellimus_id, toode_id, kogus, uhikuhind) VALUES (857, 132, 1, 769.72);
UPDATE tellimused SET kogusumma = 3600.29 WHERE id = 857;
INSERT INTO arved (tellimus_id, number, kuupaev, maksetahtaeg, tasutud) VALUES (857, 'ARV-2026-00857', CURRENT_DATE(), CURRENT_DATE(), 1);
INSERT INTO maksed (arve_id, makseviis_id, summa) VALUES (857, 1, 3600.29);
INSERT INTO tellimused (klient_id, staatus_id, tarneviis_id, kogusumma) VALUES (42, 2, 2, 0);
INSERT INTO tellimuse_read (tellimus_id, toode_id, kogus, uhikuhind) VALUES (858, 73, 4, 211.88);
INSERT INTO tellimuse_read (tellimus_id, toode_id, kogus, uhikuhind) VALUES (858, 57, 1, 659.85);
INSERT INTO tellimuse_read (tellimus_id, toode_id, kogus, uhikuhind) VALUES (858, 49, 3, 277.83);
INSERT INTO tellimuse_read (tellimus_id, toode_id, kogus, uhikuhind) VALUES (858, 100, 1, 633.82);
INSERT INTO tellimuse_read (tellimus_id, toode_id, kogus, uhikuhind) VALUES (858, 69, 3, 785.52);
UPDATE tellimused SET kogusumma = 5334.14 WHERE id = 858;
INSERT INTO arved (tellimus_id, number, kuupaev, maksetahtaeg, tasutud) VALUES (858, 'ARV-2026-00858', CURRENT_DATE(), CURRENT_DATE(), 0);
INSERT INTO tellimused (klient_id, staatus_id, tarneviis_id, kogusumma) VALUES (206, 3, 3, 0);
INSERT INTO tellimuse_read (tellimus_id, toode_id, kogus, uhikuhind) VALUES (859, 69, 3, 785.52);
UPDATE tellimused SET kogusumma = 2356.56 WHERE id = 859;
INSERT INTO arved (tellimus_id, number, kuupaev, maksetahtaeg, tasutud) VALUES (859, 'ARV-2026-00859', CURRENT_DATE(), CURRENT_DATE(), 1);
INSERT INTO maksed (arve_id, makseviis_id, summa) VALUES (859, 2, 2356.56);
INSERT INTO tellimused (klient_id, staatus_id, tarneviis_id, kogusumma) VALUES (48, 1, 3, 0);
INSERT INTO tellimuse_read (tellimus_id, toode_id, kogus, uhikuhind) VALUES (860, 10, 2, 197.52);
UPDATE tellimused SET kogusumma = 395.04 WHERE id = 860;
INSERT INTO arved (tellimus_id, number, kuupaev, maksetahtaeg, tasutud) VALUES (860, 'ARV-2026-00860', CURRENT_DATE(), CURRENT_DATE(), 0);
INSERT INTO tellimused (klient_id, staatus_id, tarneviis_id, kogusumma) VALUES (132, 1, 3, 0);
INSERT INTO tellimuse_read (tellimus_id, toode_id, kogus, uhikuhind) VALUES (861, 57, 1, 659.85);
INSERT INTO tellimuse_read (tellimus_id, toode_id, kogus, uhikuhind) VALUES (861, 2, 3, 591.98);
INSERT INTO tellimuse_read (tellimus_id, toode_id, kogus, uhikuhind) VALUES (861, 114, 3, 805.9);
INSERT INTO tellimuse_read (tellimus_id, toode_id, kogus, uhikuhind) VALUES (861, 141, 4, 190.7);
UPDATE tellimused SET kogusumma = 5616.29 WHERE id = 861;
INSERT INTO arved (tellimus_id, number, kuupaev, maksetahtaeg, tasutud) VALUES (861, 'ARV-2026-00861', CURRENT_DATE(), CURRENT_DATE(), 0);
INSERT INTO tellimused (klient_id, staatus_id, tarneviis_id, kogusumma) VALUES (360, 1, 1, 0);
INSERT INTO tellimuse_read (tellimus_id, toode_id, kogus, uhikuhind) VALUES (862, 18, 1, 1301.05);
UPDATE tellimused SET kogusumma = 1306.95 WHERE id = 862;
INSERT INTO arved (tellimus_id, number, kuupaev, maksetahtaeg, tasutud) VALUES (862, 'ARV-2026-00862', CURRENT_DATE(), CURRENT_DATE(), 0);
INSERT INTO tellimused (klient_id, staatus_id, tarneviis_id, kogusumma) VALUES (381, 3, 2, 0);
INSERT INTO tellimuse_read (tellimus_id, toode_id, kogus, uhikuhind) VALUES (863, 88, 1, 904.75);
INSERT INTO tellimuse_read (tellimus_id, toode_id, kogus, uhikuhind) VALUES (863, 107, 2, 1262.41);
INSERT INTO tellimuse_read (tellimus_id, toode_id, kogus, uhikuhind) VALUES (863, 17, 3, 399.17);
UPDATE tellimused SET kogusumma = 4629.98 WHERE id = 863;
INSERT INTO arved (tellimus_id, number, kuupaev, maksetahtaeg, tasutud) VALUES (863, 'ARV-2026-00863', CURRENT_DATE(), CURRENT_DATE(), 1);
INSERT INTO maksed (arve_id, makseviis_id, summa) VALUES (863, 2, 4629.98);
INSERT INTO tellimused (klient_id, staatus_id, tarneviis_id, kogusumma) VALUES (127, 3, 3, 0);
INSERT INTO tellimuse_read (tellimus_id, toode_id, kogus, uhikuhind) VALUES (864, 102, 3, 1447.41);
UPDATE tellimused SET kogusumma = 4342.23 WHERE id = 864;
INSERT INTO arved (tellimus_id, number, kuupaev, maksetahtaeg, tasutud) VALUES (864, 'ARV-2026-00864', CURRENT_DATE(), CURRENT_DATE(), 1);
INSERT INTO maksed (arve_id, makseviis_id, summa) VALUES (864, 1, 4342.23);
INSERT INTO tellimused (klient_id, staatus_id, tarneviis_id, kogusumma) VALUES (481, 1, 3, 0);
INSERT INTO tellimuse_read (tellimus_id, toode_id, kogus, uhikuhind) VALUES (865, 88, 2, 904.75);
INSERT INTO tellimuse_read (tellimus_id, toode_id, kogus, uhikuhind) VALUES (865, 68, 2, 1408.93);
INSERT INTO tellimuse_read (tellimus_id, toode_id, kogus, uhikuhind) VALUES (865, 27, 3, 1463.52);
INSERT INTO tellimuse_read (tellimus_id, toode_id, kogus, uhikuhind) VALUES (865, 127, 3, 133.59);
INSERT INTO tellimuse_read (tellimus_id, toode_id, kogus, uhikuhind) VALUES (865, 115, 1, 471.15);
UPDATE tellimused SET kogusumma = 9889.84 WHERE id = 865;
INSERT INTO arved (tellimus_id, number, kuupaev, maksetahtaeg, tasutud) VALUES (865, 'ARV-2026-00865', CURRENT_DATE(), CURRENT_DATE(), 0);
INSERT INTO tellimused (klient_id, staatus_id, tarneviis_id, kogusumma) VALUES (206, 3, 1, 0);
INSERT INTO tellimuse_read (tellimus_id, toode_id, kogus, uhikuhind) VALUES (866, 19, 3, 261.3);
INSERT INTO tellimuse_read (tellimus_id, toode_id, kogus, uhikuhind) VALUES (866, 31, 1, 1083.57);
INSERT INTO tellimuse_read (tellimus_id, toode_id, kogus, uhikuhind) VALUES (866, 46, 3, 1318.99);
UPDATE tellimused SET kogusumma = 5830.34 WHERE id = 866;
INSERT INTO arved (tellimus_id, number, kuupaev, maksetahtaeg, tasutud) VALUES (866, 'ARV-2026-00866', CURRENT_DATE(), CURRENT_DATE(), 1);
INSERT INTO maksed (arve_id, makseviis_id, summa) VALUES (866, 2, 5830.34);
INSERT INTO tellimused (klient_id, staatus_id, tarneviis_id, kogusumma) VALUES (481, 1, 2, 0);
INSERT INTO tellimuse_read (tellimus_id, toode_id, kogus, uhikuhind) VALUES (867, 10, 1, 197.52);
INSERT INTO tellimuse_read (tellimus_id, toode_id, kogus, uhikuhind) VALUES (867, 86, 2, 1436.12);
INSERT INTO tellimuse_read (tellimus_id, toode_id, kogus, uhikuhind) VALUES (867, 65, 4, 582.18);
INSERT INTO tellimuse_read (tellimus_id, toode_id, kogus, uhikuhind) VALUES (867, 40, 1, 1185.79);
INSERT INTO tellimuse_read (tellimus_id, toode_id, kogus, uhikuhind) VALUES (867, 71, 1, 1393.75);
UPDATE tellimused SET kogusumma = 7980.92 WHERE id = 867;
INSERT INTO arved (tellimus_id, number, kuupaev, maksetahtaeg, tasutud) VALUES (867, 'ARV-2026-00867', CURRENT_DATE(), CURRENT_DATE(), 0);
INSERT INTO tellimused (klient_id, staatus_id, tarneviis_id, kogusumma) VALUES (59, 1, 3, 0);
INSERT INTO tellimuse_read (tellimus_id, toode_id, kogus, uhikuhind) VALUES (868, 128, 2, 189.11);
INSERT INTO tellimuse_read (tellimus_id, toode_id, kogus, uhikuhind) VALUES (868, 75, 4, 23.4);
INSERT INTO tellimuse_read (tellimus_id, toode_id, kogus, uhikuhind) VALUES (868, 100, 4, 633.82);
INSERT INTO tellimuse_read (tellimus_id, toode_id, kogus, uhikuhind) VALUES (868, 16, 1, 131.01);
UPDATE tellimused SET kogusumma = 3138.11 WHERE id = 868;
INSERT INTO arved (tellimus_id, number, kuupaev, maksetahtaeg, tasutud) VALUES (868, 'ARV-2026-00868', CURRENT_DATE(), CURRENT_DATE(), 0);
INSERT INTO tellimused (klient_id, staatus_id, tarneviis_id, kogusumma) VALUES (459, 1, 2, 0);
INSERT INTO tellimuse_read (tellimus_id, toode_id, kogus, uhikuhind) VALUES (869, 94, 3, 1067.21);
UPDATE tellimused SET kogusumma = 3204.53 WHERE id = 869;
INSERT INTO arved (tellimus_id, number, kuupaev, maksetahtaeg, tasutud) VALUES (869, 'ARV-2026-00869', CURRENT_DATE(), CURRENT_DATE(), 0);
INSERT INTO tellimused (klient_id, staatus_id, tarneviis_id, kogusumma) VALUES (60, 4, 1, 0);
INSERT INTO tellimuse_read (tellimus_id, toode_id, kogus, uhikuhind) VALUES (870, 93, 1, 854.37);
INSERT INTO tellimuse_read (tellimus_id, toode_id, kogus, uhikuhind) VALUES (870, 83, 2, 495.68);
INSERT INTO tellimuse_read (tellimus_id, toode_id, kogus, uhikuhind) VALUES (870, 72, 3, 52.19);
INSERT INTO tellimuse_read (tellimus_id, toode_id, kogus, uhikuhind) VALUES (870, 129, 3, 869.54);
INSERT INTO tellimuse_read (tellimus_id, toode_id, kogus, uhikuhind) VALUES (870, 93, 1, 854.37);
UPDATE tellimused SET kogusumma = 5471.19 WHERE id = 870;
INSERT INTO arved (tellimus_id, number, kuupaev, maksetahtaeg, tasutud) VALUES (870, 'ARV-2026-00870', CURRENT_DATE(), CURRENT_DATE(), 1);
INSERT INTO maksed (arve_id, makseviis_id, summa) VALUES (870, 3, 5471.19);
INSERT INTO tellimused (klient_id, staatus_id, tarneviis_id, kogusumma) VALUES (69, 1, 2, 0);
INSERT INTO tellimuse_read (tellimus_id, toode_id, kogus, uhikuhind) VALUES (871, 36, 4, 1394.94);
UPDATE tellimused SET kogusumma = 5582.66 WHERE id = 871;
INSERT INTO arved (tellimus_id, number, kuupaev, maksetahtaeg, tasutud) VALUES (871, 'ARV-2026-00871', CURRENT_DATE(), CURRENT_DATE(), 0);
INSERT INTO tellimused (klient_id, staatus_id, tarneviis_id, kogusumma) VALUES (387, 1, 2, 0);
INSERT INTO tellimuse_read (tellimus_id, toode_id, kogus, uhikuhind) VALUES (872, 95, 4, 1375.85);
INSERT INTO tellimuse_read (tellimus_id, toode_id, kogus, uhikuhind) VALUES (872, 64, 2, 1054.16);
UPDATE tellimused SET kogusumma = 7614.62 WHERE id = 872;
INSERT INTO arved (tellimus_id, number, kuupaev, maksetahtaeg, tasutud) VALUES (872, 'ARV-2026-00872', CURRENT_DATE(), CURRENT_DATE(), 0);
INSERT INTO tellimused (klient_id, staatus_id, tarneviis_id, kogusumma) VALUES (159, 3, 3, 0);
INSERT INTO tellimuse_read (tellimus_id, toode_id, kogus, uhikuhind) VALUES (873, 47, 1, 1136.92);
INSERT INTO tellimuse_read (tellimus_id, toode_id, kogus, uhikuhind) VALUES (873, 2, 1, 591.98);
INSERT INTO tellimuse_read (tellimus_id, toode_id, kogus, uhikuhind) VALUES (873, 73, 4, 211.88);
INSERT INTO tellimuse_read (tellimus_id, toode_id, kogus, uhikuhind) VALUES (873, 104, 2, 709.29);
INSERT INTO tellimuse_read (tellimus_id, toode_id, kogus, uhikuhind) VALUES (873, 139, 1, 9.21);
UPDATE tellimused SET kogusumma = 4004.21 WHERE id = 873;
INSERT INTO arved (tellimus_id, number, kuupaev, maksetahtaeg, tasutud) VALUES (873, 'ARV-2026-00873', CURRENT_DATE(), CURRENT_DATE(), 1);
INSERT INTO maksed (arve_id, makseviis_id, summa) VALUES (873, 3, 4004.21);
INSERT INTO tellimused (klient_id, staatus_id, tarneviis_id, kogusumma) VALUES (127, 2, 1, 0);
INSERT INTO tellimuse_read (tellimus_id, toode_id, kogus, uhikuhind) VALUES (874, 11, 4, 980.79);
INSERT INTO tellimuse_read (tellimus_id, toode_id, kogus, uhikuhind) VALUES (874, 108, 2, 195.55);
INSERT INTO tellimuse_read (tellimus_id, toode_id, kogus, uhikuhind) VALUES (874, 89, 3, 1357.74);
UPDATE tellimused SET kogusumma = 8393.38 WHERE id = 874;
INSERT INTO arved (tellimus_id, number, kuupaev, maksetahtaeg, tasutud) VALUES (874, 'ARV-2026-00874', CURRENT_DATE(), CURRENT_DATE(), 0);
INSERT INTO tellimused (klient_id, staatus_id, tarneviis_id, kogusumma) VALUES (185, 1, 1, 0);
INSERT INTO tellimuse_read (tellimus_id, toode_id, kogus, uhikuhind) VALUES (875, 21, 1, 1321.31);
UPDATE tellimused SET kogusumma = 1327.21 WHERE id = 875;
INSERT INTO arved (tellimus_id, number, kuupaev, maksetahtaeg, tasutud) VALUES (875, 'ARV-2026-00875', CURRENT_DATE(), CURRENT_DATE(), 0);
INSERT INTO tellimused (klient_id, staatus_id, tarneviis_id, kogusumma) VALUES (145, 1, 3, 0);
INSERT INTO tellimuse_read (tellimus_id, toode_id, kogus, uhikuhind) VALUES (876, 27, 4, 1463.52);
UPDATE tellimused SET kogusumma = 5854.08 WHERE id = 876;
INSERT INTO arved (tellimus_id, number, kuupaev, maksetahtaeg, tasutud) VALUES (876, 'ARV-2026-00876', CURRENT_DATE(), CURRENT_DATE(), 0);
INSERT INTO tellimused (klient_id, staatus_id, tarneviis_id, kogusumma) VALUES (440, 4, 3, 0);
INSERT INTO tellimuse_read (tellimus_id, toode_id, kogus, uhikuhind) VALUES (877, 56, 4, 1414.95);
UPDATE tellimused SET kogusumma = 5659.8 WHERE id = 877;
INSERT INTO arved (tellimus_id, number, kuupaev, maksetahtaeg, tasutud) VALUES (877, 'ARV-2026-00877', CURRENT_DATE(), CURRENT_DATE(), 1);
INSERT INTO maksed (arve_id, makseviis_id, summa) VALUES (877, 1, 5659.8);
INSERT INTO tellimused (klient_id, staatus_id, tarneviis_id, kogusumma) VALUES (206, 4, 1, 0);
INSERT INTO tellimuse_read (tellimus_id, toode_id, kogus, uhikuhind) VALUES (878, 87, 1, 91.18);
INSERT INTO tellimuse_read (tellimus_id, toode_id, kogus, uhikuhind) VALUES (878, 89, 1, 1357.74);
INSERT INTO tellimuse_read (tellimus_id, toode_id, kogus, uhikuhind) VALUES (878, 118, 1, 529.61);
UPDATE tellimused SET kogusumma = 1984.43 WHERE id = 878;
INSERT INTO arved (tellimus_id, number, kuupaev, maksetahtaeg, tasutud) VALUES (878, 'ARV-2026-00878', CURRENT_DATE(), CURRENT_DATE(), 1);
INSERT INTO maksed (arve_id, makseviis_id, summa) VALUES (878, 2, 1984.43);
INSERT INTO tellimused (klient_id, staatus_id, tarneviis_id, kogusumma) VALUES (319, 2, 3, 0);
INSERT INTO tellimuse_read (tellimus_id, toode_id, kogus, uhikuhind) VALUES (879, 134, 3, 28.46);
INSERT INTO tellimuse_read (tellimus_id, toode_id, kogus, uhikuhind) VALUES (879, 19, 2, 261.3);
INSERT INTO tellimuse_read (tellimus_id, toode_id, kogus, uhikuhind) VALUES (879, 54, 3, 1409.57);
INSERT INTO tellimuse_read (tellimus_id, toode_id, kogus, uhikuhind) VALUES (879, 132, 1, 769.72);
INSERT INTO tellimuse_read (tellimus_id, toode_id, kogus, uhikuhind) VALUES (879, 21, 3, 1321.31);
UPDATE tellimused SET kogusumma = 9570.34 WHERE id = 879;
INSERT INTO arved (tellimus_id, number, kuupaev, maksetahtaeg, tasutud) VALUES (879, 'ARV-2026-00879', CURRENT_DATE(), CURRENT_DATE(), 0);
INSERT INTO tellimused (klient_id, staatus_id, tarneviis_id, kogusumma) VALUES (194, 4, 2, 0);
INSERT INTO tellimuse_read (tellimus_id, toode_id, kogus, uhikuhind) VALUES (880, 135, 2, 101.4);
INSERT INTO tellimuse_read (tellimus_id, toode_id, kogus, uhikuhind) VALUES (880, 105, 1, 1195.5);
UPDATE tellimused SET kogusumma = 1401.2 WHERE id = 880;
INSERT INTO arved (tellimus_id, number, kuupaev, maksetahtaeg, tasutud) VALUES (880, 'ARV-2026-00880', CURRENT_DATE(), CURRENT_DATE(), 1);
INSERT INTO maksed (arve_id, makseviis_id, summa) VALUES (880, 2, 1401.2);
INSERT INTO tellimused (klient_id, staatus_id, tarneviis_id, kogusumma) VALUES (383, 4, 2, 0);
INSERT INTO tellimuse_read (tellimus_id, toode_id, kogus, uhikuhind) VALUES (881, 97, 1, 985.9);
UPDATE tellimused SET kogusumma = 988.8 WHERE id = 881;
INSERT INTO arved (tellimus_id, number, kuupaev, maksetahtaeg, tasutud) VALUES (881, 'ARV-2026-00881', CURRENT_DATE(), CURRENT_DATE(), 1);
INSERT INTO maksed (arve_id, makseviis_id, summa) VALUES (881, 3, 988.8);
INSERT INTO tellimused (klient_id, staatus_id, tarneviis_id, kogusumma) VALUES (369, 4, 1, 0);
INSERT INTO tellimuse_read (tellimus_id, toode_id, kogus, uhikuhind) VALUES (882, 128, 3, 189.11);
INSERT INTO tellimuse_read (tellimus_id, toode_id, kogus, uhikuhind) VALUES (882, 16, 3, 131.01);
INSERT INTO tellimuse_read (tellimus_id, toode_id, kogus, uhikuhind) VALUES (882, 136, 1, 56.7);
UPDATE tellimused SET kogusumma = 1022.96 WHERE id = 882;
INSERT INTO arved (tellimus_id, number, kuupaev, maksetahtaeg, tasutud) VALUES (882, 'ARV-2026-00882', CURRENT_DATE(), CURRENT_DATE(), 1);
INSERT INTO maksed (arve_id, makseviis_id, summa) VALUES (882, 1, 1022.96);
INSERT INTO tellimused (klient_id, staatus_id, tarneviis_id, kogusumma) VALUES (351, 2, 2, 0);
INSERT INTO tellimuse_read (tellimus_id, toode_id, kogus, uhikuhind) VALUES (883, 78, 1, 257.32);
INSERT INTO tellimuse_read (tellimus_id, toode_id, kogus, uhikuhind) VALUES (883, 56, 2, 1414.95);
INSERT INTO tellimuse_read (tellimus_id, toode_id, kogus, uhikuhind) VALUES (883, 37, 4, 1435.53);
INSERT INTO tellimuse_read (tellimus_id, toode_id, kogus, uhikuhind) VALUES (883, 13, 1, 294.29);
UPDATE tellimused SET kogusumma = 9126.53 WHERE id = 883;
INSERT INTO arved (tellimus_id, number, kuupaev, maksetahtaeg, tasutud) VALUES (883, 'ARV-2026-00883', CURRENT_DATE(), CURRENT_DATE(), 0);
INSERT INTO tellimused (klient_id, staatus_id, tarneviis_id, kogusumma) VALUES (224, 3, 3, 0);
INSERT INTO tellimuse_read (tellimus_id, toode_id, kogus, uhikuhind) VALUES (884, 45, 2, 1046.82);
UPDATE tellimused SET kogusumma = 2093.64 WHERE id = 884;
INSERT INTO arved (tellimus_id, number, kuupaev, maksetahtaeg, tasutud) VALUES (884, 'ARV-2026-00884', CURRENT_DATE(), CURRENT_DATE(), 1);
INSERT INTO maksed (arve_id, makseviis_id, summa) VALUES (884, 2, 2093.64);
INSERT INTO tellimused (klient_id, staatus_id, tarneviis_id, kogusumma) VALUES (401, 3, 2, 0);
INSERT INTO tellimuse_read (tellimus_id, toode_id, kogus, uhikuhind) VALUES (885, 94, 3, 1067.21);
UPDATE tellimused SET kogusumma = 3204.53 WHERE id = 885;
INSERT INTO arved (tellimus_id, number, kuupaev, maksetahtaeg, tasutud) VALUES (885, 'ARV-2026-00885', CURRENT_DATE(), CURRENT_DATE(), 1);
INSERT INTO maksed (arve_id, makseviis_id, summa) VALUES (885, 2, 3204.53);
INSERT INTO tellimused (klient_id, staatus_id, tarneviis_id, kogusumma) VALUES (294, 3, 2, 0);
INSERT INTO tellimuse_read (tellimus_id, toode_id, kogus, uhikuhind) VALUES (886, 137, 2, 934.56);
UPDATE tellimused SET kogusumma = 1872.02 WHERE id = 886;
INSERT INTO arved (tellimus_id, number, kuupaev, maksetahtaeg, tasutud) VALUES (886, 'ARV-2026-00886', CURRENT_DATE(), CURRENT_DATE(), 1);
INSERT INTO maksed (arve_id, makseviis_id, summa) VALUES (886, 2, 1872.02);
INSERT INTO tellimused (klient_id, staatus_id, tarneviis_id, kogusumma) VALUES (407, 2, 1, 0);
INSERT INTO tellimuse_read (tellimus_id, toode_id, kogus, uhikuhind) VALUES (887, 35, 1, 1210.41);
INSERT INTO tellimuse_read (tellimus_id, toode_id, kogus, uhikuhind) VALUES (887, 121, 4, 537.16);
INSERT INTO tellimuse_read (tellimus_id, toode_id, kogus, uhikuhind) VALUES (887, 119, 3, 1267.05);
INSERT INTO tellimuse_read (tellimus_id, toode_id, kogus, uhikuhind) VALUES (887, 2, 3, 591.98);
INSERT INTO tellimuse_read (tellimus_id, toode_id, kogus, uhikuhind) VALUES (887, 109, 2, 151.7);
UPDATE tellimused SET kogusumma = 9245.44 WHERE id = 887;
INSERT INTO arved (tellimus_id, number, kuupaev, maksetahtaeg, tasutud) VALUES (887, 'ARV-2026-00887', CURRENT_DATE(), CURRENT_DATE(), 0);
INSERT INTO tellimused (klient_id, staatus_id, tarneviis_id, kogusumma) VALUES (84, 4, 1, 0);
INSERT INTO tellimuse_read (tellimus_id, toode_id, kogus, uhikuhind) VALUES (888, 64, 1, 1054.16);
INSERT INTO tellimuse_read (tellimus_id, toode_id, kogus, uhikuhind) VALUES (888, 63, 1, 739.53);
INSERT INTO tellimuse_read (tellimus_id, toode_id, kogus, uhikuhind) VALUES (888, 109, 1, 151.7);
INSERT INTO tellimuse_read (tellimus_id, toode_id, kogus, uhikuhind) VALUES (888, 53, 1, 112.5);
INSERT INTO tellimuse_read (tellimus_id, toode_id, kogus, uhikuhind) VALUES (888, 90, 2, 864.74);
UPDATE tellimused SET kogusumma = 3793.27 WHERE id = 888;
INSERT INTO arved (tellimus_id, number, kuupaev, maksetahtaeg, tasutud) VALUES (888, 'ARV-2026-00888', CURRENT_DATE(), CURRENT_DATE(), 1);
INSERT INTO maksed (arve_id, makseviis_id, summa) VALUES (888, 2, 3793.27);
INSERT INTO tellimused (klient_id, staatus_id, tarneviis_id, kogusumma) VALUES (394, 3, 3, 0);
INSERT INTO tellimuse_read (tellimus_id, toode_id, kogus, uhikuhind) VALUES (889, 70, 4, 524.94);
UPDATE tellimused SET kogusumma = 2099.76 WHERE id = 889;
INSERT INTO arved (tellimus_id, number, kuupaev, maksetahtaeg, tasutud) VALUES (889, 'ARV-2026-00889', CURRENT_DATE(), CURRENT_DATE(), 1);
INSERT INTO maksed (arve_id, makseviis_id, summa) VALUES (889, 2, 2099.76);
INSERT INTO tellimused (klient_id, staatus_id, tarneviis_id, kogusumma) VALUES (276, 4, 1, 0);
INSERT INTO tellimuse_read (tellimus_id, toode_id, kogus, uhikuhind) VALUES (890, 45, 1, 1046.82);
INSERT INTO tellimuse_read (tellimus_id, toode_id, kogus, uhikuhind) VALUES (890, 53, 4, 112.5);
INSERT INTO tellimuse_read (tellimus_id, toode_id, kogus, uhikuhind) VALUES (890, 112, 4, 210.21);
INSERT INTO tellimuse_read (tellimus_id, toode_id, kogus, uhikuhind) VALUES (890, 85, 3, 920.53);
INSERT INTO tellimuse_read (tellimus_id, toode_id, kogus, uhikuhind) VALUES (890, 10, 1, 197.52);
UPDATE tellimused SET kogusumma = 5302.67 WHERE id = 890;
INSERT INTO arved (tellimus_id, number, kuupaev, maksetahtaeg, tasutud) VALUES (890, 'ARV-2026-00890', CURRENT_DATE(), CURRENT_DATE(), 1);
INSERT INTO maksed (arve_id, makseviis_id, summa) VALUES (890, 2, 5302.67);
INSERT INTO tellimused (klient_id, staatus_id, tarneviis_id, kogusumma) VALUES (246, 1, 3, 0);
INSERT INTO tellimuse_read (tellimus_id, toode_id, kogus, uhikuhind) VALUES (891, 39, 1, 207.71);
INSERT INTO tellimuse_read (tellimus_id, toode_id, kogus, uhikuhind) VALUES (891, 26, 2, 173.68);
INSERT INTO tellimuse_read (tellimus_id, toode_id, kogus, uhikuhind) VALUES (891, 101, 3, 547.73);
UPDATE tellimused SET kogusumma = 2198.26 WHERE id = 891;
INSERT INTO arved (tellimus_id, number, kuupaev, maksetahtaeg, tasutud) VALUES (891, 'ARV-2026-00891', CURRENT_DATE(), CURRENT_DATE(), 0);
INSERT INTO tellimused (klient_id, staatus_id, tarneviis_id, kogusumma) VALUES (313, 2, 3, 0);
INSERT INTO tellimuse_read (tellimus_id, toode_id, kogus, uhikuhind) VALUES (892, 11, 1, 980.79);
UPDATE tellimused SET kogusumma = 980.79 WHERE id = 892;
INSERT INTO arved (tellimus_id, number, kuupaev, maksetahtaeg, tasutud) VALUES (892, 'ARV-2026-00892', CURRENT_DATE(), CURRENT_DATE(), 0);
INSERT INTO tellimused (klient_id, staatus_id, tarneviis_id, kogusumma) VALUES (465, 1, 2, 0);
INSERT INTO tellimuse_read (tellimus_id, toode_id, kogus, uhikuhind) VALUES (893, 73, 1, 211.88);
INSERT INTO tellimuse_read (tellimus_id, toode_id, kogus, uhikuhind) VALUES (893, 45, 3, 1046.82);
INSERT INTO tellimuse_read (tellimus_id, toode_id, kogus, uhikuhind) VALUES (893, 103, 2, 1221.75);
UPDATE tellimused SET kogusumma = 5798.74 WHERE id = 893;
INSERT INTO arved (tellimus_id, number, kuupaev, maksetahtaeg, tasutud) VALUES (893, 'ARV-2026-00893', CURRENT_DATE(), CURRENT_DATE(), 0);
INSERT INTO tellimused (klient_id, staatus_id, tarneviis_id, kogusumma) VALUES (108, 4, 1, 0);
INSERT INTO tellimuse_read (tellimus_id, toode_id, kogus, uhikuhind) VALUES (894, 47, 4, 1136.92);
INSERT INTO tellimuse_read (tellimus_id, toode_id, kogus, uhikuhind) VALUES (894, 123, 1, 840.5);
INSERT INTO tellimuse_read (tellimus_id, toode_id, kogus, uhikuhind) VALUES (894, 2, 4, 591.98);
INSERT INTO tellimuse_read (tellimus_id, toode_id, kogus, uhikuhind) VALUES (894, 38, 3, 1049.43);
UPDATE tellimused SET kogusumma = 10910.29 WHERE id = 894;
INSERT INTO arved (tellimus_id, number, kuupaev, maksetahtaeg, tasutud) VALUES (894, 'ARV-2026-00894', CURRENT_DATE(), CURRENT_DATE(), 1);
INSERT INTO maksed (arve_id, makseviis_id, summa) VALUES (894, 3, 10910.29);
INSERT INTO tellimused (klient_id, staatus_id, tarneviis_id, kogusumma) VALUES (54, 1, 3, 0);
INSERT INTO tellimuse_read (tellimus_id, toode_id, kogus, uhikuhind) VALUES (895, 14, 3, 950.37);
INSERT INTO tellimuse_read (tellimus_id, toode_id, kogus, uhikuhind) VALUES (895, 44, 2, 226.18);
UPDATE tellimused SET kogusumma = 3303.47 WHERE id = 895;
INSERT INTO arved (tellimus_id, number, kuupaev, maksetahtaeg, tasutud) VALUES (895, 'ARV-2026-00895', CURRENT_DATE(), CURRENT_DATE(), 0);
INSERT INTO tellimused (klient_id, staatus_id, tarneviis_id, kogusumma) VALUES (57, 3, 1, 0);
INSERT INTO tellimuse_read (tellimus_id, toode_id, kogus, uhikuhind) VALUES (896, 41, 4, 757.66);
UPDATE tellimused SET kogusumma = 3036.54 WHERE id = 896;
INSERT INTO arved (tellimus_id, number, kuupaev, maksetahtaeg, tasutud) VALUES (896, 'ARV-2026-00896', CURRENT_DATE(), CURRENT_DATE(), 1);
INSERT INTO maksed (arve_id, makseviis_id, summa) VALUES (896, 1, 3036.54);
INSERT INTO tellimused (klient_id, staatus_id, tarneviis_id, kogusumma) VALUES (408, 3, 2, 0);
INSERT INTO tellimuse_read (tellimus_id, toode_id, kogus, uhikuhind) VALUES (897, 67, 2, 997.44);
UPDATE tellimused SET kogusumma = 1997.78 WHERE id = 897;
INSERT INTO arved (tellimus_id, number, kuupaev, maksetahtaeg, tasutud) VALUES (897, 'ARV-2026-00897', CURRENT_DATE(), CURRENT_DATE(), 1);
INSERT INTO maksed (arve_id, makseviis_id, summa) VALUES (897, 2, 1997.78);
INSERT INTO tellimused (klient_id, staatus_id, tarneviis_id, kogusumma) VALUES (397, 1, 1, 0);
INSERT INTO tellimuse_read (tellimus_id, toode_id, kogus, uhikuhind) VALUES (898, 111, 1, 1205.16);
INSERT INTO tellimuse_read (tellimus_id, toode_id, kogus, uhikuhind) VALUES (898, 148, 2, 184.12);
INSERT INTO tellimuse_read (tellimus_id, toode_id, kogus, uhikuhind) VALUES (898, 72, 3, 52.19);
UPDATE tellimused SET kogusumma = 1735.87 WHERE id = 898;
INSERT INTO arved (tellimus_id, number, kuupaev, maksetahtaeg, tasutud) VALUES (898, 'ARV-2026-00898', CURRENT_DATE(), CURRENT_DATE(), 0);
INSERT INTO tellimused (klient_id, staatus_id, tarneviis_id, kogusumma) VALUES (183, 4, 2, 0);
INSERT INTO tellimuse_read (tellimus_id, toode_id, kogus, uhikuhind) VALUES (899, 51, 4, 645.54);
INSERT INTO tellimuse_read (tellimus_id, toode_id, kogus, uhikuhind) VALUES (899, 118, 4, 529.61);
INSERT INTO tellimuse_read (tellimus_id, toode_id, kogus, uhikuhind) VALUES (899, 136, 3, 56.7);
INSERT INTO tellimuse_read (tellimus_id, toode_id, kogus, uhikuhind) VALUES (899, 10, 2, 197.52);
UPDATE tellimused SET kogusumma = 5268.64 WHERE id = 899;
INSERT INTO arved (tellimus_id, number, kuupaev, maksetahtaeg, tasutud) VALUES (899, 'ARV-2026-00899', CURRENT_DATE(), CURRENT_DATE(), 1);
INSERT INTO maksed (arve_id, makseviis_id, summa) VALUES (899, 3, 5268.64);
INSERT INTO tellimused (klient_id, staatus_id, tarneviis_id, kogusumma) VALUES (178, 2, 1, 0);
INSERT INTO tellimuse_read (tellimus_id, toode_id, kogus, uhikuhind) VALUES (900, 131, 3, 486.56);
INSERT INTO tellimuse_read (tellimus_id, toode_id, kogus, uhikuhind) VALUES (900, 1, 1, 284.93);
INSERT INTO tellimuse_read (tellimus_id, toode_id, kogus, uhikuhind) VALUES (900, 56, 2, 1414.95);
UPDATE tellimused SET kogusumma = 4580.41 WHERE id = 900;
INSERT INTO arved (tellimus_id, number, kuupaev, maksetahtaeg, tasutud) VALUES (900, 'ARV-2026-00900', CURRENT_DATE(), CURRENT_DATE(), 0);
INSERT INTO tellimused (klient_id, staatus_id, tarneviis_id, kogusumma) VALUES (423, 4, 1, 0);
INSERT INTO tellimuse_read (tellimus_id, toode_id, kogus, uhikuhind) VALUES (901, 48, 1, 650.28);
INSERT INTO tellimuse_read (tellimus_id, toode_id, kogus, uhikuhind) VALUES (901, 16, 1, 131.01);
UPDATE tellimused SET kogusumma = 787.19 WHERE id = 901;
INSERT INTO arved (tellimus_id, number, kuupaev, maksetahtaeg, tasutud) VALUES (901, 'ARV-2026-00901', CURRENT_DATE(), CURRENT_DATE(), 1);
INSERT INTO maksed (arve_id, makseviis_id, summa) VALUES (901, 2, 787.19);
INSERT INTO tellimused (klient_id, staatus_id, tarneviis_id, kogusumma) VALUES (344, 4, 1, 0);
INSERT INTO tellimuse_read (tellimus_id, toode_id, kogus, uhikuhind) VALUES (902, 150, 2, 580.23);
INSERT INTO tellimuse_read (tellimus_id, toode_id, kogus, uhikuhind) VALUES (902, 40, 1, 1185.79);
INSERT INTO tellimuse_read (tellimus_id, toode_id, kogus, uhikuhind) VALUES (902, 88, 4, 904.75);
INSERT INTO tellimuse_read (tellimus_id, toode_id, kogus, uhikuhind) VALUES (902, 132, 1, 769.72);
UPDATE tellimused SET kogusumma = 6740.87 WHERE id = 902;
INSERT INTO arved (tellimus_id, number, kuupaev, maksetahtaeg, tasutud) VALUES (902, 'ARV-2026-00902', CURRENT_DATE(), CURRENT_DATE(), 1);
INSERT INTO maksed (arve_id, makseviis_id, summa) VALUES (902, 3, 6740.87);
INSERT INTO tellimused (klient_id, staatus_id, tarneviis_id, kogusumma) VALUES (91, 2, 3, 0);
INSERT INTO tellimuse_read (tellimus_id, toode_id, kogus, uhikuhind) VALUES (903, 41, 1, 757.66);
INSERT INTO tellimuse_read (tellimus_id, toode_id, kogus, uhikuhind) VALUES (903, 117, 3, 147.71);
UPDATE tellimused SET kogusumma = 1200.79 WHERE id = 903;
INSERT INTO arved (tellimus_id, number, kuupaev, maksetahtaeg, tasutud) VALUES (903, 'ARV-2026-00903', CURRENT_DATE(), CURRENT_DATE(), 0);
INSERT INTO tellimused (klient_id, staatus_id, tarneviis_id, kogusumma) VALUES (69, 1, 3, 0);
INSERT INTO tellimuse_read (tellimus_id, toode_id, kogus, uhikuhind) VALUES (904, 50, 4, 1049.16);
INSERT INTO tellimuse_read (tellimus_id, toode_id, kogus, uhikuhind) VALUES (904, 21, 1, 1321.31);
INSERT INTO tellimuse_read (tellimus_id, toode_id, kogus, uhikuhind) VALUES (904, 55, 2, 21.4);
INSERT INTO tellimuse_read (tellimus_id, toode_id, kogus, uhikuhind) VALUES (904, 94, 2, 1067.21);
INSERT INTO tellimuse_read (tellimus_id, toode_id, kogus, uhikuhind) VALUES (904, 67, 3, 997.44);
UPDATE tellimused SET kogusumma = 10687.49 WHERE id = 904;
INSERT INTO arved (tellimus_id, number, kuupaev, maksetahtaeg, tasutud) VALUES (904, 'ARV-2026-00904', CURRENT_DATE(), CURRENT_DATE(), 0);
INSERT INTO tellimused (klient_id, staatus_id, tarneviis_id, kogusumma) VALUES (384, 1, 1, 0);
INSERT INTO tellimuse_read (tellimus_id, toode_id, kogus, uhikuhind) VALUES (905, 143, 1, 291.2);
UPDATE tellimused SET kogusumma = 297.1 WHERE id = 905;
INSERT INTO arved (tellimus_id, number, kuupaev, maksetahtaeg, tasutud) VALUES (905, 'ARV-2026-00905', CURRENT_DATE(), CURRENT_DATE(), 0);
INSERT INTO tellimused (klient_id, staatus_id, tarneviis_id, kogusumma) VALUES (216, 1, 2, 0);
INSERT INTO tellimuse_read (tellimus_id, toode_id, kogus, uhikuhind) VALUES (906, 141, 2, 190.7);
INSERT INTO tellimuse_read (tellimus_id, toode_id, kogus, uhikuhind) VALUES (906, 120, 3, 1026.9);
INSERT INTO tellimuse_read (tellimus_id, toode_id, kogus, uhikuhind) VALUES (906, 34, 4, 704.2);
INSERT INTO tellimuse_read (tellimus_id, toode_id, kogus, uhikuhind) VALUES (906, 119, 4, 1267.05);
INSERT INTO tellimuse_read (tellimus_id, toode_id, kogus, uhikuhind) VALUES (906, 28, 2, 989.04);
UPDATE tellimused SET kogusumma = 13328.08 WHERE id = 906;
INSERT INTO arved (tellimus_id, number, kuupaev, maksetahtaeg, tasutud) VALUES (906, 'ARV-2026-00906', CURRENT_DATE(), CURRENT_DATE(), 0);
INSERT INTO tellimused (klient_id, staatus_id, tarneviis_id, kogusumma) VALUES (476, 2, 2, 0);
INSERT INTO tellimuse_read (tellimus_id, toode_id, kogus, uhikuhind) VALUES (907, 18, 1, 1301.05);
INSERT INTO tellimuse_read (tellimus_id, toode_id, kogus, uhikuhind) VALUES (907, 82, 4, 771.06);
INSERT INTO tellimuse_read (tellimus_id, toode_id, kogus, uhikuhind) VALUES (907, 137, 2, 934.56);
INSERT INTO tellimuse_read (tellimus_id, toode_id, kogus, uhikuhind) VALUES (907, 43, 3, 549.01);
UPDATE tellimused SET kogusumma = 7904.34 WHERE id = 907;
INSERT INTO arved (tellimus_id, number, kuupaev, maksetahtaeg, tasutud) VALUES (907, 'ARV-2026-00907', CURRENT_DATE(), CURRENT_DATE(), 0);
INSERT INTO tellimused (klient_id, staatus_id, tarneviis_id, kogusumma) VALUES (45, 2, 2, 0);
INSERT INTO tellimuse_read (tellimus_id, toode_id, kogus, uhikuhind) VALUES (908, 26, 4, 173.68);
INSERT INTO tellimuse_read (tellimus_id, toode_id, kogus, uhikuhind) VALUES (908, 19, 2, 261.3);
INSERT INTO tellimuse_read (tellimus_id, toode_id, kogus, uhikuhind) VALUES (908, 116, 2, 479.92);
INSERT INTO tellimuse_read (tellimus_id, toode_id, kogus, uhikuhind) VALUES (908, 24, 3, 509.33);
INSERT INTO tellimuse_read (tellimus_id, toode_id, kogus, uhikuhind) VALUES (908, 79, 3, 736.42);
UPDATE tellimused SET kogusumma = 5917.31 WHERE id = 908;
INSERT INTO arved (tellimus_id, number, kuupaev, maksetahtaeg, tasutud) VALUES (908, 'ARV-2026-00908', CURRENT_DATE(), CURRENT_DATE(), 0);
INSERT INTO tellimused (klient_id, staatus_id, tarneviis_id, kogusumma) VALUES (457, 4, 2, 0);
INSERT INTO tellimuse_read (tellimus_id, toode_id, kogus, uhikuhind) VALUES (909, 70, 2, 524.94);
INSERT INTO tellimuse_read (tellimus_id, toode_id, kogus, uhikuhind) VALUES (909, 136, 4, 56.7);
INSERT INTO tellimuse_read (tellimus_id, toode_id, kogus, uhikuhind) VALUES (909, 85, 4, 920.53);
INSERT INTO tellimuse_read (tellimus_id, toode_id, kogus, uhikuhind) VALUES (909, 133, 4, 517.42);
UPDATE tellimused SET kogusumma = 7031.38 WHERE id = 909;
INSERT INTO arved (tellimus_id, number, kuupaev, maksetahtaeg, tasutud) VALUES (909, 'ARV-2026-00909', CURRENT_DATE(), CURRENT_DATE(), 1);
INSERT INTO maksed (arve_id, makseviis_id, summa) VALUES (909, 2, 7031.38);
INSERT INTO tellimused (klient_id, staatus_id, tarneviis_id, kogusumma) VALUES (210, 4, 1, 0);
INSERT INTO tellimuse_read (tellimus_id, toode_id, kogus, uhikuhind) VALUES (910, 113, 3, 1051.2);
INSERT INTO tellimuse_read (tellimus_id, toode_id, kogus, uhikuhind) VALUES (910, 98, 1, 779.6);
INSERT INTO tellimuse_read (tellimus_id, toode_id, kogus, uhikuhind) VALUES (910, 70, 1, 524.94);
UPDATE tellimused SET kogusumma = 4464.04 WHERE id = 910;
INSERT INTO arved (tellimus_id, number, kuupaev, maksetahtaeg, tasutud) VALUES (910, 'ARV-2026-00910', CURRENT_DATE(), CURRENT_DATE(), 1);
INSERT INTO maksed (arve_id, makseviis_id, summa) VALUES (910, 3, 4464.04);
INSERT INTO tellimused (klient_id, staatus_id, tarneviis_id, kogusumma) VALUES (142, 4, 3, 0);
INSERT INTO tellimuse_read (tellimus_id, toode_id, kogus, uhikuhind) VALUES (911, 93, 1, 854.37);
INSERT INTO tellimuse_read (tellimus_id, toode_id, kogus, uhikuhind) VALUES (911, 144, 1, 795.84);
UPDATE tellimused SET kogusumma = 1650.21 WHERE id = 911;
INSERT INTO arved (tellimus_id, number, kuupaev, maksetahtaeg, tasutud) VALUES (911, 'ARV-2026-00911', CURRENT_DATE(), CURRENT_DATE(), 1);
INSERT INTO maksed (arve_id, makseviis_id, summa) VALUES (911, 2, 1650.21);
INSERT INTO tellimused (klient_id, staatus_id, tarneviis_id, kogusumma) VALUES (37, 1, 2, 0);
INSERT INTO tellimuse_read (tellimus_id, toode_id, kogus, uhikuhind) VALUES (912, 31, 4, 1083.57);
INSERT INTO tellimuse_read (tellimus_id, toode_id, kogus, uhikuhind) VALUES (912, 15, 4, 801.46);
INSERT INTO tellimuse_read (tellimus_id, toode_id, kogus, uhikuhind) VALUES (912, 31, 4, 1083.57);
INSERT INTO tellimuse_read (tellimus_id, toode_id, kogus, uhikuhind) VALUES (912, 125, 1, 987.42);
INSERT INTO tellimuse_read (tellimus_id, toode_id, kogus, uhikuhind) VALUES (912, 139, 3, 9.21);
UPDATE tellimused SET kogusumma = 12892.35 WHERE id = 912;
INSERT INTO arved (tellimus_id, number, kuupaev, maksetahtaeg, tasutud) VALUES (912, 'ARV-2026-00912', CURRENT_DATE(), CURRENT_DATE(), 0);
INSERT INTO tellimused (klient_id, staatus_id, tarneviis_id, kogusumma) VALUES (329, 4, 1, 0);
INSERT INTO tellimuse_read (tellimus_id, toode_id, kogus, uhikuhind) VALUES (913, 95, 3, 1375.85);
INSERT INTO tellimuse_read (tellimus_id, toode_id, kogus, uhikuhind) VALUES (913, 41, 4, 757.66);
INSERT INTO tellimuse_read (tellimus_id, toode_id, kogus, uhikuhind) VALUES (913, 23, 2, 1051.56);
UPDATE tellimused SET kogusumma = 9267.21 WHERE id = 913;
INSERT INTO arved (tellimus_id, number, kuupaev, maksetahtaeg, tasutud) VALUES (913, 'ARV-2026-00913', CURRENT_DATE(), CURRENT_DATE(), 1);
INSERT INTO maksed (arve_id, makseviis_id, summa) VALUES (913, 2, 9267.21);
INSERT INTO tellimused (klient_id, staatus_id, tarneviis_id, kogusumma) VALUES (118, 3, 1, 0);
INSERT INTO tellimuse_read (tellimus_id, toode_id, kogus, uhikuhind) VALUES (914, 143, 4, 291.2);
INSERT INTO tellimuse_read (tellimus_id, toode_id, kogus, uhikuhind) VALUES (914, 36, 2, 1394.94);
INSERT INTO tellimuse_read (tellimus_id, toode_id, kogus, uhikuhind) VALUES (914, 100, 2, 633.82);
UPDATE tellimused SET kogusumma = 5228.22 WHERE id = 914;
INSERT INTO arved (tellimus_id, number, kuupaev, maksetahtaeg, tasutud) VALUES (914, 'ARV-2026-00914', CURRENT_DATE(), CURRENT_DATE(), 1);
INSERT INTO maksed (arve_id, makseviis_id, summa) VALUES (914, 1, 5228.22);
INSERT INTO tellimused (klient_id, staatus_id, tarneviis_id, kogusumma) VALUES (92, 3, 3, 0);
INSERT INTO tellimuse_read (tellimus_id, toode_id, kogus, uhikuhind) VALUES (915, 48, 3, 650.28);
INSERT INTO tellimuse_read (tellimus_id, toode_id, kogus, uhikuhind) VALUES (915, 134, 3, 28.46);
INSERT INTO tellimuse_read (tellimus_id, toode_id, kogus, uhikuhind) VALUES (915, 17, 3, 399.17);
INSERT INTO tellimuse_read (tellimus_id, toode_id, kogus, uhikuhind) VALUES (915, 127, 4, 133.59);
UPDATE tellimused SET kogusumma = 3768.09 WHERE id = 915;
INSERT INTO arved (tellimus_id, number, kuupaev, maksetahtaeg, tasutud) VALUES (915, 'ARV-2026-00915', CURRENT_DATE(), CURRENT_DATE(), 1);
INSERT INTO maksed (arve_id, makseviis_id, summa) VALUES (915, 3, 3768.09);
INSERT INTO tellimused (klient_id, staatus_id, tarneviis_id, kogusumma) VALUES (316, 1, 3, 0);
INSERT INTO tellimuse_read (tellimus_id, toode_id, kogus, uhikuhind) VALUES (916, 18, 3, 1301.05);
INSERT INTO tellimuse_read (tellimus_id, toode_id, kogus, uhikuhind) VALUES (916, 79, 3, 736.42);
INSERT INTO tellimuse_read (tellimus_id, toode_id, kogus, uhikuhind) VALUES (916, 21, 4, 1321.31);
INSERT INTO tellimuse_read (tellimus_id, toode_id, kogus, uhikuhind) VALUES (916, 73, 2, 211.88);
UPDATE tellimused SET kogusumma = 11821.41 WHERE id = 916;
INSERT INTO arved (tellimus_id, number, kuupaev, maksetahtaeg, tasutud) VALUES (916, 'ARV-2026-00916', CURRENT_DATE(), CURRENT_DATE(), 0);
INSERT INTO tellimused (klient_id, staatus_id, tarneviis_id, kogusumma) VALUES (362, 2, 1, 0);
INSERT INTO tellimuse_read (tellimus_id, toode_id, kogus, uhikuhind) VALUES (917, 118, 1, 529.61);
INSERT INTO tellimuse_read (tellimus_id, toode_id, kogus, uhikuhind) VALUES (917, 44, 1, 226.18);
INSERT INTO tellimuse_read (tellimus_id, toode_id, kogus, uhikuhind) VALUES (917, 16, 3, 131.01);
INSERT INTO tellimuse_read (tellimus_id, toode_id, kogus, uhikuhind) VALUES (917, 94, 1, 1067.21);
INSERT INTO tellimuse_read (tellimus_id, toode_id, kogus, uhikuhind) VALUES (917, 141, 3, 190.7);
UPDATE tellimused SET kogusumma = 2794.03 WHERE id = 917;
INSERT INTO arved (tellimus_id, number, kuupaev, maksetahtaeg, tasutud) VALUES (917, 'ARV-2026-00917', CURRENT_DATE(), CURRENT_DATE(), 0);
INSERT INTO tellimused (klient_id, staatus_id, tarneviis_id, kogusumma) VALUES (483, 2, 2, 0);
INSERT INTO tellimuse_read (tellimus_id, toode_id, kogus, uhikuhind) VALUES (918, 20, 1, 465.78);
INSERT INTO tellimuse_read (tellimus_id, toode_id, kogus, uhikuhind) VALUES (918, 62, 3, 728.03);
INSERT INTO tellimuse_read (tellimus_id, toode_id, kogus, uhikuhind) VALUES (918, 138, 1, 1372.15);
UPDATE tellimused SET kogusumma = 4024.92 WHERE id = 918;
INSERT INTO arved (tellimus_id, number, kuupaev, maksetahtaeg, tasutud) VALUES (918, 'ARV-2026-00918', CURRENT_DATE(), CURRENT_DATE(), 0);
INSERT INTO tellimused (klient_id, staatus_id, tarneviis_id, kogusumma) VALUES (404, 4, 2, 0);
INSERT INTO tellimuse_read (tellimus_id, toode_id, kogus, uhikuhind) VALUES (919, 27, 3, 1463.52);
UPDATE tellimused SET kogusumma = 4393.46 WHERE id = 919;
INSERT INTO arved (tellimus_id, number, kuupaev, maksetahtaeg, tasutud) VALUES (919, 'ARV-2026-00919', CURRENT_DATE(), CURRENT_DATE(), 1);
INSERT INTO maksed (arve_id, makseviis_id, summa) VALUES (919, 2, 4393.46);
INSERT INTO tellimused (klient_id, staatus_id, tarneviis_id, kogusumma) VALUES (339, 4, 1, 0);
INSERT INTO tellimuse_read (tellimus_id, toode_id, kogus, uhikuhind) VALUES (920, 92, 4, 707.08);
INSERT INTO tellimuse_read (tellimus_id, toode_id, kogus, uhikuhind) VALUES (920, 45, 2, 1046.82);
UPDATE tellimused SET kogusumma = 4927.86 WHERE id = 920;
INSERT INTO arved (tellimus_id, number, kuupaev, maksetahtaeg, tasutud) VALUES (920, 'ARV-2026-00920', CURRENT_DATE(), CURRENT_DATE(), 1);
INSERT INTO maksed (arve_id, makseviis_id, summa) VALUES (920, 1, 4927.86);
INSERT INTO tellimused (klient_id, staatus_id, tarneviis_id, kogusumma) VALUES (193, 4, 2, 0);
INSERT INTO tellimuse_read (tellimus_id, toode_id, kogus, uhikuhind) VALUES (921, 94, 2, 1067.21);
INSERT INTO tellimuse_read (tellimus_id, toode_id, kogus, uhikuhind) VALUES (921, 83, 3, 495.68);
INSERT INTO tellimuse_read (tellimus_id, toode_id, kogus, uhikuhind) VALUES (921, 93, 2, 854.37);
INSERT INTO tellimuse_read (tellimus_id, toode_id, kogus, uhikuhind) VALUES (921, 52, 1, 583.63);
UPDATE tellimused SET kogusumma = 5916.73 WHERE id = 921;
INSERT INTO arved (tellimus_id, number, kuupaev, maksetahtaeg, tasutud) VALUES (921, 'ARV-2026-00921', CURRENT_DATE(), CURRENT_DATE(), 1);
INSERT INTO maksed (arve_id, makseviis_id, summa) VALUES (921, 3, 5916.73);
INSERT INTO tellimused (klient_id, staatus_id, tarneviis_id, kogusumma) VALUES (63, 2, 3, 0);
INSERT INTO tellimuse_read (tellimus_id, toode_id, kogus, uhikuhind) VALUES (922, 7, 1, 260.98);
INSERT INTO tellimuse_read (tellimus_id, toode_id, kogus, uhikuhind) VALUES (922, 93, 3, 854.37);
UPDATE tellimused SET kogusumma = 2824.09 WHERE id = 922;
INSERT INTO arved (tellimus_id, number, kuupaev, maksetahtaeg, tasutud) VALUES (922, 'ARV-2026-00922', CURRENT_DATE(), CURRENT_DATE(), 0);
INSERT INTO tellimused (klient_id, staatus_id, tarneviis_id, kogusumma) VALUES (198, 1, 3, 0);
INSERT INTO tellimuse_read (tellimus_id, toode_id, kogus, uhikuhind) VALUES (923, 73, 1, 211.88);
UPDATE tellimused SET kogusumma = 211.88 WHERE id = 923;
INSERT INTO arved (tellimus_id, number, kuupaev, maksetahtaeg, tasutud) VALUES (923, 'ARV-2026-00923', CURRENT_DATE(), CURRENT_DATE(), 0);
INSERT INTO tellimused (klient_id, staatus_id, tarneviis_id, kogusumma) VALUES (83, 1, 1, 0);
INSERT INTO tellimuse_read (tellimus_id, toode_id, kogus, uhikuhind) VALUES (924, 133, 3, 517.42);
INSERT INTO tellimuse_read (tellimus_id, toode_id, kogus, uhikuhind) VALUES (924, 55, 2, 21.4);
INSERT INTO tellimuse_read (tellimus_id, toode_id, kogus, uhikuhind) VALUES (924, 8, 4, 1270.6);
INSERT INTO tellimuse_read (tellimus_id, toode_id, kogus, uhikuhind) VALUES (924, 94, 4, 1067.21);
UPDATE tellimused SET kogusumma = 10952.2 WHERE id = 924;
INSERT INTO arved (tellimus_id, number, kuupaev, maksetahtaeg, tasutud) VALUES (924, 'ARV-2026-00924', CURRENT_DATE(), CURRENT_DATE(), 0);
INSERT INTO tellimused (klient_id, staatus_id, tarneviis_id, kogusumma) VALUES (86, 2, 1, 0);
INSERT INTO tellimuse_read (tellimus_id, toode_id, kogus, uhikuhind) VALUES (925, 107, 2, 1262.41);
INSERT INTO tellimuse_read (tellimus_id, toode_id, kogus, uhikuhind) VALUES (925, 39, 4, 207.71);
INSERT INTO tellimuse_read (tellimus_id, toode_id, kogus, uhikuhind) VALUES (925, 73, 2, 211.88);
INSERT INTO tellimuse_read (tellimus_id, toode_id, kogus, uhikuhind) VALUES (925, 129, 4, 869.54);
INSERT INTO tellimuse_read (tellimus_id, toode_id, kogus, uhikuhind) VALUES (925, 43, 2, 549.01);
UPDATE tellimused SET kogusumma = 8361.5 WHERE id = 925;
INSERT INTO arved (tellimus_id, number, kuupaev, maksetahtaeg, tasutud) VALUES (925, 'ARV-2026-00925', CURRENT_DATE(), CURRENT_DATE(), 0);
INSERT INTO tellimused (klient_id, staatus_id, tarneviis_id, kogusumma) VALUES (178, 2, 1, 0);
INSERT INTO tellimuse_read (tellimus_id, toode_id, kogus, uhikuhind) VALUES (926, 48, 4, 650.28);
UPDATE tellimused SET kogusumma = 2607.02 WHERE id = 926;
INSERT INTO arved (tellimus_id, number, kuupaev, maksetahtaeg, tasutud) VALUES (926, 'ARV-2026-00926', CURRENT_DATE(), CURRENT_DATE(), 0);
INSERT INTO tellimused (klient_id, staatus_id, tarneviis_id, kogusumma) VALUES (412, 4, 3, 0);
INSERT INTO tellimuse_read (tellimus_id, toode_id, kogus, uhikuhind) VALUES (927, 86, 2, 1436.12);
INSERT INTO tellimuse_read (tellimus_id, toode_id, kogus, uhikuhind) VALUES (927, 12, 2, 51.28);
UPDATE tellimused SET kogusumma = 2974.8 WHERE id = 927;
INSERT INTO arved (tellimus_id, number, kuupaev, maksetahtaeg, tasutud) VALUES (927, 'ARV-2026-00927', CURRENT_DATE(), CURRENT_DATE(), 1);
INSERT INTO maksed (arve_id, makseviis_id, summa) VALUES (927, 1, 2974.8);
INSERT INTO tellimused (klient_id, staatus_id, tarneviis_id, kogusumma) VALUES (214, 3, 2, 0);
INSERT INTO tellimuse_read (tellimus_id, toode_id, kogus, uhikuhind) VALUES (928, 129, 3, 869.54);
INSERT INTO tellimuse_read (tellimus_id, toode_id, kogus, uhikuhind) VALUES (928, 110, 3, 940.17);
INSERT INTO tellimuse_read (tellimus_id, toode_id, kogus, uhikuhind) VALUES (928, 3, 1, 905.41);
INSERT INTO tellimuse_read (tellimus_id, toode_id, kogus, uhikuhind) VALUES (928, 140, 4, 1441.36);
INSERT INTO tellimuse_read (tellimus_id, toode_id, kogus, uhikuhind) VALUES (928, 21, 3, 1321.31);
UPDATE tellimused SET kogusumma = 16066.81 WHERE id = 928;
INSERT INTO arved (tellimus_id, number, kuupaev, maksetahtaeg, tasutud) VALUES (928, 'ARV-2026-00928', CURRENT_DATE(), CURRENT_DATE(), 1);
INSERT INTO maksed (arve_id, makseviis_id, summa) VALUES (928, 3, 16066.81);
INSERT INTO tellimused (klient_id, staatus_id, tarneviis_id, kogusumma) VALUES (420, 2, 3, 0);
INSERT INTO tellimuse_read (tellimus_id, toode_id, kogus, uhikuhind) VALUES (929, 37, 1, 1435.53);
INSERT INTO tellimuse_read (tellimus_id, toode_id, kogus, uhikuhind) VALUES (929, 23, 2, 1051.56);
INSERT INTO tellimuse_read (tellimus_id, toode_id, kogus, uhikuhind) VALUES (929, 84, 3, 1389.02);
UPDATE tellimused SET kogusumma = 7705.71 WHERE id = 929;
INSERT INTO arved (tellimus_id, number, kuupaev, maksetahtaeg, tasutud) VALUES (929, 'ARV-2026-00929', CURRENT_DATE(), CURRENT_DATE(), 0);
INSERT INTO tellimused (klient_id, staatus_id, tarneviis_id, kogusumma) VALUES (421, 3, 1, 0);
INSERT INTO tellimuse_read (tellimus_id, toode_id, kogus, uhikuhind) VALUES (930, 100, 3, 633.82);
INSERT INTO tellimuse_read (tellimus_id, toode_id, kogus, uhikuhind) VALUES (930, 80, 4, 549.38);
UPDATE tellimused SET kogusumma = 4104.88 WHERE id = 930;
INSERT INTO arved (tellimus_id, number, kuupaev, maksetahtaeg, tasutud) VALUES (930, 'ARV-2026-00930', CURRENT_DATE(), CURRENT_DATE(), 1);
INSERT INTO maksed (arve_id, makseviis_id, summa) VALUES (930, 2, 4104.88);
INSERT INTO tellimused (klient_id, staatus_id, tarneviis_id, kogusumma) VALUES (333, 3, 1, 0);
INSERT INTO tellimuse_read (tellimus_id, toode_id, kogus, uhikuhind) VALUES (931, 83, 1, 495.68);
INSERT INTO tellimuse_read (tellimus_id, toode_id, kogus, uhikuhind) VALUES (931, 14, 2, 950.37);
UPDATE tellimused SET kogusumma = 2402.32 WHERE id = 931;
INSERT INTO arved (tellimus_id, number, kuupaev, maksetahtaeg, tasutud) VALUES (931, 'ARV-2026-00931', CURRENT_DATE(), CURRENT_DATE(), 1);
INSERT INTO maksed (arve_id, makseviis_id, summa) VALUES (931, 2, 2402.32);
INSERT INTO tellimused (klient_id, staatus_id, tarneviis_id, kogusumma) VALUES (399, 2, 3, 0);
INSERT INTO tellimuse_read (tellimus_id, toode_id, kogus, uhikuhind) VALUES (932, 29, 4, 1404.27);
INSERT INTO tellimuse_read (tellimus_id, toode_id, kogus, uhikuhind) VALUES (932, 31, 4, 1083.57);
INSERT INTO tellimuse_read (tellimus_id, toode_id, kogus, uhikuhind) VALUES (932, 113, 1, 1051.2);
INSERT INTO tellimuse_read (tellimus_id, toode_id, kogus, uhikuhind) VALUES (932, 118, 1, 529.61);
UPDATE tellimused SET kogusumma = 11532.17 WHERE id = 932;
INSERT INTO arved (tellimus_id, number, kuupaev, maksetahtaeg, tasutud) VALUES (932, 'ARV-2026-00932', CURRENT_DATE(), CURRENT_DATE(), 0);
INSERT INTO tellimused (klient_id, staatus_id, tarneviis_id, kogusumma) VALUES (96, 4, 2, 0);
INSERT INTO tellimuse_read (tellimus_id, toode_id, kogus, uhikuhind) VALUES (933, 34, 1, 704.2);
INSERT INTO tellimuse_read (tellimus_id, toode_id, kogus, uhikuhind) VALUES (933, 71, 1, 1393.75);
INSERT INTO tellimuse_read (tellimus_id, toode_id, kogus, uhikuhind) VALUES (933, 61, 1, 1173.58);
UPDATE tellimused SET kogusumma = 3274.43 WHERE id = 933;
INSERT INTO arved (tellimus_id, number, kuupaev, maksetahtaeg, tasutud) VALUES (933, 'ARV-2026-00933', CURRENT_DATE(), CURRENT_DATE(), 1);
INSERT INTO maksed (arve_id, makseviis_id, summa) VALUES (933, 3, 3274.43);
INSERT INTO tellimused (klient_id, staatus_id, tarneviis_id, kogusumma) VALUES (446, 1, 3, 0);
INSERT INTO tellimuse_read (tellimus_id, toode_id, kogus, uhikuhind) VALUES (934, 63, 4, 739.53);
UPDATE tellimused SET kogusumma = 2958.12 WHERE id = 934;
INSERT INTO arved (tellimus_id, number, kuupaev, maksetahtaeg, tasutud) VALUES (934, 'ARV-2026-00934', CURRENT_DATE(), CURRENT_DATE(), 0);
INSERT INTO tellimused (klient_id, staatus_id, tarneviis_id, kogusumma) VALUES (376, 3, 1, 0);
INSERT INTO tellimuse_read (tellimus_id, toode_id, kogus, uhikuhind) VALUES (935, 38, 4, 1049.43);
INSERT INTO tellimuse_read (tellimus_id, toode_id, kogus, uhikuhind) VALUES (935, 20, 2, 465.78);
INSERT INTO tellimuse_read (tellimus_id, toode_id, kogus, uhikuhind) VALUES (935, 67, 1, 997.44);
INSERT INTO tellimuse_read (tellimus_id, toode_id, kogus, uhikuhind) VALUES (935, 59, 4, 634.88);
INSERT INTO tellimuse_read (tellimus_id, toode_id, kogus, uhikuhind) VALUES (935, 95, 4, 1375.85);
UPDATE tellimused SET kogusumma = 14175.54 WHERE id = 935;
INSERT INTO arved (tellimus_id, number, kuupaev, maksetahtaeg, tasutud) VALUES (935, 'ARV-2026-00935', CURRENT_DATE(), CURRENT_DATE(), 1);
INSERT INTO maksed (arve_id, makseviis_id, summa) VALUES (935, 1, 14175.54);
INSERT INTO tellimused (klient_id, staatus_id, tarneviis_id, kogusumma) VALUES (202, 2, 1, 0);
INSERT INTO tellimuse_read (tellimus_id, toode_id, kogus, uhikuhind) VALUES (936, 119, 2, 1267.05);
UPDATE tellimused SET kogusumma = 2540.0 WHERE id = 936;
INSERT INTO arved (tellimus_id, number, kuupaev, maksetahtaeg, tasutud) VALUES (936, 'ARV-2026-00936', CURRENT_DATE(), CURRENT_DATE(), 0);
INSERT INTO tellimused (klient_id, staatus_id, tarneviis_id, kogusumma) VALUES (24, 4, 1, 0);
INSERT INTO tellimuse_read (tellimus_id, toode_id, kogus, uhikuhind) VALUES (937, 48, 1, 650.28);
INSERT INTO tellimuse_read (tellimus_id, toode_id, kogus, uhikuhind) VALUES (937, 24, 3, 509.33);
INSERT INTO tellimuse_read (tellimus_id, toode_id, kogus, uhikuhind) VALUES (937, 147, 1, 576.36);
INSERT INTO tellimuse_read (tellimus_id, toode_id, kogus, uhikuhind) VALUES (937, 112, 1, 210.21);
INSERT INTO tellimuse_read (tellimus_id, toode_id, kogus, uhikuhind) VALUES (937, 84, 4, 1389.02);
UPDATE tellimused SET kogusumma = 8526.82 WHERE id = 937;
INSERT INTO arved (tellimus_id, number, kuupaev, maksetahtaeg, tasutud) VALUES (937, 'ARV-2026-00937', CURRENT_DATE(), CURRENT_DATE(), 1);
INSERT INTO maksed (arve_id, makseviis_id, summa) VALUES (937, 2, 8526.82);
INSERT INTO tellimused (klient_id, staatus_id, tarneviis_id, kogusumma) VALUES (52, 4, 3, 0);
INSERT INTO tellimuse_read (tellimus_id, toode_id, kogus, uhikuhind) VALUES (938, 18, 4, 1301.05);
UPDATE tellimused SET kogusumma = 5204.2 WHERE id = 938;
INSERT INTO arved (tellimus_id, number, kuupaev, maksetahtaeg, tasutud) VALUES (938, 'ARV-2026-00938', CURRENT_DATE(), CURRENT_DATE(), 1);
INSERT INTO maksed (arve_id, makseviis_id, summa) VALUES (938, 3, 5204.2);
INSERT INTO tellimused (klient_id, staatus_id, tarneviis_id, kogusumma) VALUES (405, 3, 3, 0);
INSERT INTO tellimuse_read (tellimus_id, toode_id, kogus, uhikuhind) VALUES (939, 94, 1, 1067.21);
INSERT INTO tellimuse_read (tellimus_id, toode_id, kogus, uhikuhind) VALUES (939, 71, 2, 1393.75);
INSERT INTO tellimuse_read (tellimus_id, toode_id, kogus, uhikuhind) VALUES (939, 20, 4, 465.78);
UPDATE tellimused SET kogusumma = 5717.83 WHERE id = 939;
INSERT INTO arved (tellimus_id, number, kuupaev, maksetahtaeg, tasutud) VALUES (939, 'ARV-2026-00939', CURRENT_DATE(), CURRENT_DATE(), 1);
INSERT INTO maksed (arve_id, makseviis_id, summa) VALUES (939, 3, 5717.83);
INSERT INTO tellimused (klient_id, staatus_id, tarneviis_id, kogusumma) VALUES (80, 1, 3, 0);
INSERT INTO tellimuse_read (tellimus_id, toode_id, kogus, uhikuhind) VALUES (940, 43, 3, 549.01);
INSERT INTO tellimuse_read (tellimus_id, toode_id, kogus, uhikuhind) VALUES (940, 137, 4, 934.56);
INSERT INTO tellimuse_read (tellimus_id, toode_id, kogus, uhikuhind) VALUES (940, 76, 4, 491.88);
UPDATE tellimused SET kogusumma = 7352.79 WHERE id = 940;
INSERT INTO arved (tellimus_id, number, kuupaev, maksetahtaeg, tasutud) VALUES (940, 'ARV-2026-00940', CURRENT_DATE(), CURRENT_DATE(), 0);
INSERT INTO tellimused (klient_id, staatus_id, tarneviis_id, kogusumma) VALUES (232, 4, 3, 0);
INSERT INTO tellimuse_read (tellimus_id, toode_id, kogus, uhikuhind) VALUES (941, 84, 1, 1389.02);
UPDATE tellimused SET kogusumma = 1389.02 WHERE id = 941;
INSERT INTO arved (tellimus_id, number, kuupaev, maksetahtaeg, tasutud) VALUES (941, 'ARV-2026-00941', CURRENT_DATE(), CURRENT_DATE(), 1);
INSERT INTO maksed (arve_id, makseviis_id, summa) VALUES (941, 1, 1389.02);
INSERT INTO tellimused (klient_id, staatus_id, tarneviis_id, kogusumma) VALUES (74, 4, 2, 0);
INSERT INTO tellimuse_read (tellimus_id, toode_id, kogus, uhikuhind) VALUES (942, 88, 4, 904.75);
INSERT INTO tellimuse_read (tellimus_id, toode_id, kogus, uhikuhind) VALUES (942, 12, 4, 51.28);
UPDATE tellimused SET kogusumma = 3827.02 WHERE id = 942;
INSERT INTO arved (tellimus_id, number, kuupaev, maksetahtaeg, tasutud) VALUES (942, 'ARV-2026-00942', CURRENT_DATE(), CURRENT_DATE(), 1);
INSERT INTO maksed (arve_id, makseviis_id, summa) VALUES (942, 3, 3827.02);
INSERT INTO tellimused (klient_id, staatus_id, tarneviis_id, kogusumma) VALUES (421, 1, 1, 0);
INSERT INTO tellimuse_read (tellimus_id, toode_id, kogus, uhikuhind) VALUES (943, 1, 3, 284.93);
INSERT INTO tellimuse_read (tellimus_id, toode_id, kogus, uhikuhind) VALUES (943, 80, 3, 549.38);
INSERT INTO tellimuse_read (tellimus_id, toode_id, kogus, uhikuhind) VALUES (943, 26, 4, 173.68);
INSERT INTO tellimuse_read (tellimus_id, toode_id, kogus, uhikuhind) VALUES (943, 129, 4, 869.54);
INSERT INTO tellimuse_read (tellimus_id, toode_id, kogus, uhikuhind) VALUES (943, 105, 1, 1195.5);
UPDATE tellimused SET kogusumma = 7877.21 WHERE id = 943;
INSERT INTO arved (tellimus_id, number, kuupaev, maksetahtaeg, tasutud) VALUES (943, 'ARV-2026-00943', CURRENT_DATE(), CURRENT_DATE(), 0);
INSERT INTO tellimused (klient_id, staatus_id, tarneviis_id, kogusumma) VALUES (210, 3, 2, 0);
INSERT INTO tellimuse_read (tellimus_id, toode_id, kogus, uhikuhind) VALUES (944, 89, 4, 1357.74);
INSERT INTO tellimuse_read (tellimus_id, toode_id, kogus, uhikuhind) VALUES (944, 142, 1, 1000.4);
INSERT INTO tellimuse_read (tellimus_id, toode_id, kogus, uhikuhind) VALUES (944, 124, 1, 55.84);
INSERT INTO tellimuse_read (tellimus_id, toode_id, kogus, uhikuhind) VALUES (944, 81, 3, 764.27);
INSERT INTO tellimuse_read (tellimus_id, toode_id, kogus, uhikuhind) VALUES (944, 149, 1, 1250.69);
UPDATE tellimused SET kogusumma = 10033.6 WHERE id = 944;
INSERT INTO arved (tellimus_id, number, kuupaev, maksetahtaeg, tasutud) VALUES (944, 'ARV-2026-00944', CURRENT_DATE(), CURRENT_DATE(), 1);
INSERT INTO maksed (arve_id, makseviis_id, summa) VALUES (944, 3, 10033.6);
INSERT INTO tellimused (klient_id, staatus_id, tarneviis_id, kogusumma) VALUES (412, 3, 3, 0);
INSERT INTO tellimuse_read (tellimus_id, toode_id, kogus, uhikuhind) VALUES (945, 41, 1, 757.66);
INSERT INTO tellimuse_read (tellimus_id, toode_id, kogus, uhikuhind) VALUES (945, 104, 3, 709.29);
UPDATE tellimused SET kogusumma = 2885.53 WHERE id = 945;
INSERT INTO arved (tellimus_id, number, kuupaev, maksetahtaeg, tasutud) VALUES (945, 'ARV-2026-00945', CURRENT_DATE(), CURRENT_DATE(), 1);
INSERT INTO maksed (arve_id, makseviis_id, summa) VALUES (945, 1, 2885.53);
INSERT INTO tellimused (klient_id, staatus_id, tarneviis_id, kogusumma) VALUES (197, 2, 1, 0);
INSERT INTO tellimuse_read (tellimus_id, toode_id, kogus, uhikuhind) VALUES (946, 53, 1, 112.5);
INSERT INTO tellimuse_read (tellimus_id, toode_id, kogus, uhikuhind) VALUES (946, 17, 4, 399.17);
INSERT INTO tellimuse_read (tellimus_id, toode_id, kogus, uhikuhind) VALUES (946, 23, 1, 1051.56);
INSERT INTO tellimuse_read (tellimus_id, toode_id, kogus, uhikuhind) VALUES (946, 145, 3, 467.91);
INSERT INTO tellimuse_read (tellimus_id, toode_id, kogus, uhikuhind) VALUES (946, 108, 3, 195.55);
UPDATE tellimused SET kogusumma = 4757.02 WHERE id = 946;
INSERT INTO arved (tellimus_id, number, kuupaev, maksetahtaeg, tasutud) VALUES (946, 'ARV-2026-00946', CURRENT_DATE(), CURRENT_DATE(), 0);
INSERT INTO tellimused (klient_id, staatus_id, tarneviis_id, kogusumma) VALUES (338, 3, 3, 0);
INSERT INTO tellimuse_read (tellimus_id, toode_id, kogus, uhikuhind) VALUES (947, 133, 4, 517.42);
INSERT INTO tellimuse_read (tellimus_id, toode_id, kogus, uhikuhind) VALUES (947, 99, 2, 617.97);
INSERT INTO tellimuse_read (tellimus_id, toode_id, kogus, uhikuhind) VALUES (947, 68, 4, 1408.93);
INSERT INTO tellimuse_read (tellimus_id, toode_id, kogus, uhikuhind) VALUES (947, 81, 4, 764.27);
INSERT INTO tellimuse_read (tellimus_id, toode_id, kogus, uhikuhind) VALUES (947, 123, 1, 840.5);
UPDATE tellimused SET kogusumma = 12838.92 WHERE id = 947;
INSERT INTO arved (tellimus_id, number, kuupaev, maksetahtaeg, tasutud) VALUES (947, 'ARV-2026-00947', CURRENT_DATE(), CURRENT_DATE(), 1);
INSERT INTO maksed (arve_id, makseviis_id, summa) VALUES (947, 1, 12838.92);
INSERT INTO tellimused (klient_id, staatus_id, tarneviis_id, kogusumma) VALUES (269, 3, 1, 0);
INSERT INTO tellimuse_read (tellimus_id, toode_id, kogus, uhikuhind) VALUES (948, 90, 4, 864.74);
INSERT INTO tellimuse_read (tellimus_id, toode_id, kogus, uhikuhind) VALUES (948, 7, 1, 260.98);
UPDATE tellimused SET kogusumma = 3725.84 WHERE id = 948;
INSERT INTO arved (tellimus_id, number, kuupaev, maksetahtaeg, tasutud) VALUES (948, 'ARV-2026-00948', CURRENT_DATE(), CURRENT_DATE(), 1);
INSERT INTO maksed (arve_id, makseviis_id, summa) VALUES (948, 1, 3725.84);
INSERT INTO tellimused (klient_id, staatus_id, tarneviis_id, kogusumma) VALUES (277, 3, 1, 0);
INSERT INTO tellimuse_read (tellimus_id, toode_id, kogus, uhikuhind) VALUES (949, 60, 3, 433.47);
INSERT INTO tellimuse_read (tellimus_id, toode_id, kogus, uhikuhind) VALUES (949, 2, 1, 591.98);
INSERT INTO tellimuse_read (tellimus_id, toode_id, kogus, uhikuhind) VALUES (949, 72, 3, 52.19);
INSERT INTO tellimuse_read (tellimus_id, toode_id, kogus, uhikuhind) VALUES (949, 81, 4, 764.27);
INSERT INTO tellimuse_read (tellimus_id, toode_id, kogus, uhikuhind) VALUES (949, 77, 3, 730.23);
UPDATE tellimused SET kogusumma = 7302.63 WHERE id = 949;
INSERT INTO arved (tellimus_id, number, kuupaev, maksetahtaeg, tasutud) VALUES (949, 'ARV-2026-00949', CURRENT_DATE(), CURRENT_DATE(), 1);
INSERT INTO maksed (arve_id, makseviis_id, summa) VALUES (949, 1, 7302.63);
INSERT INTO tellimused (klient_id, staatus_id, tarneviis_id, kogusumma) VALUES (8, 4, 2, 0);
INSERT INTO tellimuse_read (tellimus_id, toode_id, kogus, uhikuhind) VALUES (950, 107, 1, 1262.41);
INSERT INTO tellimuse_read (tellimus_id, toode_id, kogus, uhikuhind) VALUES (950, 129, 1, 869.54);
INSERT INTO tellimuse_read (tellimus_id, toode_id, kogus, uhikuhind) VALUES (950, 146, 3, 598.89);
UPDATE tellimused SET kogusumma = 3931.52 WHERE id = 950;
INSERT INTO arved (tellimus_id, number, kuupaev, maksetahtaeg, tasutud) VALUES (950, 'ARV-2026-00950', CURRENT_DATE(), CURRENT_DATE(), 1);
INSERT INTO maksed (arve_id, makseviis_id, summa) VALUES (950, 1, 3931.52);
INSERT INTO tellimused (klient_id, staatus_id, tarneviis_id, kogusumma) VALUES (479, 4, 3, 0);
INSERT INTO tellimuse_read (tellimus_id, toode_id, kogus, uhikuhind) VALUES (951, 20, 2, 465.78);
UPDATE tellimused SET kogusumma = 931.56 WHERE id = 951;
INSERT INTO arved (tellimus_id, number, kuupaev, maksetahtaeg, tasutud) VALUES (951, 'ARV-2026-00951', CURRENT_DATE(), CURRENT_DATE(), 1);
INSERT INTO maksed (arve_id, makseviis_id, summa) VALUES (951, 2, 931.56);
INSERT INTO tellimused (klient_id, staatus_id, tarneviis_id, kogusumma) VALUES (61, 3, 3, 0);
INSERT INTO tellimuse_read (tellimus_id, toode_id, kogus, uhikuhind) VALUES (952, 71, 1, 1393.75);
INSERT INTO tellimuse_read (tellimus_id, toode_id, kogus, uhikuhind) VALUES (952, 142, 4, 1000.4);
UPDATE tellimused SET kogusumma = 5395.35 WHERE id = 952;
INSERT INTO arved (tellimus_id, number, kuupaev, maksetahtaeg, tasutud) VALUES (952, 'ARV-2026-00952', CURRENT_DATE(), CURRENT_DATE(), 1);
INSERT INTO maksed (arve_id, makseviis_id, summa) VALUES (952, 1, 5395.35);
INSERT INTO tellimused (klient_id, staatus_id, tarneviis_id, kogusumma) VALUES (171, 4, 3, 0);
INSERT INTO tellimuse_read (tellimus_id, toode_id, kogus, uhikuhind) VALUES (953, 68, 2, 1408.93);
INSERT INTO tellimuse_read (tellimus_id, toode_id, kogus, uhikuhind) VALUES (953, 115, 4, 471.15);
UPDATE tellimused SET kogusumma = 4702.46 WHERE id = 953;
INSERT INTO arved (tellimus_id, number, kuupaev, maksetahtaeg, tasutud) VALUES (953, 'ARV-2026-00953', CURRENT_DATE(), CURRENT_DATE(), 1);
INSERT INTO maksed (arve_id, makseviis_id, summa) VALUES (953, 1, 4702.46);
INSERT INTO tellimused (klient_id, staatus_id, tarneviis_id, kogusumma) VALUES (418, 1, 2, 0);
INSERT INTO tellimuse_read (tellimus_id, toode_id, kogus, uhikuhind) VALUES (954, 66, 3, 712.62);
UPDATE tellimused SET kogusumma = 2140.76 WHERE id = 954;
INSERT INTO arved (tellimus_id, number, kuupaev, maksetahtaeg, tasutud) VALUES (954, 'ARV-2026-00954', CURRENT_DATE(), CURRENT_DATE(), 0);
INSERT INTO tellimused (klient_id, staatus_id, tarneviis_id, kogusumma) VALUES (495, 3, 1, 0);
INSERT INTO tellimuse_read (tellimus_id, toode_id, kogus, uhikuhind) VALUES (955, 51, 4, 645.54);
INSERT INTO tellimuse_read (tellimus_id, toode_id, kogus, uhikuhind) VALUES (955, 50, 2, 1049.16);
INSERT INTO tellimuse_read (tellimus_id, toode_id, kogus, uhikuhind) VALUES (955, 68, 2, 1408.93);
INSERT INTO tellimuse_read (tellimus_id, toode_id, kogus, uhikuhind) VALUES (955, 55, 2, 21.4);
INSERT INTO tellimuse_read (tellimus_id, toode_id, kogus, uhikuhind) VALUES (955, 89, 1, 1357.74);
UPDATE tellimused SET kogusumma = 8904.78 WHERE id = 955;
INSERT INTO arved (tellimus_id, number, kuupaev, maksetahtaeg, tasutud) VALUES (955, 'ARV-2026-00955', CURRENT_DATE(), CURRENT_DATE(), 1);
INSERT INTO maksed (arve_id, makseviis_id, summa) VALUES (955, 1, 8904.78);
INSERT INTO tellimused (klient_id, staatus_id, tarneviis_id, kogusumma) VALUES (115, 3, 1, 0);
INSERT INTO tellimuse_read (tellimus_id, toode_id, kogus, uhikuhind) VALUES (956, 34, 1, 704.2);
INSERT INTO tellimuse_read (tellimus_id, toode_id, kogus, uhikuhind) VALUES (956, 86, 1, 1436.12);
INSERT INTO tellimuse_read (tellimus_id, toode_id, kogus, uhikuhind) VALUES (956, 32, 2, 84.37);
INSERT INTO tellimuse_read (tellimus_id, toode_id, kogus, uhikuhind) VALUES (956, 97, 3, 985.9);
INSERT INTO tellimuse_read (tellimus_id, toode_id, kogus, uhikuhind) VALUES (956, 117, 4, 147.71);
UPDATE tellimused SET kogusumma = 5863.5 WHERE id = 956;
INSERT INTO arved (tellimus_id, number, kuupaev, maksetahtaeg, tasutud) VALUES (956, 'ARV-2026-00956', CURRENT_DATE(), CURRENT_DATE(), 1);
INSERT INTO maksed (arve_id, makseviis_id, summa) VALUES (956, 1, 5863.5);
INSERT INTO tellimused (klient_id, staatus_id, tarneviis_id, kogusumma) VALUES (287, 1, 2, 0);
INSERT INTO tellimuse_read (tellimus_id, toode_id, kogus, uhikuhind) VALUES (957, 24, 3, 509.33);
INSERT INTO tellimuse_read (tellimus_id, toode_id, kogus, uhikuhind) VALUES (957, 36, 3, 1394.94);
INSERT INTO tellimuse_read (tellimus_id, toode_id, kogus, uhikuhind) VALUES (957, 134, 1, 28.46);
UPDATE tellimused SET kogusumma = 5744.17 WHERE id = 957;
INSERT INTO arved (tellimus_id, number, kuupaev, maksetahtaeg, tasutud) VALUES (957, 'ARV-2026-00957', CURRENT_DATE(), CURRENT_DATE(), 0);
INSERT INTO tellimused (klient_id, staatus_id, tarneviis_id, kogusumma) VALUES (114, 2, 2, 0);
INSERT INTO tellimuse_read (tellimus_id, toode_id, kogus, uhikuhind) VALUES (958, 129, 1, 869.54);
UPDATE tellimused SET kogusumma = 872.44 WHERE id = 958;
INSERT INTO arved (tellimus_id, number, kuupaev, maksetahtaeg, tasutud) VALUES (958, 'ARV-2026-00958', CURRENT_DATE(), CURRENT_DATE(), 0);
INSERT INTO tellimused (klient_id, staatus_id, tarneviis_id, kogusumma) VALUES (273, 1, 1, 0);
INSERT INTO tellimuse_read (tellimus_id, toode_id, kogus, uhikuhind) VALUES (959, 113, 1, 1051.2);
INSERT INTO tellimuse_read (tellimus_id, toode_id, kogus, uhikuhind) VALUES (959, 140, 3, 1441.36);
INSERT INTO tellimuse_read (tellimus_id, toode_id, kogus, uhikuhind) VALUES (959, 29, 2, 1404.27);
INSERT INTO tellimuse_read (tellimus_id, toode_id, kogus, uhikuhind) VALUES (959, 56, 2, 1414.95);
UPDATE tellimused SET kogusumma = 11019.62 WHERE id = 959;
INSERT INTO arved (tellimus_id, number, kuupaev, maksetahtaeg, tasutud) VALUES (959, 'ARV-2026-00959', CURRENT_DATE(), CURRENT_DATE(), 0);
INSERT INTO tellimused (klient_id, staatus_id, tarneviis_id, kogusumma) VALUES (426, 4, 1, 0);
INSERT INTO tellimuse_read (tellimus_id, toode_id, kogus, uhikuhind) VALUES (960, 104, 4, 709.29);
UPDATE tellimused SET kogusumma = 2843.06 WHERE id = 960;
INSERT INTO arved (tellimus_id, number, kuupaev, maksetahtaeg, tasutud) VALUES (960, 'ARV-2026-00960', CURRENT_DATE(), CURRENT_DATE(), 1);
INSERT INTO maksed (arve_id, makseviis_id, summa) VALUES (960, 3, 2843.06);
INSERT INTO tellimused (klient_id, staatus_id, tarneviis_id, kogusumma) VALUES (272, 4, 3, 0);
INSERT INTO tellimuse_read (tellimus_id, toode_id, kogus, uhikuhind) VALUES (961, 41, 1, 757.66);
INSERT INTO tellimuse_read (tellimus_id, toode_id, kogus, uhikuhind) VALUES (961, 51, 2, 645.54);
UPDATE tellimused SET kogusumma = 2048.74 WHERE id = 961;
INSERT INTO arved (tellimus_id, number, kuupaev, maksetahtaeg, tasutud) VALUES (961, 'ARV-2026-00961', CURRENT_DATE(), CURRENT_DATE(), 1);
INSERT INTO maksed (arve_id, makseviis_id, summa) VALUES (961, 2, 2048.74);
INSERT INTO tellimused (klient_id, staatus_id, tarneviis_id, kogusumma) VALUES (467, 1, 2, 0);
INSERT INTO tellimuse_read (tellimus_id, toode_id, kogus, uhikuhind) VALUES (962, 38, 4, 1049.43);
INSERT INTO tellimuse_read (tellimus_id, toode_id, kogus, uhikuhind) VALUES (962, 150, 4, 580.23);
INSERT INTO tellimuse_read (tellimus_id, toode_id, kogus, uhikuhind) VALUES (962, 131, 4, 486.56);
UPDATE tellimused SET kogusumma = 8467.78 WHERE id = 962;
INSERT INTO arved (tellimus_id, number, kuupaev, maksetahtaeg, tasutud) VALUES (962, 'ARV-2026-00962', CURRENT_DATE(), CURRENT_DATE(), 0);
INSERT INTO tellimused (klient_id, staatus_id, tarneviis_id, kogusumma) VALUES (19, 4, 2, 0);
INSERT INTO tellimuse_read (tellimus_id, toode_id, kogus, uhikuhind) VALUES (963, 108, 1, 195.55);
UPDATE tellimused SET kogusumma = 198.45 WHERE id = 963;
INSERT INTO arved (tellimus_id, number, kuupaev, maksetahtaeg, tasutud) VALUES (963, 'ARV-2026-00963', CURRENT_DATE(), CURRENT_DATE(), 1);
INSERT INTO maksed (arve_id, makseviis_id, summa) VALUES (963, 3, 198.45);
INSERT INTO tellimused (klient_id, staatus_id, tarneviis_id, kogusumma) VALUES (317, 1, 1, 0);
INSERT INTO tellimuse_read (tellimus_id, toode_id, kogus, uhikuhind) VALUES (964, 141, 3, 190.7);
INSERT INTO tellimuse_read (tellimus_id, toode_id, kogus, uhikuhind) VALUES (964, 10, 4, 197.52);
UPDATE tellimused SET kogusumma = 1368.08 WHERE id = 964;
INSERT INTO arved (tellimus_id, number, kuupaev, maksetahtaeg, tasutud) VALUES (964, 'ARV-2026-00964', CURRENT_DATE(), CURRENT_DATE(), 0);
INSERT INTO tellimused (klient_id, staatus_id, tarneviis_id, kogusumma) VALUES (450, 4, 1, 0);
INSERT INTO tellimuse_read (tellimus_id, toode_id, kogus, uhikuhind) VALUES (965, 16, 4, 131.01);
UPDATE tellimused SET kogusumma = 529.94 WHERE id = 965;
INSERT INTO arved (tellimus_id, number, kuupaev, maksetahtaeg, tasutud) VALUES (965, 'ARV-2026-00965', CURRENT_DATE(), CURRENT_DATE(), 1);
INSERT INTO maksed (arve_id, makseviis_id, summa) VALUES (965, 2, 529.94);
INSERT INTO tellimused (klient_id, staatus_id, tarneviis_id, kogusumma) VALUES (396, 1, 2, 0);
INSERT INTO tellimuse_read (tellimus_id, toode_id, kogus, uhikuhind) VALUES (966, 126, 1, 1203.18);
INSERT INTO tellimuse_read (tellimus_id, toode_id, kogus, uhikuhind) VALUES (966, 66, 1, 712.62);
INSERT INTO tellimuse_read (tellimus_id, toode_id, kogus, uhikuhind) VALUES (966, 145, 2, 467.91);
UPDATE tellimused SET kogusumma = 2854.52 WHERE id = 966;
INSERT INTO arved (tellimus_id, number, kuupaev, maksetahtaeg, tasutud) VALUES (966, 'ARV-2026-00966', CURRENT_DATE(), CURRENT_DATE(), 0);
INSERT INTO tellimused (klient_id, staatus_id, tarneviis_id, kogusumma) VALUES (46, 4, 3, 0);
INSERT INTO tellimuse_read (tellimus_id, toode_id, kogus, uhikuhind) VALUES (967, 117, 3, 147.71);
INSERT INTO tellimuse_read (tellimus_id, toode_id, kogus, uhikuhind) VALUES (967, 19, 3, 261.3);
INSERT INTO tellimuse_read (tellimus_id, toode_id, kogus, uhikuhind) VALUES (967, 41, 2, 757.66);
INSERT INTO tellimuse_read (tellimus_id, toode_id, kogus, uhikuhind) VALUES (967, 68, 3, 1408.93);
INSERT INTO tellimuse_read (tellimus_id, toode_id, kogus, uhikuhind) VALUES (967, 19, 1, 261.3);
UPDATE tellimused SET kogusumma = 7230.44 WHERE id = 967;
INSERT INTO arved (tellimus_id, number, kuupaev, maksetahtaeg, tasutud) VALUES (967, 'ARV-2026-00967', CURRENT_DATE(), CURRENT_DATE(), 1);
INSERT INTO maksed (arve_id, makseviis_id, summa) VALUES (967, 1, 7230.44);
INSERT INTO tellimused (klient_id, staatus_id, tarneviis_id, kogusumma) VALUES (352, 3, 3, 0);
INSERT INTO tellimuse_read (tellimus_id, toode_id, kogus, uhikuhind) VALUES (968, 101, 2, 547.73);
INSERT INTO tellimuse_read (tellimus_id, toode_id, kogus, uhikuhind) VALUES (968, 148, 4, 184.12);
INSERT INTO tellimuse_read (tellimus_id, toode_id, kogus, uhikuhind) VALUES (968, 10, 2, 197.52);
UPDATE tellimused SET kogusumma = 2226.98 WHERE id = 968;
INSERT INTO arved (tellimus_id, number, kuupaev, maksetahtaeg, tasutud) VALUES (968, 'ARV-2026-00968', CURRENT_DATE(), CURRENT_DATE(), 1);
INSERT INTO maksed (arve_id, makseviis_id, summa) VALUES (968, 2, 2226.98);
INSERT INTO tellimused (klient_id, staatus_id, tarneviis_id, kogusumma) VALUES (426, 2, 1, 0);
INSERT INTO tellimuse_read (tellimus_id, toode_id, kogus, uhikuhind) VALUES (969, 33, 4, 1183.26);
INSERT INTO tellimuse_read (tellimus_id, toode_id, kogus, uhikuhind) VALUES (969, 79, 1, 736.42);
INSERT INTO tellimuse_read (tellimus_id, toode_id, kogus, uhikuhind) VALUES (969, 24, 4, 509.33);
INSERT INTO tellimuse_read (tellimus_id, toode_id, kogus, uhikuhind) VALUES (969, 93, 1, 854.37);
UPDATE tellimused SET kogusumma = 8367.05 WHERE id = 969;
INSERT INTO arved (tellimus_id, number, kuupaev, maksetahtaeg, tasutud) VALUES (969, 'ARV-2026-00969', CURRENT_DATE(), CURRENT_DATE(), 0);
INSERT INTO tellimused (klient_id, staatus_id, tarneviis_id, kogusumma) VALUES (282, 4, 1, 0);
INSERT INTO tellimuse_read (tellimus_id, toode_id, kogus, uhikuhind) VALUES (970, 59, 3, 634.88);
INSERT INTO tellimuse_read (tellimus_id, toode_id, kogus, uhikuhind) VALUES (970, 84, 4, 1389.02);
INSERT INTO tellimuse_read (tellimus_id, toode_id, kogus, uhikuhind) VALUES (970, 64, 4, 1054.16);
INSERT INTO tellimuse_read (tellimus_id, toode_id, kogus, uhikuhind) VALUES (970, 39, 4, 207.71);
INSERT INTO tellimuse_read (tellimus_id, toode_id, kogus, uhikuhind) VALUES (970, 4, 1, 908.2);
UPDATE tellimused SET kogusumma = 13422.3 WHERE id = 970;
INSERT INTO arved (tellimus_id, number, kuupaev, maksetahtaeg, tasutud) VALUES (970, 'ARV-2026-00970', CURRENT_DATE(), CURRENT_DATE(), 1);
INSERT INTO maksed (arve_id, makseviis_id, summa) VALUES (970, 1, 13422.3);
INSERT INTO tellimused (klient_id, staatus_id, tarneviis_id, kogusumma) VALUES (281, 3, 2, 0);
INSERT INTO tellimuse_read (tellimus_id, toode_id, kogus, uhikuhind) VALUES (971, 106, 3, 852.04);
INSERT INTO tellimuse_read (tellimus_id, toode_id, kogus, uhikuhind) VALUES (971, 117, 4, 147.71);
UPDATE tellimused SET kogusumma = 3149.86 WHERE id = 971;
INSERT INTO arved (tellimus_id, number, kuupaev, maksetahtaeg, tasutud) VALUES (971, 'ARV-2026-00971', CURRENT_DATE(), CURRENT_DATE(), 1);
INSERT INTO maksed (arve_id, makseviis_id, summa) VALUES (971, 3, 3149.86);
INSERT INTO tellimused (klient_id, staatus_id, tarneviis_id, kogusumma) VALUES (193, 3, 1, 0);
INSERT INTO tellimuse_read (tellimus_id, toode_id, kogus, uhikuhind) VALUES (972, 53, 3, 112.5);
INSERT INTO tellimuse_read (tellimus_id, toode_id, kogus, uhikuhind) VALUES (972, 138, 3, 1372.15);
UPDATE tellimused SET kogusumma = 4459.85 WHERE id = 972;
INSERT INTO arved (tellimus_id, number, kuupaev, maksetahtaeg, tasutud) VALUES (972, 'ARV-2026-00972', CURRENT_DATE(), CURRENT_DATE(), 1);
INSERT INTO maksed (arve_id, makseviis_id, summa) VALUES (972, 2, 4459.85);
INSERT INTO tellimused (klient_id, staatus_id, tarneviis_id, kogusumma) VALUES (432, 2, 3, 0);
INSERT INTO tellimuse_read (tellimus_id, toode_id, kogus, uhikuhind) VALUES (973, 47, 2, 1136.92);
INSERT INTO tellimuse_read (tellimus_id, toode_id, kogus, uhikuhind) VALUES (973, 99, 1, 617.97);
UPDATE tellimused SET kogusumma = 2891.81 WHERE id = 973;
INSERT INTO arved (tellimus_id, number, kuupaev, maksetahtaeg, tasutud) VALUES (973, 'ARV-2026-00973', CURRENT_DATE(), CURRENT_DATE(), 0);
INSERT INTO tellimused (klient_id, staatus_id, tarneviis_id, kogusumma) VALUES (109, 3, 2, 0);
INSERT INTO tellimuse_read (tellimus_id, toode_id, kogus, uhikuhind) VALUES (974, 123, 3, 840.5);
UPDATE tellimused SET kogusumma = 2524.4 WHERE id = 974;
INSERT INTO arved (tellimus_id, number, kuupaev, maksetahtaeg, tasutud) VALUES (974, 'ARV-2026-00974', CURRENT_DATE(), CURRENT_DATE(), 1);
INSERT INTO maksed (arve_id, makseviis_id, summa) VALUES (974, 2, 2524.4);
INSERT INTO tellimused (klient_id, staatus_id, tarneviis_id, kogusumma) VALUES (64, 2, 1, 0);
INSERT INTO tellimuse_read (tellimus_id, toode_id, kogus, uhikuhind) VALUES (975, 124, 2, 55.84);
INSERT INTO tellimuse_read (tellimus_id, toode_id, kogus, uhikuhind) VALUES (975, 116, 2, 479.92);
INSERT INTO tellimuse_read (tellimus_id, toode_id, kogus, uhikuhind) VALUES (975, 112, 2, 210.21);
UPDATE tellimused SET kogusumma = 1497.84 WHERE id = 975;
INSERT INTO arved (tellimus_id, number, kuupaev, maksetahtaeg, tasutud) VALUES (975, 'ARV-2026-00975', CURRENT_DATE(), CURRENT_DATE(), 0);
INSERT INTO tellimused (klient_id, staatus_id, tarneviis_id, kogusumma) VALUES (358, 3, 1, 0);
INSERT INTO tellimuse_read (tellimus_id, toode_id, kogus, uhikuhind) VALUES (976, 103, 3, 1221.75);
INSERT INTO tellimuse_read (tellimus_id, toode_id, kogus, uhikuhind) VALUES (976, 35, 2, 1210.41);
UPDATE tellimused SET kogusumma = 6091.97 WHERE id = 976;
INSERT INTO arved (tellimus_id, number, kuupaev, maksetahtaeg, tasutud) VALUES (976, 'ARV-2026-00976', CURRENT_DATE(), CURRENT_DATE(), 1);
INSERT INTO maksed (arve_id, makseviis_id, summa) VALUES (976, 2, 6091.97);
INSERT INTO tellimused (klient_id, staatus_id, tarneviis_id, kogusumma) VALUES (93, 2, 2, 0);
INSERT INTO tellimuse_read (tellimus_id, toode_id, kogus, uhikuhind) VALUES (977, 67, 3, 997.44);
INSERT INTO tellimuse_read (tellimus_id, toode_id, kogus, uhikuhind) VALUES (977, 19, 2, 261.3);
INSERT INTO tellimuse_read (tellimus_id, toode_id, kogus, uhikuhind) VALUES (977, 141, 3, 190.7);
UPDATE tellimused SET kogusumma = 4089.92 WHERE id = 977;
INSERT INTO arved (tellimus_id, number, kuupaev, maksetahtaeg, tasutud) VALUES (977, 'ARV-2026-00977', CURRENT_DATE(), CURRENT_DATE(), 0);
INSERT INTO tellimused (klient_id, staatus_id, tarneviis_id, kogusumma) VALUES (149, 1, 2, 0);
INSERT INTO tellimuse_read (tellimus_id, toode_id, kogus, uhikuhind) VALUES (978, 46, 2, 1318.99);
INSERT INTO tellimuse_read (tellimus_id, toode_id, kogus, uhikuhind) VALUES (978, 98, 2, 779.6);
INSERT INTO tellimuse_read (tellimus_id, toode_id, kogus, uhikuhind) VALUES (978, 16, 2, 131.01);
INSERT INTO tellimuse_read (tellimus_id, toode_id, kogus, uhikuhind) VALUES (978, 145, 3, 467.91);
UPDATE tellimused SET kogusumma = 5865.83 WHERE id = 978;
INSERT INTO arved (tellimus_id, number, kuupaev, maksetahtaeg, tasutud) VALUES (978, 'ARV-2026-00978', CURRENT_DATE(), CURRENT_DATE(), 0);
INSERT INTO tellimused (klient_id, staatus_id, tarneviis_id, kogusumma) VALUES (401, 2, 3, 0);
INSERT INTO tellimuse_read (tellimus_id, toode_id, kogus, uhikuhind) VALUES (979, 7, 2, 260.98);
INSERT INTO tellimuse_read (tellimus_id, toode_id, kogus, uhikuhind) VALUES (979, 53, 2, 112.5);
INSERT INTO tellimuse_read (tellimus_id, toode_id, kogus, uhikuhind) VALUES (979, 118, 3, 529.61);
UPDATE tellimused SET kogusumma = 2335.79 WHERE id = 979;
INSERT INTO arved (tellimus_id, number, kuupaev, maksetahtaeg, tasutud) VALUES (979, 'ARV-2026-00979', CURRENT_DATE(), CURRENT_DATE(), 0);
INSERT INTO tellimused (klient_id, staatus_id, tarneviis_id, kogusumma) VALUES (286, 4, 3, 0);
INSERT INTO tellimuse_read (tellimus_id, toode_id, kogus, uhikuhind) VALUES (980, 121, 1, 537.16);
UPDATE tellimused SET kogusumma = 537.16 WHERE id = 980;
INSERT INTO arved (tellimus_id, number, kuupaev, maksetahtaeg, tasutud) VALUES (980, 'ARV-2026-00980', CURRENT_DATE(), CURRENT_DATE(), 1);
INSERT INTO maksed (arve_id, makseviis_id, summa) VALUES (980, 2, 537.16);
INSERT INTO tellimused (klient_id, staatus_id, tarneviis_id, kogusumma) VALUES (155, 1, 1, 0);
INSERT INTO tellimuse_read (tellimus_id, toode_id, kogus, uhikuhind) VALUES (981, 27, 3, 1463.52);
INSERT INTO tellimuse_read (tellimus_id, toode_id, kogus, uhikuhind) VALUES (981, 76, 3, 491.88);
INSERT INTO tellimuse_read (tellimus_id, toode_id, kogus, uhikuhind) VALUES (981, 71, 4, 1393.75);
INSERT INTO tellimuse_read (tellimus_id, toode_id, kogus, uhikuhind) VALUES (981, 136, 1, 56.7);
INSERT INTO tellimuse_read (tellimus_id, toode_id, kogus, uhikuhind) VALUES (981, 31, 1, 1083.57);
UPDATE tellimused SET kogusumma = 12587.37 WHERE id = 981;
INSERT INTO arved (tellimus_id, number, kuupaev, maksetahtaeg, tasutud) VALUES (981, 'ARV-2026-00981', CURRENT_DATE(), CURRENT_DATE(), 0);
INSERT INTO tellimused (klient_id, staatus_id, tarneviis_id, kogusumma) VALUES (392, 4, 3, 0);
INSERT INTO tellimuse_read (tellimus_id, toode_id, kogus, uhikuhind) VALUES (982, 41, 1, 757.66);
INSERT INTO tellimuse_read (tellimus_id, toode_id, kogus, uhikuhind) VALUES (982, 108, 3, 195.55);
INSERT INTO tellimuse_read (tellimus_id, toode_id, kogus, uhikuhind) VALUES (982, 48, 4, 650.28);
UPDATE tellimused SET kogusumma = 3945.43 WHERE id = 982;
INSERT INTO arved (tellimus_id, number, kuupaev, maksetahtaeg, tasutud) VALUES (982, 'ARV-2026-00982', CURRENT_DATE(), CURRENT_DATE(), 1);
INSERT INTO maksed (arve_id, makseviis_id, summa) VALUES (982, 2, 3945.43);
INSERT INTO tellimused (klient_id, staatus_id, tarneviis_id, kogusumma) VALUES (153, 1, 2, 0);
INSERT INTO tellimuse_read (tellimus_id, toode_id, kogus, uhikuhind) VALUES (983, 50, 4, 1049.16);
INSERT INTO tellimuse_read (tellimus_id, toode_id, kogus, uhikuhind) VALUES (983, 124, 1, 55.84);
UPDATE tellimused SET kogusumma = 4255.38 WHERE id = 983;
INSERT INTO arved (tellimus_id, number, kuupaev, maksetahtaeg, tasutud) VALUES (983, 'ARV-2026-00983', CURRENT_DATE(), CURRENT_DATE(), 0);
INSERT INTO tellimused (klient_id, staatus_id, tarneviis_id, kogusumma) VALUES (375, 3, 1, 0);
INSERT INTO tellimuse_read (tellimus_id, toode_id, kogus, uhikuhind) VALUES (984, 143, 3, 291.2);
UPDATE tellimused SET kogusumma = 879.5 WHERE id = 984;
INSERT INTO arved (tellimus_id, number, kuupaev, maksetahtaeg, tasutud) VALUES (984, 'ARV-2026-00984', CURRENT_DATE(), CURRENT_DATE(), 1);
INSERT INTO maksed (arve_id, makseviis_id, summa) VALUES (984, 3, 879.5);
INSERT INTO tellimused (klient_id, staatus_id, tarneviis_id, kogusumma) VALUES (183, 2, 3, 0);
INSERT INTO tellimuse_read (tellimus_id, toode_id, kogus, uhikuhind) VALUES (985, 141, 1, 190.7);
INSERT INTO tellimuse_read (tellimus_id, toode_id, kogus, uhikuhind) VALUES (985, 84, 1, 1389.02);
INSERT INTO tellimuse_read (tellimus_id, toode_id, kogus, uhikuhind) VALUES (985, 25, 1, 1425.3);
INSERT INTO tellimuse_read (tellimus_id, toode_id, kogus, uhikuhind) VALUES (985, 121, 1, 537.16);
UPDATE tellimused SET kogusumma = 3542.18 WHERE id = 985;
INSERT INTO arved (tellimus_id, number, kuupaev, maksetahtaeg, tasutud) VALUES (985, 'ARV-2026-00985', CURRENT_DATE(), CURRENT_DATE(), 0);
INSERT INTO tellimused (klient_id, staatus_id, tarneviis_id, kogusumma) VALUES (374, 3, 3, 0);
INSERT INTO tellimuse_read (tellimus_id, toode_id, kogus, uhikuhind) VALUES (986, 28, 2, 989.04);
INSERT INTO tellimuse_read (tellimus_id, toode_id, kogus, uhikuhind) VALUES (986, 91, 1, 238.14);
INSERT INTO tellimuse_read (tellimus_id, toode_id, kogus, uhikuhind) VALUES (986, 114, 3, 805.9);
INSERT INTO tellimuse_read (tellimus_id, toode_id, kogus, uhikuhind) VALUES (986, 15, 2, 801.46);
INSERT INTO tellimuse_read (tellimus_id, toode_id, kogus, uhikuhind) VALUES (986, 19, 3, 261.3);
UPDATE tellimused SET kogusumma = 7020.74 WHERE id = 986;
INSERT INTO arved (tellimus_id, number, kuupaev, maksetahtaeg, tasutud) VALUES (986, 'ARV-2026-00986', CURRENT_DATE(), CURRENT_DATE(), 1);
INSERT INTO maksed (arve_id, makseviis_id, summa) VALUES (986, 3, 7020.74);
INSERT INTO tellimused (klient_id, staatus_id, tarneviis_id, kogusumma) VALUES (53, 4, 2, 0);
INSERT INTO tellimuse_read (tellimus_id, toode_id, kogus, uhikuhind) VALUES (987, 78, 3, 257.32);
INSERT INTO tellimuse_read (tellimus_id, toode_id, kogus, uhikuhind) VALUES (987, 149, 4, 1250.69);
UPDATE tellimused SET kogusumma = 5777.62 WHERE id = 987;
INSERT INTO arved (tellimus_id, number, kuupaev, maksetahtaeg, tasutud) VALUES (987, 'ARV-2026-00987', CURRENT_DATE(), CURRENT_DATE(), 1);
INSERT INTO maksed (arve_id, makseviis_id, summa) VALUES (987, 3, 5777.62);
INSERT INTO tellimused (klient_id, staatus_id, tarneviis_id, kogusumma) VALUES (83, 3, 3, 0);
INSERT INTO tellimuse_read (tellimus_id, toode_id, kogus, uhikuhind) VALUES (988, 126, 2, 1203.18);
UPDATE tellimused SET kogusumma = 2406.36 WHERE id = 988;
INSERT INTO arved (tellimus_id, number, kuupaev, maksetahtaeg, tasutud) VALUES (988, 'ARV-2026-00988', CURRENT_DATE(), CURRENT_DATE(), 1);
INSERT INTO maksed (arve_id, makseviis_id, summa) VALUES (988, 1, 2406.36);
INSERT INTO tellimused (klient_id, staatus_id, tarneviis_id, kogusumma) VALUES (53, 4, 1, 0);
INSERT INTO tellimuse_read (tellimus_id, toode_id, kogus, uhikuhind) VALUES (989, 91, 2, 238.14);
INSERT INTO tellimuse_read (tellimus_id, toode_id, kogus, uhikuhind) VALUES (989, 111, 4, 1205.16);
INSERT INTO tellimuse_read (tellimus_id, toode_id, kogus, uhikuhind) VALUES (989, 54, 1, 1409.57);
INSERT INTO tellimuse_read (tellimus_id, toode_id, kogus, uhikuhind) VALUES (989, 49, 4, 277.83);
INSERT INTO tellimuse_read (tellimus_id, toode_id, kogus, uhikuhind) VALUES (989, 8, 3, 1270.6);
UPDATE tellimused SET kogusumma = 11635.51 WHERE id = 989;
INSERT INTO arved (tellimus_id, number, kuupaev, maksetahtaeg, tasutud) VALUES (989, 'ARV-2026-00989', CURRENT_DATE(), CURRENT_DATE(), 1);
INSERT INTO maksed (arve_id, makseviis_id, summa) VALUES (989, 1, 11635.51);
INSERT INTO tellimused (klient_id, staatus_id, tarneviis_id, kogusumma) VALUES (149, 4, 3, 0);
INSERT INTO tellimuse_read (tellimus_id, toode_id, kogus, uhikuhind) VALUES (990, 60, 3, 433.47);
UPDATE tellimused SET kogusumma = 1300.41 WHERE id = 990;
INSERT INTO arved (tellimus_id, number, kuupaev, maksetahtaeg, tasutud) VALUES (990, 'ARV-2026-00990', CURRENT_DATE(), CURRENT_DATE(), 1);
INSERT INTO maksed (arve_id, makseviis_id, summa) VALUES (990, 2, 1300.41);
INSERT INTO tellimused (klient_id, staatus_id, tarneviis_id, kogusumma) VALUES (170, 1, 3, 0);
INSERT INTO tellimuse_read (tellimus_id, toode_id, kogus, uhikuhind) VALUES (991, 34, 4, 704.2);
INSERT INTO tellimuse_read (tellimus_id, toode_id, kogus, uhikuhind) VALUES (991, 19, 4, 261.3);
INSERT INTO tellimuse_read (tellimus_id, toode_id, kogus, uhikuhind) VALUES (991, 71, 2, 1393.75);
UPDATE tellimused SET kogusumma = 6649.5 WHERE id = 991;
INSERT INTO arved (tellimus_id, number, kuupaev, maksetahtaeg, tasutud) VALUES (991, 'ARV-2026-00991', CURRENT_DATE(), CURRENT_DATE(), 0);
INSERT INTO tellimused (klient_id, staatus_id, tarneviis_id, kogusumma) VALUES (384, 2, 3, 0);
INSERT INTO tellimuse_read (tellimus_id, toode_id, kogus, uhikuhind) VALUES (992, 115, 3, 471.15);
INSERT INTO tellimuse_read (tellimus_id, toode_id, kogus, uhikuhind) VALUES (992, 15, 3, 801.46);
INSERT INTO tellimuse_read (tellimus_id, toode_id, kogus, uhikuhind) VALUES (992, 149, 2, 1250.69);
UPDATE tellimused SET kogusumma = 6319.21 WHERE id = 992;
INSERT INTO arved (tellimus_id, number, kuupaev, maksetahtaeg, tasutud) VALUES (992, 'ARV-2026-00992', CURRENT_DATE(), CURRENT_DATE(), 0);
INSERT INTO tellimused (klient_id, staatus_id, tarneviis_id, kogusumma) VALUES (321, 2, 3, 0);
INSERT INTO tellimuse_read (tellimus_id, toode_id, kogus, uhikuhind) VALUES (993, 69, 4, 785.52);
UPDATE tellimused SET kogusumma = 3142.08 WHERE id = 993;
INSERT INTO arved (tellimus_id, number, kuupaev, maksetahtaeg, tasutud) VALUES (993, 'ARV-2026-00993', CURRENT_DATE(), CURRENT_DATE(), 0);
INSERT INTO tellimused (klient_id, staatus_id, tarneviis_id, kogusumma) VALUES (100, 1, 2, 0);
INSERT INTO tellimuse_read (tellimus_id, toode_id, kogus, uhikuhind) VALUES (994, 66, 1, 712.62);
INSERT INTO tellimuse_read (tellimus_id, toode_id, kogus, uhikuhind) VALUES (994, 41, 4, 757.66);
INSERT INTO tellimuse_read (tellimus_id, toode_id, kogus, uhikuhind) VALUES (994, 22, 2, 1215.75);
UPDATE tellimused SET kogusumma = 6177.66 WHERE id = 994;
INSERT INTO arved (tellimus_id, number, kuupaev, maksetahtaeg, tasutud) VALUES (994, 'ARV-2026-00994', CURRENT_DATE(), CURRENT_DATE(), 0);
INSERT INTO tellimused (klient_id, staatus_id, tarneviis_id, kogusumma) VALUES (56, 2, 1, 0);
INSERT INTO tellimuse_read (tellimus_id, toode_id, kogus, uhikuhind) VALUES (995, 31, 2, 1083.57);
UPDATE tellimused SET kogusumma = 2173.04 WHERE id = 995;
INSERT INTO arved (tellimus_id, number, kuupaev, maksetahtaeg, tasutud) VALUES (995, 'ARV-2026-00995', CURRENT_DATE(), CURRENT_DATE(), 0);
INSERT INTO tellimused (klient_id, staatus_id, tarneviis_id, kogusumma) VALUES (46, 3, 1, 0);
INSERT INTO tellimuse_read (tellimus_id, toode_id, kogus, uhikuhind) VALUES (996, 45, 1, 1046.82);
INSERT INTO tellimuse_read (tellimus_id, toode_id, kogus, uhikuhind) VALUES (996, 71, 4, 1393.75);
INSERT INTO tellimuse_read (tellimus_id, toode_id, kogus, uhikuhind) VALUES (996, 90, 1, 864.74);
UPDATE tellimused SET kogusumma = 7492.46 WHERE id = 996;
INSERT INTO arved (tellimus_id, number, kuupaev, maksetahtaeg, tasutud) VALUES (996, 'ARV-2026-00996', CURRENT_DATE(), CURRENT_DATE(), 1);
INSERT INTO maksed (arve_id, makseviis_id, summa) VALUES (996, 2, 7492.46);
INSERT INTO tellimused (klient_id, staatus_id, tarneviis_id, kogusumma) VALUES (426, 4, 2, 0);
INSERT INTO tellimuse_read (tellimus_id, toode_id, kogus, uhikuhind) VALUES (997, 1, 1, 284.93);
INSERT INTO tellimuse_read (tellimus_id, toode_id, kogus, uhikuhind) VALUES (997, 143, 4, 291.2);
INSERT INTO tellimuse_read (tellimus_id, toode_id, kogus, uhikuhind) VALUES (997, 39, 2, 207.71);
INSERT INTO tellimuse_read (tellimus_id, toode_id, kogus, uhikuhind) VALUES (997, 17, 2, 399.17);
INSERT INTO tellimuse_read (tellimus_id, toode_id, kogus, uhikuhind) VALUES (997, 131, 4, 486.56);
UPDATE tellimused SET kogusumma = 4612.63 WHERE id = 997;
INSERT INTO arved (tellimus_id, number, kuupaev, maksetahtaeg, tasutud) VALUES (997, 'ARV-2026-00997', CURRENT_DATE(), CURRENT_DATE(), 1);
INSERT INTO maksed (arve_id, makseviis_id, summa) VALUES (997, 1, 4612.63);
INSERT INTO tellimused (klient_id, staatus_id, tarneviis_id, kogusumma) VALUES (472, 3, 1, 0);
INSERT INTO tellimuse_read (tellimus_id, toode_id, kogus, uhikuhind) VALUES (998, 131, 2, 486.56);
INSERT INTO tellimuse_read (tellimus_id, toode_id, kogus, uhikuhind) VALUES (998, 63, 1, 739.53);
UPDATE tellimused SET kogusumma = 1718.55 WHERE id = 998;
INSERT INTO arved (tellimus_id, number, kuupaev, maksetahtaeg, tasutud) VALUES (998, 'ARV-2026-00998', CURRENT_DATE(), CURRENT_DATE(), 1);
INSERT INTO maksed (arve_id, makseviis_id, summa) VALUES (998, 2, 1718.55);
INSERT INTO tellimused (klient_id, staatus_id, tarneviis_id, kogusumma) VALUES (43, 1, 1, 0);
INSERT INTO tellimuse_read (tellimus_id, toode_id, kogus, uhikuhind) VALUES (999, 126, 3, 1203.18);
INSERT INTO tellimuse_read (tellimus_id, toode_id, kogus, uhikuhind) VALUES (999, 37, 2, 1435.53);
INSERT INTO tellimuse_read (tellimus_id, toode_id, kogus, uhikuhind) VALUES (999, 131, 3, 486.56);
UPDATE tellimused SET kogusumma = 7946.18 WHERE id = 999;
INSERT INTO arved (tellimus_id, number, kuupaev, maksetahtaeg, tasutud) VALUES (999, 'ARV-2026-00999', CURRENT_DATE(), CURRENT_DATE(), 0);
INSERT INTO tellimused (klient_id, staatus_id, tarneviis_id, kogusumma) VALUES (470, 1, 3, 0);
INSERT INTO tellimuse_read (tellimus_id, toode_id, kogus, uhikuhind) VALUES (1000, 126, 2, 1203.18);
INSERT INTO tellimuse_read (tellimus_id, toode_id, kogus, uhikuhind) VALUES (1000, 33, 3, 1183.26);
INSERT INTO tellimuse_read (tellimus_id, toode_id, kogus, uhikuhind) VALUES (1000, 5, 4, 1281.46);
INSERT INTO tellimuse_read (tellimus_id, toode_id, kogus, uhikuhind) VALUES (1000, 7, 2, 260.98);
UPDATE tellimused SET kogusumma = 11603.94 WHERE id = 1000;
INSERT INTO arved (tellimus_id, number, kuupaev, maksetahtaeg, tasutud) VALUES (1000, 'ARV-2026-01000', CURRENT_DATE(), CURRENT_DATE(), 0);
INSERT INTO kupongid (kood, allahindlus_protsent) VALUES ('SUVI26', 10), ('KEVAD20', 20), ('UUSKLIENT', 15);
INSERT IGNORE INTO tellimuse_kupongid (tellimus_id, kupong_id) VALUES (99, 1);
INSERT IGNORE INTO tellimuse_kupongid (tellimus_id, kupong_id) VALUES (175, 3);
INSERT IGNORE INTO tellimuse_kupongid (tellimus_id, kupong_id) VALUES (164, 2);
INSERT IGNORE INTO tellimuse_kupongid (tellimus_id, kupong_id) VALUES (754, 1);
INSERT IGNORE INTO tellimuse_kupongid (tellimus_id, kupong_id) VALUES (429, 1);
INSERT IGNORE INTO tellimuse_kupongid (tellimus_id, kupong_id) VALUES (71, 2);
INSERT IGNORE INTO tellimuse_kupongid (tellimus_id, kupong_id) VALUES (882, 1);
INSERT IGNORE INTO tellimuse_kupongid (tellimus_id, kupong_id) VALUES (698, 2);
INSERT IGNORE INTO tellimuse_kupongid (tellimus_id, kupong_id) VALUES (922, 3);
INSERT IGNORE INTO tellimuse_kupongid (tellimus_id, kupong_id) VALUES (215, 1);
INSERT IGNORE INTO tellimuse_kupongid (tellimus_id, kupong_id) VALUES (649, 1);
INSERT IGNORE INTO tellimuse_kupongid (tellimus_id, kupong_id) VALUES (619, 3);
INSERT IGNORE INTO tellimuse_kupongid (tellimus_id, kupong_id) VALUES (504, 1);
INSERT IGNORE INTO tellimuse_kupongid (tellimus_id, kupong_id) VALUES (95, 1);
INSERT IGNORE INTO tellimuse_kupongid (tellimus_id, kupong_id) VALUES (501, 3);
INSERT IGNORE INTO tellimuse_kupongid (tellimus_id, kupong_id) VALUES (825, 2);
INSERT IGNORE INTO tellimuse_kupongid (tellimus_id, kupong_id) VALUES (529, 2);
INSERT IGNORE INTO tellimuse_kupongid (tellimus_id, kupong_id) VALUES (263, 3);
INSERT IGNORE INTO tellimuse_kupongid (tellimus_id, kupong_id) VALUES (768, 3);
INSERT IGNORE INTO tellimuse_kupongid (tellimus_id, kupong_id) VALUES (596, 3);
INSERT IGNORE INTO tellimuse_kupongid (tellimus_id, kupong_id) VALUES (392, 1);
INSERT IGNORE INTO tellimuse_kupongid (tellimus_id, kupong_id) VALUES (15, 2);
INSERT IGNORE INTO tellimuse_kupongid (tellimus_id, kupong_id) VALUES (263, 1);
INSERT IGNORE INTO tellimuse_kupongid (tellimus_id, kupong_id) VALUES (498, 1);
INSERT IGNORE INTO tellimuse_kupongid (tellimus_id, kupong_id) VALUES (19, 3);
INSERT IGNORE INTO tellimuse_kupongid (tellimus_id, kupong_id) VALUES (757, 3);
INSERT IGNORE INTO tellimuse_kupongid (tellimus_id, kupong_id) VALUES (27, 1);
INSERT IGNORE INTO tellimuse_kupongid (tellimus_id, kupong_id) VALUES (395, 3);
INSERT IGNORE INTO tellimuse_kupongid (tellimus_id, kupong_id) VALUES (666, 2);
INSERT IGNORE INTO tellimuse_kupongid (tellimus_id, kupong_id) VALUES (791, 1);
INSERT IGNORE INTO tellimuse_kupongid (tellimus_id, kupong_id) VALUES (362, 1);
INSERT IGNORE INTO tellimuse_kupongid (tellimus_id, kupong_id) VALUES (577, 2);
INSERT IGNORE INTO tellimuse_kupongid (tellimus_id, kupong_id) VALUES (588, 2);
INSERT IGNORE INTO tellimuse_kupongid (tellimus_id, kupong_id) VALUES (161, 1);
INSERT IGNORE INTO tellimuse_kupongid (tellimus_id, kupong_id) VALUES (45, 3);
INSERT IGNORE INTO tellimuse_kupongid (tellimus_id, kupong_id) VALUES (659, 2);
INSERT IGNORE INTO tellimuse_kupongid (tellimus_id, kupong_id) VALUES (479, 3);
INSERT IGNORE INTO tellimuse_kupongid (tellimus_id, kupong_id) VALUES (242, 1);
INSERT IGNORE INTO tellimuse_kupongid (tellimus_id, kupong_id) VALUES (12, 2);
INSERT IGNORE INTO tellimuse_kupongid (tellimus_id, kupong_id) VALUES (693, 2);
INSERT IGNORE INTO tellimuse_kupongid (tellimus_id, kupong_id) VALUES (432, 1);
INSERT IGNORE INTO tellimuse_kupongid (tellimus_id, kupong_id) VALUES (645, 3);
INSERT IGNORE INTO tellimuse_kupongid (tellimus_id, kupong_id) VALUES (713, 2);
INSERT IGNORE INTO tellimuse_kupongid (tellimus_id, kupong_id) VALUES (885, 1);
INSERT IGNORE INTO tellimuse_kupongid (tellimus_id, kupong_id) VALUES (852, 2);
INSERT IGNORE INTO tellimuse_kupongid (tellimus_id, kupong_id) VALUES (444, 1);
INSERT IGNORE INTO tellimuse_kupongid (tellimus_id, kupong_id) VALUES (150, 2);
INSERT IGNORE INTO tellimuse_kupongid (tellimus_id, kupong_id) VALUES (396, 2);
INSERT IGNORE INTO tellimuse_kupongid (tellimus_id, kupong_id) VALUES (705, 2);
INSERT IGNORE INTO tellimuse_kupongid (tellimus_id, kupong_id) VALUES (597, 1);
INSERT IGNORE INTO tellimuse_kupongid (tellimus_id, kupong_id) VALUES (60, 1);
INSERT IGNORE INTO tellimuse_kupongid (tellimus_id, kupong_id) VALUES (293, 2);
INSERT IGNORE INTO tellimuse_kupongid (tellimus_id, kupong_id) VALUES (380, 2);
INSERT IGNORE INTO tellimuse_kupongid (tellimus_id, kupong_id) VALUES (823, 3);
INSERT IGNORE INTO tellimuse_kupongid (tellimus_id, kupong_id) VALUES (537, 2);
INSERT IGNORE INTO tellimuse_kupongid (tellimus_id, kupong_id) VALUES (546, 1);
INSERT IGNORE INTO tellimuse_kupongid (tellimus_id, kupong_id) VALUES (301, 1);
INSERT IGNORE INTO tellimuse_kupongid (tellimus_id, kupong_id) VALUES (47, 1);
INSERT IGNORE INTO tellimuse_kupongid (tellimus_id, kupong_id) VALUES (953, 2);
INSERT IGNORE INTO tellimuse_kupongid (tellimus_id, kupong_id) VALUES (576, 1);
INSERT IGNORE INTO tellimuse_kupongid (tellimus_id, kupong_id) VALUES (837, 2);
INSERT IGNORE INTO tellimuse_kupongid (tellimus_id, kupong_id) VALUES (554, 1);
INSERT IGNORE INTO tellimuse_kupongid (tellimus_id, kupong_id) VALUES (588, 2);
INSERT IGNORE INTO tellimuse_kupongid (tellimus_id, kupong_id) VALUES (446, 1);
INSERT IGNORE INTO tellimuse_kupongid (tellimus_id, kupong_id) VALUES (410, 3);
INSERT IGNORE INTO tellimuse_kupongid (tellimus_id, kupong_id) VALUES (654, 3);
INSERT IGNORE INTO tellimuse_kupongid (tellimus_id, kupong_id) VALUES (219, 2);
INSERT IGNORE INTO tellimuse_kupongid (tellimus_id, kupong_id) VALUES (771, 3);
INSERT IGNORE INTO tellimuse_kupongid (tellimus_id, kupong_id) VALUES (604, 2);
INSERT IGNORE INTO tellimuse_kupongid (tellimus_id, kupong_id) VALUES (324, 3);
INSERT IGNORE INTO tellimuse_kupongid (tellimus_id, kupong_id) VALUES (212, 1);
INSERT IGNORE INTO tellimuse_kupongid (tellimus_id, kupong_id) VALUES (908, 1);
INSERT IGNORE INTO tellimuse_kupongid (tellimus_id, kupong_id) VALUES (752, 2);
INSERT IGNORE INTO tellimuse_kupongid (tellimus_id, kupong_id) VALUES (838, 3);
INSERT IGNORE INTO tellimuse_kupongid (tellimus_id, kupong_id) VALUES (604, 1);
INSERT IGNORE INTO tellimuse_kupongid (tellimus_id, kupong_id) VALUES (612, 2);
INSERT IGNORE INTO tellimuse_kupongid (tellimus_id, kupong_id) VALUES (362, 2);
INSERT IGNORE INTO tellimuse_kupongid (tellimus_id, kupong_id) VALUES (453, 2);
INSERT IGNORE INTO tellimuse_kupongid (tellimus_id, kupong_id) VALUES (293, 2);
INSERT IGNORE INTO tellimuse_kupongid (tellimus_id, kupong_id) VALUES (171, 3);
INSERT IGNORE INTO tellimuse_kupongid (tellimus_id, kupong_id) VALUES (65, 2);
INSERT IGNORE INTO tellimuse_kupongid (tellimus_id, kupong_id) VALUES (50, 1);
INSERT IGNORE INTO tellimuse_kupongid (tellimus_id, kupong_id) VALUES (845, 1);
INSERT IGNORE INTO tellimuse_kupongid (tellimus_id, kupong_id) VALUES (84, 3);
INSERT IGNORE INTO tellimuse_kupongid (tellimus_id, kupong_id) VALUES (773, 3);
INSERT IGNORE INTO tellimuse_kupongid (tellimus_id, kupong_id) VALUES (425, 3);
INSERT IGNORE INTO tellimuse_kupongid (tellimus_id, kupong_id) VALUES (447, 1);
INSERT IGNORE INTO tellimuse_kupongid (tellimus_id, kupong_id) VALUES (752, 1);
INSERT IGNORE INTO tellimuse_kupongid (tellimus_id, kupong_id) VALUES (704, 3);
INSERT IGNORE INTO tellimuse_kupongid (tellimus_id, kupong_id) VALUES (31, 3);
INSERT IGNORE INTO tellimuse_kupongid (tellimus_id, kupong_id) VALUES (839, 3);
INSERT IGNORE INTO tellimuse_kupongid (tellimus_id, kupong_id) VALUES (929, 2);
INSERT IGNORE INTO tellimuse_kupongid (tellimus_id, kupong_id) VALUES (365, 3);
INSERT IGNORE INTO tellimuse_kupongid (tellimus_id, kupong_id) VALUES (210, 1);
INSERT IGNORE INTO tellimuse_kupongid (tellimus_id, kupong_id) VALUES (842, 2);
INSERT IGNORE INTO tellimuse_kupongid (tellimus_id, kupong_id) VALUES (293, 3);
INSERT IGNORE INTO tellimuse_kupongid (tellimus_id, kupong_id) VALUES (624, 2);
INSERT IGNORE INTO tellimuse_kupongid (tellimus_id, kupong_id) VALUES (987, 2);
INSERT IGNORE INTO tellimuse_kupongid (tellimus_id, kupong_id) VALUES (810, 3);
INSERT IGNORE INTO tellimuse_kupongid (tellimus_id, kupong_id) VALUES (546, 2);
INSERT IGNORE INTO saadetised (tellimus_id, tracking_kood) VALUES (171, 'DPD33085568');
INSERT IGNORE INTO saadetised (tellimus_id, tracking_kood) VALUES (758, 'DPD63250314');
INSERT IGNORE INTO saadetised (tellimus_id, tracking_kood) VALUES (872, 'DPD02133830');
INSERT IGNORE INTO saadetised (tellimus_id, tracking_kood) VALUES (328, 'DPD32544193');
INSERT IGNORE INTO saadetised (tellimus_id, tracking_kood) VALUES (311, 'DPD66261921');
INSERT IGNORE INTO saadetised (tellimus_id, tracking_kood) VALUES (967, 'DPD22887467');
INSERT IGNORE INTO saadetised (tellimus_id, tracking_kood) VALUES (338, 'DPD78604622');
INSERT IGNORE INTO saadetised (tellimus_id, tracking_kood) VALUES (90, 'DPD88797980');
INSERT IGNORE INTO saadetised (tellimus_id, tracking_kood) VALUES (186, 'DPD47149512');
INSERT IGNORE INTO saadetised (tellimus_id, tracking_kood) VALUES (587, 'DPD01599887');
INSERT IGNORE INTO saadetised (tellimus_id, tracking_kood) VALUES (490, 'DPD85916633');
INSERT IGNORE INTO saadetised (tellimus_id, tracking_kood) VALUES (667, 'DPD79291140');
INSERT IGNORE INTO saadetised (tellimus_id, tracking_kood) VALUES (778, 'DPD40128405');
INSERT IGNORE INTO saadetised (tellimus_id, tracking_kood) VALUES (773, 'DPD90122276');
INSERT IGNORE INTO saadetised (tellimus_id, tracking_kood) VALUES (827, 'DPD71185984');
INSERT IGNORE INTO saadetised (tellimus_id, tracking_kood) VALUES (61, 'DPD38191976');
INSERT IGNORE INTO saadetised (tellimus_id, tracking_kood) VALUES (510, 'DPD17923217');
INSERT IGNORE INTO saadetised (tellimus_id, tracking_kood) VALUES (142, 'DPD56838029');
INSERT IGNORE INTO saadetised (tellimus_id, tracking_kood) VALUES (887, 'DPD93078909');
INSERT IGNORE INTO saadetised (tellimus_id, tracking_kood) VALUES (249, 'DPD41639364');
INSERT IGNORE INTO saadetised (tellimus_id, tracking_kood) VALUES (943, 'DPD38430031');
INSERT IGNORE INTO saadetised (tellimus_id, tracking_kood) VALUES (507, 'DPD52171263');
INSERT IGNORE INTO saadetised (tellimus_id, tracking_kood) VALUES (94, 'DPD07372939');
INSERT IGNORE INTO saadetised (tellimus_id, tracking_kood) VALUES (47, 'DPD91109098');
INSERT IGNORE INTO saadetised (tellimus_id, tracking_kood) VALUES (500, 'DPD19681011');
INSERT IGNORE INTO saadetised (tellimus_id, tracking_kood) VALUES (909, 'DPD96866323');
INSERT IGNORE INTO saadetised (tellimus_id, tracking_kood) VALUES (610, 'DPD46674185');
INSERT IGNORE INTO saadetised (tellimus_id, tracking_kood) VALUES (841, 'DPD27027469');
INSERT IGNORE INTO saadetised (tellimus_id, tracking_kood) VALUES (175, 'DPD34025314');
INSERT IGNORE INTO saadetised (tellimus_id, tracking_kood) VALUES (980, 'DPD93174901');
INSERT IGNORE INTO saadetised (tellimus_id, tracking_kood) VALUES (227, 'DPD17616732');
INSERT IGNORE INTO saadetised (tellimus_id, tracking_kood) VALUES (798, 'DPD08649899');
INSERT IGNORE INTO saadetised (tellimus_id, tracking_kood) VALUES (100, 'DPD21805182');
INSERT IGNORE INTO saadetised (tellimus_id, tracking_kood) VALUES (793, 'DPD48802443');
INSERT IGNORE INTO saadetised (tellimus_id, tracking_kood) VALUES (214, 'DPD24598929');
INSERT IGNORE INTO saadetised (tellimus_id, tracking_kood) VALUES (638, 'DPD50169638');
INSERT IGNORE INTO saadetised (tellimus_id, tracking_kood) VALUES (184, 'DPD95496811');
INSERT IGNORE INTO saadetised (tellimus_id, tracking_kood) VALUES (12, 'DPD79845903');
INSERT IGNORE INTO saadetised (tellimus_id, tracking_kood) VALUES (568, 'DPD33662144');
INSERT IGNORE INTO saadetised (tellimus_id, tracking_kood) VALUES (775, 'DPD54701950');
INSERT IGNORE INTO saadetised (tellimus_id, tracking_kood) VALUES (418, 'DPD81579060');
INSERT IGNORE INTO saadetised (tellimus_id, tracking_kood) VALUES (335, 'DPD13621776');
INSERT IGNORE INTO saadetised (tellimus_id, tracking_kood) VALUES (238, 'DPD91085961');
INSERT IGNORE INTO saadetised (tellimus_id, tracking_kood) VALUES (629, 'DPD42858506');
INSERT IGNORE INTO saadetised (tellimus_id, tracking_kood) VALUES (310, 'DPD83264937');
INSERT IGNORE INTO saadetised (tellimus_id, tracking_kood) VALUES (534, 'DPD50238627');
INSERT IGNORE INTO saadetised (tellimus_id, tracking_kood) VALUES (445, 'DPD53043742');
INSERT IGNORE INTO saadetised (tellimus_id, tracking_kood) VALUES (599, 'DPD80696077');
INSERT IGNORE INTO saadetised (tellimus_id, tracking_kood) VALUES (66, 'DPD03202405');
INSERT IGNORE INTO saadetised (tellimus_id, tracking_kood) VALUES (313, 'DPD33869926');
INSERT IGNORE INTO saadetised (tellimus_id, tracking_kood) VALUES (245, 'DPD40137885');
INSERT IGNORE INTO saadetised (tellimus_id, tracking_kood) VALUES (119, 'DPD21189417');
INSERT IGNORE INTO saadetised (tellimus_id, tracking_kood) VALUES (885, 'DPD19491753');
INSERT IGNORE INTO saadetised (tellimus_id, tracking_kood) VALUES (694, 'DPD80490859');
INSERT IGNORE INTO saadetised (tellimus_id, tracking_kood) VALUES (377, 'DPD10131097');
INSERT IGNORE INTO saadetised (tellimus_id, tracking_kood) VALUES (453, 'DPD97354914');
INSERT IGNORE INTO saadetised (tellimus_id, tracking_kood) VALUES (57, 'DPD11666217');
INSERT IGNORE INTO saadetised (tellimus_id, tracking_kood) VALUES (554, 'DPD35079915');
INSERT IGNORE INTO saadetised (tellimus_id, tracking_kood) VALUES (575, 'DPD81455166');
INSERT IGNORE INTO saadetised (tellimus_id, tracking_kood) VALUES (613, 'DPD28376177');
INSERT IGNORE INTO saadetised (tellimus_id, tracking_kood) VALUES (907, 'DPD67013027');
INSERT IGNORE INTO saadetised (tellimus_id, tracking_kood) VALUES (155, 'DPD05025413');
INSERT IGNORE INTO saadetised (tellimus_id, tracking_kood) VALUES (552, 'DPD73547703');
INSERT IGNORE INTO saadetised (tellimus_id, tracking_kood) VALUES (977, 'DPD96578554');
INSERT IGNORE INTO saadetised (tellimus_id, tracking_kood) VALUES (996, 'DPD73657687');
INSERT IGNORE INTO saadetised (tellimus_id, tracking_kood) VALUES (256, 'DPD86930052');
INSERT IGNORE INTO saadetised (tellimus_id, tracking_kood) VALUES (861, 'DPD63465972');
INSERT IGNORE INTO saadetised (tellimus_id, tracking_kood) VALUES (233, 'DPD90385298');
INSERT IGNORE INTO saadetised (tellimus_id, tracking_kood) VALUES (756, 'DPD64472552');
INSERT IGNORE INTO saadetised (tellimus_id, tracking_kood) VALUES (723, 'DPD70123058');
INSERT IGNORE INTO saadetised (tellimus_id, tracking_kood) VALUES (761, 'DPD98793624');
INSERT IGNORE INTO saadetised (tellimus_id, tracking_kood) VALUES (448, 'DPD60508319');
INSERT IGNORE INTO saadetised (tellimus_id, tracking_kood) VALUES (20, 'DPD77410234');
INSERT IGNORE INTO saadetised (tellimus_id, tracking_kood) VALUES (126, 'DPD05441582');
INSERT IGNORE INTO saadetised (tellimus_id, tracking_kood) VALUES (99, 'DPD89915210');
INSERT IGNORE INTO saadetised (tellimus_id, tracking_kood) VALUES (11, 'DPD09220194');
INSERT IGNORE INTO saadetised (tellimus_id, tracking_kood) VALUES (755, 'DPD50885378');
INSERT IGNORE INTO saadetised (tellimus_id, tracking_kood) VALUES (158, 'DPD09770834');
INSERT IGNORE INTO saadetised (tellimus_id, tracking_kood) VALUES (489, 'DPD74628832');
INSERT IGNORE INTO saadetised (tellimus_id, tracking_kood) VALUES (543, 'DPD32071598');
INSERT IGNORE INTO saadetised (tellimus_id, tracking_kood) VALUES (878, 'DPD60796671');
INSERT IGNORE INTO saadetised (tellimus_id, tracking_kood) VALUES (559, 'DPD04507450');
INSERT IGNORE INTO saadetised (tellimus_id, tracking_kood) VALUES (716, 'DPD18652333');
INSERT IGNORE INTO saadetised (tellimus_id, tracking_kood) VALUES (990, 'DPD21500718');
INSERT IGNORE INTO saadetised (tellimus_id, tracking_kood) VALUES (720, 'DPD37187073');
INSERT IGNORE INTO saadetised (tellimus_id, tracking_kood) VALUES (631, 'DPD81628324');
INSERT IGNORE INTO saadetised (tellimus_id, tracking_kood) VALUES (939, 'DPD62656063');
INSERT IGNORE INTO saadetised (tellimus_id, tracking_kood) VALUES (212, 'DPD07398459');
INSERT IGNORE INTO saadetised (tellimus_id, tracking_kood) VALUES (588, 'DPD00849402');
INSERT IGNORE INTO saadetised (tellimus_id, tracking_kood) VALUES (653, 'DPD24462745');
INSERT IGNORE INTO saadetised (tellimus_id, tracking_kood) VALUES (127, 'DPD80473171');
INSERT IGNORE INTO saadetised (tellimus_id, tracking_kood) VALUES (352, 'DPD58061597');
INSERT IGNORE INTO saadetised (tellimus_id, tracking_kood) VALUES (60, 'DPD54026718');
INSERT IGNORE INTO saadetised (tellimus_id, tracking_kood) VALUES (162, 'DPD31042345');
INSERT IGNORE INTO saadetised (tellimus_id, tracking_kood) VALUES (108, 'DPD45941768');
INSERT IGNORE INTO saadetised (tellimus_id, tracking_kood) VALUES (22, 'DPD27646897');
INSERT IGNORE INTO saadetised (tellimus_id, tracking_kood) VALUES (32, 'DPD82755202');
INSERT IGNORE INTO saadetised (tellimus_id, tracking_kood) VALUES (203, 'DPD08950370');
INSERT IGNORE INTO saadetised (tellimus_id, tracking_kood) VALUES (614, 'DPD93708727');
INSERT IGNORE INTO saadetised (tellimus_id, tracking_kood) VALUES (566, 'DPD43745108');
INSERT IGNORE INTO saadetised (tellimus_id, tracking_kood) VALUES (727, 'DPD24131013');
INSERT IGNORE INTO saadetised (tellimus_id, tracking_kood) VALUES (459, 'DPD26187098');
INSERT IGNORE INTO saadetised (tellimus_id, tracking_kood) VALUES (595, 'DPD01042450');
INSERT IGNORE INTO saadetised (tellimus_id, tracking_kood) VALUES (991, 'DPD33812336');
INSERT IGNORE INTO saadetised (tellimus_id, tracking_kood) VALUES (643, 'DPD57270877');
INSERT IGNORE INTO saadetised (tellimus_id, tracking_kood) VALUES (296, 'DPD37635880');
INSERT IGNORE INTO saadetised (tellimus_id, tracking_kood) VALUES (910, 'DPD17168220');
INSERT IGNORE INTO saadetised (tellimus_id, tracking_kood) VALUES (925, 'DPD95638388');
INSERT IGNORE INTO saadetised (tellimus_id, tracking_kood) VALUES (719, 'DPD73466517');
INSERT IGNORE INTO saadetised (tellimus_id, tracking_kood) VALUES (398, 'DPD53061538');
INSERT IGNORE INTO saadetised (tellimus_id, tracking_kood) VALUES (577, 'DPD77303566');
INSERT IGNORE INTO saadetised (tellimus_id, tracking_kood) VALUES (971, 'DPD48712103');
INSERT IGNORE INTO saadetised (tellimus_id, tracking_kood) VALUES (668, 'DPD42729276');
INSERT IGNORE INTO saadetised (tellimus_id, tracking_kood) VALUES (363, 'DPD78969872');
INSERT IGNORE INTO saadetised (tellimus_id, tracking_kood) VALUES (306, 'DPD90047652');
INSERT IGNORE INTO saadetised (tellimus_id, tracking_kood) VALUES (258, 'DPD29306998');
INSERT IGNORE INTO saadetised (tellimus_id, tracking_kood) VALUES (822, 'DPD06623294');
INSERT IGNORE INTO saadetised (tellimus_id, tracking_kood) VALUES (844, 'DPD20048131');
INSERT IGNORE INTO saadetised (tellimus_id, tracking_kood) VALUES (105, 'DPD87647203');
INSERT IGNORE INTO saadetised (tellimus_id, tracking_kood) VALUES (19, 'DPD03786421');
INSERT IGNORE INTO saadetised (tellimus_id, tracking_kood) VALUES (679, 'DPD37893323');
INSERT IGNORE INTO saadetised (tellimus_id, tracking_kood) VALUES (805, 'DPD93164031');
INSERT IGNORE INTO saadetised (tellimus_id, tracking_kood) VALUES (911, 'DPD81033581');
INSERT IGNORE INTO saadetised (tellimus_id, tracking_kood) VALUES (441, 'DPD37964751');
INSERT IGNORE INTO saadetised (tellimus_id, tracking_kood) VALUES (921, 'DPD43723008');
INSERT IGNORE INTO saadetised (tellimus_id, tracking_kood) VALUES (278, 'DPD82636690');
INSERT IGNORE INTO saadetised (tellimus_id, tracking_kood) VALUES (781, 'DPD78496424');
INSERT IGNORE INTO saadetised (tellimus_id, tracking_kood) VALUES (211, 'DPD26258877');
INSERT IGNORE INTO saadetised (tellimus_id, tracking_kood) VALUES (530, 'DPD15650949');
INSERT IGNORE INTO saadetised (tellimus_id, tracking_kood) VALUES (23, 'DPD39390454');
INSERT IGNORE INTO saadetised (tellimus_id, tracking_kood) VALUES (650, 'DPD40452090');
INSERT IGNORE INTO saadetised (tellimus_id, tracking_kood) VALUES (92, 'DPD51330095');
INSERT IGNORE INTO saadetised (tellimus_id, tracking_kood) VALUES (600, 'DPD62494320');
INSERT IGNORE INTO saadetised (tellimus_id, tracking_kood) VALUES (576, 'DPD06471515');
INSERT IGNORE INTO saadetised (tellimus_id, tracking_kood) VALUES (796, 'DPD34265669');
INSERT IGNORE INTO saadetised (tellimus_id, tracking_kood) VALUES (821, 'DPD06418110');
INSERT IGNORE INTO saadetised (tellimus_id, tracking_kood) VALUES (644, 'DPD12438417');
INSERT IGNORE INTO saadetised (tellimus_id, tracking_kood) VALUES (992, 'DPD43364178');
INSERT IGNORE INTO saadetised (tellimus_id, tracking_kood) VALUES (299, 'DPD79186780');
INSERT IGNORE INTO saadetised (tellimus_id, tracking_kood) VALUES (743, 'DPD89878817');
INSERT IGNORE INTO saadetised (tellimus_id, tracking_kood) VALUES (177, 'DPD63240597');
INSERT IGNORE INTO saadetised (tellimus_id, tracking_kood) VALUES (791, 'DPD89842272');
INSERT IGNORE INTO saadetised (tellimus_id, tracking_kood) VALUES (799, 'DPD02432774');
INSERT IGNORE INTO saadetised (tellimus_id, tracking_kood) VALUES (592, 'DPD83787890');
INSERT IGNORE INTO saadetised (tellimus_id, tracking_kood) VALUES (468, 'DPD17330185');
INSERT IGNORE INTO saadetised (tellimus_id, tracking_kood) VALUES (62, 'DPD84259891');
INSERT IGNORE INTO saadetised (tellimus_id, tracking_kood) VALUES (520, 'DPD55682720');
INSERT IGNORE INTO saadetised (tellimus_id, tracking_kood) VALUES (794, 'DPD99326147');
INSERT IGNORE INTO saadetised (tellimus_id, tracking_kood) VALUES (55, 'DPD70213484');
INSERT IGNORE INTO saadetised (tellimus_id, tracking_kood) VALUES (31, 'DPD74765236');
INSERT IGNORE INTO saadetised (tellimus_id, tracking_kood) VALUES (123, 'DPD20729922');
INSERT IGNORE INTO saadetised (tellimus_id, tracking_kood) VALUES (894, 'DPD28863291');
INSERT IGNORE INTO saadetised (tellimus_id, tracking_kood) VALUES (176, 'DPD64785403');
INSERT IGNORE INTO saadetised (tellimus_id, tracking_kood) VALUES (185, 'DPD57384047');
INSERT IGNORE INTO saadetised (tellimus_id, tracking_kood) VALUES (165, 'DPD82513955');
INSERT IGNORE INTO saadetised (tellimus_id, tracking_kood) VALUES (893, 'DPD78492290');
INSERT IGNORE INTO saadetised (tellimus_id, tracking_kood) VALUES (404, 'DPD17785662');
INSERT IGNORE INTO saadetised (tellimus_id, tracking_kood) VALUES (663, 'DPD82451881');
INSERT IGNORE INTO saadetised (tellimus_id, tracking_kood) VALUES (953, 'DPD15009153');
INSERT IGNORE INTO saadetised (tellimus_id, tracking_kood) VALUES (871, 'DPD66689474');
INSERT IGNORE INTO saadetised (tellimus_id, tracking_kood) VALUES (974, 'DPD38166400');
INSERT IGNORE INTO saadetised (tellimus_id, tracking_kood) VALUES (562, 'DPD51185327');
INSERT IGNORE INTO saadetised (tellimus_id, tracking_kood) VALUES (450, 'DPD04944099');
INSERT IGNORE INTO saadetised (tellimus_id, tracking_kood) VALUES (634, 'DPD36087882');
INSERT IGNORE INTO saadetised (tellimus_id, tracking_kood) VALUES (488, 'DPD80517548');
INSERT IGNORE INTO saadetised (tellimus_id, tracking_kood) VALUES (72, 'DPD37338487');
INSERT IGNORE INTO saadetised (tellimus_id, tracking_kood) VALUES (242, 'DPD40352110');
INSERT IGNORE INTO saadetised (tellimus_id, tracking_kood) VALUES (326, 'DPD41355954');
INSERT IGNORE INTO saadetised (tellimus_id, tracking_kood) VALUES (148, 'DPD47481647');
INSERT IGNORE INTO saadetised (tellimus_id, tracking_kood) VALUES (27, 'DPD39613811');
INSERT IGNORE INTO saadetised (tellimus_id, tracking_kood) VALUES (858, 'DPD66683976');
INSERT IGNORE INTO saadetised (tellimus_id, tracking_kood) VALUES (84, 'DPD15310195');
INSERT IGNORE INTO saadetised (tellimus_id, tracking_kood) VALUES (879, 'DPD41423939');
INSERT IGNORE INTO saadetised (tellimus_id, tracking_kood) VALUES (753, 'DPD94720063');
INSERT IGNORE INTO saadetised (tellimus_id, tracking_kood) VALUES (438, 'DPD58181998');
INSERT IGNORE INTO saadetised (tellimus_id, tracking_kood) VALUES (305, 'DPD67325880');
INSERT IGNORE INTO saadetised (tellimus_id, tracking_kood) VALUES (900, 'DPD79578540');
INSERT IGNORE INTO saadetised (tellimus_id, tracking_kood) VALUES (666, 'DPD48920931');
INSERT IGNORE INTO saadetised (tellimus_id, tracking_kood) VALUES (567, 'DPD05545705');
INSERT IGNORE INTO saadetised (tellimus_id, tracking_kood) VALUES (672, 'DPD72219140');
INSERT IGNORE INTO saadetised (tellimus_id, tracking_kood) VALUES (348, 'DPD55559324');
INSERT IGNORE INTO saadetised (tellimus_id, tracking_kood) VALUES (863, 'DPD64827432');
INSERT IGNORE INTO saadetised (tellimus_id, tracking_kood) VALUES (207, 'DPD82707643');
INSERT IGNORE INTO saadetised (tellimus_id, tracking_kood) VALUES (722, 'DPD86040024');
INSERT IGNORE INTO saadetised (tellimus_id, tracking_kood) VALUES (159, 'DPD57233964');
INSERT IGNORE INTO saadetised (tellimus_id, tracking_kood) VALUES (682, 'DPD02215748');
INSERT IGNORE INTO saadetised (tellimus_id, tracking_kood) VALUES (944, 'DPD45533005');
INSERT IGNORE INTO saadetised (tellimus_id, tracking_kood) VALUES (602, 'DPD26864637');
INSERT IGNORE INTO saadetised (tellimus_id, tracking_kood) VALUES (272, 'DPD08137761');
INSERT IGNORE INTO saadetised (tellimus_id, tracking_kood) VALUES (375, 'DPD81387529');
INSERT IGNORE INTO saadetised (tellimus_id, tracking_kood) VALUES (196, 'DPD24960474');
INSERT IGNORE INTO saadetised (tellimus_id, tracking_kood) VALUES (228, 'DPD11270983');
INSERT IGNORE INTO saadetised (tellimus_id, tracking_kood) VALUES (199, 'DPD88601241');
INSERT IGNORE INTO saadetised (tellimus_id, tracking_kood) VALUES (817, 'DPD20779706');
INSERT IGNORE INTO saadetised (tellimus_id, tracking_kood) VALUES (754, 'DPD00514979');
INSERT IGNORE INTO saadetised (tellimus_id, tracking_kood) VALUES (191, 'DPD81707841');
INSERT IGNORE INTO saadetised (tellimus_id, tracking_kood) VALUES (857, 'DPD79999520');
INSERT IGNORE INTO saadetised (tellimus_id, tracking_kood) VALUES (104, 'DPD14800523');
INSERT IGNORE INTO saadetised (tellimus_id, tracking_kood) VALUES (830, 'DPD26262557');
INSERT IGNORE INTO saadetised (tellimus_id, tracking_kood) VALUES (763, 'DPD77438954');
INSERT IGNORE INTO saadetised (tellimus_id, tracking_kood) VALUES (301, 'DPD22300760');
INSERT IGNORE INTO saadetised (tellimus_id, tracking_kood) VALUES (983, 'DPD43933389');
INSERT IGNORE INTO saadetised (tellimus_id, tracking_kood) VALUES (988, 'DPD14631145');
INSERT IGNORE INTO saadetised (tellimus_id, tracking_kood) VALUES (748, 'DPD39449494');
INSERT IGNORE INTO saadetised (tellimus_id, tracking_kood) VALUES (782, 'DPD14367114');
INSERT IGNORE INTO saadetised (tellimus_id, tracking_kood) VALUES (788, 'DPD69285257');
INSERT IGNORE INTO saadetised (tellimus_id, tracking_kood) VALUES (896, 'DPD27858370');
INSERT IGNORE INTO saadetised (tellimus_id, tracking_kood) VALUES (966, 'DPD82648283');
INSERT IGNORE INTO saadetised (tellimus_id, tracking_kood) VALUES (146, 'DPD09054300');
INSERT IGNORE INTO saadetised (tellimus_id, tracking_kood) VALUES (454, 'DPD65650187');
INSERT IGNORE INTO saadetised (tellimus_id, tracking_kood) VALUES (717, 'DPD94941626');
INSERT IGNORE INTO saadetised (tellimus_id, tracking_kood) VALUES (9, 'DPD48612468');
INSERT IGNORE INTO saadetised (tellimus_id, tracking_kood) VALUES (768, 'DPD01486849');
INSERT IGNORE INTO saadetised (tellimus_id, tracking_kood) VALUES (471, 'DPD71917178');
INSERT IGNORE INTO saadetised (tellimus_id, tracking_kood) VALUES (618, 'DPD13961032');
INSERT IGNORE INTO saadetised (tellimus_id, tracking_kood) VALUES (912, 'DPD70074158');
INSERT IGNORE INTO saadetised (tellimus_id, tracking_kood) VALUES (715, 'DPD63241142');
INSERT IGNORE INTO saadetised (tellimus_id, tracking_kood) VALUES (455, 'DPD10138586');
INSERT IGNORE INTO saadetised (tellimus_id, tracking_kood) VALUES (699, 'DPD43951924');
INSERT IGNORE INTO saadetised (tellimus_id, tracking_kood) VALUES (93, 'DPD13088261');
INSERT IGNORE INTO saadetised (tellimus_id, tracking_kood) VALUES (712, 'DPD93362740');
INSERT IGNORE INTO saadetised (tellimus_id, tracking_kood) VALUES (975, 'DPD99433440');
INSERT IGNORE INTO saadetised (tellimus_id, tracking_kood) VALUES (553, 'DPD13230857');
INSERT IGNORE INTO saadetised (tellimus_id, tracking_kood) VALUES (431, 'DPD56716157');
INSERT IGNORE INTO saadetised (tellimus_id, tracking_kood) VALUES (834, 'DPD94246741');
INSERT IGNORE INTO saadetised (tellimus_id, tracking_kood) VALUES (443, 'DPD98642746');
INSERT IGNORE INTO saadetised (tellimus_id, tracking_kood) VALUES (388, 'DPD34682044');
INSERT IGNORE INTO saadetised (tellimus_id, tracking_kood) VALUES (688, 'DPD24795001');
INSERT IGNORE INTO saadetised (tellimus_id, tracking_kood) VALUES (202, 'DPD39519366');
INSERT IGNORE INTO saadetised (tellimus_id, tracking_kood) VALUES (400, 'DPD75028621');
INSERT IGNORE INTO saadetised (tellimus_id, tracking_kood) VALUES (439, 'DPD18179884');
INSERT IGNORE INTO saadetised (tellimus_id, tracking_kood) VALUES (266, 'DPD43022592');
INSERT IGNORE INTO saadetised (tellimus_id, tracking_kood) VALUES (449, 'DPD75094960');
INSERT IGNORE INTO saadetised (tellimus_id, tracking_kood) VALUES (496, 'DPD80381418');
INSERT IGNORE INTO saadetised (tellimus_id, tracking_kood) VALUES (292, 'DPD26251479');
INSERT IGNORE INTO saadetised (tellimus_id, tracking_kood) VALUES (809, 'DPD93809218');
INSERT IGNORE INTO saadetised (tellimus_id, tracking_kood) VALUES (446, 'DPD85628466');
INSERT IGNORE INTO saadetised (tellimus_id, tracking_kood) VALUES (51, 'DPD78198315');
INSERT IGNORE INTO saadetised (tellimus_id, tracking_kood) VALUES (606, 'DPD51155167');
INSERT IGNORE INTO saadetised (tellimus_id, tracking_kood) VALUES (746, 'DPD84897172');
INSERT IGNORE INTO saadetised (tellimus_id, tracking_kood) VALUES (230, 'DPD24600715');
INSERT IGNORE INTO saadetised (tellimus_id, tracking_kood) VALUES (645, 'DPD27254521');
INSERT IGNORE INTO saadetised (tellimus_id, tracking_kood) VALUES (111, 'DPD38045522');
INSERT IGNORE INTO saadetised (tellimus_id, tracking_kood) VALUES (532, 'DPD58161924');
INSERT IGNORE INTO saadetised (tellimus_id, tracking_kood) VALUES (859, 'DPD94431879');
INSERT IGNORE INTO saadetised (tellimus_id, tracking_kood) VALUES (16, 'DPD16354178');
INSERT IGNORE INTO saadetised (tellimus_id, tracking_kood) VALUES (604, 'DPD20300571');
INSERT IGNORE INTO saadetised (tellimus_id, tracking_kood) VALUES (429, 'DPD57960652');
INSERT IGNORE INTO saadetised (tellimus_id, tracking_kood) VALUES (421, 'DPD33316543');
INSERT IGNORE INTO saadetised (tellimus_id, tracking_kood) VALUES (330, 'DPD15919291');
INSERT IGNORE INTO saadetised (tellimus_id, tracking_kood) VALUES (134, 'DPD44319459');
INSERT IGNORE INTO saadetised (tellimus_id, tracking_kood) VALUES (247, 'DPD64250377');
INSERT IGNORE INTO saadetised (tellimus_id, tracking_kood) VALUES (149, 'DPD29174901');
INSERT IGNORE INTO saadetised (tellimus_id, tracking_kood) VALUES (517, 'DPD77862324');
INSERT IGNORE INTO saadetised (tellimus_id, tracking_kood) VALUES (828, 'DPD36350270');
INSERT IGNORE INTO saadetised (tellimus_id, tracking_kood) VALUES (428, 'DPD36417659');
INSERT IGNORE INTO saadetised (tellimus_id, tracking_kood) VALUES (378, 'DPD57534243');
INSERT IGNORE INTO saadetised (tellimus_id, tracking_kood) VALUES (282, 'DPD80307928');
INSERT IGNORE INTO saadetised (tellimus_id, tracking_kood) VALUES (216, 'DPD07879901');
INSERT IGNORE INTO saadetised (tellimus_id, tracking_kood) VALUES (607, 'DPD88019880');
INSERT IGNORE INTO saadetised (tellimus_id, tracking_kood) VALUES (538, 'DPD09572073');
INSERT IGNORE INTO saadetised (tellimus_id, tracking_kood) VALUES (563, 'DPD96769829');
INSERT IGNORE INTO saadetised (tellimus_id, tracking_kood) VALUES (785, 'DPD90275954');
INSERT IGNORE INTO saadetised (tellimus_id, tracking_kood) VALUES (741, 'DPD05229925');
INSERT IGNORE INTO saadetised (tellimus_id, tracking_kood) VALUES (8, 'DPD94334345');
INSERT IGNORE INTO saadetised (tellimus_id, tracking_kood) VALUES (937, 'DPD36760660');
INSERT IGNORE INTO saadetised (tellimus_id, tracking_kood) VALUES (820, 'DPD48584118');
INSERT IGNORE INTO saadetised (tellimus_id, tracking_kood) VALUES (125, 'DPD32624014');
INSERT IGNORE INTO saadetised (tellimus_id, tracking_kood) VALUES (81, 'DPD41862636');
INSERT IGNORE INTO saadetised (tellimus_id, tracking_kood) VALUES (783, 'DPD61083799');
INSERT IGNORE INTO saadetised (tellimus_id, tracking_kood) VALUES (976, 'DPD21194764');
INSERT IGNORE INTO saadetised (tellimus_id, tracking_kood) VALUES (845, 'DPD88229451');
INSERT IGNORE INTO saadetised (tellimus_id, tracking_kood) VALUES (954, 'DPD38333401');
INSERT IGNORE INTO saadetised (tellimus_id, tracking_kood) VALUES (179, 'DPD66584875');
INSERT IGNORE INTO saadetised (tellimus_id, tracking_kood) VALUES (73, 'DPD75876856');
INSERT IGNORE INTO saadetised (tellimus_id, tracking_kood) VALUES (700, 'DPD51570471');
INSERT IGNORE INTO saadetised (tellimus_id, tracking_kood) VALUES (473, 'DPD79812876');
INSERT IGNORE INTO saadetised (tellimus_id, tracking_kood) VALUES (590, 'DPD31778648');
INSERT IGNORE INTO saadetised (tellimus_id, tracking_kood) VALUES (639, 'DPD21552303');
INSERT IGNORE INTO saadetised (tellimus_id, tracking_kood) VALUES (34, 'DPD22783237');
INSERT IGNORE INTO saadetised (tellimus_id, tracking_kood) VALUES (255, 'DPD00027104');
INSERT IGNORE INTO saadetised (tellimus_id, tracking_kood) VALUES (591, 'DPD80715413');
INSERT IGNORE INTO saadetised (tellimus_id, tracking_kood) VALUES (481, 'DPD11481035');
INSERT IGNORE INTO saadetised (tellimus_id, tracking_kood) VALUES (647, 'DPD87165597');
INSERT IGNORE INTO saadetised (tellimus_id, tracking_kood) VALUES (36, 'DPD44428457');
INSERT IGNORE INTO saadetised (tellimus_id, tracking_kood) VALUES (91, 'DPD59253097');
INSERT IGNORE INTO saadetised (tellimus_id, tracking_kood) VALUES (350, 'DPD12621594');
INSERT IGNORE INTO saadetised (tellimus_id, tracking_kood) VALUES (701, 'DPD18683168');
INSERT IGNORE INTO saadetised (tellimus_id, tracking_kood) VALUES (390, 'DPD24527199');
INSERT IGNORE INTO saadetised (tellimus_id, tracking_kood) VALUES (732, 'DPD23340536');
INSERT IGNORE INTO saadetised (tellimus_id, tracking_kood) VALUES (696, 'DPD54621480');
INSERT IGNORE INTO saadetised (tellimus_id, tracking_kood) VALUES (289, 'DPD55708598');
INSERT IGNORE INTO saadetised (tellimus_id, tracking_kood) VALUES (259, 'DPD39056533');
INSERT IGNORE INTO saadetised (tellimus_id, tracking_kood) VALUES (804, 'DPD25396270');
INSERT IGNORE INTO saadetised (tellimus_id, tracking_kood) VALUES (670, 'DPD11154582');
INSERT IGNORE INTO saadetised (tellimus_id, tracking_kood) VALUES (853, 'DPD57066728');
INSERT IGNORE INTO saadetised (tellimus_id, tracking_kood) VALUES (414, 'DPD48971268');
INSERT IGNORE INTO saadetised (tellimus_id, tracking_kood) VALUES (478, 'DPD06811039');
INSERT IGNORE INTO saadetised (tellimus_id, tracking_kood) VALUES (164, 'DPD92007879');
INSERT IGNORE INTO saadetised (tellimus_id, tracking_kood) VALUES (569, 'DPD00370938');
INSERT INTO projektid (nimi, klient_id, alguskuupaev) VALUES ('Serverite kolimine pilve', 363, CURRENT_DATE());
INSERT INTO projektid (nimi, klient_id, alguskuupaev) VALUES ('Kodulehe platvormi vahetus', 19, CURRENT_DATE());
INSERT INTO projektid (nimi, klient_id, alguskuupaev) VALUES ('Dokumendihalduse uuendamine', 395, CURRENT_DATE());
INSERT INTO projektid (nimi, klient_id, alguskuupaev) VALUES ('Serverite kolimine pilve', 141, CURRENT_DATE());
INSERT INTO projektid (nimi, klient_id, alguskuupaev) VALUES ('Serverite kolimine pilve', 77, CURRENT_DATE());
INSERT INTO projektid (nimi, klient_id, alguskuupaev) VALUES ('Dokumendihalduse uuendamine', 180, CURRENT_DATE());
INSERT INTO projektid (nimi, klient_id, alguskuupaev) VALUES ('CRM andmete migratsioon', 216, CURRENT_DATE());
INSERT INTO projektid (nimi, klient_id, alguskuupaev) VALUES ('Kontorivõrgu kiiruse optimeerimine', 68, CURRENT_DATE());
INSERT INTO projektid (nimi, klient_id, alguskuupaev) VALUES ('Dokumendihalduse uuendamine', 496, CURRENT_DATE());
INSERT INTO projektid (nimi, klient_id, alguskuupaev) VALUES ('Masinapargi plaaniline hooldus', 326, CURRENT_DATE());
INSERT INTO projektid (nimi, klient_id, alguskuupaev) VALUES ('Klienditoe portaali uue versiooni loomine', 233, CURRENT_DATE());
INSERT INTO projektid (nimi, klient_id, alguskuupaev) VALUES ('Kontorivõrgu kiiruse optimeerimine', 341, CURRENT_DATE());
INSERT INTO projektid (nimi, klient_id, alguskuupaev) VALUES ('Töökeskkonna turvalisuse audit', 475, CURRENT_DATE());
INSERT INTO projektid (nimi, klient_id, alguskuupaev) VALUES ('Dokumendihalduse uuendamine', 91, CURRENT_DATE());
INSERT INTO projektid (nimi, klient_id, alguskuupaev) VALUES ('Masinapargi plaaniline hooldus', 93, CURRENT_DATE());
INSERT INTO projektid (nimi, klient_id, alguskuupaev) VALUES ('Raamatupidamistarkvara vahetus', 155, CURRENT_DATE());
INSERT INTO projektid (nimi, klient_id, alguskuupaev) VALUES ('Töötajate sisekoolituste sari', 418, CURRENT_DATE());
INSERT INTO projektid (nimi, klient_id, alguskuupaev) VALUES ('Töökeskkonna turvalisuse audit', 428, CURRENT_DATE());
INSERT INTO projektid (nimi, klient_id, alguskuupaev) VALUES ('Masinapargi plaaniline hooldus', 62, CURRENT_DATE());
INSERT INTO projektid (nimi, klient_id, alguskuupaev) VALUES ('Töötajate sisekoolituste sari', 128, CURRENT_DATE());
INSERT INTO projekti_ylesanded (projekt_id, vastutav_tootaja_id, pealkiri) VALUES (4, 95, 'Andmebaasi struktuuri loomine');
INSERT INTO ylesande_tooaeg (ylesanne_id, tootaja_id, kulunud_tunde) VALUES (1, 95, 6.68);
INSERT INTO ylesande_tooaeg (ylesanne_id, tootaja_id, kulunud_tunde) VALUES (1, 108, 1.92);
INSERT INTO projekti_ylesanded (projekt_id, vastutav_tootaja_id, pealkiri) VALUES (16, 182, 'Turvaportide skaneerimine');
INSERT INTO ylesande_tooaeg (ylesanne_id, tootaja_id, kulunud_tunde) VALUES (2, 182, 1.61);
INSERT INTO ylesande_tooaeg (ylesanne_id, tootaja_id, kulunud_tunde) VALUES (2, 18, 2.8);
INSERT INTO projekti_ylesanded (projekt_id, vastutav_tootaja_id, pealkiri) VALUES (5, 73, 'Iganädalase aruande eksport');
INSERT INTO ylesande_tooaeg (ylesanne_id, tootaja_id, kulunud_tunde) VALUES (3, 73, 5.26);
INSERT INTO ylesande_tooaeg (ylesanne_id, tootaja_id, kulunud_tunde) VALUES (3, 44, 1.48);
INSERT INTO projekti_ylesanded (projekt_id, vastutav_tootaja_id, pealkiri) VALUES (15, 126, 'Serveri operatsioonisüsteemi uuendus');
INSERT INTO ylesande_tooaeg (ylesanne_id, tootaja_id, kulunud_tunde) VALUES (4, 126, 1.45);
INSERT INTO ylesande_tooaeg (ylesanne_id, tootaja_id, kulunud_tunde) VALUES (4, 22, 4.4);
INSERT INTO projekti_ylesanded (projekt_id, vastutav_tootaja_id, pealkiri) VALUES (4, 36, 'Turvaportide skaneerimine');
INSERT INTO ylesande_tooaeg (ylesanne_id, tootaja_id, kulunud_tunde) VALUES (5, 36, 5.64);
INSERT INTO ylesande_tooaeg (ylesanne_id, tootaja_id, kulunud_tunde) VALUES (5, 198, 4.62);
INSERT INTO projekti_ylesanded (projekt_id, vastutav_tootaja_id, pealkiri) VALUES (3, 156, 'Koodivea otsimine ja parandus');
INSERT INTO ylesande_tooaeg (ylesanne_id, tootaja_id, kulunud_tunde) VALUES (6, 156, 4.62);
INSERT INTO ylesande_tooaeg (ylesanne_id, tootaja_id, kulunud_tunde) VALUES (6, 124, 1.47);
INSERT INTO projekti_ylesanded (projekt_id, vastutav_tootaja_id, pealkiri) VALUES (2, 92, 'Uute reeglite dokumenteerimine');
INSERT INTO ylesande_tooaeg (ylesanne_id, tootaja_id, kulunud_tunde) VALUES (7, 92, 5.2);
INSERT INTO ylesande_tooaeg (ylesanne_id, tootaja_id, kulunud_tunde) VALUES (7, 46, 1.78);
INSERT INTO projekti_ylesanded (projekt_id, vastutav_tootaja_id, pealkiri) VALUES (9, 67, 'Turvaportide skaneerimine');
INSERT INTO ylesande_tooaeg (ylesanne_id, tootaja_id, kulunud_tunde) VALUES (8, 67, 4.73);
INSERT INTO ylesande_tooaeg (ylesanne_id, tootaja_id, kulunud_tunde) VALUES (8, 198, 2.9);
INSERT INTO projekti_ylesanded (projekt_id, vastutav_tootaja_id, pealkiri) VALUES (15, 32, 'Koodivea otsimine ja parandus');
INSERT INTO ylesande_tooaeg (ylesanne_id, tootaja_id, kulunud_tunde) VALUES (9, 32, 4.02);
INSERT INTO ylesande_tooaeg (ylesanne_id, tootaja_id, kulunud_tunde) VALUES (9, 18, 1.45);
INSERT INTO projekti_ylesanded (projekt_id, vastutav_tootaja_id, pealkiri) VALUES (9, 171, 'Nõuete kaardistamine ja analüüs');
INSERT INTO ylesande_tooaeg (ylesanne_id, tootaja_id, kulunud_tunde) VALUES (10, 171, 8.49);
INSERT INTO ylesande_tooaeg (ylesanne_id, tootaja_id, kulunud_tunde) VALUES (10, 40, 2.7);
INSERT INTO projekti_ylesanded (projekt_id, vastutav_tootaja_id, pealkiri) VALUES (2, 103, 'Turvaportide skaneerimine');
INSERT INTO ylesande_tooaeg (ylesanne_id, tootaja_id, kulunud_tunde) VALUES (11, 103, 2.4);
INSERT INTO ylesande_tooaeg (ylesanne_id, tootaja_id, kulunud_tunde) VALUES (11, 107, 4.27);
INSERT INTO projekti_ylesanded (projekt_id, vastutav_tootaja_id, pealkiri) VALUES (18, 154, 'Serveri operatsioonisüsteemi uuendus');
INSERT INTO ylesande_tooaeg (ylesanne_id, tootaja_id, kulunud_tunde) VALUES (12, 154, 5.65);
INSERT INTO ylesande_tooaeg (ylesanne_id, tootaja_id, kulunud_tunde) VALUES (12, 19, 4.57);
INSERT INTO projekti_ylesanded (projekt_id, vastutav_tootaja_id, pealkiri) VALUES (5, 22, 'Andmebaasi struktuuri loomine');
INSERT INTO ylesande_tooaeg (ylesanne_id, tootaja_id, kulunud_tunde) VALUES (13, 22, 6.24);
INSERT INTO ylesande_tooaeg (ylesanne_id, tootaja_id, kulunud_tunde) VALUES (13, 78, 1.9);
INSERT INTO projekti_ylesanded (projekt_id, vastutav_tootaja_id, pealkiri) VALUES (12, 187, 'Nõuete kaardistamine ja analüüs');
INSERT INTO ylesande_tooaeg (ylesanne_id, tootaja_id, kulunud_tunde) VALUES (14, 187, 6.96);
INSERT INTO ylesande_tooaeg (ylesanne_id, tootaja_id, kulunud_tunde) VALUES (14, 6, 1.29);
INSERT INTO projekti_ylesanded (projekt_id, vastutav_tootaja_id, pealkiri) VALUES (4, 192, 'API liideste testimine');
INSERT INTO ylesande_tooaeg (ylesanne_id, tootaja_id, kulunud_tunde) VALUES (15, 192, 1.6);
INSERT INTO ylesande_tooaeg (ylesanne_id, tootaja_id, kulunud_tunde) VALUES (15, 119, 3.79);
INSERT INTO projekti_ylesanded (projekt_id, vastutav_tootaja_id, pealkiri) VALUES (13, 64, 'Turvaportide skaneerimine');
INSERT INTO ylesande_tooaeg (ylesanne_id, tootaja_id, kulunud_tunde) VALUES (16, 64, 3.61);
INSERT INTO ylesande_tooaeg (ylesanne_id, tootaja_id, kulunud_tunde) VALUES (16, 96, 4.88);
INSERT INTO projekti_ylesanded (projekt_id, vastutav_tootaja_id, pealkiri) VALUES (18, 164, 'Koodivea otsimine ja parandus');
INSERT INTO ylesande_tooaeg (ylesanne_id, tootaja_id, kulunud_tunde) VALUES (17, 164, 2.44);
INSERT INTO ylesande_tooaeg (ylesanne_id, tootaja_id, kulunud_tunde) VALUES (17, 190, 4.28);
INSERT INTO projekti_ylesanded (projekt_id, vastutav_tootaja_id, pealkiri) VALUES (20, 164, 'API liideste testimine');
INSERT INTO ylesande_tooaeg (ylesanne_id, tootaja_id, kulunud_tunde) VALUES (18, 164, 9.81);
INSERT INTO ylesande_tooaeg (ylesanne_id, tootaja_id, kulunud_tunde) VALUES (18, 89, 2.19);
INSERT INTO projekti_ylesanded (projekt_id, vastutav_tootaja_id, pealkiri) VALUES (20, 16, 'Turvaportide skaneerimine');
INSERT INTO ylesande_tooaeg (ylesanne_id, tootaja_id, kulunud_tunde) VALUES (19, 16, 2.83);
INSERT INTO ylesande_tooaeg (ylesanne_id, tootaja_id, kulunud_tunde) VALUES (19, 121, 2.53);
INSERT INTO projekti_ylesanded (projekt_id, vastutav_tootaja_id, pealkiri) VALUES (2, 108, 'Uute reeglite dokumenteerimine');
INSERT INTO ylesande_tooaeg (ylesanne_id, tootaja_id, kulunud_tunde) VALUES (20, 108, 8.65);
INSERT INTO ylesande_tooaeg (ylesanne_id, tootaja_id, kulunud_tunde) VALUES (20, 113, 4.03);
INSERT INTO projekti_ylesanded (projekt_id, vastutav_tootaja_id, pealkiri) VALUES (1, 49, 'Serveri operatsioonisüsteemi uuendus');
INSERT INTO ylesande_tooaeg (ylesanne_id, tootaja_id, kulunud_tunde) VALUES (21, 49, 9.73);
INSERT INTO ylesande_tooaeg (ylesanne_id, tootaja_id, kulunud_tunde) VALUES (21, 15, 1.15);
INSERT INTO projekti_ylesanded (projekt_id, vastutav_tootaja_id, pealkiri) VALUES (2, 75, 'Kliendilt tagasiside küsimine');
INSERT INTO ylesande_tooaeg (ylesanne_id, tootaja_id, kulunud_tunde) VALUES (22, 75, 7.65);
INSERT INTO ylesande_tooaeg (ylesanne_id, tootaja_id, kulunud_tunde) VALUES (22, 82, 2.34);
INSERT INTO projekti_ylesanded (projekt_id, vastutav_tootaja_id, pealkiri) VALUES (1, 125, 'Iganädalase aruande eksport');
INSERT INTO ylesande_tooaeg (ylesanne_id, tootaja_id, kulunud_tunde) VALUES (23, 125, 3.55);
INSERT INTO ylesande_tooaeg (ylesanne_id, tootaja_id, kulunud_tunde) VALUES (23, 37, 2.32);
INSERT INTO projekti_ylesanded (projekt_id, vastutav_tootaja_id, pealkiri) VALUES (14, 106, 'Serveri operatsioonisüsteemi uuendus');
INSERT INTO ylesande_tooaeg (ylesanne_id, tootaja_id, kulunud_tunde) VALUES (24, 106, 4.56);
INSERT INTO ylesande_tooaeg (ylesanne_id, tootaja_id, kulunud_tunde) VALUES (24, 160, 3.76);
INSERT INTO projekti_ylesanded (projekt_id, vastutav_tootaja_id, pealkiri) VALUES (16, 113, 'Andmebaasi struktuuri loomine');
INSERT INTO ylesande_tooaeg (ylesanne_id, tootaja_id, kulunud_tunde) VALUES (25, 113, 3.79);
INSERT INTO ylesande_tooaeg (ylesanne_id, tootaja_id, kulunud_tunde) VALUES (25, 117, 4.81);
INSERT INTO projekti_ylesanded (projekt_id, vastutav_tootaja_id, pealkiri) VALUES (9, 164, 'Kliendilt tagasiside küsimine');
INSERT INTO ylesande_tooaeg (ylesanne_id, tootaja_id, kulunud_tunde) VALUES (26, 164, 8.92);
INSERT INTO ylesande_tooaeg (ylesanne_id, tootaja_id, kulunud_tunde) VALUES (26, 78, 4.37);
INSERT INTO projekti_ylesanded (projekt_id, vastutav_tootaja_id, pealkiri) VALUES (7, 130, 'Iganädalase aruande eksport');
INSERT INTO ylesande_tooaeg (ylesanne_id, tootaja_id, kulunud_tunde) VALUES (27, 130, 9.27);
INSERT INTO ylesande_tooaeg (ylesanne_id, tootaja_id, kulunud_tunde) VALUES (27, 193, 4.47);
INSERT INTO projekti_ylesanded (projekt_id, vastutav_tootaja_id, pealkiri) VALUES (19, 157, 'Kliendilt tagasiside küsimine');
INSERT INTO ylesande_tooaeg (ylesanne_id, tootaja_id, kulunud_tunde) VALUES (28, 157, 4.8);
INSERT INTO ylesande_tooaeg (ylesanne_id, tootaja_id, kulunud_tunde) VALUES (28, 54, 2.93);
INSERT INTO projekti_ylesanded (projekt_id, vastutav_tootaja_id, pealkiri) VALUES (12, 36, 'Kasutusjuhendi mustandi kirjutamine');
INSERT INTO ylesande_tooaeg (ylesanne_id, tootaja_id, kulunud_tunde) VALUES (29, 36, 8.79);
INSERT INTO ylesande_tooaeg (ylesanne_id, tootaja_id, kulunud_tunde) VALUES (29, 104, 3.53);
INSERT INTO projekti_ylesanded (projekt_id, vastutav_tootaja_id, pealkiri) VALUES (7, 36, 'Kasutajaliidese algne disain');
INSERT INTO ylesande_tooaeg (ylesanne_id, tootaja_id, kulunud_tunde) VALUES (30, 36, 2.48);
INSERT INTO ylesande_tooaeg (ylesanne_id, tootaja_id, kulunud_tunde) VALUES (30, 170, 0.76);
INSERT INTO projekti_ylesanded (projekt_id, vastutav_tootaja_id, pealkiri) VALUES (11, 196, 'Kliendilt tagasiside küsimine');
INSERT INTO ylesande_tooaeg (ylesanne_id, tootaja_id, kulunud_tunde) VALUES (31, 196, 2.18);
INSERT INTO ylesande_tooaeg (ylesanne_id, tootaja_id, kulunud_tunde) VALUES (31, 40, 2.09);
INSERT INTO projekti_ylesanded (projekt_id, vastutav_tootaja_id, pealkiri) VALUES (3, 127, 'Kasutajaliidese algne disain');
INSERT INTO ylesande_tooaeg (ylesanne_id, tootaja_id, kulunud_tunde) VALUES (32, 127, 8.06);
INSERT INTO ylesande_tooaeg (ylesanne_id, tootaja_id, kulunud_tunde) VALUES (32, 110, 0.54);
INSERT INTO projekti_ylesanded (projekt_id, vastutav_tootaja_id, pealkiri) VALUES (4, 117, 'Iganädalase aruande eksport');
INSERT INTO ylesande_tooaeg (ylesanne_id, tootaja_id, kulunud_tunde) VALUES (33, 117, 4.24);
INSERT INTO ylesande_tooaeg (ylesanne_id, tootaja_id, kulunud_tunde) VALUES (33, 29, 1.19);
INSERT INTO projekti_ylesanded (projekt_id, vastutav_tootaja_id, pealkiri) VALUES (8, 156, 'Kliendilt tagasiside küsimine');
INSERT INTO ylesande_tooaeg (ylesanne_id, tootaja_id, kulunud_tunde) VALUES (34, 156, 6.2);
INSERT INTO ylesande_tooaeg (ylesanne_id, tootaja_id, kulunud_tunde) VALUES (34, 78, 2.13);
INSERT INTO projekti_ylesanded (projekt_id, vastutav_tootaja_id, pealkiri) VALUES (12, 191, 'Iganädalase aruande eksport');
INSERT INTO ylesande_tooaeg (ylesanne_id, tootaja_id, kulunud_tunde) VALUES (35, 191, 1.56);
INSERT INTO ylesande_tooaeg (ylesanne_id, tootaja_id, kulunud_tunde) VALUES (35, 172, 3.67);
INSERT INTO projekti_ylesanded (projekt_id, vastutav_tootaja_id, pealkiri) VALUES (9, 78, 'API liideste testimine');
INSERT INTO ylesande_tooaeg (ylesanne_id, tootaja_id, kulunud_tunde) VALUES (36, 78, 3.49);
INSERT INTO ylesande_tooaeg (ylesanne_id, tootaja_id, kulunud_tunde) VALUES (36, 81, 0.53);
INSERT INTO projekti_ylesanded (projekt_id, vastutav_tootaja_id, pealkiri) VALUES (8, 175, 'API liideste testimine');
INSERT INTO ylesande_tooaeg (ylesanne_id, tootaja_id, kulunud_tunde) VALUES (37, 175, 5.64);
INSERT INTO ylesande_tooaeg (ylesanne_id, tootaja_id, kulunud_tunde) VALUES (37, 200, 3.81);
INSERT INTO projekti_ylesanded (projekt_id, vastutav_tootaja_id, pealkiri) VALUES (3, 135, 'Iganädalase aruande eksport');
INSERT INTO ylesande_tooaeg (ylesanne_id, tootaja_id, kulunud_tunde) VALUES (38, 135, 6.48);
INSERT INTO ylesande_tooaeg (ylesanne_id, tootaja_id, kulunud_tunde) VALUES (38, 195, 2.74);
INSERT INTO projekti_ylesanded (projekt_id, vastutav_tootaja_id, pealkiri) VALUES (4, 16, 'Serveri operatsioonisüsteemi uuendus');
INSERT INTO ylesande_tooaeg (ylesanne_id, tootaja_id, kulunud_tunde) VALUES (39, 16, 7.61);
INSERT INTO ylesande_tooaeg (ylesanne_id, tootaja_id, kulunud_tunde) VALUES (39, 179, 1.88);
INSERT INTO projekti_ylesanded (projekt_id, vastutav_tootaja_id, pealkiri) VALUES (10, 134, 'Kliendilt tagasiside küsimine');
INSERT INTO ylesande_tooaeg (ylesanne_id, tootaja_id, kulunud_tunde) VALUES (40, 134, 5.4);
INSERT INTO ylesande_tooaeg (ylesanne_id, tootaja_id, kulunud_tunde) VALUES (40, 141, 4.88);
INSERT INTO projekti_ylesanded (projekt_id, vastutav_tootaja_id, pealkiri) VALUES (15, 192, 'Koodivea otsimine ja parandus');
INSERT INTO ylesande_tooaeg (ylesanne_id, tootaja_id, kulunud_tunde) VALUES (41, 192, 2.67);
INSERT INTO ylesande_tooaeg (ylesanne_id, tootaja_id, kulunud_tunde) VALUES (41, 80, 3.78);
INSERT INTO projekti_ylesanded (projekt_id, vastutav_tootaja_id, pealkiri) VALUES (10, 90, 'Uute reeglite dokumenteerimine');
INSERT INTO ylesande_tooaeg (ylesanne_id, tootaja_id, kulunud_tunde) VALUES (42, 90, 9.44);
INSERT INTO ylesande_tooaeg (ylesanne_id, tootaja_id, kulunud_tunde) VALUES (42, 88, 1.22);
INSERT INTO projekti_ylesanded (projekt_id, vastutav_tootaja_id, pealkiri) VALUES (3, 141, 'Meiliserveri seadistamine');
INSERT INTO ylesande_tooaeg (ylesanne_id, tootaja_id, kulunud_tunde) VALUES (43, 141, 9.64);
INSERT INTO ylesande_tooaeg (ylesanne_id, tootaja_id, kulunud_tunde) VALUES (43, 28, 3.76);
INSERT INTO projekti_ylesanded (projekt_id, vastutav_tootaja_id, pealkiri) VALUES (3, 168, 'API liideste testimine');
INSERT INTO ylesande_tooaeg (ylesanne_id, tootaja_id, kulunud_tunde) VALUES (44, 168, 2.01);
INSERT INTO ylesande_tooaeg (ylesanne_id, tootaja_id, kulunud_tunde) VALUES (44, 142, 0.98);
INSERT INTO projekti_ylesanded (projekt_id, vastutav_tootaja_id, pealkiri) VALUES (1, 88, 'Kasutusjuhendi mustandi kirjutamine');
INSERT INTO ylesande_tooaeg (ylesanne_id, tootaja_id, kulunud_tunde) VALUES (45, 88, 8.38);
INSERT INTO ylesande_tooaeg (ylesanne_id, tootaja_id, kulunud_tunde) VALUES (45, 72, 0.8);
INSERT INTO projekti_ylesanded (projekt_id, vastutav_tootaja_id, pealkiri) VALUES (11, 109, 'API liideste testimine');
INSERT INTO ylesande_tooaeg (ylesanne_id, tootaja_id, kulunud_tunde) VALUES (46, 109, 1.8);
INSERT INTO ylesande_tooaeg (ylesanne_id, tootaja_id, kulunud_tunde) VALUES (46, 21, 3.36);
INSERT INTO projekti_ylesanded (projekt_id, vastutav_tootaja_id, pealkiri) VALUES (19, 2, 'Kliendilt tagasiside küsimine');
INSERT INTO ylesande_tooaeg (ylesanne_id, tootaja_id, kulunud_tunde) VALUES (47, 2, 7.16);
INSERT INTO ylesande_tooaeg (ylesanne_id, tootaja_id, kulunud_tunde) VALUES (47, 41, 2.04);
INSERT INTO projekti_ylesanded (projekt_id, vastutav_tootaja_id, pealkiri) VALUES (20, 164, 'API liideste testimine');
INSERT INTO ylesande_tooaeg (ylesanne_id, tootaja_id, kulunud_tunde) VALUES (48, 164, 7.09);
INSERT INTO ylesande_tooaeg (ylesanne_id, tootaja_id, kulunud_tunde) VALUES (48, 119, 2.95);
INSERT INTO projekti_ylesanded (projekt_id, vastutav_tootaja_id, pealkiri) VALUES (11, 98, 'Uute reeglite dokumenteerimine');
INSERT INTO ylesande_tooaeg (ylesanne_id, tootaja_id, kulunud_tunde) VALUES (49, 98, 2.57);
INSERT INTO ylesande_tooaeg (ylesanne_id, tootaja_id, kulunud_tunde) VALUES (49, 100, 3.61);
INSERT INTO projekti_ylesanded (projekt_id, vastutav_tootaja_id, pealkiri) VALUES (18, 2, 'Meiliserveri seadistamine');
INSERT INTO ylesande_tooaeg (ylesanne_id, tootaja_id, kulunud_tunde) VALUES (50, 2, 7.52);
INSERT INTO ylesande_tooaeg (ylesanne_id, tootaja_id, kulunud_tunde) VALUES (50, 33, 1.94);
INSERT INTO projekti_ylesanded (projekt_id, vastutav_tootaja_id, pealkiri) VALUES (15, 76, 'Kasutajaliidese algne disain');
INSERT INTO ylesande_tooaeg (ylesanne_id, tootaja_id, kulunud_tunde) VALUES (51, 76, 8.88);
INSERT INTO ylesande_tooaeg (ylesanne_id, tootaja_id, kulunud_tunde) VALUES (51, 10, 1.54);
INSERT INTO projekti_ylesanded (projekt_id, vastutav_tootaja_id, pealkiri) VALUES (10, 159, 'Kliendilt tagasiside küsimine');
INSERT INTO ylesande_tooaeg (ylesanne_id, tootaja_id, kulunud_tunde) VALUES (52, 159, 2.32);
INSERT INTO ylesande_tooaeg (ylesanne_id, tootaja_id, kulunud_tunde) VALUES (52, 111, 1.36);
INSERT INTO projekti_ylesanded (projekt_id, vastutav_tootaja_id, pealkiri) VALUES (7, 108, 'Koodivea otsimine ja parandus');
INSERT INTO ylesande_tooaeg (ylesanne_id, tootaja_id, kulunud_tunde) VALUES (53, 108, 3.83);
INSERT INTO ylesande_tooaeg (ylesanne_id, tootaja_id, kulunud_tunde) VALUES (53, 59, 2.49);
INSERT INTO projekti_ylesanded (projekt_id, vastutav_tootaja_id, pealkiri) VALUES (18, 170, 'Kasutusjuhendi mustandi kirjutamine');
INSERT INTO ylesande_tooaeg (ylesanne_id, tootaja_id, kulunud_tunde) VALUES (54, 170, 3.32);
INSERT INTO ylesande_tooaeg (ylesanne_id, tootaja_id, kulunud_tunde) VALUES (54, 182, 2.62);
INSERT INTO projekti_ylesanded (projekt_id, vastutav_tootaja_id, pealkiri) VALUES (19, 185, 'Andmebaasi struktuuri loomine');
INSERT INTO ylesande_tooaeg (ylesanne_id, tootaja_id, kulunud_tunde) VALUES (55, 185, 8.89);
INSERT INTO ylesande_tooaeg (ylesanne_id, tootaja_id, kulunud_tunde) VALUES (55, 89, 4.8);
INSERT INTO projekti_ylesanded (projekt_id, vastutav_tootaja_id, pealkiri) VALUES (5, 114, 'Meiliserveri seadistamine');
INSERT INTO ylesande_tooaeg (ylesanne_id, tootaja_id, kulunud_tunde) VALUES (56, 114, 1.67);
INSERT INTO ylesande_tooaeg (ylesanne_id, tootaja_id, kulunud_tunde) VALUES (56, 71, 4.28);
INSERT INTO projekti_ylesanded (projekt_id, vastutav_tootaja_id, pealkiri) VALUES (5, 75, 'Iganädalase aruande eksport');
INSERT INTO ylesande_tooaeg (ylesanne_id, tootaja_id, kulunud_tunde) VALUES (57, 75, 4.94);
INSERT INTO ylesande_tooaeg (ylesanne_id, tootaja_id, kulunud_tunde) VALUES (57, 10, 1.9);
INSERT INTO projekti_ylesanded (projekt_id, vastutav_tootaja_id, pealkiri) VALUES (12, 54, 'Kasutajaliidese algne disain');
INSERT INTO ylesande_tooaeg (ylesanne_id, tootaja_id, kulunud_tunde) VALUES (58, 54, 4.26);
INSERT INTO ylesande_tooaeg (ylesanne_id, tootaja_id, kulunud_tunde) VALUES (58, 93, 1.26);
INSERT INTO projekti_ylesanded (projekt_id, vastutav_tootaja_id, pealkiri) VALUES (13, 120, 'Kliendilt tagasiside küsimine');
INSERT INTO ylesande_tooaeg (ylesanne_id, tootaja_id, kulunud_tunde) VALUES (59, 120, 2.21);
INSERT INTO ylesande_tooaeg (ylesanne_id, tootaja_id, kulunud_tunde) VALUES (59, 115, 0.72);
INSERT INTO projekti_ylesanded (projekt_id, vastutav_tootaja_id, pealkiri) VALUES (6, 3, 'API liideste testimine');
INSERT INTO ylesande_tooaeg (ylesanne_id, tootaja_id, kulunud_tunde) VALUES (60, 3, 3.77);
INSERT INTO ylesande_tooaeg (ylesanne_id, tootaja_id, kulunud_tunde) VALUES (60, 45, 2.85);
INSERT INTO projekti_ylesanded (projekt_id, vastutav_tootaja_id, pealkiri) VALUES (4, 98, 'Andmebaasi struktuuri loomine');
INSERT INTO ylesande_tooaeg (ylesanne_id, tootaja_id, kulunud_tunde) VALUES (61, 98, 4.74);
INSERT INTO ylesande_tooaeg (ylesanne_id, tootaja_id, kulunud_tunde) VALUES (61, 85, 2.6);
INSERT INTO projekti_ylesanded (projekt_id, vastutav_tootaja_id, pealkiri) VALUES (20, 179, 'Iganädalase aruande eksport');
INSERT INTO ylesande_tooaeg (ylesanne_id, tootaja_id, kulunud_tunde) VALUES (62, 179, 3.2);
INSERT INTO ylesande_tooaeg (ylesanne_id, tootaja_id, kulunud_tunde) VALUES (62, 65, 1.59);
INSERT INTO projekti_ylesanded (projekt_id, vastutav_tootaja_id, pealkiri) VALUES (4, 13, 'Kliendilt tagasiside küsimine');
INSERT INTO ylesande_tooaeg (ylesanne_id, tootaja_id, kulunud_tunde) VALUES (63, 13, 9.8);
INSERT INTO ylesande_tooaeg (ylesanne_id, tootaja_id, kulunud_tunde) VALUES (63, 93, 3.45);
INSERT INTO projekti_ylesanded (projekt_id, vastutav_tootaja_id, pealkiri) VALUES (5, 32, 'Turvaportide skaneerimine');
INSERT INTO ylesande_tooaeg (ylesanne_id, tootaja_id, kulunud_tunde) VALUES (64, 32, 7.82);
INSERT INTO ylesande_tooaeg (ylesanne_id, tootaja_id, kulunud_tunde) VALUES (64, 54, 2.3);
INSERT INTO projekti_ylesanded (projekt_id, vastutav_tootaja_id, pealkiri) VALUES (3, 78, 'Koodivea otsimine ja parandus');
INSERT INTO ylesande_tooaeg (ylesanne_id, tootaja_id, kulunud_tunde) VALUES (65, 78, 8.04);
INSERT INTO ylesande_tooaeg (ylesanne_id, tootaja_id, kulunud_tunde) VALUES (65, 146, 4.71);
INSERT INTO projekti_ylesanded (projekt_id, vastutav_tootaja_id, pealkiri) VALUES (7, 111, 'Nõuete kaardistamine ja analüüs');
INSERT INTO ylesande_tooaeg (ylesanne_id, tootaja_id, kulunud_tunde) VALUES (66, 111, 3.2);
INSERT INTO ylesande_tooaeg (ylesanne_id, tootaja_id, kulunud_tunde) VALUES (66, 127, 1.53);
INSERT INTO projekti_ylesanded (projekt_id, vastutav_tootaja_id, pealkiri) VALUES (19, 69, 'Meiliserveri seadistamine');
INSERT INTO ylesande_tooaeg (ylesanne_id, tootaja_id, kulunud_tunde) VALUES (67, 69, 3.12);
INSERT INTO ylesande_tooaeg (ylesanne_id, tootaja_id, kulunud_tunde) VALUES (67, 56, 2.74);
INSERT INTO projekti_ylesanded (projekt_id, vastutav_tootaja_id, pealkiri) VALUES (1, 189, 'Meiliserveri seadistamine');
INSERT INTO ylesande_tooaeg (ylesanne_id, tootaja_id, kulunud_tunde) VALUES (68, 189, 2.74);
INSERT INTO ylesande_tooaeg (ylesanne_id, tootaja_id, kulunud_tunde) VALUES (68, 4, 3.35);
INSERT INTO projekti_ylesanded (projekt_id, vastutav_tootaja_id, pealkiri) VALUES (14, 164, 'Andmebaasi struktuuri loomine');
INSERT INTO ylesande_tooaeg (ylesanne_id, tootaja_id, kulunud_tunde) VALUES (69, 164, 9.88);
INSERT INTO ylesande_tooaeg (ylesanne_id, tootaja_id, kulunud_tunde) VALUES (69, 45, 4.87);
INSERT INTO projekti_ylesanded (projekt_id, vastutav_tootaja_id, pealkiri) VALUES (1, 85, 'Iganädalase aruande eksport');
INSERT INTO ylesande_tooaeg (ylesanne_id, tootaja_id, kulunud_tunde) VALUES (70, 85, 5.19);
INSERT INTO ylesande_tooaeg (ylesanne_id, tootaja_id, kulunud_tunde) VALUES (70, 104, 4.85);
INSERT INTO projekti_ylesanded (projekt_id, vastutav_tootaja_id, pealkiri) VALUES (11, 67, 'Serveri operatsioonisüsteemi uuendus');
INSERT INTO ylesande_tooaeg (ylesanne_id, tootaja_id, kulunud_tunde) VALUES (71, 67, 8.84);
INSERT INTO ylesande_tooaeg (ylesanne_id, tootaja_id, kulunud_tunde) VALUES (71, 68, 1.02);
INSERT INTO projekti_ylesanded (projekt_id, vastutav_tootaja_id, pealkiri) VALUES (12, 112, 'Uute reeglite dokumenteerimine');
INSERT INTO ylesande_tooaeg (ylesanne_id, tootaja_id, kulunud_tunde) VALUES (72, 112, 2.23);
INSERT INTO ylesande_tooaeg (ylesanne_id, tootaja_id, kulunud_tunde) VALUES (72, 137, 0.76);
INSERT INTO projekti_ylesanded (projekt_id, vastutav_tootaja_id, pealkiri) VALUES (19, 5, 'Serveri operatsioonisüsteemi uuendus');
INSERT INTO ylesande_tooaeg (ylesanne_id, tootaja_id, kulunud_tunde) VALUES (73, 5, 5.25);
INSERT INTO ylesande_tooaeg (ylesanne_id, tootaja_id, kulunud_tunde) VALUES (73, 102, 0.76);
INSERT INTO projekti_ylesanded (projekt_id, vastutav_tootaja_id, pealkiri) VALUES (5, 101, 'Kliendilt tagasiside küsimine');
INSERT INTO ylesande_tooaeg (ylesanne_id, tootaja_id, kulunud_tunde) VALUES (74, 101, 4.57);
INSERT INTO ylesande_tooaeg (ylesanne_id, tootaja_id, kulunud_tunde) VALUES (74, 2, 2.6);
INSERT INTO projekti_ylesanded (projekt_id, vastutav_tootaja_id, pealkiri) VALUES (5, 79, 'Iganädalase aruande eksport');
INSERT INTO ylesande_tooaeg (ylesanne_id, tootaja_id, kulunud_tunde) VALUES (75, 79, 7.12);
INSERT INTO ylesande_tooaeg (ylesanne_id, tootaja_id, kulunud_tunde) VALUES (75, 21, 2.78);
INSERT INTO projekti_ylesanded (projekt_id, vastutav_tootaja_id, pealkiri) VALUES (19, 189, 'Kasutusjuhendi mustandi kirjutamine');
INSERT INTO ylesande_tooaeg (ylesanne_id, tootaja_id, kulunud_tunde) VALUES (76, 189, 2.41);
INSERT INTO ylesande_tooaeg (ylesanne_id, tootaja_id, kulunud_tunde) VALUES (76, 130, 1.02);
INSERT INTO projekti_ylesanded (projekt_id, vastutav_tootaja_id, pealkiri) VALUES (6, 178, 'Nõuete kaardistamine ja analüüs');
INSERT INTO ylesande_tooaeg (ylesanne_id, tootaja_id, kulunud_tunde) VALUES (77, 178, 7.89);
INSERT INTO ylesande_tooaeg (ylesanne_id, tootaja_id, kulunud_tunde) VALUES (77, 29, 1.7);
INSERT INTO projekti_ylesanded (projekt_id, vastutav_tootaja_id, pealkiri) VALUES (10, 119, 'Meiliserveri seadistamine');
INSERT INTO ylesande_tooaeg (ylesanne_id, tootaja_id, kulunud_tunde) VALUES (78, 119, 2.22);
INSERT INTO ylesande_tooaeg (ylesanne_id, tootaja_id, kulunud_tunde) VALUES (78, 99, 3.66);
INSERT INTO projekti_ylesanded (projekt_id, vastutav_tootaja_id, pealkiri) VALUES (14, 151, 'Koodivea otsimine ja parandus');
INSERT INTO ylesande_tooaeg (ylesanne_id, tootaja_id, kulunud_tunde) VALUES (79, 151, 8.55);
INSERT INTO ylesande_tooaeg (ylesanne_id, tootaja_id, kulunud_tunde) VALUES (79, 18, 1.57);
INSERT INTO projekti_ylesanded (projekt_id, vastutav_tootaja_id, pealkiri) VALUES (4, 199, 'Uute reeglite dokumenteerimine');
INSERT INTO ylesande_tooaeg (ylesanne_id, tootaja_id, kulunud_tunde) VALUES (80, 199, 6.57);
INSERT INTO ylesande_tooaeg (ylesanne_id, tootaja_id, kulunud_tunde) VALUES (80, 120, 4.59);
INSERT INTO projekti_ylesanded (projekt_id, vastutav_tootaja_id, pealkiri) VALUES (16, 110, 'Serveri operatsioonisüsteemi uuendus');
INSERT INTO ylesande_tooaeg (ylesanne_id, tootaja_id, kulunud_tunde) VALUES (81, 110, 2.35);
INSERT INTO ylesande_tooaeg (ylesanne_id, tootaja_id, kulunud_tunde) VALUES (81, 122, 3.77);
INSERT INTO projekti_ylesanded (projekt_id, vastutav_tootaja_id, pealkiri) VALUES (17, 13, 'Nõuete kaardistamine ja analüüs');
INSERT INTO ylesande_tooaeg (ylesanne_id, tootaja_id, kulunud_tunde) VALUES (82, 13, 3.64);
INSERT INTO ylesande_tooaeg (ylesanne_id, tootaja_id, kulunud_tunde) VALUES (82, 49, 1.83);
INSERT INTO projekti_ylesanded (projekt_id, vastutav_tootaja_id, pealkiri) VALUES (1, 81, 'Andmebaasi struktuuri loomine');
INSERT INTO ylesande_tooaeg (ylesanne_id, tootaja_id, kulunud_tunde) VALUES (83, 81, 7.11);
INSERT INTO ylesande_tooaeg (ylesanne_id, tootaja_id, kulunud_tunde) VALUES (83, 138, 1.49);
INSERT INTO projekti_ylesanded (projekt_id, vastutav_tootaja_id, pealkiri) VALUES (2, 21, 'Nõuete kaardistamine ja analüüs');
INSERT INTO ylesande_tooaeg (ylesanne_id, tootaja_id, kulunud_tunde) VALUES (84, 21, 3.41);
INSERT INTO ylesande_tooaeg (ylesanne_id, tootaja_id, kulunud_tunde) VALUES (84, 115, 3.45);
INSERT INTO projekti_ylesanded (projekt_id, vastutav_tootaja_id, pealkiri) VALUES (10, 80, 'Serveri operatsioonisüsteemi uuendus');
INSERT INTO ylesande_tooaeg (ylesanne_id, tootaja_id, kulunud_tunde) VALUES (85, 80, 8.2);
INSERT INTO ylesande_tooaeg (ylesanne_id, tootaja_id, kulunud_tunde) VALUES (85, 129, 4.62);
INSERT INTO projekti_ylesanded (projekt_id, vastutav_tootaja_id, pealkiri) VALUES (15, 25, 'Koodivea otsimine ja parandus');
INSERT INTO ylesande_tooaeg (ylesanne_id, tootaja_id, kulunud_tunde) VALUES (86, 25, 7.7);
INSERT INTO ylesande_tooaeg (ylesanne_id, tootaja_id, kulunud_tunde) VALUES (86, 159, 2.95);
INSERT INTO projekti_ylesanded (projekt_id, vastutav_tootaja_id, pealkiri) VALUES (4, 145, 'Meiliserveri seadistamine');
INSERT INTO ylesande_tooaeg (ylesanne_id, tootaja_id, kulunud_tunde) VALUES (87, 145, 2.71);
INSERT INTO ylesande_tooaeg (ylesanne_id, tootaja_id, kulunud_tunde) VALUES (87, 173, 4.86);
INSERT INTO projekti_ylesanded (projekt_id, vastutav_tootaja_id, pealkiri) VALUES (16, 57, 'Kasutusjuhendi mustandi kirjutamine');
INSERT INTO ylesande_tooaeg (ylesanne_id, tootaja_id, kulunud_tunde) VALUES (88, 57, 8.71);
INSERT INTO ylesande_tooaeg (ylesanne_id, tootaja_id, kulunud_tunde) VALUES (88, 157, 3.89);
INSERT INTO projekti_ylesanded (projekt_id, vastutav_tootaja_id, pealkiri) VALUES (11, 68, 'Iganädalase aruande eksport');
INSERT INTO ylesande_tooaeg (ylesanne_id, tootaja_id, kulunud_tunde) VALUES (89, 68, 5.11);
INSERT INTO ylesande_tooaeg (ylesanne_id, tootaja_id, kulunud_tunde) VALUES (89, 26, 2.5);
INSERT INTO projekti_ylesanded (projekt_id, vastutav_tootaja_id, pealkiri) VALUES (20, 14, 'Andmebaasi struktuuri loomine');
INSERT INTO ylesande_tooaeg (ylesanne_id, tootaja_id, kulunud_tunde) VALUES (90, 14, 9.19);
INSERT INTO ylesande_tooaeg (ylesanne_id, tootaja_id, kulunud_tunde) VALUES (90, 36, 4.0);
INSERT INTO projekti_ylesanded (projekt_id, vastutav_tootaja_id, pealkiri) VALUES (8, 24, 'Meiliserveri seadistamine');
INSERT INTO ylesande_tooaeg (ylesanne_id, tootaja_id, kulunud_tunde) VALUES (91, 24, 5.64);
INSERT INTO ylesande_tooaeg (ylesanne_id, tootaja_id, kulunud_tunde) VALUES (91, 135, 3.69);
INSERT INTO projekti_ylesanded (projekt_id, vastutav_tootaja_id, pealkiri) VALUES (4, 198, 'Turvaportide skaneerimine');
INSERT INTO ylesande_tooaeg (ylesanne_id, tootaja_id, kulunud_tunde) VALUES (92, 198, 6.23);
INSERT INTO ylesande_tooaeg (ylesanne_id, tootaja_id, kulunud_tunde) VALUES (92, 121, 4.89);
INSERT INTO projekti_ylesanded (projekt_id, vastutav_tootaja_id, pealkiri) VALUES (17, 164, 'Uute reeglite dokumenteerimine');
INSERT INTO ylesande_tooaeg (ylesanne_id, tootaja_id, kulunud_tunde) VALUES (93, 164, 1.52);
INSERT INTO ylesande_tooaeg (ylesanne_id, tootaja_id, kulunud_tunde) VALUES (93, 62, 4.89);
INSERT INTO projekti_ylesanded (projekt_id, vastutav_tootaja_id, pealkiri) VALUES (17, 65, 'Meiliserveri seadistamine');
INSERT INTO ylesande_tooaeg (ylesanne_id, tootaja_id, kulunud_tunde) VALUES (94, 65, 4.99);
INSERT INTO ylesande_tooaeg (ylesanne_id, tootaja_id, kulunud_tunde) VALUES (94, 32, 2.3);
INSERT INTO projekti_ylesanded (projekt_id, vastutav_tootaja_id, pealkiri) VALUES (19, 72, 'Kasutajaliidese algne disain');
INSERT INTO ylesande_tooaeg (ylesanne_id, tootaja_id, kulunud_tunde) VALUES (95, 72, 5.93);
INSERT INTO ylesande_tooaeg (ylesanne_id, tootaja_id, kulunud_tunde) VALUES (95, 182, 0.54);
INSERT INTO projekti_ylesanded (projekt_id, vastutav_tootaja_id, pealkiri) VALUES (13, 33, 'Nõuete kaardistamine ja analüüs');
INSERT INTO ylesande_tooaeg (ylesanne_id, tootaja_id, kulunud_tunde) VALUES (96, 33, 2.0);
INSERT INTO ylesande_tooaeg (ylesanne_id, tootaja_id, kulunud_tunde) VALUES (96, 93, 3.48);
INSERT INTO projekti_ylesanded (projekt_id, vastutav_tootaja_id, pealkiri) VALUES (7, 18, 'Uute reeglite dokumenteerimine');
INSERT INTO ylesande_tooaeg (ylesanne_id, tootaja_id, kulunud_tunde) VALUES (97, 18, 1.92);
INSERT INTO ylesande_tooaeg (ylesanne_id, tootaja_id, kulunud_tunde) VALUES (97, 189, 1.3);
INSERT INTO projekti_ylesanded (projekt_id, vastutav_tootaja_id, pealkiri) VALUES (1, 130, 'Kasutajaliidese algne disain');
INSERT INTO ylesande_tooaeg (ylesanne_id, tootaja_id, kulunud_tunde) VALUES (98, 130, 7.84);
INSERT INTO ylesande_tooaeg (ylesanne_id, tootaja_id, kulunud_tunde) VALUES (98, 184, 0.85);
INSERT INTO projekti_ylesanded (projekt_id, vastutav_tootaja_id, pealkiri) VALUES (15, 75, 'Kasutajaliidese algne disain');
INSERT INTO ylesande_tooaeg (ylesanne_id, tootaja_id, kulunud_tunde) VALUES (99, 75, 5.73);
INSERT INTO ylesande_tooaeg (ylesanne_id, tootaja_id, kulunud_tunde) VALUES (99, 134, 1.04);
INSERT INTO projekti_ylesanded (projekt_id, vastutav_tootaja_id, pealkiri) VALUES (12, 55, 'Turvaportide skaneerimine');
INSERT INTO ylesande_tooaeg (ylesanne_id, tootaja_id, kulunud_tunde) VALUES (100, 55, 9.19);
INSERT INTO ylesande_tooaeg (ylesanne_id, tootaja_id, kulunud_tunde) VALUES (100, 170, 2.21);
INSERT INTO seadmed (nimetus, inventari_kood) VALUES ('Cisco Võrguruuter', 'VAR-001');
INSERT INTO seadmed (nimetus, inventari_kood) VALUES ('Reguleeritav Kontorilaud', 'VAR-002');
INSERT INTO seadmete_hooldus (seade_id, hooldus_kuupaev, kirjeldus, kulu) VALUES (2, CURRENT_DATE(), 'Tavahooldus', 118.72);
INSERT INTO seadmed (nimetus, inventari_kood) VALUES ('HP LaserJet Printer', 'VAR-003');
INSERT INTO seadmed (nimetus, inventari_kood) VALUES ('Projektor Epson', 'VAR-004');
INSERT INTO seadmete_hooldus (seade_id, hooldus_kuupaev, kirjeldus, kulu) VALUES (4, CURRENT_DATE(), 'Tavahooldus', 205.26);
INSERT INTO seadmed (nimetus, inventari_kood) VALUES ('Lao Kahveltõstuk', 'VAR-005');
INSERT INTO seadmete_hooldus (seade_id, hooldus_kuupaev, kirjeldus, kulu) VALUES (5, CURRENT_DATE(), 'Tavahooldus', 481.29);
INSERT INTO seadmed (nimetus, inventari_kood) VALUES ('Lao Kahveltõstuk', 'VAR-006');
INSERT INTO seadmed (nimetus, inventari_kood) VALUES ('Jura Kohvimasin', 'VAR-007');
INSERT INTO seadmete_hooldus (seade_id, hooldus_kuupaev, kirjeldus, kulu) VALUES (7, CURRENT_DATE(), 'Tavahooldus', 347.03);
INSERT INTO seadmed (nimetus, inventari_kood) VALUES ('HP LaserJet Printer', 'VAR-008');
INSERT INTO seadmete_hooldus (seade_id, hooldus_kuupaev, kirjeldus, kulu) VALUES (8, CURRENT_DATE(), 'Tavahooldus', 154.25);
INSERT INTO seadmed (nimetus, inventari_kood) VALUES ('Vöötkoodilugeja Zebra', 'VAR-009');
INSERT INTO seadmed (nimetus, inventari_kood) VALUES ('Lao Kahveltõstuk', 'VAR-010');
INSERT INTO seadmed (nimetus, inventari_kood) VALUES ('Dell XPS Sülearvuti', 'VAR-011');
INSERT INTO seadmete_hooldus (seade_id, hooldus_kuupaev, kirjeldus, kulu) VALUES (11, CURRENT_DATE(), 'Tavahooldus', 67.34);
INSERT INTO seadmed (nimetus, inventari_kood) VALUES ('Jura Kohvimasin', 'VAR-012');
INSERT INTO seadmete_hooldus (seade_id, hooldus_kuupaev, kirjeldus, kulu) VALUES (12, CURRENT_DATE(), 'Tavahooldus', 353.34);
INSERT INTO seadmed (nimetus, inventari_kood) VALUES ('Projektor Epson', 'VAR-013');
INSERT INTO seadmete_hooldus (seade_id, hooldus_kuupaev, kirjeldus, kulu) VALUES (13, CURRENT_DATE(), 'Tavahooldus', 444.98);
INSERT INTO seadmed (nimetus, inventari_kood) VALUES ('Ergonoomiline Töötool', 'VAR-014');
INSERT INTO seadmed (nimetus, inventari_kood) VALUES ('Reguleeritav Kontorilaud', 'VAR-015');
INSERT INTO seadmete_hooldus (seade_id, hooldus_kuupaev, kirjeldus, kulu) VALUES (15, CURRENT_DATE(), 'Tavahooldus', 292.36);
INSERT INTO seadmed (nimetus, inventari_kood) VALUES ('Dell XPS Sülearvuti', 'VAR-016');
INSERT INTO seadmed (nimetus, inventari_kood) VALUES ('Vöötkoodilugeja Zebra', 'VAR-017');
INSERT INTO seadmed (nimetus, inventari_kood) VALUES ('Dell XPS Sülearvuti', 'VAR-018');
INSERT INTO seadmete_hooldus (seade_id, hooldus_kuupaev, kirjeldus, kulu) VALUES (18, CURRENT_DATE(), 'Tavahooldus', 484.55);
INSERT INTO seadmed (nimetus, inventari_kood) VALUES ('Samsung 27 Monitor', 'VAR-019');
INSERT INTO seadmete_hooldus (seade_id, hooldus_kuupaev, kirjeldus, kulu) VALUES (19, CURRENT_DATE(), 'Tavahooldus', 180.31);
INSERT INTO seadmed (nimetus, inventari_kood) VALUES ('Lenovo ThinkPad', 'VAR-020');
INSERT INTO seadmete_hooldus (seade_id, hooldus_kuupaev, kirjeldus, kulu) VALUES (20, CURRENT_DATE(), 'Tavahooldus', 471.78);
INSERT INTO seadmed (nimetus, inventari_kood) VALUES ('Kassaaparaat', 'VAR-021');
INSERT INTO seadmete_hooldus (seade_id, hooldus_kuupaev, kirjeldus, kulu) VALUES (21, CURRENT_DATE(), 'Tavahooldus', 207.42);
INSERT INTO seadmed (nimetus, inventari_kood) VALUES ('Jura Kohvimasin', 'VAR-022');
INSERT INTO seadmete_hooldus (seade_id, hooldus_kuupaev, kirjeldus, kulu) VALUES (22, CURRENT_DATE(), 'Tavahooldus', 155.9);
INSERT INTO seadmed (nimetus, inventari_kood) VALUES ('Lenovo ThinkPad', 'VAR-023');
INSERT INTO seadmete_hooldus (seade_id, hooldus_kuupaev, kirjeldus, kulu) VALUES (23, CURRENT_DATE(), 'Tavahooldus', 354.73);
INSERT INTO seadmed (nimetus, inventari_kood) VALUES ('Vöötkoodilugeja Zebra', 'VAR-024');
INSERT INTO seadmete_hooldus (seade_id, hooldus_kuupaev, kirjeldus, kulu) VALUES (24, CURRENT_DATE(), 'Tavahooldus', 104.17);
INSERT INTO seadmed (nimetus, inventari_kood) VALUES ('Ergonoomiline Töötool', 'VAR-025');
INSERT INTO seadmete_hooldus (seade_id, hooldus_kuupaev, kirjeldus, kulu) VALUES (25, CURRENT_DATE(), 'Tavahooldus', 390.47);
INSERT INTO seadmed (nimetus, inventari_kood) VALUES ('Kassaaparaat', 'VAR-026');
INSERT INTO seadmete_hooldus (seade_id, hooldus_kuupaev, kirjeldus, kulu) VALUES (26, CURRENT_DATE(), 'Tavahooldus', 189.62);
INSERT INTO seadmed (nimetus, inventari_kood) VALUES ('Reguleeritav Kontorilaud', 'VAR-027');
INSERT INTO seadmed (nimetus, inventari_kood) VALUES ('Cisco Võrguruuter', 'VAR-028');
INSERT INTO seadmete_hooldus (seade_id, hooldus_kuupaev, kirjeldus, kulu) VALUES (28, CURRENT_DATE(), 'Tavahooldus', 492.57);
INSERT INTO seadmed (nimetus, inventari_kood) VALUES ('Vöötkoodilugeja Zebra', 'VAR-029');
INSERT INTO seadmete_hooldus (seade_id, hooldus_kuupaev, kirjeldus, kulu) VALUES (29, CURRENT_DATE(), 'Tavahooldus', 465.47);
INSERT INTO seadmed (nimetus, inventari_kood) VALUES ('Kassaaparaat', 'VAR-030');
INSERT INTO seadmete_hooldus (seade_id, hooldus_kuupaev, kirjeldus, kulu) VALUES (30, CURRENT_DATE(), 'Tavahooldus', 237.11);
INSERT INTO seadmed (nimetus, inventari_kood) VALUES ('Dell XPS Sülearvuti', 'VAR-031');
INSERT INTO seadmete_hooldus (seade_id, hooldus_kuupaev, kirjeldus, kulu) VALUES (31, CURRENT_DATE(), 'Tavahooldus', 256.03);
INSERT INTO seadmed (nimetus, inventari_kood) VALUES ('Jura Kohvimasin', 'VAR-032');
INSERT INTO seadmete_hooldus (seade_id, hooldus_kuupaev, kirjeldus, kulu) VALUES (32, CURRENT_DATE(), 'Tavahooldus', 334.48);
INSERT INTO seadmed (nimetus, inventari_kood) VALUES ('Projektor Epson', 'VAR-033');
INSERT INTO seadmed (nimetus, inventari_kood) VALUES ('Cisco Võrguruuter', 'VAR-034');
INSERT INTO seadmete_hooldus (seade_id, hooldus_kuupaev, kirjeldus, kulu) VALUES (34, CURRENT_DATE(), 'Tavahooldus', 69.26);
INSERT INTO seadmed (nimetus, inventari_kood) VALUES ('Vöötkoodilugeja Zebra', 'VAR-035');
INSERT INTO seadmed (nimetus, inventari_kood) VALUES ('Vöötkoodilugeja Zebra', 'VAR-036');
INSERT INTO seadmete_hooldus (seade_id, hooldus_kuupaev, kirjeldus, kulu) VALUES (36, CURRENT_DATE(), 'Tavahooldus', 94.46);
INSERT INTO seadmed (nimetus, inventari_kood) VALUES ('Lao Kahveltõstuk', 'VAR-037');
INSERT INTO seadmed (nimetus, inventari_kood) VALUES ('Jura Kohvimasin', 'VAR-038');
INSERT INTO seadmete_hooldus (seade_id, hooldus_kuupaev, kirjeldus, kulu) VALUES (38, CURRENT_DATE(), 'Tavahooldus', 129.11);
INSERT INTO seadmed (nimetus, inventari_kood) VALUES ('Jura Kohvimasin', 'VAR-039');
INSERT INTO seadmed (nimetus, inventari_kood) VALUES ('Ergonoomiline Töötool', 'VAR-040');
INSERT INTO seadmete_hooldus (seade_id, hooldus_kuupaev, kirjeldus, kulu) VALUES (40, CURRENT_DATE(), 'Tavahooldus', 400.01);
INSERT INTO seadmed (nimetus, inventari_kood) VALUES ('Vöötkoodilugeja Zebra', 'VAR-041');
INSERT INTO seadmed (nimetus, inventari_kood) VALUES ('Ergonoomiline Töötool', 'VAR-042');
INSERT INTO seadmete_hooldus (seade_id, hooldus_kuupaev, kirjeldus, kulu) VALUES (42, CURRENT_DATE(), 'Tavahooldus', 472.06);
INSERT INTO seadmed (nimetus, inventari_kood) VALUES ('Kassaaparaat', 'VAR-043');
INSERT INTO seadmete_hooldus (seade_id, hooldus_kuupaev, kirjeldus, kulu) VALUES (43, CURRENT_DATE(), 'Tavahooldus', 313.36);
INSERT INTO seadmed (nimetus, inventari_kood) VALUES ('Projektor Epson', 'VAR-044');
INSERT INTO seadmete_hooldus (seade_id, hooldus_kuupaev, kirjeldus, kulu) VALUES (44, CURRENT_DATE(), 'Tavahooldus', 401.98);
INSERT INTO seadmed (nimetus, inventari_kood) VALUES ('Samsung 27 Monitor', 'VAR-045');
INSERT INTO seadmed (nimetus, inventari_kood) VALUES ('Reguleeritav Kontorilaud', 'VAR-046');
INSERT INTO seadmete_hooldus (seade_id, hooldus_kuupaev, kirjeldus, kulu) VALUES (46, CURRENT_DATE(), 'Tavahooldus', 106.74);
INSERT INTO seadmed (nimetus, inventari_kood) VALUES ('Dell XPS Sülearvuti', 'VAR-047');
INSERT INTO seadmete_hooldus (seade_id, hooldus_kuupaev, kirjeldus, kulu) VALUES (47, CURRENT_DATE(), 'Tavahooldus', 127.23);
INSERT INTO seadmed (nimetus, inventari_kood) VALUES ('Lenovo ThinkPad', 'VAR-048');
INSERT INTO seadmed (nimetus, inventari_kood) VALUES ('Kassaaparaat', 'VAR-049');
INSERT INTO seadmete_hooldus (seade_id, hooldus_kuupaev, kirjeldus, kulu) VALUES (49, CURRENT_DATE(), 'Tavahooldus', 469.14);
INSERT INTO seadmed (nimetus, inventari_kood) VALUES ('Ergonoomiline Töötool', 'VAR-050');
INSERT INTO seadmete_hooldus (seade_id, hooldus_kuupaev, kirjeldus, kulu) VALUES (50, CURRENT_DATE(), 'Tavahooldus', 472.52);
INSERT INTO tugipiletite_prioriteedid (aste, nimetus) VALUES (1, 'Kriitiline');
INSERT INTO tugipiletite_prioriteedid (aste, nimetus) VALUES (2, 'Keskmine');
INSERT INTO tugipiletite_prioriteedid (aste, nimetus) VALUES (3, 'Madal');
INSERT INTO tugipiletite_staatused (nimetus) VALUES ('Avatud');
INSERT INTO tugipiletite_staatused (nimetus) VALUES ('Töös');
INSERT INTO tugipiletite_staatused (nimetus) VALUES ('Lahendatud');
INSERT INTO tugipiletid (klient_id, prioriteet_id, staatus_id, pealkiri) VALUES (348, 2, 2, 'Minu tellimust pole veel tarnitud');
INSERT INTO tugipiletite_sonumid (pilet_id, kirjutas_tootaja, sisu) VALUES (1, 0, 'Arve nr 10243 peal on vale käibemaks. Palun tehke kreeditarve.');
INSERT INTO tugipiletite_sonumid (pilet_id, kirjutas_tootaja, sisu) VALUES (1, 1, 'Uurime asja ja tegeleme varsti.');
INSERT INTO tugipiletid (klient_id, prioriteet_id, staatus_id, pealkiri) VALUES (86, 2, 1, 'Ma ei saa süsteemi sisse logida');
INSERT INTO tugipiletite_sonumid (pilet_id, kirjutas_tootaja, sisu) VALUES (2, 0, 'Süsteem viskab andmete salvestamisel arusaamatu veateate. Saadan manuses kuvatõmmise.');
INSERT INTO tugipiletid (klient_id, prioriteet_id, staatus_id, pealkiri) VALUES (115, 1, 3, 'Kas saaksite uue kasutaja luua?');
INSERT INTO tugipiletite_sonumid (pilet_id, kirjutas_tootaja, sisu) VALUES (3, 0, 'Andmete importimine Exceli failist lõppes veaga. Palun aidake fail korda teha.');
INSERT INTO tugipiletite_sonumid (pilet_id, kirjutas_tootaja, sisu) VALUES (3, 1, 'Uurime asja ja tegeleme varsti.');
INSERT INTO tugipiletid (klient_id, prioriteet_id, staatus_id, pealkiri) VALUES (73, 3, 3, 'Leht laeb väga aeglaselt');
INSERT INTO tugipiletite_sonumid (pilet_id, kirjutas_tootaja, sisu) VALUES (4, 0, 'Kas on võimalik lisada süsteemi uus kasutajaroll väiksemate õigustega?');
INSERT INTO tugipiletite_sonumid (pilet_id, kirjutas_tootaja, sisu) VALUES (4, 1, 'Uurime asja ja tegeleme varsti.');
INSERT INTO tugipiletid (klient_id, prioriteet_id, staatus_id, pealkiri) VALUES (455, 1, 1, 'Sooduskoodi süsteem ei võta vastu');
INSERT INTO tugipiletite_sonumid (pilet_id, kirjutas_tootaja, sisu) VALUES (5, 0, 'Tere, mul on küsimus uue funktsiooni kohta. Kuidas ma saan filtreerida kliente regiooni järgi?');
INSERT INTO tugipiletid (klient_id, prioriteet_id, staatus_id, pealkiri) VALUES (187, 3, 2, 'Arvel olev summa on ebakorrektne');
INSERT INTO tugipiletite_sonumid (pilet_id, kirjutas_tootaja, sisu) VALUES (6, 0, 'Tere, mul on küsimus uue funktsiooni kohta. Kuidas ma saan filtreerida kliente regiooni järgi?');
INSERT INTO tugipiletite_sonumid (pilet_id, kirjutas_tootaja, sisu) VALUES (6, 1, 'Uurime asja ja tegeleme varsti.');
INSERT INTO tugipiletid (klient_id, prioriteet_id, staatus_id, pealkiri) VALUES (403, 1, 2, 'Ekraanil on veider punane kast');
INSERT INTO tugipiletite_sonumid (pilet_id, kirjutas_tootaja, sisu) VALUES (7, 0, 'Palun uurige tellimuse tarneaega, see pidi juba eile kohal olema, aga pole midagi kuulnud.');
INSERT INTO tugipiletite_sonumid (pilet_id, kirjutas_tootaja, sisu) VALUES (7, 1, 'Uurime asja ja tegeleme varsti.');
INSERT INTO tugipiletid (klient_id, prioriteet_id, staatus_id, pealkiri) VALUES (39, 3, 3, 'Soovin tühistada eelmise tellimuse');
INSERT INTO tugipiletite_sonumid (pilet_id, kirjutas_tootaja, sisu) VALUES (8, 0, 'Palun uurige tellimuse tarneaega, see pidi juba eile kohal olema, aga pole midagi kuulnud.');
INSERT INTO tugipiletite_sonumid (pilet_id, kirjutas_tootaja, sisu) VALUES (8, 1, 'Uurime asja ja tegeleme varsti.');
INSERT INTO tugipiletid (klient_id, prioriteet_id, staatus_id, pealkiri) VALUES (400, 3, 2, 'Ma ei saa süsteemi sisse logida');
INSERT INTO tugipiletite_sonumid (pilet_id, kirjutas_tootaja, sisu) VALUES (9, 0, 'Palun uurige tellimuse tarneaega, see pidi juba eile kohal olema, aga pole midagi kuulnud.');
INSERT INTO tugipiletite_sonumid (pilet_id, kirjutas_tootaja, sisu) VALUES (9, 1, 'Uurime asja ja tegeleme varsti.');
INSERT INTO tugipiletid (klient_id, prioriteet_id, staatus_id, pealkiri) VALUES (279, 1, 1, 'Vajan juhendamist aruannete loomisel');
INSERT INTO tugipiletite_sonumid (pilet_id, kirjutas_tootaja, sisu) VALUES (10, 0, 'Programm sulgeb ennast ootamatult, kui vajutan ''Prindi'' nuppu.');
INSERT INTO tugipiletid (klient_id, prioriteet_id, staatus_id, pealkiri) VALUES (68, 3, 2, 'Ma ei saa süsteemi sisse logida');
INSERT INTO tugipiletite_sonumid (pilet_id, kirjutas_tootaja, sisu) VALUES (11, 0, 'Andmete importimine Exceli failist lõppes veaga. Palun aidake fail korda teha.');
INSERT INTO tugipiletite_sonumid (pilet_id, kirjutas_tootaja, sisu) VALUES (11, 1, 'Uurime asja ja tegeleme varsti.');
INSERT INTO tugipiletid (klient_id, prioriteet_id, staatus_id, pealkiri) VALUES (351, 2, 3, 'Ekraanil on veider punane kast');
INSERT INTO tugipiletite_sonumid (pilet_id, kirjutas_tootaja, sisu) VALUES (12, 0, 'Tänan väga eelmise abi eest! Nüüd avastasin veel ühe pisikese mure...');
INSERT INTO tugipiletite_sonumid (pilet_id, kirjutas_tootaja, sisu) VALUES (12, 1, 'Uurime asja ja tegeleme varsti.');
INSERT INTO tugipiletid (klient_id, prioriteet_id, staatus_id, pealkiri) VALUES (106, 2, 1, 'Leht laeb väga aeglaselt');
INSERT INTO tugipiletite_sonumid (pilet_id, kirjutas_tootaja, sisu) VALUES (13, 0, 'Palun uurige tellimuse tarneaega, see pidi juba eile kohal olema, aga pole midagi kuulnud.');
INSERT INTO tugipiletid (klient_id, prioriteet_id, staatus_id, pealkiri) VALUES (24, 2, 2, 'Leht laeb väga aeglaselt');
INSERT INTO tugipiletite_sonumid (pilet_id, kirjutas_tootaja, sisu) VALUES (14, 0, 'Sooviksin tagastada eelmise nädala kaupa. Kuidas ma peaksin edasi toimima?');
INSERT INTO tugipiletite_sonumid (pilet_id, kirjutas_tootaja, sisu) VALUES (14, 1, 'Uurime asja ja tegeleme varsti.');
INSERT INTO tugipiletid (klient_id, prioriteet_id, staatus_id, pealkiri) VALUES (203, 3, 2, 'Kuidas ma saan oma profiili muuta?');
INSERT INTO tugipiletite_sonumid (pilet_id, kirjutas_tootaja, sisu) VALUES (15, 0, 'Arve nr 10243 peal on vale käibemaks. Palun tehke kreeditarve.');
INSERT INTO tugipiletite_sonumid (pilet_id, kirjutas_tootaja, sisu) VALUES (15, 1, 'Uurime asja ja tegeleme varsti.');
INSERT INTO tugipiletid (klient_id, prioriteet_id, staatus_id, pealkiri) VALUES (15, 2, 1, 'Tarkvara annab 500 veateate');
INSERT INTO tugipiletite_sonumid (pilet_id, kirjutas_tootaja, sisu) VALUES (16, 0, 'Süsteem viskab andmete salvestamisel arusaamatu veateate. Saadan manuses kuvatõmmise.');
INSERT INTO tugipiletid (klient_id, prioriteet_id, staatus_id, pealkiri) VALUES (36, 2, 3, 'Soovin tühistada eelmise tellimuse');
INSERT INTO tugipiletite_sonumid (pilet_id, kirjutas_tootaja, sisu) VALUES (17, 0, 'Sooviksin tagastada eelmise nädala kaupa. Kuidas ma peaksin edasi toimima?');
INSERT INTO tugipiletite_sonumid (pilet_id, kirjutas_tootaja, sisu) VALUES (17, 1, 'Uurime asja ja tegeleme varsti.');
INSERT INTO tugipiletid (klient_id, prioriteet_id, staatus_id, pealkiri) VALUES (84, 2, 1, 'Kas saaksite uue kasutaja luua?');
INSERT INTO tugipiletite_sonumid (pilet_id, kirjutas_tootaja, sisu) VALUES (18, 0, 'Kas on võimalik lisada süsteemi uus kasutajaroll väiksemate õigustega?');
INSERT INTO tugipiletid (klient_id, prioriteet_id, staatus_id, pealkiri) VALUES (224, 3, 2, 'Vajan juhendamist aruannete loomisel');
INSERT INTO tugipiletite_sonumid (pilet_id, kirjutas_tootaja, sisu) VALUES (19, 0, 'Tänan väga eelmise abi eest! Nüüd avastasin veel ühe pisikese mure...');
INSERT INTO tugipiletite_sonumid (pilet_id, kirjutas_tootaja, sisu) VALUES (19, 1, 'Uurime asja ja tegeleme varsti.');
INSERT INTO tugipiletid (klient_id, prioriteet_id, staatus_id, pealkiri) VALUES (18, 3, 2, 'Arvel olev summa on ebakorrektne');
INSERT INTO tugipiletite_sonumid (pilet_id, kirjutas_tootaja, sisu) VALUES (20, 0, 'Arve nr 10243 peal on vale käibemaks. Palun tehke kreeditarve.');
INSERT INTO tugipiletite_sonumid (pilet_id, kirjutas_tootaja, sisu) VALUES (20, 1, 'Uurime asja ja tegeleme varsti.');
INSERT INTO tugipiletid (klient_id, prioriteet_id, staatus_id, pealkiri) VALUES (286, 3, 1, 'Vajan juhendamist aruannete loomisel');
INSERT INTO tugipiletite_sonumid (pilet_id, kirjutas_tootaja, sisu) VALUES (21, 0, 'Kas on võimalik lisada süsteemi uus kasutajaroll väiksemate õigustega?');
INSERT INTO tugipiletid (klient_id, prioriteet_id, staatus_id, pealkiri) VALUES (359, 2, 1, 'Sooduskoodi süsteem ei võta vastu');
INSERT INTO tugipiletite_sonumid (pilet_id, kirjutas_tootaja, sisu) VALUES (22, 0, 'Sooviksin tagastada eelmise nädala kaupa. Kuidas ma peaksin edasi toimima?');
INSERT INTO tugipiletid (klient_id, prioriteet_id, staatus_id, pealkiri) VALUES (37, 2, 3, 'Soovin tühistada eelmise tellimuse');
INSERT INTO tugipiletite_sonumid (pilet_id, kirjutas_tootaja, sisu) VALUES (23, 0, 'Andmete importimine Exceli failist lõppes veaga. Palun aidake fail korda teha.');
INSERT INTO tugipiletite_sonumid (pilet_id, kirjutas_tootaja, sisu) VALUES (23, 1, 'Uurime asja ja tegeleme varsti.');
INSERT INTO tugipiletid (klient_id, prioriteet_id, staatus_id, pealkiri) VALUES (420, 3, 1, 'Tarkvara annab 500 veateate');
INSERT INTO tugipiletite_sonumid (pilet_id, kirjutas_tootaja, sisu) VALUES (24, 0, 'Süsteem viskab andmete salvestamisel arusaamatu veateate. Saadan manuses kuvatõmmise.');
INSERT INTO tugipiletid (klient_id, prioriteet_id, staatus_id, pealkiri) VALUES (426, 1, 2, 'Ekraanil on veider punane kast');
INSERT INTO tugipiletite_sonumid (pilet_id, kirjutas_tootaja, sisu) VALUES (25, 0, 'Tere, mul on küsimus uue funktsiooni kohta. Kuidas ma saan filtreerida kliente regiooni järgi?');
INSERT INTO tugipiletite_sonumid (pilet_id, kirjutas_tootaja, sisu) VALUES (25, 1, 'Uurime asja ja tegeleme varsti.');
INSERT INTO tugipiletid (klient_id, prioriteet_id, staatus_id, pealkiri) VALUES (482, 2, 3, 'Kas saaksite uue kasutaja luua?');
INSERT INTO tugipiletite_sonumid (pilet_id, kirjutas_tootaja, sisu) VALUES (26, 0, 'Süsteem viskab andmete salvestamisel arusaamatu veateate. Saadan manuses kuvatõmmise.');
INSERT INTO tugipiletite_sonumid (pilet_id, kirjutas_tootaja, sisu) VALUES (26, 1, 'Uurime asja ja tegeleme varsti.');
INSERT INTO tugipiletid (klient_id, prioriteet_id, staatus_id, pealkiri) VALUES (493, 1, 2, 'Soovin tühistada eelmise tellimuse');
INSERT INTO tugipiletite_sonumid (pilet_id, kirjutas_tootaja, sisu) VALUES (27, 0, 'Tere! Vajan abi, sest minu kasutajanimi ei tundu enam töötavat. Olen proovinud mitu korda.');
INSERT INTO tugipiletite_sonumid (pilet_id, kirjutas_tootaja, sisu) VALUES (27, 1, 'Uurime asja ja tegeleme varsti.');
INSERT INTO tugipiletid (klient_id, prioriteet_id, staatus_id, pealkiri) VALUES (329, 1, 3, 'Ma ei saa süsteemi sisse logida');
INSERT INTO tugipiletite_sonumid (pilet_id, kirjutas_tootaja, sisu) VALUES (28, 0, 'Palun uurige tellimuse tarneaega, see pidi juba eile kohal olema, aga pole midagi kuulnud.');
INSERT INTO tugipiletite_sonumid (pilet_id, kirjutas_tootaja, sisu) VALUES (28, 1, 'Uurime asja ja tegeleme varsti.');
INSERT INTO tugipiletid (klient_id, prioriteet_id, staatus_id, pealkiri) VALUES (130, 1, 2, 'Parooli lähtestamise link ei tööta');
INSERT INTO tugipiletite_sonumid (pilet_id, kirjutas_tootaja, sisu) VALUES (29, 0, 'Süsteem viskab andmete salvestamisel arusaamatu veateate. Saadan manuses kuvatõmmise.');
INSERT INTO tugipiletite_sonumid (pilet_id, kirjutas_tootaja, sisu) VALUES (29, 1, 'Uurime asja ja tegeleme varsti.');
INSERT INTO tugipiletid (klient_id, prioriteet_id, staatus_id, pealkiri) VALUES (160, 2, 2, 'Vajan juhendamist aruannete loomisel');
INSERT INTO tugipiletite_sonumid (pilet_id, kirjutas_tootaja, sisu) VALUES (30, 0, 'Palun uurige tellimuse tarneaega, see pidi juba eile kohal olema, aga pole midagi kuulnud.');
INSERT INTO tugipiletite_sonumid (pilet_id, kirjutas_tootaja, sisu) VALUES (30, 1, 'Uurime asja ja tegeleme varsti.');
INSERT INTO tugipiletid (klient_id, prioriteet_id, staatus_id, pealkiri) VALUES (147, 1, 3, 'Kas saaksite uue kasutaja luua?');
INSERT INTO tugipiletite_sonumid (pilet_id, kirjutas_tootaja, sisu) VALUES (31, 0, 'Tänan väga eelmise abi eest! Nüüd avastasin veel ühe pisikese mure...');
INSERT INTO tugipiletite_sonumid (pilet_id, kirjutas_tootaja, sisu) VALUES (31, 1, 'Uurime asja ja tegeleme varsti.');
INSERT INTO tugipiletid (klient_id, prioriteet_id, staatus_id, pealkiri) VALUES (400, 2, 3, 'Ma ei saa süsteemi sisse logida');
INSERT INTO tugipiletite_sonumid (pilet_id, kirjutas_tootaja, sisu) VALUES (32, 0, 'Sooviksin tagastada eelmise nädala kaupa. Kuidas ma peaksin edasi toimima?');
INSERT INTO tugipiletite_sonumid (pilet_id, kirjutas_tootaja, sisu) VALUES (32, 1, 'Uurime asja ja tegeleme varsti.');
INSERT INTO tugipiletid (klient_id, prioriteet_id, staatus_id, pealkiri) VALUES (409, 3, 1, 'Ma ei saa süsteemi sisse logida');
INSERT INTO tugipiletite_sonumid (pilet_id, kirjutas_tootaja, sisu) VALUES (33, 0, 'Tere! Vajan abi, sest minu kasutajanimi ei tundu enam töötavat. Olen proovinud mitu korda.');
INSERT INTO tugipiletid (klient_id, prioriteet_id, staatus_id, pealkiri) VALUES (319, 2, 3, 'Arvel olev summa on ebakorrektne');
INSERT INTO tugipiletite_sonumid (pilet_id, kirjutas_tootaja, sisu) VALUES (34, 0, 'Kas on võimalik lisada süsteemi uus kasutajaroll väiksemate õigustega?');
INSERT INTO tugipiletite_sonumid (pilet_id, kirjutas_tootaja, sisu) VALUES (34, 1, 'Uurime asja ja tegeleme varsti.');
INSERT INTO tugipiletid (klient_id, prioriteet_id, staatus_id, pealkiri) VALUES (438, 3, 1, 'Soovin tühistada eelmise tellimuse');
INSERT INTO tugipiletite_sonumid (pilet_id, kirjutas_tootaja, sisu) VALUES (35, 0, 'Programm sulgeb ennast ootamatult, kui vajutan ''Prindi'' nuppu.');
INSERT INTO tugipiletid (klient_id, prioriteet_id, staatus_id, pealkiri) VALUES (138, 2, 2, 'Soovin tühistada eelmise tellimuse');
INSERT INTO tugipiletite_sonumid (pilet_id, kirjutas_tootaja, sisu) VALUES (36, 0, 'Andmete importimine Exceli failist lõppes veaga. Palun aidake fail korda teha.');
INSERT INTO tugipiletite_sonumid (pilet_id, kirjutas_tootaja, sisu) VALUES (36, 1, 'Uurime asja ja tegeleme varsti.');
INSERT INTO tugipiletid (klient_id, prioriteet_id, staatus_id, pealkiri) VALUES (475, 3, 2, 'Kas saaksite uue kasutaja luua?');
INSERT INTO tugipiletite_sonumid (pilet_id, kirjutas_tootaja, sisu) VALUES (37, 0, 'Süsteem viskab andmete salvestamisel arusaamatu veateate. Saadan manuses kuvatõmmise.');
INSERT INTO tugipiletite_sonumid (pilet_id, kirjutas_tootaja, sisu) VALUES (37, 1, 'Uurime asja ja tegeleme varsti.');
INSERT INTO tugipiletid (klient_id, prioriteet_id, staatus_id, pealkiri) VALUES (230, 1, 2, 'Arvel olev summa on ebakorrektne');
INSERT INTO tugipiletite_sonumid (pilet_id, kirjutas_tootaja, sisu) VALUES (38, 0, 'Kas on võimalik lisada süsteemi uus kasutajaroll väiksemate õigustega?');
INSERT INTO tugipiletite_sonumid (pilet_id, kirjutas_tootaja, sisu) VALUES (38, 1, 'Uurime asja ja tegeleme varsti.');
INSERT INTO tugipiletid (klient_id, prioriteet_id, staatus_id, pealkiri) VALUES (243, 2, 1, 'Arvel olev summa on ebakorrektne');
INSERT INTO tugipiletite_sonumid (pilet_id, kirjutas_tootaja, sisu) VALUES (39, 0, 'Tänan väga eelmise abi eest! Nüüd avastasin veel ühe pisikese mure...');
INSERT INTO tugipiletid (klient_id, prioriteet_id, staatus_id, pealkiri) VALUES (52, 3, 2, 'Vajan juhendamist aruannete loomisel');
INSERT INTO tugipiletite_sonumid (pilet_id, kirjutas_tootaja, sisu) VALUES (40, 0, 'Andmete importimine Exceli failist lõppes veaga. Palun aidake fail korda teha.');
INSERT INTO tugipiletite_sonumid (pilet_id, kirjutas_tootaja, sisu) VALUES (40, 1, 'Uurime asja ja tegeleme varsti.');
INSERT INTO tugipiletid (klient_id, prioriteet_id, staatus_id, pealkiri) VALUES (179, 1, 1, 'Arvel olev summa on ebakorrektne');
INSERT INTO tugipiletite_sonumid (pilet_id, kirjutas_tootaja, sisu) VALUES (41, 0, 'Palun uurige tellimuse tarneaega, see pidi juba eile kohal olema, aga pole midagi kuulnud.');
INSERT INTO tugipiletid (klient_id, prioriteet_id, staatus_id, pealkiri) VALUES (122, 2, 1, 'Parooli lähtestamise link ei tööta');
INSERT INTO tugipiletite_sonumid (pilet_id, kirjutas_tootaja, sisu) VALUES (42, 0, 'Kas on võimalik lisada süsteemi uus kasutajaroll väiksemate õigustega?');
INSERT INTO tugipiletid (klient_id, prioriteet_id, staatus_id, pealkiri) VALUES (329, 2, 3, 'Arvel olev summa on ebakorrektne');
INSERT INTO tugipiletite_sonumid (pilet_id, kirjutas_tootaja, sisu) VALUES (43, 0, 'Andmete importimine Exceli failist lõppes veaga. Palun aidake fail korda teha.');
INSERT INTO tugipiletite_sonumid (pilet_id, kirjutas_tootaja, sisu) VALUES (43, 1, 'Uurime asja ja tegeleme varsti.');
INSERT INTO tugipiletid (klient_id, prioriteet_id, staatus_id, pealkiri) VALUES (41, 1, 3, 'Minu tellimust pole veel tarnitud');
INSERT INTO tugipiletite_sonumid (pilet_id, kirjutas_tootaja, sisu) VALUES (44, 0, 'Kas on võimalik lisada süsteemi uus kasutajaroll väiksemate õigustega?');
INSERT INTO tugipiletite_sonumid (pilet_id, kirjutas_tootaja, sisu) VALUES (44, 1, 'Uurime asja ja tegeleme varsti.');
INSERT INTO tugipiletid (klient_id, prioriteet_id, staatus_id, pealkiri) VALUES (475, 3, 3, 'Ma ei saa süsteemi sisse logida');
INSERT INTO tugipiletite_sonumid (pilet_id, kirjutas_tootaja, sisu) VALUES (45, 0, 'Arve nr 10243 peal on vale käibemaks. Palun tehke kreeditarve.');
INSERT INTO tugipiletite_sonumid (pilet_id, kirjutas_tootaja, sisu) VALUES (45, 1, 'Uurime asja ja tegeleme varsti.');
INSERT INTO tugipiletid (klient_id, prioriteet_id, staatus_id, pealkiri) VALUES (311, 1, 2, 'Sooduskoodi süsteem ei võta vastu');
INSERT INTO tugipiletite_sonumid (pilet_id, kirjutas_tootaja, sisu) VALUES (46, 0, 'Palun uurige tellimuse tarneaega, see pidi juba eile kohal olema, aga pole midagi kuulnud.');
INSERT INTO tugipiletite_sonumid (pilet_id, kirjutas_tootaja, sisu) VALUES (46, 1, 'Uurime asja ja tegeleme varsti.');
INSERT INTO tugipiletid (klient_id, prioriteet_id, staatus_id, pealkiri) VALUES (191, 3, 3, 'Soovin tühistada eelmise tellimuse');
INSERT INTO tugipiletite_sonumid (pilet_id, kirjutas_tootaja, sisu) VALUES (47, 0, 'Tere! Vajan abi, sest minu kasutajanimi ei tundu enam töötavat. Olen proovinud mitu korda.');
INSERT INTO tugipiletite_sonumid (pilet_id, kirjutas_tootaja, sisu) VALUES (47, 1, 'Uurime asja ja tegeleme varsti.');
INSERT INTO tugipiletid (klient_id, prioriteet_id, staatus_id, pealkiri) VALUES (285, 3, 1, 'Ma ei saa süsteemi sisse logida');
INSERT INTO tugipiletite_sonumid (pilet_id, kirjutas_tootaja, sisu) VALUES (48, 0, 'Tänan väga eelmise abi eest! Nüüd avastasin veel ühe pisikese mure...');
INSERT INTO tugipiletid (klient_id, prioriteet_id, staatus_id, pealkiri) VALUES (191, 3, 2, 'Kas saaksite uue kasutaja luua?');
INSERT INTO tugipiletite_sonumid (pilet_id, kirjutas_tootaja, sisu) VALUES (49, 0, 'Sooviksin tagastada eelmise nädala kaupa. Kuidas ma peaksin edasi toimima?');
INSERT INTO tugipiletite_sonumid (pilet_id, kirjutas_tootaja, sisu) VALUES (49, 1, 'Uurime asja ja tegeleme varsti.');
INSERT INTO tugipiletid (klient_id, prioriteet_id, staatus_id, pealkiri) VALUES (455, 1, 1, 'Ma ei saa süsteemi sisse logida');
INSERT INTO tugipiletite_sonumid (pilet_id, kirjutas_tootaja, sisu) VALUES (50, 0, 'Tänan väga eelmise abi eest! Nüüd avastasin veel ühe pisikese mure...');
INSERT INTO tugipiletid (klient_id, prioriteet_id, staatus_id, pealkiri) VALUES (59, 1, 3, 'Minu tellimust pole veel tarnitud');
INSERT INTO tugipiletite_sonumid (pilet_id, kirjutas_tootaja, sisu) VALUES (51, 0, 'Tänan väga eelmise abi eest! Nüüd avastasin veel ühe pisikese mure...');
INSERT INTO tugipiletite_sonumid (pilet_id, kirjutas_tootaja, sisu) VALUES (51, 1, 'Uurime asja ja tegeleme varsti.');
INSERT INTO tugipiletid (klient_id, prioriteet_id, staatus_id, pealkiri) VALUES (327, 3, 1, 'Leht laeb väga aeglaselt');
INSERT INTO tugipiletite_sonumid (pilet_id, kirjutas_tootaja, sisu) VALUES (52, 0, 'Programm sulgeb ennast ootamatult, kui vajutan ''Prindi'' nuppu.');
INSERT INTO tugipiletid (klient_id, prioriteet_id, staatus_id, pealkiri) VALUES (221, 2, 2, 'Tarkvara annab 500 veateate');
INSERT INTO tugipiletite_sonumid (pilet_id, kirjutas_tootaja, sisu) VALUES (53, 0, 'Sooviksin tagastada eelmise nädala kaupa. Kuidas ma peaksin edasi toimima?');
INSERT INTO tugipiletite_sonumid (pilet_id, kirjutas_tootaja, sisu) VALUES (53, 1, 'Uurime asja ja tegeleme varsti.');
INSERT INTO tugipiletid (klient_id, prioriteet_id, staatus_id, pealkiri) VALUES (5, 2, 3, 'Tarkvara annab 500 veateate');
INSERT INTO tugipiletite_sonumid (pilet_id, kirjutas_tootaja, sisu) VALUES (54, 0, 'Arve nr 10243 peal on vale käibemaks. Palun tehke kreeditarve.');
INSERT INTO tugipiletite_sonumid (pilet_id, kirjutas_tootaja, sisu) VALUES (54, 1, 'Uurime asja ja tegeleme varsti.');
INSERT INTO tugipiletid (klient_id, prioriteet_id, staatus_id, pealkiri) VALUES (282, 2, 2, 'Leht laeb väga aeglaselt');
INSERT INTO tugipiletite_sonumid (pilet_id, kirjutas_tootaja, sisu) VALUES (55, 0, 'Programm sulgeb ennast ootamatult, kui vajutan ''Prindi'' nuppu.');
INSERT INTO tugipiletite_sonumid (pilet_id, kirjutas_tootaja, sisu) VALUES (55, 1, 'Uurime asja ja tegeleme varsti.');
INSERT INTO tugipiletid (klient_id, prioriteet_id, staatus_id, pealkiri) VALUES (178, 3, 3, 'Leht laeb väga aeglaselt');
INSERT INTO tugipiletite_sonumid (pilet_id, kirjutas_tootaja, sisu) VALUES (56, 0, 'Palun uurige tellimuse tarneaega, see pidi juba eile kohal olema, aga pole midagi kuulnud.');
INSERT INTO tugipiletite_sonumid (pilet_id, kirjutas_tootaja, sisu) VALUES (56, 1, 'Uurime asja ja tegeleme varsti.');
INSERT INTO tugipiletid (klient_id, prioriteet_id, staatus_id, pealkiri) VALUES (155, 2, 2, 'Ma ei saa süsteemi sisse logida');
INSERT INTO tugipiletite_sonumid (pilet_id, kirjutas_tootaja, sisu) VALUES (57, 0, 'Kas on võimalik lisada süsteemi uus kasutajaroll väiksemate õigustega?');
INSERT INTO tugipiletite_sonumid (pilet_id, kirjutas_tootaja, sisu) VALUES (57, 1, 'Uurime asja ja tegeleme varsti.');
INSERT INTO tugipiletid (klient_id, prioriteet_id, staatus_id, pealkiri) VALUES (328, 3, 3, 'Vajan juhendamist aruannete loomisel');
INSERT INTO tugipiletite_sonumid (pilet_id, kirjutas_tootaja, sisu) VALUES (58, 0, 'Tänan väga eelmise abi eest! Nüüd avastasin veel ühe pisikese mure...');
INSERT INTO tugipiletite_sonumid (pilet_id, kirjutas_tootaja, sisu) VALUES (58, 1, 'Uurime asja ja tegeleme varsti.');
INSERT INTO tugipiletid (klient_id, prioriteet_id, staatus_id, pealkiri) VALUES (445, 2, 2, 'Arvel olev summa on ebakorrektne');
INSERT INTO tugipiletite_sonumid (pilet_id, kirjutas_tootaja, sisu) VALUES (59, 0, 'Sooviksin tagastada eelmise nädala kaupa. Kuidas ma peaksin edasi toimima?');
INSERT INTO tugipiletite_sonumid (pilet_id, kirjutas_tootaja, sisu) VALUES (59, 1, 'Uurime asja ja tegeleme varsti.');
INSERT INTO tugipiletid (klient_id, prioriteet_id, staatus_id, pealkiri) VALUES (340, 1, 2, 'Minu tellimust pole veel tarnitud');
INSERT INTO tugipiletite_sonumid (pilet_id, kirjutas_tootaja, sisu) VALUES (60, 0, 'Sooviksin tagastada eelmise nädala kaupa. Kuidas ma peaksin edasi toimima?');
INSERT INTO tugipiletite_sonumid (pilet_id, kirjutas_tootaja, sisu) VALUES (60, 1, 'Uurime asja ja tegeleme varsti.');
INSERT INTO tugipiletid (klient_id, prioriteet_id, staatus_id, pealkiri) VALUES (378, 3, 2, 'Kas saaksite uue kasutaja luua?');
INSERT INTO tugipiletite_sonumid (pilet_id, kirjutas_tootaja, sisu) VALUES (61, 0, 'Programm sulgeb ennast ootamatult, kui vajutan ''Prindi'' nuppu.');
INSERT INTO tugipiletite_sonumid (pilet_id, kirjutas_tootaja, sisu) VALUES (61, 1, 'Uurime asja ja tegeleme varsti.');
INSERT INTO tugipiletid (klient_id, prioriteet_id, staatus_id, pealkiri) VALUES (74, 2, 2, 'Soovin tühistada eelmise tellimuse');
INSERT INTO tugipiletite_sonumid (pilet_id, kirjutas_tootaja, sisu) VALUES (62, 0, 'Kas on võimalik lisada süsteemi uus kasutajaroll väiksemate õigustega?');
INSERT INTO tugipiletite_sonumid (pilet_id, kirjutas_tootaja, sisu) VALUES (62, 1, 'Uurime asja ja tegeleme varsti.');
INSERT INTO tugipiletid (klient_id, prioriteet_id, staatus_id, pealkiri) VALUES (312, 2, 1, 'Parooli lähtestamise link ei tööta');
INSERT INTO tugipiletite_sonumid (pilet_id, kirjutas_tootaja, sisu) VALUES (63, 0, 'Palun uurige tellimuse tarneaega, see pidi juba eile kohal olema, aga pole midagi kuulnud.');
INSERT INTO tugipiletid (klient_id, prioriteet_id, staatus_id, pealkiri) VALUES (206, 3, 2, 'Soovin tühistada eelmise tellimuse');
INSERT INTO tugipiletite_sonumid (pilet_id, kirjutas_tootaja, sisu) VALUES (64, 0, 'Andmete importimine Exceli failist lõppes veaga. Palun aidake fail korda teha.');
INSERT INTO tugipiletite_sonumid (pilet_id, kirjutas_tootaja, sisu) VALUES (64, 1, 'Uurime asja ja tegeleme varsti.');
INSERT INTO tugipiletid (klient_id, prioriteet_id, staatus_id, pealkiri) VALUES (440, 1, 3, 'Tarkvara annab 500 veateate');
INSERT INTO tugipiletite_sonumid (pilet_id, kirjutas_tootaja, sisu) VALUES (65, 0, 'Programm sulgeb ennast ootamatult, kui vajutan ''Prindi'' nuppu.');
INSERT INTO tugipiletite_sonumid (pilet_id, kirjutas_tootaja, sisu) VALUES (65, 1, 'Uurime asja ja tegeleme varsti.');
INSERT INTO tugipiletid (klient_id, prioriteet_id, staatus_id, pealkiri) VALUES (425, 1, 3, 'Ma ei saa süsteemi sisse logida');
INSERT INTO tugipiletite_sonumid (pilet_id, kirjutas_tootaja, sisu) VALUES (66, 0, 'Arve nr 10243 peal on vale käibemaks. Palun tehke kreeditarve.');
INSERT INTO tugipiletite_sonumid (pilet_id, kirjutas_tootaja, sisu) VALUES (66, 1, 'Uurime asja ja tegeleme varsti.');
INSERT INTO tugipiletid (klient_id, prioriteet_id, staatus_id, pealkiri) VALUES (363, 3, 2, 'Sooduskoodi süsteem ei võta vastu');
INSERT INTO tugipiletite_sonumid (pilet_id, kirjutas_tootaja, sisu) VALUES (67, 0, 'Kas on võimalik lisada süsteemi uus kasutajaroll väiksemate õigustega?');
INSERT INTO tugipiletite_sonumid (pilet_id, kirjutas_tootaja, sisu) VALUES (67, 1, 'Uurime asja ja tegeleme varsti.');
INSERT INTO tugipiletid (klient_id, prioriteet_id, staatus_id, pealkiri) VALUES (196, 3, 3, 'Sooduskoodi süsteem ei võta vastu');
INSERT INTO tugipiletite_sonumid (pilet_id, kirjutas_tootaja, sisu) VALUES (68, 0, 'Sooviksin tagastada eelmise nädala kaupa. Kuidas ma peaksin edasi toimima?');
INSERT INTO tugipiletite_sonumid (pilet_id, kirjutas_tootaja, sisu) VALUES (68, 1, 'Uurime asja ja tegeleme varsti.');
INSERT INTO tugipiletid (klient_id, prioriteet_id, staatus_id, pealkiri) VALUES (318, 1, 3, 'Kuidas ma saan oma profiili muuta?');
INSERT INTO tugipiletite_sonumid (pilet_id, kirjutas_tootaja, sisu) VALUES (69, 0, 'Kas on võimalik lisada süsteemi uus kasutajaroll väiksemate õigustega?');
INSERT INTO tugipiletite_sonumid (pilet_id, kirjutas_tootaja, sisu) VALUES (69, 1, 'Uurime asja ja tegeleme varsti.');
INSERT INTO tugipiletid (klient_id, prioriteet_id, staatus_id, pealkiri) VALUES (305, 1, 3, 'Parooli lähtestamise link ei tööta');
INSERT INTO tugipiletite_sonumid (pilet_id, kirjutas_tootaja, sisu) VALUES (70, 0, 'Tere! Vajan abi, sest minu kasutajanimi ei tundu enam töötavat. Olen proovinud mitu korda.');
INSERT INTO tugipiletite_sonumid (pilet_id, kirjutas_tootaja, sisu) VALUES (70, 1, 'Uurime asja ja tegeleme varsti.');
INSERT INTO tugipiletid (klient_id, prioriteet_id, staatus_id, pealkiri) VALUES (1, 2, 1, 'Ma ei saa süsteemi sisse logida');
INSERT INTO tugipiletite_sonumid (pilet_id, kirjutas_tootaja, sisu) VALUES (71, 0, 'Sooviksin tagastada eelmise nädala kaupa. Kuidas ma peaksin edasi toimima?');
INSERT INTO tugipiletid (klient_id, prioriteet_id, staatus_id, pealkiri) VALUES (222, 2, 2, 'Arvel olev summa on ebakorrektne');
INSERT INTO tugipiletite_sonumid (pilet_id, kirjutas_tootaja, sisu) VALUES (72, 0, 'Süsteem viskab andmete salvestamisel arusaamatu veateate. Saadan manuses kuvatõmmise.');
INSERT INTO tugipiletite_sonumid (pilet_id, kirjutas_tootaja, sisu) VALUES (72, 1, 'Uurime asja ja tegeleme varsti.');
INSERT INTO tugipiletid (klient_id, prioriteet_id, staatus_id, pealkiri) VALUES (469, 2, 2, 'Sooduskoodi süsteem ei võta vastu');
INSERT INTO tugipiletite_sonumid (pilet_id, kirjutas_tootaja, sisu) VALUES (73, 0, 'Palun uurige tellimuse tarneaega, see pidi juba eile kohal olema, aga pole midagi kuulnud.');
INSERT INTO tugipiletite_sonumid (pilet_id, kirjutas_tootaja, sisu) VALUES (73, 1, 'Uurime asja ja tegeleme varsti.');
INSERT INTO tugipiletid (klient_id, prioriteet_id, staatus_id, pealkiri) VALUES (377, 3, 2, 'Soovin tühistada eelmise tellimuse');
INSERT INTO tugipiletite_sonumid (pilet_id, kirjutas_tootaja, sisu) VALUES (74, 0, 'Palun uurige tellimuse tarneaega, see pidi juba eile kohal olema, aga pole midagi kuulnud.');
INSERT INTO tugipiletite_sonumid (pilet_id, kirjutas_tootaja, sisu) VALUES (74, 1, 'Uurime asja ja tegeleme varsti.');
INSERT INTO tugipiletid (klient_id, prioriteet_id, staatus_id, pealkiri) VALUES (225, 1, 2, 'Minu tellimust pole veel tarnitud');
INSERT INTO tugipiletite_sonumid (pilet_id, kirjutas_tootaja, sisu) VALUES (75, 0, 'Sooviksin tagastada eelmise nädala kaupa. Kuidas ma peaksin edasi toimima?');
INSERT INTO tugipiletite_sonumid (pilet_id, kirjutas_tootaja, sisu) VALUES (75, 1, 'Uurime asja ja tegeleme varsti.');
INSERT INTO tugipiletid (klient_id, prioriteet_id, staatus_id, pealkiri) VALUES (478, 2, 3, 'Arvel olev summa on ebakorrektne');
INSERT INTO tugipiletite_sonumid (pilet_id, kirjutas_tootaja, sisu) VALUES (76, 0, 'Kas on võimalik lisada süsteemi uus kasutajaroll väiksemate õigustega?');
INSERT INTO tugipiletite_sonumid (pilet_id, kirjutas_tootaja, sisu) VALUES (76, 1, 'Uurime asja ja tegeleme varsti.');
INSERT INTO tugipiletid (klient_id, prioriteet_id, staatus_id, pealkiri) VALUES (98, 2, 1, 'Tarkvara annab 500 veateate');
INSERT INTO tugipiletite_sonumid (pilet_id, kirjutas_tootaja, sisu) VALUES (77, 0, 'Süsteem viskab andmete salvestamisel arusaamatu veateate. Saadan manuses kuvatõmmise.');
INSERT INTO tugipiletid (klient_id, prioriteet_id, staatus_id, pealkiri) VALUES (367, 3, 2, 'Leht laeb väga aeglaselt');
INSERT INTO tugipiletite_sonumid (pilet_id, kirjutas_tootaja, sisu) VALUES (78, 0, 'Tänan väga eelmise abi eest! Nüüd avastasin veel ühe pisikese mure...');
INSERT INTO tugipiletite_sonumid (pilet_id, kirjutas_tootaja, sisu) VALUES (78, 1, 'Uurime asja ja tegeleme varsti.');
INSERT INTO tugipiletid (klient_id, prioriteet_id, staatus_id, pealkiri) VALUES (298, 3, 2, 'Arvel olev summa on ebakorrektne');
INSERT INTO tugipiletite_sonumid (pilet_id, kirjutas_tootaja, sisu) VALUES (79, 0, 'Palun uurige tellimuse tarneaega, see pidi juba eile kohal olema, aga pole midagi kuulnud.');
INSERT INTO tugipiletite_sonumid (pilet_id, kirjutas_tootaja, sisu) VALUES (79, 1, 'Uurime asja ja tegeleme varsti.');
INSERT INTO tugipiletid (klient_id, prioriteet_id, staatus_id, pealkiri) VALUES (295, 1, 1, 'Sooduskoodi süsteem ei võta vastu');
INSERT INTO tugipiletite_sonumid (pilet_id, kirjutas_tootaja, sisu) VALUES (80, 0, 'Arve nr 10243 peal on vale käibemaks. Palun tehke kreeditarve.');
INSERT INTO tugipiletid (klient_id, prioriteet_id, staatus_id, pealkiri) VALUES (37, 2, 2, 'Arvel olev summa on ebakorrektne');
INSERT INTO tugipiletite_sonumid (pilet_id, kirjutas_tootaja, sisu) VALUES (81, 0, 'Tänan väga eelmise abi eest! Nüüd avastasin veel ühe pisikese mure...');
INSERT INTO tugipiletite_sonumid (pilet_id, kirjutas_tootaja, sisu) VALUES (81, 1, 'Uurime asja ja tegeleme varsti.');
INSERT INTO tugipiletid (klient_id, prioriteet_id, staatus_id, pealkiri) VALUES (408, 3, 1, 'Kas saaksite uue kasutaja luua?');
INSERT INTO tugipiletite_sonumid (pilet_id, kirjutas_tootaja, sisu) VALUES (82, 0, 'Sooviksin tagastada eelmise nädala kaupa. Kuidas ma peaksin edasi toimima?');
INSERT INTO tugipiletid (klient_id, prioriteet_id, staatus_id, pealkiri) VALUES (133, 2, 3, 'Minu tellimust pole veel tarnitud');
INSERT INTO tugipiletite_sonumid (pilet_id, kirjutas_tootaja, sisu) VALUES (83, 0, 'Tere! Vajan abi, sest minu kasutajanimi ei tundu enam töötavat. Olen proovinud mitu korda.');
INSERT INTO tugipiletite_sonumid (pilet_id, kirjutas_tootaja, sisu) VALUES (83, 1, 'Uurime asja ja tegeleme varsti.');
INSERT INTO tugipiletid (klient_id, prioriteet_id, staatus_id, pealkiri) VALUES (388, 3, 3, 'Tarkvara annab 500 veateate');
INSERT INTO tugipiletite_sonumid (pilet_id, kirjutas_tootaja, sisu) VALUES (84, 0, 'Programm sulgeb ennast ootamatult, kui vajutan ''Prindi'' nuppu.');
INSERT INTO tugipiletite_sonumid (pilet_id, kirjutas_tootaja, sisu) VALUES (84, 1, 'Uurime asja ja tegeleme varsti.');
INSERT INTO tugipiletid (klient_id, prioriteet_id, staatus_id, pealkiri) VALUES (399, 2, 3, 'Vajan juhendamist aruannete loomisel');
INSERT INTO tugipiletite_sonumid (pilet_id, kirjutas_tootaja, sisu) VALUES (85, 0, 'Andmete importimine Exceli failist lõppes veaga. Palun aidake fail korda teha.');
INSERT INTO tugipiletite_sonumid (pilet_id, kirjutas_tootaja, sisu) VALUES (85, 1, 'Uurime asja ja tegeleme varsti.');
INSERT INTO tugipiletid (klient_id, prioriteet_id, staatus_id, pealkiri) VALUES (244, 3, 2, 'Minu tellimust pole veel tarnitud');
INSERT INTO tugipiletite_sonumid (pilet_id, kirjutas_tootaja, sisu) VALUES (86, 0, 'Tänan väga eelmise abi eest! Nüüd avastasin veel ühe pisikese mure...');
INSERT INTO tugipiletite_sonumid (pilet_id, kirjutas_tootaja, sisu) VALUES (86, 1, 'Uurime asja ja tegeleme varsti.');
INSERT INTO tugipiletid (klient_id, prioriteet_id, staatus_id, pealkiri) VALUES (382, 2, 3, 'Ekraanil on veider punane kast');
INSERT INTO tugipiletite_sonumid (pilet_id, kirjutas_tootaja, sisu) VALUES (87, 0, 'Sooviksin tagastada eelmise nädala kaupa. Kuidas ma peaksin edasi toimima?');
INSERT INTO tugipiletite_sonumid (pilet_id, kirjutas_tootaja, sisu) VALUES (87, 1, 'Uurime asja ja tegeleme varsti.');
INSERT INTO tugipiletid (klient_id, prioriteet_id, staatus_id, pealkiri) VALUES (414, 1, 1, 'Leht laeb väga aeglaselt');
INSERT INTO tugipiletite_sonumid (pilet_id, kirjutas_tootaja, sisu) VALUES (88, 0, 'Programm sulgeb ennast ootamatult, kui vajutan ''Prindi'' nuppu.');
INSERT INTO tugipiletid (klient_id, prioriteet_id, staatus_id, pealkiri) VALUES (40, 3, 2, 'Parooli lähtestamise link ei tööta');
INSERT INTO tugipiletite_sonumid (pilet_id, kirjutas_tootaja, sisu) VALUES (89, 0, 'Tänan väga eelmise abi eest! Nüüd avastasin veel ühe pisikese mure...');
INSERT INTO tugipiletite_sonumid (pilet_id, kirjutas_tootaja, sisu) VALUES (89, 1, 'Uurime asja ja tegeleme varsti.');
INSERT INTO tugipiletid (klient_id, prioriteet_id, staatus_id, pealkiri) VALUES (475, 1, 3, 'Minu tellimust pole veel tarnitud');
INSERT INTO tugipiletite_sonumid (pilet_id, kirjutas_tootaja, sisu) VALUES (90, 0, 'Palun uurige tellimuse tarneaega, see pidi juba eile kohal olema, aga pole midagi kuulnud.');
INSERT INTO tugipiletite_sonumid (pilet_id, kirjutas_tootaja, sisu) VALUES (90, 1, 'Uurime asja ja tegeleme varsti.');
INSERT INTO tugipiletid (klient_id, prioriteet_id, staatus_id, pealkiri) VALUES (355, 1, 2, 'Soovin tühistada eelmise tellimuse');
INSERT INTO tugipiletite_sonumid (pilet_id, kirjutas_tootaja, sisu) VALUES (91, 0, 'Sooviksin tagastada eelmise nädala kaupa. Kuidas ma peaksin edasi toimima?');
INSERT INTO tugipiletite_sonumid (pilet_id, kirjutas_tootaja, sisu) VALUES (91, 1, 'Uurime asja ja tegeleme varsti.');
INSERT INTO tugipiletid (klient_id, prioriteet_id, staatus_id, pealkiri) VALUES (6, 1, 2, 'Parooli lähtestamise link ei tööta');
INSERT INTO tugipiletite_sonumid (pilet_id, kirjutas_tootaja, sisu) VALUES (92, 0, 'Tänan väga eelmise abi eest! Nüüd avastasin veel ühe pisikese mure...');
INSERT INTO tugipiletite_sonumid (pilet_id, kirjutas_tootaja, sisu) VALUES (92, 1, 'Uurime asja ja tegeleme varsti.');
INSERT INTO tugipiletid (klient_id, prioriteet_id, staatus_id, pealkiri) VALUES (389, 3, 1, 'Vajan juhendamist aruannete loomisel');
INSERT INTO tugipiletite_sonumid (pilet_id, kirjutas_tootaja, sisu) VALUES (93, 0, 'Arve nr 10243 peal on vale käibemaks. Palun tehke kreeditarve.');
INSERT INTO tugipiletid (klient_id, prioriteet_id, staatus_id, pealkiri) VALUES (242, 1, 1, 'Minu tellimust pole veel tarnitud');
INSERT INTO tugipiletite_sonumid (pilet_id, kirjutas_tootaja, sisu) VALUES (94, 0, 'Sooviksin tagastada eelmise nädala kaupa. Kuidas ma peaksin edasi toimima?');
INSERT INTO tugipiletid (klient_id, prioriteet_id, staatus_id, pealkiri) VALUES (175, 1, 1, 'Vajan juhendamist aruannete loomisel');
INSERT INTO tugipiletite_sonumid (pilet_id, kirjutas_tootaja, sisu) VALUES (95, 0, 'Sooviksin tagastada eelmise nädala kaupa. Kuidas ma peaksin edasi toimima?');
INSERT INTO tugipiletid (klient_id, prioriteet_id, staatus_id, pealkiri) VALUES (465, 3, 3, 'Vajan juhendamist aruannete loomisel');
INSERT INTO tugipiletite_sonumid (pilet_id, kirjutas_tootaja, sisu) VALUES (96, 0, 'Kas on võimalik lisada süsteemi uus kasutajaroll väiksemate õigustega?');
INSERT INTO tugipiletite_sonumid (pilet_id, kirjutas_tootaja, sisu) VALUES (96, 1, 'Uurime asja ja tegeleme varsti.');
INSERT INTO tugipiletid (klient_id, prioriteet_id, staatus_id, pealkiri) VALUES (419, 2, 3, 'Leht laeb väga aeglaselt');
INSERT INTO tugipiletite_sonumid (pilet_id, kirjutas_tootaja, sisu) VALUES (97, 0, 'Tänan väga eelmise abi eest! Nüüd avastasin veel ühe pisikese mure...');
INSERT INTO tugipiletite_sonumid (pilet_id, kirjutas_tootaja, sisu) VALUES (97, 1, 'Uurime asja ja tegeleme varsti.');
INSERT INTO tugipiletid (klient_id, prioriteet_id, staatus_id, pealkiri) VALUES (100, 2, 3, 'Vajan juhendamist aruannete loomisel');
INSERT INTO tugipiletite_sonumid (pilet_id, kirjutas_tootaja, sisu) VALUES (98, 0, 'Tere, mul on küsimus uue funktsiooni kohta. Kuidas ma saan filtreerida kliente regiooni järgi?');
INSERT INTO tugipiletite_sonumid (pilet_id, kirjutas_tootaja, sisu) VALUES (98, 1, 'Uurime asja ja tegeleme varsti.');
INSERT INTO tugipiletid (klient_id, prioriteet_id, staatus_id, pealkiri) VALUES (28, 1, 2, 'Ma ei saa süsteemi sisse logida');
INSERT INTO tugipiletite_sonumid (pilet_id, kirjutas_tootaja, sisu) VALUES (99, 0, 'Programm sulgeb ennast ootamatult, kui vajutan ''Prindi'' nuppu.');
INSERT INTO tugipiletite_sonumid (pilet_id, kirjutas_tootaja, sisu) VALUES (99, 1, 'Uurime asja ja tegeleme varsti.');
INSERT INTO tugipiletid (klient_id, prioriteet_id, staatus_id, pealkiri) VALUES (429, 3, 1, 'Leht laeb väga aeglaselt');
INSERT INTO tugipiletite_sonumid (pilet_id, kirjutas_tootaja, sisu) VALUES (100, 0, 'Kas on võimalik lisada süsteemi uus kasutajaroll väiksemate õigustega?');
INSERT INTO tugipiletid (klient_id, prioriteet_id, staatus_id, pealkiri) VALUES (376, 3, 2, 'Kuidas ma saan oma profiili muuta?');
INSERT INTO tugipiletite_sonumid (pilet_id, kirjutas_tootaja, sisu) VALUES (101, 0, 'Programm sulgeb ennast ootamatult, kui vajutan ''Prindi'' nuppu.');
INSERT INTO tugipiletite_sonumid (pilet_id, kirjutas_tootaja, sisu) VALUES (101, 1, 'Uurime asja ja tegeleme varsti.');
INSERT INTO tugipiletid (klient_id, prioriteet_id, staatus_id, pealkiri) VALUES (212, 3, 1, 'Tarkvara annab 500 veateate');
INSERT INTO tugipiletite_sonumid (pilet_id, kirjutas_tootaja, sisu) VALUES (102, 0, 'Tere, mul on küsimus uue funktsiooni kohta. Kuidas ma saan filtreerida kliente regiooni järgi?');
INSERT INTO tugipiletid (klient_id, prioriteet_id, staatus_id, pealkiri) VALUES (341, 1, 2, 'Arvel olev summa on ebakorrektne');
INSERT INTO tugipiletite_sonumid (pilet_id, kirjutas_tootaja, sisu) VALUES (103, 0, 'Programm sulgeb ennast ootamatult, kui vajutan ''Prindi'' nuppu.');
INSERT INTO tugipiletite_sonumid (pilet_id, kirjutas_tootaja, sisu) VALUES (103, 1, 'Uurime asja ja tegeleme varsti.');
INSERT INTO tugipiletid (klient_id, prioriteet_id, staatus_id, pealkiri) VALUES (240, 2, 2, 'Sooduskoodi süsteem ei võta vastu');
INSERT INTO tugipiletite_sonumid (pilet_id, kirjutas_tootaja, sisu) VALUES (104, 0, 'Tänan väga eelmise abi eest! Nüüd avastasin veel ühe pisikese mure...');
INSERT INTO tugipiletite_sonumid (pilet_id, kirjutas_tootaja, sisu) VALUES (104, 1, 'Uurime asja ja tegeleme varsti.');
INSERT INTO tugipiletid (klient_id, prioriteet_id, staatus_id, pealkiri) VALUES (455, 3, 1, 'Minu tellimust pole veel tarnitud');
INSERT INTO tugipiletite_sonumid (pilet_id, kirjutas_tootaja, sisu) VALUES (105, 0, 'Tänan väga eelmise abi eest! Nüüd avastasin veel ühe pisikese mure...');
INSERT INTO tugipiletid (klient_id, prioriteet_id, staatus_id, pealkiri) VALUES (384, 2, 3, 'Vajan juhendamist aruannete loomisel');
INSERT INTO tugipiletite_sonumid (pilet_id, kirjutas_tootaja, sisu) VALUES (106, 0, 'Tere! Vajan abi, sest minu kasutajanimi ei tundu enam töötavat. Olen proovinud mitu korda.');
INSERT INTO tugipiletite_sonumid (pilet_id, kirjutas_tootaja, sisu) VALUES (106, 1, 'Uurime asja ja tegeleme varsti.');
INSERT INTO tugipiletid (klient_id, prioriteet_id, staatus_id, pealkiri) VALUES (463, 1, 2, 'Soovin tühistada eelmise tellimuse');
INSERT INTO tugipiletite_sonumid (pilet_id, kirjutas_tootaja, sisu) VALUES (107, 0, 'Sooviksin tagastada eelmise nädala kaupa. Kuidas ma peaksin edasi toimima?');
INSERT INTO tugipiletite_sonumid (pilet_id, kirjutas_tootaja, sisu) VALUES (107, 1, 'Uurime asja ja tegeleme varsti.');
INSERT INTO tugipiletid (klient_id, prioriteet_id, staatus_id, pealkiri) VALUES (69, 1, 1, 'Vajan juhendamist aruannete loomisel');
INSERT INTO tugipiletite_sonumid (pilet_id, kirjutas_tootaja, sisu) VALUES (108, 0, 'Palun uurige tellimuse tarneaega, see pidi juba eile kohal olema, aga pole midagi kuulnud.');
INSERT INTO tugipiletid (klient_id, prioriteet_id, staatus_id, pealkiri) VALUES (211, 1, 2, 'Soovin tühistada eelmise tellimuse');
INSERT INTO tugipiletite_sonumid (pilet_id, kirjutas_tootaja, sisu) VALUES (109, 0, 'Programm sulgeb ennast ootamatult, kui vajutan ''Prindi'' nuppu.');
INSERT INTO tugipiletite_sonumid (pilet_id, kirjutas_tootaja, sisu) VALUES (109, 1, 'Uurime asja ja tegeleme varsti.');
INSERT INTO tugipiletid (klient_id, prioriteet_id, staatus_id, pealkiri) VALUES (226, 2, 3, 'Sooduskoodi süsteem ei võta vastu');
INSERT INTO tugipiletite_sonumid (pilet_id, kirjutas_tootaja, sisu) VALUES (110, 0, 'Programm sulgeb ennast ootamatult, kui vajutan ''Prindi'' nuppu.');
INSERT INTO tugipiletite_sonumid (pilet_id, kirjutas_tootaja, sisu) VALUES (110, 1, 'Uurime asja ja tegeleme varsti.');
INSERT INTO tugipiletid (klient_id, prioriteet_id, staatus_id, pealkiri) VALUES (127, 1, 2, 'Soovin tühistada eelmise tellimuse');
INSERT INTO tugipiletite_sonumid (pilet_id, kirjutas_tootaja, sisu) VALUES (111, 0, 'Palun uurige tellimuse tarneaega, see pidi juba eile kohal olema, aga pole midagi kuulnud.');
INSERT INTO tugipiletite_sonumid (pilet_id, kirjutas_tootaja, sisu) VALUES (111, 1, 'Uurime asja ja tegeleme varsti.');
INSERT INTO tugipiletid (klient_id, prioriteet_id, staatus_id, pealkiri) VALUES (122, 3, 3, 'Kas saaksite uue kasutaja luua?');
INSERT INTO tugipiletite_sonumid (pilet_id, kirjutas_tootaja, sisu) VALUES (112, 0, 'Programm sulgeb ennast ootamatult, kui vajutan ''Prindi'' nuppu.');
INSERT INTO tugipiletite_sonumid (pilet_id, kirjutas_tootaja, sisu) VALUES (112, 1, 'Uurime asja ja tegeleme varsti.');
INSERT INTO tugipiletid (klient_id, prioriteet_id, staatus_id, pealkiri) VALUES (368, 2, 2, 'Sooduskoodi süsteem ei võta vastu');
INSERT INTO tugipiletite_sonumid (pilet_id, kirjutas_tootaja, sisu) VALUES (113, 0, 'Tere, mul on küsimus uue funktsiooni kohta. Kuidas ma saan filtreerida kliente regiooni järgi?');
INSERT INTO tugipiletite_sonumid (pilet_id, kirjutas_tootaja, sisu) VALUES (113, 1, 'Uurime asja ja tegeleme varsti.');
INSERT INTO tugipiletid (klient_id, prioriteet_id, staatus_id, pealkiri) VALUES (137, 2, 1, 'Minu tellimust pole veel tarnitud');
INSERT INTO tugipiletite_sonumid (pilet_id, kirjutas_tootaja, sisu) VALUES (114, 0, 'Arve nr 10243 peal on vale käibemaks. Palun tehke kreeditarve.');
INSERT INTO tugipiletid (klient_id, prioriteet_id, staatus_id, pealkiri) VALUES (227, 1, 2, 'Parooli lähtestamise link ei tööta');
INSERT INTO tugipiletite_sonumid (pilet_id, kirjutas_tootaja, sisu) VALUES (115, 0, 'Tere! Vajan abi, sest minu kasutajanimi ei tundu enam töötavat. Olen proovinud mitu korda.');
INSERT INTO tugipiletite_sonumid (pilet_id, kirjutas_tootaja, sisu) VALUES (115, 1, 'Uurime asja ja tegeleme varsti.');
INSERT INTO tugipiletid (klient_id, prioriteet_id, staatus_id, pealkiri) VALUES (476, 2, 3, 'Sooduskoodi süsteem ei võta vastu');
INSERT INTO tugipiletite_sonumid (pilet_id, kirjutas_tootaja, sisu) VALUES (116, 0, 'Programm sulgeb ennast ootamatult, kui vajutan ''Prindi'' nuppu.');
INSERT INTO tugipiletite_sonumid (pilet_id, kirjutas_tootaja, sisu) VALUES (116, 1, 'Uurime asja ja tegeleme varsti.');
INSERT INTO tugipiletid (klient_id, prioriteet_id, staatus_id, pealkiri) VALUES (252, 3, 2, 'Parooli lähtestamise link ei tööta');
INSERT INTO tugipiletite_sonumid (pilet_id, kirjutas_tootaja, sisu) VALUES (117, 0, 'Süsteem viskab andmete salvestamisel arusaamatu veateate. Saadan manuses kuvatõmmise.');
INSERT INTO tugipiletite_sonumid (pilet_id, kirjutas_tootaja, sisu) VALUES (117, 1, 'Uurime asja ja tegeleme varsti.');
INSERT INTO tugipiletid (klient_id, prioriteet_id, staatus_id, pealkiri) VALUES (333, 3, 3, 'Ekraanil on veider punane kast');
INSERT INTO tugipiletite_sonumid (pilet_id, kirjutas_tootaja, sisu) VALUES (118, 0, 'Palun uurige tellimuse tarneaega, see pidi juba eile kohal olema, aga pole midagi kuulnud.');
INSERT INTO tugipiletite_sonumid (pilet_id, kirjutas_tootaja, sisu) VALUES (118, 1, 'Uurime asja ja tegeleme varsti.');
INSERT INTO tugipiletid (klient_id, prioriteet_id, staatus_id, pealkiri) VALUES (498, 2, 1, 'Leht laeb väga aeglaselt');
INSERT INTO tugipiletite_sonumid (pilet_id, kirjutas_tootaja, sisu) VALUES (119, 0, 'Süsteem viskab andmete salvestamisel arusaamatu veateate. Saadan manuses kuvatõmmise.');
INSERT INTO tugipiletid (klient_id, prioriteet_id, staatus_id, pealkiri) VALUES (434, 1, 3, 'Ma ei saa süsteemi sisse logida');
INSERT INTO tugipiletite_sonumid (pilet_id, kirjutas_tootaja, sisu) VALUES (120, 0, 'Andmete importimine Exceli failist lõppes veaga. Palun aidake fail korda teha.');
INSERT INTO tugipiletite_sonumid (pilet_id, kirjutas_tootaja, sisu) VALUES (120, 1, 'Uurime asja ja tegeleme varsti.');
INSERT INTO tugipiletid (klient_id, prioriteet_id, staatus_id, pealkiri) VALUES (265, 1, 2, 'Minu tellimust pole veel tarnitud');
INSERT INTO tugipiletite_sonumid (pilet_id, kirjutas_tootaja, sisu) VALUES (121, 0, 'Tere, mul on küsimus uue funktsiooni kohta. Kuidas ma saan filtreerida kliente regiooni järgi?');
INSERT INTO tugipiletite_sonumid (pilet_id, kirjutas_tootaja, sisu) VALUES (121, 1, 'Uurime asja ja tegeleme varsti.');
INSERT INTO tugipiletid (klient_id, prioriteet_id, staatus_id, pealkiri) VALUES (1, 2, 2, 'Kas saaksite uue kasutaja luua?');
INSERT INTO tugipiletite_sonumid (pilet_id, kirjutas_tootaja, sisu) VALUES (122, 0, 'Sooviksin tagastada eelmise nädala kaupa. Kuidas ma peaksin edasi toimima?');
INSERT INTO tugipiletite_sonumid (pilet_id, kirjutas_tootaja, sisu) VALUES (122, 1, 'Uurime asja ja tegeleme varsti.');
INSERT INTO tugipiletid (klient_id, prioriteet_id, staatus_id, pealkiri) VALUES (364, 2, 3, 'Soovin tühistada eelmise tellimuse');
INSERT INTO tugipiletite_sonumid (pilet_id, kirjutas_tootaja, sisu) VALUES (123, 0, 'Arve nr 10243 peal on vale käibemaks. Palun tehke kreeditarve.');
INSERT INTO tugipiletite_sonumid (pilet_id, kirjutas_tootaja, sisu) VALUES (123, 1, 'Uurime asja ja tegeleme varsti.');
INSERT INTO tugipiletid (klient_id, prioriteet_id, staatus_id, pealkiri) VALUES (360, 2, 2, 'Vajan juhendamist aruannete loomisel');
INSERT INTO tugipiletite_sonumid (pilet_id, kirjutas_tootaja, sisu) VALUES (124, 0, 'Kas on võimalik lisada süsteemi uus kasutajaroll väiksemate õigustega?');
INSERT INTO tugipiletite_sonumid (pilet_id, kirjutas_tootaja, sisu) VALUES (124, 1, 'Uurime asja ja tegeleme varsti.');
INSERT INTO tugipiletid (klient_id, prioriteet_id, staatus_id, pealkiri) VALUES (252, 3, 2, 'Kas saaksite uue kasutaja luua?');
INSERT INTO tugipiletite_sonumid (pilet_id, kirjutas_tootaja, sisu) VALUES (125, 0, 'Andmete importimine Exceli failist lõppes veaga. Palun aidake fail korda teha.');
INSERT INTO tugipiletite_sonumid (pilet_id, kirjutas_tootaja, sisu) VALUES (125, 1, 'Uurime asja ja tegeleme varsti.');
INSERT INTO tugipiletid (klient_id, prioriteet_id, staatus_id, pealkiri) VALUES (161, 2, 3, 'Kuidas ma saan oma profiili muuta?');
INSERT INTO tugipiletite_sonumid (pilet_id, kirjutas_tootaja, sisu) VALUES (126, 0, 'Tere, mul on küsimus uue funktsiooni kohta. Kuidas ma saan filtreerida kliente regiooni järgi?');
INSERT INTO tugipiletite_sonumid (pilet_id, kirjutas_tootaja, sisu) VALUES (126, 1, 'Uurime asja ja tegeleme varsti.');
INSERT INTO tugipiletid (klient_id, prioriteet_id, staatus_id, pealkiri) VALUES (438, 3, 1, 'Sooduskoodi süsteem ei võta vastu');
INSERT INTO tugipiletite_sonumid (pilet_id, kirjutas_tootaja, sisu) VALUES (127, 0, 'Tere! Vajan abi, sest minu kasutajanimi ei tundu enam töötavat. Olen proovinud mitu korda.');
INSERT INTO tugipiletid (klient_id, prioriteet_id, staatus_id, pealkiri) VALUES (182, 1, 3, 'Vajan juhendamist aruannete loomisel');
INSERT INTO tugipiletite_sonumid (pilet_id, kirjutas_tootaja, sisu) VALUES (128, 0, 'Programm sulgeb ennast ootamatult, kui vajutan ''Prindi'' nuppu.');
INSERT INTO tugipiletite_sonumid (pilet_id, kirjutas_tootaja, sisu) VALUES (128, 1, 'Uurime asja ja tegeleme varsti.');
INSERT INTO tugipiletid (klient_id, prioriteet_id, staatus_id, pealkiri) VALUES (390, 2, 2, 'Tarkvara annab 500 veateate');
INSERT INTO tugipiletite_sonumid (pilet_id, kirjutas_tootaja, sisu) VALUES (129, 0, 'Tere! Vajan abi, sest minu kasutajanimi ei tundu enam töötavat. Olen proovinud mitu korda.');
INSERT INTO tugipiletite_sonumid (pilet_id, kirjutas_tootaja, sisu) VALUES (129, 1, 'Uurime asja ja tegeleme varsti.');
INSERT INTO tugipiletid (klient_id, prioriteet_id, staatus_id, pealkiri) VALUES (124, 3, 1, 'Minu tellimust pole veel tarnitud');
INSERT INTO tugipiletite_sonumid (pilet_id, kirjutas_tootaja, sisu) VALUES (130, 0, 'Tänan väga eelmise abi eest! Nüüd avastasin veel ühe pisikese mure...');
INSERT INTO tugipiletid (klient_id, prioriteet_id, staatus_id, pealkiri) VALUES (445, 2, 2, 'Kas saaksite uue kasutaja luua?');
INSERT INTO tugipiletite_sonumid (pilet_id, kirjutas_tootaja, sisu) VALUES (131, 0, 'Süsteem viskab andmete salvestamisel arusaamatu veateate. Saadan manuses kuvatõmmise.');
INSERT INTO tugipiletite_sonumid (pilet_id, kirjutas_tootaja, sisu) VALUES (131, 1, 'Uurime asja ja tegeleme varsti.');
INSERT INTO tugipiletid (klient_id, prioriteet_id, staatus_id, pealkiri) VALUES (288, 3, 2, 'Minu tellimust pole veel tarnitud');
INSERT INTO tugipiletite_sonumid (pilet_id, kirjutas_tootaja, sisu) VALUES (132, 0, 'Tere, mul on küsimus uue funktsiooni kohta. Kuidas ma saan filtreerida kliente regiooni järgi?');
INSERT INTO tugipiletite_sonumid (pilet_id, kirjutas_tootaja, sisu) VALUES (132, 1, 'Uurime asja ja tegeleme varsti.');
INSERT INTO tugipiletid (klient_id, prioriteet_id, staatus_id, pealkiri) VALUES (307, 2, 1, 'Vajan juhendamist aruannete loomisel');
INSERT INTO tugipiletite_sonumid (pilet_id, kirjutas_tootaja, sisu) VALUES (133, 0, 'Kas on võimalik lisada süsteemi uus kasutajaroll väiksemate õigustega?');
INSERT INTO tugipiletid (klient_id, prioriteet_id, staatus_id, pealkiri) VALUES (135, 3, 1, 'Leht laeb väga aeglaselt');
INSERT INTO tugipiletite_sonumid (pilet_id, kirjutas_tootaja, sisu) VALUES (134, 0, 'Programm sulgeb ennast ootamatult, kui vajutan ''Prindi'' nuppu.');
INSERT INTO tugipiletid (klient_id, prioriteet_id, staatus_id, pealkiri) VALUES (204, 3, 3, 'Soovin tühistada eelmise tellimuse');
INSERT INTO tugipiletite_sonumid (pilet_id, kirjutas_tootaja, sisu) VALUES (135, 0, 'Süsteem viskab andmete salvestamisel arusaamatu veateate. Saadan manuses kuvatõmmise.');
INSERT INTO tugipiletite_sonumid (pilet_id, kirjutas_tootaja, sisu) VALUES (135, 1, 'Uurime asja ja tegeleme varsti.');
INSERT INTO tugipiletid (klient_id, prioriteet_id, staatus_id, pealkiri) VALUES (457, 2, 2, 'Ma ei saa süsteemi sisse logida');
INSERT INTO tugipiletite_sonumid (pilet_id, kirjutas_tootaja, sisu) VALUES (136, 0, 'Kas on võimalik lisada süsteemi uus kasutajaroll väiksemate õigustega?');
INSERT INTO tugipiletite_sonumid (pilet_id, kirjutas_tootaja, sisu) VALUES (136, 1, 'Uurime asja ja tegeleme varsti.');
INSERT INTO tugipiletid (klient_id, prioriteet_id, staatus_id, pealkiri) VALUES (32, 2, 3, 'Ekraanil on veider punane kast');
INSERT INTO tugipiletite_sonumid (pilet_id, kirjutas_tootaja, sisu) VALUES (137, 0, 'Sooviksin tagastada eelmise nädala kaupa. Kuidas ma peaksin edasi toimima?');
INSERT INTO tugipiletite_sonumid (pilet_id, kirjutas_tootaja, sisu) VALUES (137, 1, 'Uurime asja ja tegeleme varsti.');
INSERT INTO tugipiletid (klient_id, prioriteet_id, staatus_id, pealkiri) VALUES (463, 1, 2, 'Kuidas ma saan oma profiili muuta?');
INSERT INTO tugipiletite_sonumid (pilet_id, kirjutas_tootaja, sisu) VALUES (138, 0, 'Palun uurige tellimuse tarneaega, see pidi juba eile kohal olema, aga pole midagi kuulnud.');
INSERT INTO tugipiletite_sonumid (pilet_id, kirjutas_tootaja, sisu) VALUES (138, 1, 'Uurime asja ja tegeleme varsti.');
INSERT INTO tugipiletid (klient_id, prioriteet_id, staatus_id, pealkiri) VALUES (279, 1, 2, 'Ekraanil on veider punane kast');
INSERT INTO tugipiletite_sonumid (pilet_id, kirjutas_tootaja, sisu) VALUES (139, 0, 'Andmete importimine Exceli failist lõppes veaga. Palun aidake fail korda teha.');
INSERT INTO tugipiletite_sonumid (pilet_id, kirjutas_tootaja, sisu) VALUES (139, 1, 'Uurime asja ja tegeleme varsti.');
INSERT INTO tugipiletid (klient_id, prioriteet_id, staatus_id, pealkiri) VALUES (359, 3, 2, 'Parooli lähtestamise link ei tööta');
INSERT INTO tugipiletite_sonumid (pilet_id, kirjutas_tootaja, sisu) VALUES (140, 0, 'Kas on võimalik lisada süsteemi uus kasutajaroll väiksemate õigustega?');
INSERT INTO tugipiletite_sonumid (pilet_id, kirjutas_tootaja, sisu) VALUES (140, 1, 'Uurime asja ja tegeleme varsti.');
INSERT INTO tugipiletid (klient_id, prioriteet_id, staatus_id, pealkiri) VALUES (164, 2, 2, 'Kuidas ma saan oma profiili muuta?');
INSERT INTO tugipiletite_sonumid (pilet_id, kirjutas_tootaja, sisu) VALUES (141, 0, 'Tere! Vajan abi, sest minu kasutajanimi ei tundu enam töötavat. Olen proovinud mitu korda.');
INSERT INTO tugipiletite_sonumid (pilet_id, kirjutas_tootaja, sisu) VALUES (141, 1, 'Uurime asja ja tegeleme varsti.');
INSERT INTO tugipiletid (klient_id, prioriteet_id, staatus_id, pealkiri) VALUES (357, 3, 1, 'Parooli lähtestamise link ei tööta');
INSERT INTO tugipiletite_sonumid (pilet_id, kirjutas_tootaja, sisu) VALUES (142, 0, 'Palun uurige tellimuse tarneaega, see pidi juba eile kohal olema, aga pole midagi kuulnud.');
INSERT INTO tugipiletid (klient_id, prioriteet_id, staatus_id, pealkiri) VALUES (352, 1, 2, 'Minu tellimust pole veel tarnitud');
INSERT INTO tugipiletite_sonumid (pilet_id, kirjutas_tootaja, sisu) VALUES (143, 0, 'Arve nr 10243 peal on vale käibemaks. Palun tehke kreeditarve.');
INSERT INTO tugipiletite_sonumid (pilet_id, kirjutas_tootaja, sisu) VALUES (143, 1, 'Uurime asja ja tegeleme varsti.');
INSERT INTO tugipiletid (klient_id, prioriteet_id, staatus_id, pealkiri) VALUES (26, 3, 3, 'Arvel olev summa on ebakorrektne');
INSERT INTO tugipiletite_sonumid (pilet_id, kirjutas_tootaja, sisu) VALUES (144, 0, 'Andmete importimine Exceli failist lõppes veaga. Palun aidake fail korda teha.');
INSERT INTO tugipiletite_sonumid (pilet_id, kirjutas_tootaja, sisu) VALUES (144, 1, 'Uurime asja ja tegeleme varsti.');
INSERT INTO tugipiletid (klient_id, prioriteet_id, staatus_id, pealkiri) VALUES (168, 3, 3, 'Ekraanil on veider punane kast');
INSERT INTO tugipiletite_sonumid (pilet_id, kirjutas_tootaja, sisu) VALUES (145, 0, 'Palun uurige tellimuse tarneaega, see pidi juba eile kohal olema, aga pole midagi kuulnud.');
INSERT INTO tugipiletite_sonumid (pilet_id, kirjutas_tootaja, sisu) VALUES (145, 1, 'Uurime asja ja tegeleme varsti.');
INSERT INTO tugipiletid (klient_id, prioriteet_id, staatus_id, pealkiri) VALUES (135, 2, 3, 'Vajan juhendamist aruannete loomisel');
INSERT INTO tugipiletite_sonumid (pilet_id, kirjutas_tootaja, sisu) VALUES (146, 0, 'Andmete importimine Exceli failist lõppes veaga. Palun aidake fail korda teha.');
INSERT INTO tugipiletite_sonumid (pilet_id, kirjutas_tootaja, sisu) VALUES (146, 1, 'Uurime asja ja tegeleme varsti.');
INSERT INTO tugipiletid (klient_id, prioriteet_id, staatus_id, pealkiri) VALUES (483, 3, 2, 'Leht laeb väga aeglaselt');
INSERT INTO tugipiletite_sonumid (pilet_id, kirjutas_tootaja, sisu) VALUES (147, 0, 'Kas on võimalik lisada süsteemi uus kasutajaroll väiksemate õigustega?');
INSERT INTO tugipiletite_sonumid (pilet_id, kirjutas_tootaja, sisu) VALUES (147, 1, 'Uurime asja ja tegeleme varsti.');
INSERT INTO tugipiletid (klient_id, prioriteet_id, staatus_id, pealkiri) VALUES (430, 2, 2, 'Leht laeb väga aeglaselt');
INSERT INTO tugipiletite_sonumid (pilet_id, kirjutas_tootaja, sisu) VALUES (148, 0, 'Süsteem viskab andmete salvestamisel arusaamatu veateate. Saadan manuses kuvatõmmise.');
INSERT INTO tugipiletite_sonumid (pilet_id, kirjutas_tootaja, sisu) VALUES (148, 1, 'Uurime asja ja tegeleme varsti.');
INSERT INTO tugipiletid (klient_id, prioriteet_id, staatus_id, pealkiri) VALUES (93, 3, 1, 'Ekraanil on veider punane kast');
INSERT INTO tugipiletite_sonumid (pilet_id, kirjutas_tootaja, sisu) VALUES (149, 0, 'Tere! Vajan abi, sest minu kasutajanimi ei tundu enam töötavat. Olen proovinud mitu korda.');
INSERT INTO tugipiletid (klient_id, prioriteet_id, staatus_id, pealkiri) VALUES (184, 3, 2, 'Minu tellimust pole veel tarnitud');
INSERT INTO tugipiletite_sonumid (pilet_id, kirjutas_tootaja, sisu) VALUES (150, 0, 'Arve nr 10243 peal on vale käibemaks. Palun tehke kreeditarve.');
INSERT INTO tugipiletite_sonumid (pilet_id, kirjutas_tootaja, sisu) VALUES (150, 1, 'Uurime asja ja tegeleme varsti.');
INSERT INTO tugipiletid (klient_id, prioriteet_id, staatus_id, pealkiri) VALUES (396, 2, 3, 'Ma ei saa süsteemi sisse logida');
INSERT INTO tugipiletite_sonumid (pilet_id, kirjutas_tootaja, sisu) VALUES (151, 0, 'Palun uurige tellimuse tarneaega, see pidi juba eile kohal olema, aga pole midagi kuulnud.');
INSERT INTO tugipiletite_sonumid (pilet_id, kirjutas_tootaja, sisu) VALUES (151, 1, 'Uurime asja ja tegeleme varsti.');
INSERT INTO tugipiletid (klient_id, prioriteet_id, staatus_id, pealkiri) VALUES (185, 2, 2, 'Leht laeb väga aeglaselt');
INSERT INTO tugipiletite_sonumid (pilet_id, kirjutas_tootaja, sisu) VALUES (152, 0, 'Palun uurige tellimuse tarneaega, see pidi juba eile kohal olema, aga pole midagi kuulnud.');
INSERT INTO tugipiletite_sonumid (pilet_id, kirjutas_tootaja, sisu) VALUES (152, 1, 'Uurime asja ja tegeleme varsti.');
INSERT INTO tugipiletid (klient_id, prioriteet_id, staatus_id, pealkiri) VALUES (265, 3, 3, 'Leht laeb väga aeglaselt');
INSERT INTO tugipiletite_sonumid (pilet_id, kirjutas_tootaja, sisu) VALUES (153, 0, 'Arve nr 10243 peal on vale käibemaks. Palun tehke kreeditarve.');
INSERT INTO tugipiletite_sonumid (pilet_id, kirjutas_tootaja, sisu) VALUES (153, 1, 'Uurime asja ja tegeleme varsti.');
INSERT INTO tugipiletid (klient_id, prioriteet_id, staatus_id, pealkiri) VALUES (198, 1, 1, 'Kuidas ma saan oma profiili muuta?');
INSERT INTO tugipiletite_sonumid (pilet_id, kirjutas_tootaja, sisu) VALUES (154, 0, 'Palun uurige tellimuse tarneaega, see pidi juba eile kohal olema, aga pole midagi kuulnud.');
INSERT INTO tugipiletid (klient_id, prioriteet_id, staatus_id, pealkiri) VALUES (209, 1, 1, 'Parooli lähtestamise link ei tööta');
INSERT INTO tugipiletite_sonumid (pilet_id, kirjutas_tootaja, sisu) VALUES (155, 0, 'Andmete importimine Exceli failist lõppes veaga. Palun aidake fail korda teha.');
INSERT INTO tugipiletid (klient_id, prioriteet_id, staatus_id, pealkiri) VALUES (407, 2, 3, 'Leht laeb väga aeglaselt');
INSERT INTO tugipiletite_sonumid (pilet_id, kirjutas_tootaja, sisu) VALUES (156, 0, 'Tere, mul on küsimus uue funktsiooni kohta. Kuidas ma saan filtreerida kliente regiooni järgi?');
INSERT INTO tugipiletite_sonumid (pilet_id, kirjutas_tootaja, sisu) VALUES (156, 1, 'Uurime asja ja tegeleme varsti.');
INSERT INTO tugipiletid (klient_id, prioriteet_id, staatus_id, pealkiri) VALUES (164, 2, 1, 'Leht laeb väga aeglaselt');
INSERT INTO tugipiletite_sonumid (pilet_id, kirjutas_tootaja, sisu) VALUES (157, 0, 'Arve nr 10243 peal on vale käibemaks. Palun tehke kreeditarve.');
INSERT INTO tugipiletid (klient_id, prioriteet_id, staatus_id, pealkiri) VALUES (316, 1, 3, 'Parooli lähtestamise link ei tööta');
INSERT INTO tugipiletite_sonumid (pilet_id, kirjutas_tootaja, sisu) VALUES (158, 0, 'Süsteem viskab andmete salvestamisel arusaamatu veateate. Saadan manuses kuvatõmmise.');
INSERT INTO tugipiletite_sonumid (pilet_id, kirjutas_tootaja, sisu) VALUES (158, 1, 'Uurime asja ja tegeleme varsti.');
INSERT INTO tugipiletid (klient_id, prioriteet_id, staatus_id, pealkiri) VALUES (92, 1, 3, 'Tarkvara annab 500 veateate');
INSERT INTO tugipiletite_sonumid (pilet_id, kirjutas_tootaja, sisu) VALUES (159, 0, 'Palun uurige tellimuse tarneaega, see pidi juba eile kohal olema, aga pole midagi kuulnud.');
INSERT INTO tugipiletite_sonumid (pilet_id, kirjutas_tootaja, sisu) VALUES (159, 1, 'Uurime asja ja tegeleme varsti.');
INSERT INTO tugipiletid (klient_id, prioriteet_id, staatus_id, pealkiri) VALUES (104, 1, 2, 'Vajan juhendamist aruannete loomisel');
INSERT INTO tugipiletite_sonumid (pilet_id, kirjutas_tootaja, sisu) VALUES (160, 0, 'Süsteem viskab andmete salvestamisel arusaamatu veateate. Saadan manuses kuvatõmmise.');
INSERT INTO tugipiletite_sonumid (pilet_id, kirjutas_tootaja, sisu) VALUES (160, 1, 'Uurime asja ja tegeleme varsti.');
INSERT INTO tugipiletid (klient_id, prioriteet_id, staatus_id, pealkiri) VALUES (236, 3, 1, 'Soovin tühistada eelmise tellimuse');
INSERT INTO tugipiletite_sonumid (pilet_id, kirjutas_tootaja, sisu) VALUES (161, 0, 'Kas on võimalik lisada süsteemi uus kasutajaroll väiksemate õigustega?');
INSERT INTO tugipiletid (klient_id, prioriteet_id, staatus_id, pealkiri) VALUES (147, 2, 3, 'Leht laeb väga aeglaselt');
INSERT INTO tugipiletite_sonumid (pilet_id, kirjutas_tootaja, sisu) VALUES (162, 0, 'Tere, mul on küsimus uue funktsiooni kohta. Kuidas ma saan filtreerida kliente regiooni järgi?');
INSERT INTO tugipiletite_sonumid (pilet_id, kirjutas_tootaja, sisu) VALUES (162, 1, 'Uurime asja ja tegeleme varsti.');
INSERT INTO tugipiletid (klient_id, prioriteet_id, staatus_id, pealkiri) VALUES (9, 1, 3, 'Vajan juhendamist aruannete loomisel');
INSERT INTO tugipiletite_sonumid (pilet_id, kirjutas_tootaja, sisu) VALUES (163, 0, 'Arve nr 10243 peal on vale käibemaks. Palun tehke kreeditarve.');
INSERT INTO tugipiletite_sonumid (pilet_id, kirjutas_tootaja, sisu) VALUES (163, 1, 'Uurime asja ja tegeleme varsti.');
INSERT INTO tugipiletid (klient_id, prioriteet_id, staatus_id, pealkiri) VALUES (374, 2, 3, 'Ekraanil on veider punane kast');
INSERT INTO tugipiletite_sonumid (pilet_id, kirjutas_tootaja, sisu) VALUES (164, 0, 'Arve nr 10243 peal on vale käibemaks. Palun tehke kreeditarve.');
INSERT INTO tugipiletite_sonumid (pilet_id, kirjutas_tootaja, sisu) VALUES (164, 1, 'Uurime asja ja tegeleme varsti.');
INSERT INTO tugipiletid (klient_id, prioriteet_id, staatus_id, pealkiri) VALUES (103, 1, 3, 'Sooduskoodi süsteem ei võta vastu');
INSERT INTO tugipiletite_sonumid (pilet_id, kirjutas_tootaja, sisu) VALUES (165, 0, 'Programm sulgeb ennast ootamatult, kui vajutan ''Prindi'' nuppu.');
INSERT INTO tugipiletite_sonumid (pilet_id, kirjutas_tootaja, sisu) VALUES (165, 1, 'Uurime asja ja tegeleme varsti.');
INSERT INTO tugipiletid (klient_id, prioriteet_id, staatus_id, pealkiri) VALUES (483, 2, 1, 'Soovin tühistada eelmise tellimuse');
INSERT INTO tugipiletite_sonumid (pilet_id, kirjutas_tootaja, sisu) VALUES (166, 0, 'Sooviksin tagastada eelmise nädala kaupa. Kuidas ma peaksin edasi toimima?');
INSERT INTO tugipiletid (klient_id, prioriteet_id, staatus_id, pealkiri) VALUES (300, 3, 1, 'Soovin tühistada eelmise tellimuse');
INSERT INTO tugipiletite_sonumid (pilet_id, kirjutas_tootaja, sisu) VALUES (167, 0, 'Tere! Vajan abi, sest minu kasutajanimi ei tundu enam töötavat. Olen proovinud mitu korda.');
INSERT INTO tugipiletid (klient_id, prioriteet_id, staatus_id, pealkiri) VALUES (74, 3, 2, 'Leht laeb väga aeglaselt');
INSERT INTO tugipiletite_sonumid (pilet_id, kirjutas_tootaja, sisu) VALUES (168, 0, 'Sooviksin tagastada eelmise nädala kaupa. Kuidas ma peaksin edasi toimima?');
INSERT INTO tugipiletite_sonumid (pilet_id, kirjutas_tootaja, sisu) VALUES (168, 1, 'Uurime asja ja tegeleme varsti.');
INSERT INTO tugipiletid (klient_id, prioriteet_id, staatus_id, pealkiri) VALUES (133, 1, 1, 'Kas saaksite uue kasutaja luua?');
INSERT INTO tugipiletite_sonumid (pilet_id, kirjutas_tootaja, sisu) VALUES (169, 0, 'Süsteem viskab andmete salvestamisel arusaamatu veateate. Saadan manuses kuvatõmmise.');
INSERT INTO tugipiletid (klient_id, prioriteet_id, staatus_id, pealkiri) VALUES (290, 2, 2, 'Kas saaksite uue kasutaja luua?');
INSERT INTO tugipiletite_sonumid (pilet_id, kirjutas_tootaja, sisu) VALUES (170, 0, 'Süsteem viskab andmete salvestamisel arusaamatu veateate. Saadan manuses kuvatõmmise.');
INSERT INTO tugipiletite_sonumid (pilet_id, kirjutas_tootaja, sisu) VALUES (170, 1, 'Uurime asja ja tegeleme varsti.');
INSERT INTO tugipiletid (klient_id, prioriteet_id, staatus_id, pealkiri) VALUES (267, 1, 3, 'Sooduskoodi süsteem ei võta vastu');
INSERT INTO tugipiletite_sonumid (pilet_id, kirjutas_tootaja, sisu) VALUES (171, 0, 'Programm sulgeb ennast ootamatult, kui vajutan ''Prindi'' nuppu.');
INSERT INTO tugipiletite_sonumid (pilet_id, kirjutas_tootaja, sisu) VALUES (171, 1, 'Uurime asja ja tegeleme varsti.');
INSERT INTO tugipiletid (klient_id, prioriteet_id, staatus_id, pealkiri) VALUES (131, 1, 1, 'Soovin tühistada eelmise tellimuse');
INSERT INTO tugipiletite_sonumid (pilet_id, kirjutas_tootaja, sisu) VALUES (172, 0, 'Süsteem viskab andmete salvestamisel arusaamatu veateate. Saadan manuses kuvatõmmise.');
INSERT INTO tugipiletid (klient_id, prioriteet_id, staatus_id, pealkiri) VALUES (277, 2, 2, 'Soovin tühistada eelmise tellimuse');
INSERT INTO tugipiletite_sonumid (pilet_id, kirjutas_tootaja, sisu) VALUES (173, 0, 'Sooviksin tagastada eelmise nädala kaupa. Kuidas ma peaksin edasi toimima?');
INSERT INTO tugipiletite_sonumid (pilet_id, kirjutas_tootaja, sisu) VALUES (173, 1, 'Uurime asja ja tegeleme varsti.');
INSERT INTO tugipiletid (klient_id, prioriteet_id, staatus_id, pealkiri) VALUES (394, 3, 1, 'Parooli lähtestamise link ei tööta');
INSERT INTO tugipiletite_sonumid (pilet_id, kirjutas_tootaja, sisu) VALUES (174, 0, 'Palun uurige tellimuse tarneaega, see pidi juba eile kohal olema, aga pole midagi kuulnud.');
INSERT INTO tugipiletid (klient_id, prioriteet_id, staatus_id, pealkiri) VALUES (261, 2, 3, 'Sooduskoodi süsteem ei võta vastu');
INSERT INTO tugipiletite_sonumid (pilet_id, kirjutas_tootaja, sisu) VALUES (175, 0, 'Palun uurige tellimuse tarneaega, see pidi juba eile kohal olema, aga pole midagi kuulnud.');
INSERT INTO tugipiletite_sonumid (pilet_id, kirjutas_tootaja, sisu) VALUES (175, 1, 'Uurime asja ja tegeleme varsti.');
INSERT INTO tugipiletid (klient_id, prioriteet_id, staatus_id, pealkiri) VALUES (204, 2, 1, 'Arvel olev summa on ebakorrektne');
INSERT INTO tugipiletite_sonumid (pilet_id, kirjutas_tootaja, sisu) VALUES (176, 0, 'Andmete importimine Exceli failist lõppes veaga. Palun aidake fail korda teha.');
INSERT INTO tugipiletid (klient_id, prioriteet_id, staatus_id, pealkiri) VALUES (332, 2, 3, 'Vajan juhendamist aruannete loomisel');
INSERT INTO tugipiletite_sonumid (pilet_id, kirjutas_tootaja, sisu) VALUES (177, 0, 'Kas on võimalik lisada süsteemi uus kasutajaroll väiksemate õigustega?');
INSERT INTO tugipiletite_sonumid (pilet_id, kirjutas_tootaja, sisu) VALUES (177, 1, 'Uurime asja ja tegeleme varsti.');
INSERT INTO tugipiletid (klient_id, prioriteet_id, staatus_id, pealkiri) VALUES (71, 2, 1, 'Minu tellimust pole veel tarnitud');
INSERT INTO tugipiletite_sonumid (pilet_id, kirjutas_tootaja, sisu) VALUES (178, 0, 'Programm sulgeb ennast ootamatult, kui vajutan ''Prindi'' nuppu.');
INSERT INTO tugipiletid (klient_id, prioriteet_id, staatus_id, pealkiri) VALUES (26, 1, 2, 'Kuidas ma saan oma profiili muuta?');
INSERT INTO tugipiletite_sonumid (pilet_id, kirjutas_tootaja, sisu) VALUES (179, 0, 'Süsteem viskab andmete salvestamisel arusaamatu veateate. Saadan manuses kuvatõmmise.');
INSERT INTO tugipiletite_sonumid (pilet_id, kirjutas_tootaja, sisu) VALUES (179, 1, 'Uurime asja ja tegeleme varsti.');
INSERT INTO tugipiletid (klient_id, prioriteet_id, staatus_id, pealkiri) VALUES (59, 1, 1, 'Leht laeb väga aeglaselt');
INSERT INTO tugipiletite_sonumid (pilet_id, kirjutas_tootaja, sisu) VALUES (180, 0, 'Kas on võimalik lisada süsteemi uus kasutajaroll väiksemate õigustega?');
INSERT INTO tugipiletid (klient_id, prioriteet_id, staatus_id, pealkiri) VALUES (260, 1, 2, 'Kuidas ma saan oma profiili muuta?');
INSERT INTO tugipiletite_sonumid (pilet_id, kirjutas_tootaja, sisu) VALUES (181, 0, 'Andmete importimine Exceli failist lõppes veaga. Palun aidake fail korda teha.');
INSERT INTO tugipiletite_sonumid (pilet_id, kirjutas_tootaja, sisu) VALUES (181, 1, 'Uurime asja ja tegeleme varsti.');
INSERT INTO tugipiletid (klient_id, prioriteet_id, staatus_id, pealkiri) VALUES (402, 1, 1, 'Tarkvara annab 500 veateate');
INSERT INTO tugipiletite_sonumid (pilet_id, kirjutas_tootaja, sisu) VALUES (182, 0, 'Programm sulgeb ennast ootamatult, kui vajutan ''Prindi'' nuppu.');
INSERT INTO tugipiletid (klient_id, prioriteet_id, staatus_id, pealkiri) VALUES (296, 2, 1, 'Tarkvara annab 500 veateate');
INSERT INTO tugipiletite_sonumid (pilet_id, kirjutas_tootaja, sisu) VALUES (183, 0, 'Süsteem viskab andmete salvestamisel arusaamatu veateate. Saadan manuses kuvatõmmise.');
INSERT INTO tugipiletid (klient_id, prioriteet_id, staatus_id, pealkiri) VALUES (189, 2, 2, 'Ekraanil on veider punane kast');
INSERT INTO tugipiletite_sonumid (pilet_id, kirjutas_tootaja, sisu) VALUES (184, 0, 'Tere, mul on küsimus uue funktsiooni kohta. Kuidas ma saan filtreerida kliente regiooni järgi?');
INSERT INTO tugipiletite_sonumid (pilet_id, kirjutas_tootaja, sisu) VALUES (184, 1, 'Uurime asja ja tegeleme varsti.');
INSERT INTO tugipiletid (klient_id, prioriteet_id, staatus_id, pealkiri) VALUES (416, 1, 2, 'Kas saaksite uue kasutaja luua?');
INSERT INTO tugipiletite_sonumid (pilet_id, kirjutas_tootaja, sisu) VALUES (185, 0, 'Tere! Vajan abi, sest minu kasutajanimi ei tundu enam töötavat. Olen proovinud mitu korda.');
INSERT INTO tugipiletite_sonumid (pilet_id, kirjutas_tootaja, sisu) VALUES (185, 1, 'Uurime asja ja tegeleme varsti.');
INSERT INTO tugipiletid (klient_id, prioriteet_id, staatus_id, pealkiri) VALUES (494, 2, 3, 'Sooduskoodi süsteem ei võta vastu');
INSERT INTO tugipiletite_sonumid (pilet_id, kirjutas_tootaja, sisu) VALUES (186, 0, 'Arve nr 10243 peal on vale käibemaks. Palun tehke kreeditarve.');
INSERT INTO tugipiletite_sonumid (pilet_id, kirjutas_tootaja, sisu) VALUES (186, 1, 'Uurime asja ja tegeleme varsti.');
INSERT INTO tugipiletid (klient_id, prioriteet_id, staatus_id, pealkiri) VALUES (225, 1, 3, 'Vajan juhendamist aruannete loomisel');
INSERT INTO tugipiletite_sonumid (pilet_id, kirjutas_tootaja, sisu) VALUES (187, 0, 'Arve nr 10243 peal on vale käibemaks. Palun tehke kreeditarve.');
INSERT INTO tugipiletite_sonumid (pilet_id, kirjutas_tootaja, sisu) VALUES (187, 1, 'Uurime asja ja tegeleme varsti.');
INSERT INTO tugipiletid (klient_id, prioriteet_id, staatus_id, pealkiri) VALUES (139, 3, 1, 'Soovin tühistada eelmise tellimuse');
INSERT INTO tugipiletite_sonumid (pilet_id, kirjutas_tootaja, sisu) VALUES (188, 0, 'Palun uurige tellimuse tarneaega, see pidi juba eile kohal olema, aga pole midagi kuulnud.');
INSERT INTO tugipiletid (klient_id, prioriteet_id, staatus_id, pealkiri) VALUES (345, 1, 3, 'Arvel olev summa on ebakorrektne');
INSERT INTO tugipiletite_sonumid (pilet_id, kirjutas_tootaja, sisu) VALUES (189, 0, 'Programm sulgeb ennast ootamatult, kui vajutan ''Prindi'' nuppu.');
INSERT INTO tugipiletite_sonumid (pilet_id, kirjutas_tootaja, sisu) VALUES (189, 1, 'Uurime asja ja tegeleme varsti.');
INSERT INTO tugipiletid (klient_id, prioriteet_id, staatus_id, pealkiri) VALUES (67, 1, 3, 'Soovin tühistada eelmise tellimuse');
INSERT INTO tugipiletite_sonumid (pilet_id, kirjutas_tootaja, sisu) VALUES (190, 0, 'Palun uurige tellimuse tarneaega, see pidi juba eile kohal olema, aga pole midagi kuulnud.');
INSERT INTO tugipiletite_sonumid (pilet_id, kirjutas_tootaja, sisu) VALUES (190, 1, 'Uurime asja ja tegeleme varsti.');
INSERT INTO tugipiletid (klient_id, prioriteet_id, staatus_id, pealkiri) VALUES (143, 1, 2, 'Leht laeb väga aeglaselt');
INSERT INTO tugipiletite_sonumid (pilet_id, kirjutas_tootaja, sisu) VALUES (191, 0, 'Arve nr 10243 peal on vale käibemaks. Palun tehke kreeditarve.');
INSERT INTO tugipiletite_sonumid (pilet_id, kirjutas_tootaja, sisu) VALUES (191, 1, 'Uurime asja ja tegeleme varsti.');
INSERT INTO tugipiletid (klient_id, prioriteet_id, staatus_id, pealkiri) VALUES (481, 2, 1, 'Parooli lähtestamise link ei tööta');
INSERT INTO tugipiletite_sonumid (pilet_id, kirjutas_tootaja, sisu) VALUES (192, 0, 'Programm sulgeb ennast ootamatult, kui vajutan ''Prindi'' nuppu.');
INSERT INTO tugipiletid (klient_id, prioriteet_id, staatus_id, pealkiri) VALUES (376, 3, 2, 'Kuidas ma saan oma profiili muuta?');
INSERT INTO tugipiletite_sonumid (pilet_id, kirjutas_tootaja, sisu) VALUES (193, 0, 'Arve nr 10243 peal on vale käibemaks. Palun tehke kreeditarve.');
INSERT INTO tugipiletite_sonumid (pilet_id, kirjutas_tootaja, sisu) VALUES (193, 1, 'Uurime asja ja tegeleme varsti.');
INSERT INTO tugipiletid (klient_id, prioriteet_id, staatus_id, pealkiri) VALUES (233, 1, 1, 'Arvel olev summa on ebakorrektne');
INSERT INTO tugipiletite_sonumid (pilet_id, kirjutas_tootaja, sisu) VALUES (194, 0, 'Süsteem viskab andmete salvestamisel arusaamatu veateate. Saadan manuses kuvatõmmise.');
INSERT INTO tugipiletid (klient_id, prioriteet_id, staatus_id, pealkiri) VALUES (154, 1, 1, 'Kuidas ma saan oma profiili muuta?');
INSERT INTO tugipiletite_sonumid (pilet_id, kirjutas_tootaja, sisu) VALUES (195, 0, 'Sooviksin tagastada eelmise nädala kaupa. Kuidas ma peaksin edasi toimima?');
INSERT INTO tugipiletid (klient_id, prioriteet_id, staatus_id, pealkiri) VALUES (363, 3, 1, 'Ekraanil on veider punane kast');
INSERT INTO tugipiletite_sonumid (pilet_id, kirjutas_tootaja, sisu) VALUES (196, 0, 'Tere! Vajan abi, sest minu kasutajanimi ei tundu enam töötavat. Olen proovinud mitu korda.');
INSERT INTO tugipiletid (klient_id, prioriteet_id, staatus_id, pealkiri) VALUES (77, 3, 3, 'Sooduskoodi süsteem ei võta vastu');
INSERT INTO tugipiletite_sonumid (pilet_id, kirjutas_tootaja, sisu) VALUES (197, 0, 'Palun uurige tellimuse tarneaega, see pidi juba eile kohal olema, aga pole midagi kuulnud.');
INSERT INTO tugipiletite_sonumid (pilet_id, kirjutas_tootaja, sisu) VALUES (197, 1, 'Uurime asja ja tegeleme varsti.');
INSERT INTO tugipiletid (klient_id, prioriteet_id, staatus_id, pealkiri) VALUES (172, 1, 3, 'Ekraanil on veider punane kast');
INSERT INTO tugipiletite_sonumid (pilet_id, kirjutas_tootaja, sisu) VALUES (198, 0, 'Programm sulgeb ennast ootamatult, kui vajutan ''Prindi'' nuppu.');
INSERT INTO tugipiletite_sonumid (pilet_id, kirjutas_tootaja, sisu) VALUES (198, 1, 'Uurime asja ja tegeleme varsti.');
INSERT INTO tugipiletid (klient_id, prioriteet_id, staatus_id, pealkiri) VALUES (237, 2, 3, 'Kas saaksite uue kasutaja luua?');
INSERT INTO tugipiletite_sonumid (pilet_id, kirjutas_tootaja, sisu) VALUES (199, 0, 'Süsteem viskab andmete salvestamisel arusaamatu veateate. Saadan manuses kuvatõmmise.');
INSERT INTO tugipiletite_sonumid (pilet_id, kirjutas_tootaja, sisu) VALUES (199, 1, 'Uurime asja ja tegeleme varsti.');
INSERT INTO tugipiletid (klient_id, prioriteet_id, staatus_id, pealkiri) VALUES (74, 1, 2, 'Tarkvara annab 500 veateate');
INSERT INTO tugipiletite_sonumid (pilet_id, kirjutas_tootaja, sisu) VALUES (200, 0, 'Programm sulgeb ennast ootamatult, kui vajutan ''Prindi'' nuppu.');
INSERT INTO tugipiletite_sonumid (pilet_id, kirjutas_tootaja, sisu) VALUES (200, 1, 'Uurime asja ja tegeleme varsti.');
INSERT INTO susteemi_seaded (kood, vaartus, kirjeldus) VALUES ('APP_TITLE', 'Ettevoette Haldus', 'Peadokumendi tiitel');
INSERT INTO tegevuste_logi (tootaja_id, tegevus) VALUES (170, 'Käivitas automaatse andmete varunduse');
INSERT INTO tegevuste_logi (tootaja_id, tegevus) VALUES (37, 'Kinnitati puhkuseavaldus');
INSERT INTO tegevuste_logi (tootaja_id, tegevus) VALUES (16, 'Logis sisse väliselt IP aadressilt');
INSERT INTO tegevuste_logi (tootaja_id, tegevus) VALUES (150, 'Lisati uus toode andmebaasi');
INSERT INTO tegevuste_logi (tootaja_id, tegevus) VALUES (14, 'Logis sisse väliselt IP aadressilt');
INSERT INTO tegevuste_logi (tootaja_id, tegevus) VALUES (38, 'Eksporditi kliendinimekiri Excelisse');
INSERT INTO tegevuste_logi (tootaja_id, tegevus) VALUES (168, 'Lähtestati ununenud parool');
INSERT INTO tegevuste_logi (tootaja_id, tegevus) VALUES (189, 'Kinnitati puhkuseavaldus');
INSERT INTO tegevuste_logi (tootaja_id, tegevus) VALUES (157, 'Vaatas salajasi ettevõtte aruandeid');
INSERT INTO tegevuste_logi (tootaja_id, tegevus) VALUES (21, 'Logis sisse väliselt IP aadressilt');
INSERT INTO tegevuste_logi (tootaja_id, tegevus) VALUES (131, 'Kustutas süsteemist vana kliendi kirje');
INSERT INTO tegevuste_logi (tootaja_id, tegevus) VALUES (114, 'Saadeti laiali masspostitus');
INSERT INTO tegevuste_logi (tootaja_id, tegevus) VALUES (23, 'Kinnitati puhkuseavaldus');
INSERT INTO tegevuste_logi (tootaja_id, tegevus) VALUES (88, 'Eksporditi kliendinimekiri Excelisse');
INSERT INTO tegevuste_logi (tootaja_id, tegevus) VALUES (43, 'Muutis kasutaja volitusi');
INSERT INTO tegevuste_logi (tootaja_id, tegevus) VALUES (41, 'Kinnitati puhkuseavaldus');
INSERT INTO tegevuste_logi (tootaja_id, tegevus) VALUES (164, 'Muudeti tellimuse staatust manuaalselt');
INSERT INTO tegevuste_logi (tootaja_id, tegevus) VALUES (34, 'Kustutas süsteemist vana kliendi kirje');
INSERT INTO tegevuste_logi (tootaja_id, tegevus) VALUES (29, 'Käivitas automaatse andmete varunduse');
INSERT INTO tegevuste_logi (tootaja_id, tegevus) VALUES (21, 'Muudeti tellimuse staatust manuaalselt');
INSERT INTO tegevuste_logi (tootaja_id, tegevus) VALUES (170, 'Lähtestati ununenud parool');
INSERT INTO tegevuste_logi (tootaja_id, tegevus) VALUES (181, 'Muutis kasutaja volitusi');
INSERT INTO tegevuste_logi (tootaja_id, tegevus) VALUES (40, 'Käivitas automaatse andmete varunduse');
INSERT INTO tegevuste_logi (tootaja_id, tegevus) VALUES (139, 'Logis sisse väliselt IP aadressilt');
INSERT INTO tegevuste_logi (tootaja_id, tegevus) VALUES (15, 'Saadeti laiali masspostitus');
INSERT INTO tegevuste_logi (tootaja_id, tegevus) VALUES (88, 'Vaatas salajasi ettevõtte aruandeid');
INSERT INTO tegevuste_logi (tootaja_id, tegevus) VALUES (136, 'Saadeti laiali masspostitus');
INSERT INTO tegevuste_logi (tootaja_id, tegevus) VALUES (125, 'Muudeti tellimuse staatust manuaalselt');
INSERT INTO tegevuste_logi (tootaja_id, tegevus) VALUES (145, 'Muutis kasutaja volitusi');
INSERT INTO tegevuste_logi (tootaja_id, tegevus) VALUES (190, 'Käivitas automaatse andmete varunduse');
INSERT INTO tegevuste_logi (tootaja_id, tegevus) VALUES (164, 'Käivitas automaatse andmete varunduse');
INSERT INTO tegevuste_logi (tootaja_id, tegevus) VALUES (199, 'Lähtestati ununenud parool');
INSERT INTO tegevuste_logi (tootaja_id, tegevus) VALUES (146, 'Kinnitati puhkuseavaldus');
INSERT INTO tegevuste_logi (tootaja_id, tegevus) VALUES (186, 'Saadeti laiali masspostitus');
INSERT INTO tegevuste_logi (tootaja_id, tegevus) VALUES (104, 'Saadeti laiali masspostitus');
INSERT INTO tegevuste_logi (tootaja_id, tegevus) VALUES (136, 'Muutis kasutaja volitusi');
INSERT INTO tegevuste_logi (tootaja_id, tegevus) VALUES (134, 'Kustutas süsteemist vana kliendi kirje');
INSERT INTO tegevuste_logi (tootaja_id, tegevus) VALUES (170, 'Logis sisse väliselt IP aadressilt');
INSERT INTO tegevuste_logi (tootaja_id, tegevus) VALUES (48, 'Muutis kasutaja volitusi');
INSERT INTO tegevuste_logi (tootaja_id, tegevus) VALUES (63, 'Käivitas automaatse andmete varunduse');
INSERT INTO tegevuste_logi (tootaja_id, tegevus) VALUES (14, 'Muutis kasutaja volitusi');
INSERT INTO tegevuste_logi (tootaja_id, tegevus) VALUES (74, 'Muudeti tellimuse staatust manuaalselt');
INSERT INTO tegevuste_logi (tootaja_id, tegevus) VALUES (25, 'Logis sisse väliselt IP aadressilt');
INSERT INTO tegevuste_logi (tootaja_id, tegevus) VALUES (128, 'Kinnitati puhkuseavaldus');
INSERT INTO tegevuste_logi (tootaja_id, tegevus) VALUES (106, 'Lisati uus toode andmebaasi');
INSERT INTO tegevuste_logi (tootaja_id, tegevus) VALUES (95, 'Eksporditi kliendinimekiri Excelisse');
INSERT INTO tegevuste_logi (tootaja_id, tegevus) VALUES (89, 'Käivitas automaatse andmete varunduse');
INSERT INTO tegevuste_logi (tootaja_id, tegevus) VALUES (107, 'Muudeti tellimuse staatust manuaalselt');
INSERT INTO tegevuste_logi (tootaja_id, tegevus) VALUES (69, 'Kinnitati puhkuseavaldus');
INSERT INTO tegevuste_logi (tootaja_id, tegevus) VALUES (178, 'Vaatas salajasi ettevõtte aruandeid');
INSERT INTO tegevuste_logi (tootaja_id, tegevus) VALUES (162, 'Eksporditi kliendinimekiri Excelisse');
INSERT INTO tegevuste_logi (tootaja_id, tegevus) VALUES (91, 'Kinnitati puhkuseavaldus');
INSERT INTO tegevuste_logi (tootaja_id, tegevus) VALUES (161, 'Lähtestati ununenud parool');
INSERT INTO tegevuste_logi (tootaja_id, tegevus) VALUES (104, 'Lisati uus toode andmebaasi');
INSERT INTO tegevuste_logi (tootaja_id, tegevus) VALUES (129, 'Lähtestati ununenud parool');
INSERT INTO tegevuste_logi (tootaja_id, tegevus) VALUES (108, 'Lisati uus toode andmebaasi');
INSERT INTO tegevuste_logi (tootaja_id, tegevus) VALUES (132, 'Muudeti tellimuse staatust manuaalselt');
INSERT INTO tegevuste_logi (tootaja_id, tegevus) VALUES (81, 'Eksporditi kliendinimekiri Excelisse');
INSERT INTO tegevuste_logi (tootaja_id, tegevus) VALUES (24, 'Muudeti tellimuse staatust manuaalselt');
INSERT INTO tegevuste_logi (tootaja_id, tegevus) VALUES (128, 'Saadeti laiali masspostitus');
INSERT INTO tegevuste_logi (tootaja_id, tegevus) VALUES (4, 'Kustutas süsteemist vana kliendi kirje');
INSERT INTO tegevuste_logi (tootaja_id, tegevus) VALUES (138, 'Logis sisse väliselt IP aadressilt');
INSERT INTO tegevuste_logi (tootaja_id, tegevus) VALUES (74, 'Muutis kasutaja volitusi');
INSERT INTO tegevuste_logi (tootaja_id, tegevus) VALUES (139, 'Käivitas automaatse andmete varunduse');
INSERT INTO tegevuste_logi (tootaja_id, tegevus) VALUES (160, 'Vaatas salajasi ettevõtte aruandeid');
INSERT INTO tegevuste_logi (tootaja_id, tegevus) VALUES (173, 'Käivitas automaatse andmete varunduse');
INSERT INTO tegevuste_logi (tootaja_id, tegevus) VALUES (47, 'Lisati uus toode andmebaasi');
INSERT INTO tegevuste_logi (tootaja_id, tegevus) VALUES (113, 'Saadeti laiali masspostitus');
INSERT INTO tegevuste_logi (tootaja_id, tegevus) VALUES (41, 'Saadeti laiali masspostitus');
INSERT INTO tegevuste_logi (tootaja_id, tegevus) VALUES (51, 'Käivitas automaatse andmete varunduse');
INSERT INTO tegevuste_logi (tootaja_id, tegevus) VALUES (46, 'Muudeti tellimuse staatust manuaalselt');
INSERT INTO tegevuste_logi (tootaja_id, tegevus) VALUES (187, 'Logis sisse väliselt IP aadressilt');
INSERT INTO tegevuste_logi (tootaja_id, tegevus) VALUES (196, 'Vaatas salajasi ettevõtte aruandeid');
INSERT INTO tegevuste_logi (tootaja_id, tegevus) VALUES (161, 'Eksporditi kliendinimekiri Excelisse');
INSERT INTO tegevuste_logi (tootaja_id, tegevus) VALUES (89, 'Lisati uus toode andmebaasi');
INSERT INTO tegevuste_logi (tootaja_id, tegevus) VALUES (159, 'Vaatas salajasi ettevõtte aruandeid');
INSERT INTO tegevuste_logi (tootaja_id, tegevus) VALUES (181, 'Kinnitati puhkuseavaldus');
INSERT INTO tegevuste_logi (tootaja_id, tegevus) VALUES (171, 'Käivitas automaatse andmete varunduse');
INSERT INTO tegevuste_logi (tootaja_id, tegevus) VALUES (145, 'Eksporditi kliendinimekiri Excelisse');
INSERT INTO tegevuste_logi (tootaja_id, tegevus) VALUES (46, 'Lisati uus toode andmebaasi');
INSERT INTO tegevuste_logi (tootaja_id, tegevus) VALUES (13, 'Kinnitati puhkuseavaldus');
INSERT INTO tegevuste_logi (tootaja_id, tegevus) VALUES (169, 'Eksporditi kliendinimekiri Excelisse');
INSERT INTO tegevuste_logi (tootaja_id, tegevus) VALUES (186, 'Eksporditi kliendinimekiri Excelisse');
INSERT INTO tegevuste_logi (tootaja_id, tegevus) VALUES (145, 'Muudeti tellimuse staatust manuaalselt');
INSERT INTO tegevuste_logi (tootaja_id, tegevus) VALUES (122, 'Lähtestati ununenud parool');
INSERT INTO tegevuste_logi (tootaja_id, tegevus) VALUES (26, 'Eksporditi kliendinimekiri Excelisse');
INSERT INTO tegevuste_logi (tootaja_id, tegevus) VALUES (183, 'Kinnitati puhkuseavaldus');
INSERT INTO tegevuste_logi (tootaja_id, tegevus) VALUES (37, 'Lisati uus toode andmebaasi');
INSERT INTO tegevuste_logi (tootaja_id, tegevus) VALUES (21, 'Eksporditi kliendinimekiri Excelisse');
INSERT INTO tegevuste_logi (tootaja_id, tegevus) VALUES (80, 'Logis sisse väliselt IP aadressilt');
INSERT INTO tegevuste_logi (tootaja_id, tegevus) VALUES (123, 'Lähtestati ununenud parool');
INSERT INTO tegevuste_logi (tootaja_id, tegevus) VALUES (198, 'Kinnitati puhkuseavaldus');
INSERT INTO tegevuste_logi (tootaja_id, tegevus) VALUES (52, 'Vaatas salajasi ettevõtte aruandeid');
INSERT INTO tegevuste_logi (tootaja_id, tegevus) VALUES (200, 'Logis sisse väliselt IP aadressilt');
INSERT INTO tegevuste_logi (tootaja_id, tegevus) VALUES (192, 'Muudeti tellimuse staatust manuaalselt');
INSERT INTO tegevuste_logi (tootaja_id, tegevus) VALUES (187, 'Kustutas süsteemist vana kliendi kirje');
INSERT INTO tegevuste_logi (tootaja_id, tegevus) VALUES (11, 'Kustutas süsteemist vana kliendi kirje');
INSERT INTO tegevuste_logi (tootaja_id, tegevus) VALUES (167, 'Kinnitati puhkuseavaldus');
INSERT INTO tegevuste_logi (tootaja_id, tegevus) VALUES (174, 'Kustutas süsteemist vana kliendi kirje');
INSERT INTO tegevuste_logi (tootaja_id, tegevus) VALUES (14, 'Lähtestati ununenud parool');
INSERT INTO tegevuste_logi (tootaja_id, tegevus) VALUES (115, 'Eksporditi kliendinimekiri Excelisse');
INSERT INTO tegevuste_logi (tootaja_id, tegevus) VALUES (98, 'Lähtestati ununenud parool');
INSERT INTO tegevuste_logi (tootaja_id, tegevus) VALUES (170, 'Lisati uus toode andmebaasi');
INSERT INTO tegevuste_logi (tootaja_id, tegevus) VALUES (45, 'Kinnitati puhkuseavaldus');
INSERT INTO tegevuste_logi (tootaja_id, tegevus) VALUES (84, 'Kustutas süsteemist vana kliendi kirje');
INSERT INTO tegevuste_logi (tootaja_id, tegevus) VALUES (172, 'Logis sisse väliselt IP aadressilt');
INSERT INTO tegevuste_logi (tootaja_id, tegevus) VALUES (69, 'Logis sisse väliselt IP aadressilt');
INSERT INTO tegevuste_logi (tootaja_id, tegevus) VALUES (91, 'Käivitas automaatse andmete varunduse');
INSERT INTO tegevuste_logi (tootaja_id, tegevus) VALUES (165, 'Lisati uus toode andmebaasi');
INSERT INTO tegevuste_logi (tootaja_id, tegevus) VALUES (61, 'Eksporditi kliendinimekiri Excelisse');
INSERT INTO tegevuste_logi (tootaja_id, tegevus) VALUES (73, 'Logis sisse väliselt IP aadressilt');
INSERT INTO tegevuste_logi (tootaja_id, tegevus) VALUES (47, 'Logis sisse väliselt IP aadressilt');
INSERT INTO tegevuste_logi (tootaja_id, tegevus) VALUES (27, 'Muutis kasutaja volitusi');
INSERT INTO tegevuste_logi (tootaja_id, tegevus) VALUES (198, 'Saadeti laiali masspostitus');
INSERT INTO tegevuste_logi (tootaja_id, tegevus) VALUES (82, 'Vaatas salajasi ettevõtte aruandeid');
INSERT INTO tegevuste_logi (tootaja_id, tegevus) VALUES (176, 'Kustutas süsteemist vana kliendi kirje');
INSERT INTO tegevuste_logi (tootaja_id, tegevus) VALUES (131, 'Lähtestati ununenud parool');
INSERT INTO tegevuste_logi (tootaja_id, tegevus) VALUES (151, 'Muutis kasutaja volitusi');
INSERT INTO tegevuste_logi (tootaja_id, tegevus) VALUES (85, 'Kinnitati puhkuseavaldus');
INSERT INTO tegevuste_logi (tootaja_id, tegevus) VALUES (11, 'Vaatas salajasi ettevõtte aruandeid');
INSERT INTO tegevuste_logi (tootaja_id, tegevus) VALUES (64, 'Logis sisse väliselt IP aadressilt');
INSERT INTO tegevuste_logi (tootaja_id, tegevus) VALUES (150, 'Vaatas salajasi ettevõtte aruandeid');
INSERT INTO tegevuste_logi (tootaja_id, tegevus) VALUES (194, 'Saadeti laiali masspostitus');
INSERT INTO tegevuste_logi (tootaja_id, tegevus) VALUES (43, 'Kustutas süsteemist vana kliendi kirje');
INSERT INTO tegevuste_logi (tootaja_id, tegevus) VALUES (164, 'Vaatas salajasi ettevõtte aruandeid');
INSERT INTO tegevuste_logi (tootaja_id, tegevus) VALUES (116, 'Lähtestati ununenud parool');
INSERT INTO tegevuste_logi (tootaja_id, tegevus) VALUES (191, 'Eksporditi kliendinimekiri Excelisse');
INSERT INTO tegevuste_logi (tootaja_id, tegevus) VALUES (48, 'Vaatas salajasi ettevõtte aruandeid');
INSERT INTO tegevuste_logi (tootaja_id, tegevus) VALUES (169, 'Vaatas salajasi ettevõtte aruandeid');
INSERT INTO tegevuste_logi (tootaja_id, tegevus) VALUES (48, 'Kinnitati puhkuseavaldus');
INSERT INTO tegevuste_logi (tootaja_id, tegevus) VALUES (38, 'Lisati uus toode andmebaasi');
INSERT INTO tegevuste_logi (tootaja_id, tegevus) VALUES (158, 'Eksporditi kliendinimekiri Excelisse');
INSERT INTO tegevuste_logi (tootaja_id, tegevus) VALUES (179, 'Eksporditi kliendinimekiri Excelisse');
INSERT INTO tegevuste_logi (tootaja_id, tegevus) VALUES (154, 'Muutis kasutaja volitusi');
INSERT INTO tegevuste_logi (tootaja_id, tegevus) VALUES (59, 'Vaatas salajasi ettevõtte aruandeid');
INSERT INTO tegevuste_logi (tootaja_id, tegevus) VALUES (29, 'Käivitas automaatse andmete varunduse');
INSERT INTO tegevuste_logi (tootaja_id, tegevus) VALUES (174, 'Kustutas süsteemist vana kliendi kirje');
INSERT INTO tegevuste_logi (tootaja_id, tegevus) VALUES (66, 'Eksporditi kliendinimekiri Excelisse');
INSERT INTO tegevuste_logi (tootaja_id, tegevus) VALUES (173, 'Muudeti tellimuse staatust manuaalselt');
INSERT INTO tegevuste_logi (tootaja_id, tegevus) VALUES (56, 'Kustutas süsteemist vana kliendi kirje');
INSERT INTO tegevuste_logi (tootaja_id, tegevus) VALUES (132, 'Eksporditi kliendinimekiri Excelisse');
INSERT INTO tegevuste_logi (tootaja_id, tegevus) VALUES (145, 'Kinnitati puhkuseavaldus');
INSERT INTO tegevuste_logi (tootaja_id, tegevus) VALUES (117, 'Eksporditi kliendinimekiri Excelisse');
INSERT INTO tegevuste_logi (tootaja_id, tegevus) VALUES (191, 'Muudeti tellimuse staatust manuaalselt');
INSERT INTO tegevuste_logi (tootaja_id, tegevus) VALUES (178, 'Kustutas süsteemist vana kliendi kirje');
INSERT INTO tegevuste_logi (tootaja_id, tegevus) VALUES (162, 'Lähtestati ununenud parool');
INSERT INTO tegevuste_logi (tootaja_id, tegevus) VALUES (167, 'Eksporditi kliendinimekiri Excelisse');
INSERT INTO tegevuste_logi (tootaja_id, tegevus) VALUES (47, 'Käivitas automaatse andmete varunduse');
INSERT INTO tegevuste_logi (tootaja_id, tegevus) VALUES (163, 'Lisati uus toode andmebaasi');
INSERT INTO tegevuste_logi (tootaja_id, tegevus) VALUES (21, 'Käivitas automaatse andmete varunduse');
SET FOREIGN_KEY_CHECKS = 1;
